Original_Author_Name,Grant_ID,is_collision,keep_consequences
A Murat Kaynar,K08HL086671,FALSE,TRUE
A Murat Kaynar,R01HL126711,FALSE,TRUE
A Murat Kaynar,R21DA061414,FALSE,TRUE
A Razzaque Ahmed,R01DE009978,FALSE,TRUE
A Razzaque Ahmed,R01EY008379,FALSE,TRUE
A Razzaque Ahmed,R01EY014228,FALSE,TRUE
A Thomas Look,P01CA020180,TRUE,TRUE
A Thomas Look,P01CA023099,TRUE,FALSE
A Thomas Look,P01CA066996,TRUE,TRUE
A Thomas Look,P01CA068484,TRUE,TRUE
A Thomas Look,P01CA071907,TRUE,TRUE
A Thomas Look,P01CA109901,TRUE,TRUE
A Thomas Look,P30CA006516,TRUE,TRUE
A Thomas Look,P30CA021765,TRUE,TRUE
A Thomas Look,R01CA059571,TRUE,TRUE
A Thomas Look,R01CA093152,TRUE,TRUE
A Thomas Look,R01CA104605,TRUE,TRUE
A Thomas Look,R01CA119066,TRUE,TRUE
A Thomas Look,R01CA176746,TRUE,TRUE
A Thomas Look,R01CA180692,TRUE,TRUE
A Thomas Look,R01HL088664,TRUE,TRUE
A Thomas Look,R35CA210064,TRUE,TRUE
A Thomas Look,T32CA070089,TRUE,TRUE
Abass Alavi,M01RR000040,TRUE,TRUE
Abass Alavi,N01HR034011,TRUE,TRUE
Abass Alavi,P01AG003934,TRUE,FALSE
Abass Alavi,P01CA085424,TRUE,TRUE
Abass Alavi,P41RR002546,TRUE,TRUE
Abass Alavi,R01AR048241,TRUE,TRUE
Abass Alavi,R01DK063579,TRUE,TRUE
Abass Alavi,R21CA081192,TRUE,TRUE
Abass Alavi,T32CA093258,TRUE,TRUE
Abass Alavi,U54CA105008,TRUE,TRUE
Abdelhadi Rebbaa,R01CA096616,FALSE,TRUE
Abdelkarim Sabri,R01HL076799,FALSE,TRUE
Abdelkarim Sabri,R01HL088626,FALSE,TRUE
Abdelkarim Sabri,R01HL128446,FALSE,TRUE
Abdelkarim Sabri,R01HL139889,FALSE,TRUE
Abdelkarim Sabri,R01HL145177,FALSE,TRUE
Abdelkarim Sabri,R56HL076799,FALSE,TRUE
Abul K Abbas,P01AI035297,TRUE,TRUE
Abul K Abbas,P01AI037963,TRUE,TRUE
Abul K Abbas,R01AI022560,TRUE,TRUE
Abul K Abbas,R01AI022802,TRUE,TRUE
Abul K Abbas,R01AI022827,TRUE,TRUE
Abul K Abbas,R01AI025022,TRUE,TRUE
Abul K Abbas,R01AI032531,TRUE,TRUE
Abul K Abbas,R01AI042100,TRUE,TRUE
Abul K Abbas,R01AI045845,TRUE,TRUE
Abul K Abbas,R01AI064677,TRUE,TRUE
Abul K Abbas,R01AI073656,TRUE,TRUE
Abul K Abbas,R01CA045497,TRUE,TRUE
Abul K Abbas,R13AI075941,TRUE,TRUE
Abul K Abbas,R13AI084162,TRUE,TRUE
Abul K Abbas,R37AI025022,TRUE,TRUE
Abul K Abbas,U09RG011662,TRUE,TRUE
Abul K Abbas,U19AI056388,TRUE,TRUE
Adam C Savine,F31DA032152,FALSE,TRUE
Adam G Jones,F32GM020561,FALSE,TRUE
Adam Godzik,P01GM063208,FALSE,TRUE
Adam Godzik,P20GM076221,FALSE,TRUE
Adam Godzik,P30CA030199,FALSE,TRUE
Adam Godzik,R01GM060049,FALSE,TRUE
Adam Godzik,R01GM087218,FALSE,TRUE
Adam Godzik,R01GM095847,FALSE,TRUE
Adam Godzik,R01GM101457,FALSE,TRUE
Adam Godzik,R35GM118187,FALSE,TRUE
Adam Godzik,U54GM094586,FALSE,TRUE
Adam Godzik,U54GM094610,FALSE,TRUE
Adam Godzik,U54RR020843,FALSE,TRUE
Adam Godzik,UM1AI100663,FALSE,TRUE
Adam P Spira,K01AG033195,FALSE,TRUE
Adam P Spira,R01AG040282,FALSE,TRUE
Adam P Spira,R01AG049872,FALSE,TRUE
Adam P Spira,R01AG050507,FALSE,TRUE
Adam P Spira,R01AG074562,FALSE,TRUE
Adam P Spira,R01AG075883,FALSE,TRUE
Adam P Spira,R01AG075996,FALSE,TRUE
Adam P Spira,R01AG080829,FALSE,TRUE
Adam P Spira,R56AG074496,FALSE,TRUE
Adam P Spira,RF1AG050745,FALSE,TRUE
Adam P Spira,U01AG052445,FALSE,TRUE
Adam R Aron,R01DA026452,FALSE,TRUE
Adam R Aron,R01NS106822,FALSE,TRUE
Adam R Aron,R21DA050084,FALSE,TRUE
Adam R Aron,R21NS085543,FALSE,TRUE
Adedayo A Onitilo,UG1CA189956,FALSE,TRUE
Adi F Gazdar,N01CN045580,FALSE,TRUE
Adi F Gazdar,N01CN065030,FALSE,TRUE
Adi F Gazdar,P30AR041940,FALSE,TRUE
Adi F Gazdar,P50CA070907,FALSE,TRUE
Adi F Gazdar,R24CA083210,FALSE,TRUE
Adi F Gazdar,U01CA084971,FALSE,TRUE
Adrian E Roitberg,P41RR006009,FALSE,TRUE
Adrian E Roitberg,R01AI073674,FALSE,TRUE
Adrian E Roitberg,R01GM110077,FALSE,TRUE
Adrian V Lee,P01CA030195,FALSE,TRUE
Adrian V Lee,P30CA047904,FALSE,TRUE
Adrian V Lee,P50CA058183,FALSE,TRUE
Adrian V Lee,R01CA094118,FALSE,TRUE
Adrian V Lee,R01CA097213,FALSE,TRUE
Adrian V Lee,R01CA252378,FALSE,TRUE
Adrian V Lee,R01CA256161,FALSE,TRUE
Adrian V Lee,R01CA285337,FALSE,TRUE
Adrian V Lee,S10OD028483,FALSE,TRUE
Adriana Stoica,R03CA117467,FALSE,TRUE
Adrienne G Randolph,F32HS000106,FALSE,TRUE
Adrienne G Randolph,K23HL004278,FALSE,TRUE
Adrienne G Randolph,R01AI084011,FALSE,TRUE
Adrienne G Randolph,R01AI154470,FALSE,TRUE
Adrienne G Randolph,R21HD095228,FALSE,TRUE
Adrienne G Randolph,R56AI084011,FALSE,TRUE
Afsaneh Rabiei,R21DE022925,FALSE,TRUE
Ahmet Hoke,P30MH075673,FALSE,TRUE
Ahmet Hoke,R01AG078181,FALSE,TRUE
Ahmet Hoke,R01NS043991,FALSE,TRUE
Ahmet Hoke,R01NS047972,FALSE,TRUE
Ahmet Hoke,R01NS091260,FALSE,TRUE
Ahmet Hoke,R13NS076157,FALSE,TRUE
Ahmet Hoke,R13NS079085,FALSE,TRUE
Ahmet Hoke,R21NS135481,FALSE,TRUE
Ahmet Hoke,R24DK084949,FALSE,TRUE
Ahmet Hoke,R56NS121188,FALSE,TRUE
Ahmet Hoke,S10RR026630,FALSE,TRUE
Aihua Li,R01HL028066,FALSE,TRUE
Ajay Kumar,F32HL078183,FALSE,TRUE
Alaa F Badawi,R03CA097473,FALSE,TRUE
Alaa S Awad,K99DK077444,FALSE,TRUE
Alaa S Awad,R00DK077444,FALSE,TRUE
Alaa S Awad,R01DK094930,FALSE,TRUE
Alan D Attie,P41RR002301,FALSE,TRUE
Alan D Attie,R01DK058037,FALSE,TRUE
Alan D Attie,R01DK066369,FALSE,TRUE
Alan D Attie,R01DK101573,FALSE,TRUE
Alan D Attie,R01DK102948,FALSE,TRUE
Alan D Attie,R01HG012384,FALSE,TRUE
Alan D Attie,R01HL030594,FALSE,TRUE
Alan D Attie,R01HL037251,FALSE,TRUE
Alan D Attie,R01HL056593,FALSE,TRUE
Alan D Attie,R03AG005874,FALSE,TRUE
Alan D Attie,R13DK124905,FALSE,TRUE
Alan D Attie,R24DK091207,FALSE,TRUE
Alan D Attie,RC2DK125961,FALSE,TRUE
Alan D Attie,RC2DK131995,FALSE,TRUE
Alan D Levine,DP1DA037997,FALSE,TRUE
Alan D Levine,P01AI076174,FALSE,TRUE
Alan D Levine,P01DK057756,FALSE,TRUE
Alan D Levine,P30AI036219,FALSE,TRUE
Alan D Levine,P30AR039750,FALSE,TRUE
Alan D Levine,P30DA054557,FALSE,TRUE
Alan D Levine,R01AI053188,FALSE,TRUE
Alan D Levine,R01CA077717,FALSE,TRUE
Alan D Levine,R01DA043253,FALSE,TRUE
Alan D Levine,R01DK054213,FALSE,TRUE
Alan D Levine,R21AI048189,FALSE,TRUE
Alan D Levine,R21AI083609,FALSE,TRUE
Alan D Levine,T32AI127201,FALSE,TRUE
Alan D Poling,R01DA007869,FALSE,TRUE
Alan D Poling,R01NS020216,FALSE,TRUE
Alan I Faden,P01NS014543,TRUE,TRUE
Alan I Faden,P30HD040677,TRUE,TRUE
Alan I Faden,P30NR014129,TRUE,TRUE
Alan I Faden,R01NR013601,TRUE,TRUE
Alan I Faden,R01NS023422,TRUE,TRUE
Alan I Faden,R01NS027849,TRUE,TRUE
Alan I Faden,R01NS036537,TRUE,TRUE
Alan I Faden,R01NS037313,TRUE,TRUE
Alan I Faden,R01NS041119,TRUE,TRUE
Alan I Faden,R01NS052568,TRUE,TRUE
Alan I Faden,R01NS054221,TRUE,TRUE
Alan I Faden,R01NS061839,TRUE,TRUE
Alan I Faden,R01NS091191,TRUE,TRUE
Alan I Faden,R01NS110635,TRUE,TRUE
Alan I Faden,R01NS110756,TRUE,TRUE
Alan I Faden,R01NS124687,TRUE,TRUE
Alan I Faden,RC1HD064758,TRUE,TRUE
Alan P Knutsen,R21AI042553,FALSE,TRUE
Alan Y Sakaguchi,R01CA039186,FALSE,TRUE
Alberto Ascherio,R01AI177514,FALSE,TRUE
Alberto Ascherio,R01ES012667,FALSE,TRUE
Alberto Ascherio,R01HL058904,FALSE,TRUE
Alberto Ascherio,R01NS035624,FALSE,TRUE
Alberto Ascherio,R01NS042194,FALSE,TRUE
Alberto Ascherio,R01NS045893,FALSE,TRUE
Alberto Ascherio,R01NS046635,FALSE,TRUE
Alberto Ascherio,R01NS047467,FALSE,TRUE
Alberto Ascherio,R01NS048517,FALSE,TRUE
Alberto Ascherio,R01NS061858,FALSE,TRUE
Alberto Ascherio,R01NS071082,FALSE,TRUE
Alberto Ascherio,R01NS073633,FALSE,TRUE
Alberto Ascherio,R01NS089619,FALSE,TRUE
Alberto Ascherio,R01NS103891,FALSE,TRUE
Alberto Ascherio,R01NS126260,FALSE,TRUE
Alberto Ascherio,R01TS000318,FALSE,TRUE
Alberto Ascherio,R21NS043604,FALSE,TRUE
Alberto E Pereda,R01DC003186,FALSE,TRUE
Alberto E Pereda,R01DC011099,FALSE,TRUE
Alberto E Pereda,R01NS052827,FALSE,TRUE
Alberto E Pereda,R21NS055726,FALSE,TRUE
Alberto E Pereda,R21NS085772,FALSE,TRUE
Alberto E Pereda,R25MH059472,FALSE,TRUE
Alberto E Pereda,R29DC003186,FALSE,TRUE
Alberto E Pereda,R56DC003186,FALSE,TRUE
Alberto E Pereda,RF1MH120016,FALSE,TRUE
Alda Tufro,K08DK002421,FALSE,TRUE
Alda Tufro,R01DK059333,FALSE,TRUE
Alda Tufro,R01DK064187,FALSE,TRUE
Alda Tufro,R01DK098824,FALSE,TRUE
Alda Tufro,R01DK109434,FALSE,TRUE
Aleem Siddiqui,P30DK034914,TRUE,TRUE
Aleem Siddiqui,P41RR011823,TRUE,TRUE
Aleem Siddiqui,R01AI085087,TRUE,TRUE
Aleem Siddiqui,R01AI125350,TRUE,TRUE
Aleem Siddiqui,R01AI139234,TRUE,TRUE
Aleem Siddiqui,R01CA033135,TRUE,TRUE
Aleem Siddiqui,R01CA064415,TRUE,TRUE
Aleem Siddiqui,R01CA078769,TRUE,TRUE
Aleem Siddiqui,R01DK061566,TRUE,TRUE
Aleem Siddiqui,R01DK077704,TRUE,TRUE
Aleem Siddiqui,R01DK083479,TRUE,TRUE
Aleem Siddiqui,R03AI031994,TRUE,TRUE
Aleem Siddiqui,R13AI124562,TRUE,TRUE
Aleem Siddiqui,R21AI105939,TRUE,TRUE
Aleem Siddiqui,R56AI085087,TRUE,TRUE
Aleem Siddiqui,R56AI139234,TRUE,TRUE
Aleem Siddiqui,S07RR005357,TRUE,TRUE
Aleem Siddiqui,U01AI021182,TRUE,TRUE
Aleem Siddiqui,U19AI066313,TRUE,TRUE
Alex A Adjei,K01CA077112,TRUE,TRUE
Alex A Adjei,M01RR000585,TRUE,TRUE
Alex A Adjei,P30CA015083,TRUE,TRUE
Alex A Adjei,P30CA016056,TRUE,TRUE
Alex A Adjei,R44CA233024,TRUE,TRUE
Alex A Adjei,U01CA069912,TRUE,TRUE
Alex A Adjei,U10CA180866,TRUE,TRUE
Alex A Adjei,UM1CA186686,TRUE,TRUE
Alex Y Strongin,R01CA077470,FALSE,TRUE
Alex Y Strongin,R01CA083017,FALSE,TRUE
Alex Y Strongin,R01CA157328,FALSE,TRUE
Alex Y Strongin,R01DE022757,FALSE,TRUE
Alex Y Strongin,R21CA208464,FALSE,TRUE
Alex Y Strongin,R21DK071956,FALSE,TRUE
Alex Y Strongin,R21NS100477,FALSE,TRUE
Alex Y Strongin,U01AI056385,FALSE,TRUE
Alex Y Strongin,U01AI061139,FALSE,TRUE
Alex Y Strongin,U54RR020843,FALSE,TRUE
Alexander Neumeister,R01MH096876,FALSE,TRUE
Alexander Neumeister,R01MH102566,FALSE,TRUE
Alexander Neumeister,R21AA018329,FALSE,TRUE
Alexander Neumeister,R21MH081103,FALSE,TRUE
Alexander Neumeister,R21MH085627,FALSE,TRUE
Alexander Neumeister,R21MH094763,FALSE,TRUE
Alexander Neumeister,R21MH096105,FALSE,TRUE
Alexander Neumeister,R21MH102035,FALSE,TRUE
Alexander Neumeister,R34MH102871,FALSE,TRUE
Alexander Neumeister,RL1AA017540,FALSE,TRUE
Alexandru S Biris,R13FD004694,FALSE,TRUE
Alfred M Prince,N01HB057007,TRUE,TRUE
Alfred M Prince,R01AI047349,TRUE,TRUE
Alice E Curran,R21DE017636,FALSE,TRUE
Alice Y Ting,DP1GM105381,FALSE,TRUE
Alice Y Ting,DP1OD003961,FALSE,TRUE
Alice Y Ting,F32GM063443,FALSE,TRUE
Alice Y Ting,K22HG002671,FALSE,TRUE
Alice Y Ting,P20GM072029,FALSE,TRUE
Alice Y Ting,R01CA186568,FALSE,TRUE
Alice Y Ting,R01DK121409,FALSE,TRUE
Alice Y Ting,R01GM072670,FALSE,TRUE
Alice Y Ting,R01GM086214,FALSE,TRUE
Alice Y Ting,R01MH119353,FALSE,TRUE
Alice Y Ting,R01MH135934,FALSE,TRUE
Alice Y Ting,RF1MH117821,FALSE,TRUE
Alicia Aleman,R01TW006970,FALSE,TRUE
Alik Farber,R01DK141016,FALSE,TRUE
Alik Farber,T32GM086308,FALSE,TRUE
Alik Farber,U01HL107352,FALSE,TRUE
Alireza Heidari,R16GM150469,FALSE,TRUE
Allan C Wilson,P30ES001896,TRUE,TRUE
Allan C Wilson,R01GM021509,TRUE,TRUE
Allan C Wilson,R37GM021509,TRUE,TRUE
Allen C Gao,I01BX000526,FALSE,TRUE
Allen C Gao,I01BX002653,FALSE,TRUE
Allen C Gao,I01BX004036,FALSE,TRUE
Allen C Gao,I01BX006198,FALSE,TRUE
Allen C Gao,IK6BX005222,FALSE,TRUE
Allen C Gao,R01CA090271,FALSE,TRUE
Allen C Gao,R01CA109441,FALSE,TRUE
Allen C Gao,R01CA118887,FALSE,TRUE
Allen C Gao,R01CA140468,FALSE,TRUE
Allen C Gao,R01CA168601,FALSE,TRUE
Allen C Gao,R01CA225836,FALSE,TRUE
Allen C Gao,R01CA250082,FALSE,TRUE
Allen C Gao,R01CA253605,FALSE,TRUE
Allen C Gao,R01CA271327,FALSE,TRUE
Allen C Gao,R13DK104455,FALSE,TRUE
Allen C Gao,R21CA179970,FALSE,TRUE
Allison Portnoy,K01AI190051,FALSE,TRUE
Allison R Bialas,F32AR071252,FALSE,TRUE
Allison W Xu,P30DK098722,FALSE,TRUE
Allison W Xu,R01AA022665,FALSE,TRUE
Allison W Xu,R01AG063506,FALSE,TRUE
Allison W Xu,R01DK080427,FALSE,TRUE
Allison W Xu,R01DK089094,FALSE,TRUE
Allison W Xu,R01DK136031,FALSE,TRUE
Allison W Xu,R21DK080509,FALSE,TRUE
Allison W Xu,R56DK134529,FALSE,TRUE
Allison W Xu,S10RR028053,FALSE,TRUE
Allison W. Xu,P30DK098722,FALSE,TRUE
Allison W. Xu,R01AA022665,FALSE,TRUE
Allison W. Xu,R01AG063506,FALSE,TRUE
Allison W. Xu,R01DK080427,FALSE,TRUE
Allison W. Xu,R01DK089094,FALSE,TRUE
Allison W. Xu,R01DK136031,FALSE,TRUE
Allison W. Xu,R21DK080509,FALSE,TRUE
Allison W. Xu,R56DK134529,FALSE,TRUE
Allison W. Xu,S10RR028053,FALSE,TRUE
Almut Grenz,P01HL114457,FALSE,TRUE
Amanpreet Kaur,F99CA212437,FALSE,TRUE
Amanpreet Kaur,K00CA212437,FALSE,TRUE
Amato J Giaccia,P01CA067166,FALSE,TRUE
Amato J Giaccia,P01CA082566,FALSE,TRUE
Amato J Giaccia,P01CA257907,FALSE,TRUE
Amato J Giaccia,P30CA124435,FALSE,TRUE
Amato J Giaccia,R01AR065403,FALSE,TRUE
Amato J Giaccia,R01CA003353,FALSE,TRUE
Amato J Giaccia,R01CA058838,FALSE,TRUE
Amato J Giaccia,R01CA064489,FALSE,TRUE
Amato J Giaccia,R01CA073832,FALSE,TRUE
Amato J Giaccia,R01CA088480,FALSE,TRUE
Amato J Giaccia,R01CA116685,FALSE,TRUE
Amato J Giaccia,R01CA198291,FALSE,TRUE
Amato J Giaccia,R35CA197713,FALSE,TRUE
Amato J Giaccia,R37CA088480,FALSE,TRUE
Amato J Giaccia,T32CA009302,FALSE,TRUE
Amato J Giaccia,T32CA121940,FALSE,TRUE
Ambarish Pandey,R01HL173838,FALSE,TRUE
Ambarish Pandey,R01MD017529,FALSE,TRUE
Ambarish Pandey,R03AG067960,FALSE,TRUE
Ambarish Pandey,R21HL169708,FALSE,TRUE
Ambarish Pandey,T35AG092747,FALSE,TRUE
Amit Etkin,DP1MH116506,TRUE,TRUE
Amit Etkin,F30MH068150,TRUE,TRUE
Amit Etkin,I01CX002088,TRUE,TRUE
Amit Etkin,I21RX000803,TRUE,TRUE
Amit Etkin,P01AA027057,TRUE,TRUE
Amit Etkin,P41RR009784,TRUE,TRUE
Amit Etkin,R01MH091342,TRUE,TRUE
Amit Etkin,R01MH091860,TRUE,TRUE
Amit Etkin,R01MH103324,TRUE,TRUE
Amit Etkin,R03MH103745,TRUE,TRUE
Amit Etkin,R21MH097984,TRUE,TRUE
Amit Etkin,R33MH097984,TRUE,TRUE
Amit Etkin,R44MH123373,TRUE,TRUE
Amit Etkin,U01CA197282,TRUE,TRUE
Amit K Mitra,R03AI153794,FALSE,TRUE
Amnon Schlegel,K08DK078605,FALSE,TRUE
Amnon Schlegel,R01DK096710,FALSE,TRUE
Amnon Schlegel,R56DK111494,FALSE,TRUE
Amy B Heimberger,P30CA016672,FALSE,TRUE
Amy B Heimberger,P50CA093459,FALSE,TRUE
Amy B Heimberger,P50CA127001,FALSE,TRUE
Amy B Heimberger,P50CA221747,FALSE,TRUE
Amy B Heimberger,R01CA120813,FALSE,TRUE
Amy B Heimberger,R01CA203493,FALSE,TRUE
Amy B Heimberger,R01CA272639,FALSE,TRUE
Amy B Heimberger,R01NS120547,FALSE,TRUE
Amy B Heimberger,R01NS122857,FALSE,TRUE
Amy J Wagers,DP1AG063419,FALSE,TRUE
Amy J Wagers,DP2OD004345,FALSE,TRUE
Amy J Wagers,P30AG031679,FALSE,TRUE
Amy J Wagers,P30DK036836,FALSE,TRUE
Amy J Wagers,R01AG033053,FALSE,TRUE
Amy J Wagers,R01AG048917,FALSE,TRUE
Amy J Wagers,R01AG057428,FALSE,TRUE
Amy J Wagers,R01ES024935,FALSE,TRUE
Amy J Wagers,R01HL088582,FALSE,TRUE
Amy J Wagers,R01HL135287,FALSE,TRUE
Amy J Wagers,R01NS135175,FALSE,TRUE
Amy J Wagers,R13CA236216,FALSE,TRUE
Amy J Wagers,R24DK090961,FALSE,TRUE
Amy J Wagers,R56AG048917,FALSE,TRUE
Amy J Wagers,R56AG052979,FALSE,TRUE
Amy J Wagers,U01AG086163,FALSE,TRUE
Amy M Pastva,K08AI068822,FALSE,TRUE
Amy M Pastva,R01HD101493,FALSE,TRUE
Amy M Pastva,R01HD107103,FALSE,TRUE
Amy R Mobley,R21HD087817,FALSE,TRUE
Amy R Mobley,R34HL163373,FALSE,TRUE
Ana C Anderson,F32AI050415,FALSE,TRUE
Ana C Anderson,K01NS054096,FALSE,TRUE
Ana C Anderson,R01AI176341,FALSE,TRUE
Ana C Anderson,R01CA187975,FALSE,TRUE
Ana C Anderson,R01CA229400,FALSE,TRUE
Ana C Anderson,R01CA282794,FALSE,TRUE
Anahita H Mehta,K99DC017472,FALSE,TRUE
Anahita H Mehta,R00DC017472,FALSE,TRUE
Anand S Patel,R41CA183327,FALSE,TRUE
Anandasankar Ray,R01AI087785,FALSE,TRUE
Anandasankar Ray,R01DC014092,FALSE,TRUE
Anandasankar Ray,R01DC022286,FALSE,TRUE
Anandasankar Ray,R21NS074332,FALSE,TRUE
Anandasankar Ray,R21NS085765,FALSE,TRUE
Anandasankar Ray,R56AI099778,FALSE,TRUE
Anandasankar Ray,R56AI180224,FALSE,TRUE
Anandasankar Ray,R56DC014092,FALSE,TRUE
Anders Nilsson,P41RR001209,FALSE,TRUE
Anders Nilsson,P41RR008630,FALSE,TRUE
Andre E Nel,P01AI050495,FALSE,TRUE
Andre E Nel,R01AG014992,FALSE,TRUE
Andre E Nel,R01CA065329,FALSE,TRUE
Andre E Nel,R01CA133697,FALSE,TRUE
Andre E Nel,R01CA247666,FALSE,TRUE
Andre E Nel,R01ES010553,FALSE,TRUE
Andre E Nel,R01ES012053,FALSE,TRUE
Andre E Nel,R01ES013432,FALSE,TRUE
Andre E Nel,R01ES015498,FALSE,TRUE
Andre E Nel,R01ES016746,FALSE,TRUE
Andre E Nel,R01ES022698,FALSE,TRUE
Andre E Nel,R01GM041576,FALSE,TRUE
Andre E Nel,R03AG014763,FALSE,TRUE
Andre E Nel,RC2ES018766,FALSE,TRUE
Andre E Nel,U01AI034567,FALSE,TRUE
Andre E Nel,U01CA198846,FALSE,TRUE
Andre E Nel,U01ES027237,FALSE,TRUE
Andre E Nel,U09AI023260,FALSE,TRUE
Andre E Nel,U19AI034567,FALSE,TRUE
Andre E Nel,U19AI070453,FALSE,TRUE
Andre E Nel,U19ES019528,FALSE,TRUE
Andre F Palmer,R01DK070862,FALSE,TRUE
Andre F Palmer,R01EB021926,FALSE,TRUE
Andre F Palmer,R01HL078840,FALSE,TRUE
Andre F Palmer,R01HL126945,FALSE,TRUE
Andre F Palmer,R01HL131720,FALSE,TRUE
Andre F Palmer,R01HL138116,FALSE,TRUE
Andre F Palmer,R01HL156526,FALSE,TRUE
Andre F Palmer,R01HL158076,FALSE,TRUE
Andre F Palmer,R01HL159862,FALSE,TRUE
Andre F Palmer,R01HL162120,FALSE,TRUE
Andre F Palmer,R01HL174012,FALSE,TRUE
Andre F Palmer,R56HL123015,FALSE,TRUE
Andre Tchernof,M01RR000109,FALSE,TRUE
Andrea Cerutti,P01AI061093,FALSE,TRUE
Andrea Cerutti,R01AI057653,FALSE,TRUE
Andrea Cerutti,R01AI074378,FALSE,TRUE
Andrea Cerutti,R01AR047872,FALSE,TRUE
Andrea Cerutti,R01DK123749,FALSE,TRUE
Andrea Cerutti,R21AI057130,FALSE,TRUE
Andrea Cerutti,U01AI095613,FALSE,TRUE
Andrea Cerutti,U19AI096187,FALSE,TRUE
Andrea G Edlow,R01HD100022,FALSE,TRUE
Andrea G Edlow,R01HD113188,FALSE,TRUE
Andrea G Edlow,R13HD079163,FALSE,TRUE
Andrea G Edlow,RF1MH132336,FALSE,TRUE
Andrea G Edlow,U19AI167899,FALSE,TRUE
Andrea G Edlow,UF1MH141632,FALSE,TRUE
Andrea Morrione,R01CA164462,FALSE,TRUE
Andrea Morrione,R01DK068419,FALSE,TRUE
Andreas A Werdich,K99HL112724,FALSE,TRUE
Andreas A Werdich,R00HL112724,FALSE,TRUE
Andreas Friedl,I01BX000137,FALSE,TRUE
Andreas Friedl,R01AG048218,FALSE,TRUE
Andreas Friedl,R01CA107012,FALSE,TRUE
Andreas Friedl,R01CA142833,FALSE,TRUE
Andreas Friedl,R01NS048921,FALSE,TRUE
Andreas Friedl,R21AG052404,FALSE,TRUE
Andreea Seritan,U79SM060482,FALSE,TRUE
Andrew A Aprikyan,R01CA089135,FALSE,TRUE
Andrew B Norman,DP1DA031386,FALSE,TRUE
Andrew B Norman,R03MH045253,FALSE,TRUE
Andrew B Norman,R44DA018538,FALSE,TRUE
Andrew B Norman,U01DA039550,FALSE,TRUE
Andrew B Norman,U01DA048525,FALSE,TRUE
Andrew B Norman,U01DA050330,FALSE,TRUE
Andrew B Norman,U19DA012043,FALSE,TRUE
Andrew Green,N01HV28182,FALSE,TRUE
Andrew H Kaplan,F32AI008054,TRUE,TRUE
Andrew H Kaplan,K11AI001107,TRUE,TRUE
Andrew H Kaplan,K24MH071191,TRUE,TRUE
Andrew H Kaplan,P30AI028697,TRUE,TRUE
Andrew H Kaplan,R01AI039427,TRUE,TRUE
Andrew H Kaplan,R01AI041413,TRUE,TRUE
Andrew H Kaplan,R01AI047710,TRUE,TRUE
Andrew H Kaplan,R01DA013826,TRUE,TRUE
Andrew H Kaplan,R01GM064803,TRUE,TRUE
Andrew H Kaplan,R01GM066681,TRUE,TRUE
Andrew H Kaplan,R03AI067022,TRUE,TRUE
Andrew H Kaplan,R29AI036702,TRUE,TRUE
Andrew H Kaplan,R55AI039427,TRUE,TRUE
Andrew H Kaplan,T32AI007388,TRUE,TRUE
Andrew J Dannenberg,K08DK001992,FALSE,TRUE
Andrew J Dannenberg,M01RR000047,FALSE,TRUE
Andrew J Dannenberg,P01CA077839,FALSE,TRUE
Andrew J Dannenberg,R01CA068136,FALSE,TRUE
Andrew J Dannenberg,R01CA082578,FALSE,TRUE
Andrew J Dannenberg,R01CA089578,FALSE,TRUE
Andrew J Dannenberg,R01CA154481,FALSE,TRUE
Andrew J Dannenberg,R01CA215797,FALSE,TRUE
Andrew J Dannenberg,R01CA241409,FALSE,TRUE
Andrew J Dannenberg,R21CA239079,FALSE,TRUE
Andrew J Elliot,R03MH057054,FALSE,TRUE
Andrew J Friedman,M01RR002635,FALSE,TRUE
Andrew J Oxenham,R01DC003909,FALSE,TRUE
Andrew J Oxenham,R01DC005216,FALSE,TRUE
Andrew J Oxenham,R01DC012262,FALSE,TRUE
Andrew J Oxenham,R03DC003628,FALSE,TRUE
Andrew J Oxenham,UG3NS107688,FALSE,TRUE
Andrew J Oxenham,UH3NS107688,FALSE,TRUE
Andrew M Davidoff,F32CA008899,FALSE,TRUE
Andrew M Davidoff,P01CA023099,FALSE,TRUE
Andrew M Davidoff,R01CA133322,FALSE,TRUE
Andrew M Davidoff,R01CA229739,FALSE,TRUE
Andrew M Davidoff,R01HL073838,FALSE,TRUE
Andrew M Davidoff,R01HL094396,FALSE,TRUE
Andrew M Davidoff,R01HL140295,FALSE,TRUE
Andrew P McMahon,P01DK056246,FALSE,TRUE
Andrew P McMahon,R01DC015530,FALSE,TRUE
Andrew P McMahon,R01DC015829,FALSE,TRUE
Andrew P McMahon,R01DK054364,FALSE,TRUE
Andrew P McMahon,R01DK121409,FALSE,TRUE
Andrew P McMahon,R01DK126925,FALSE,TRUE
Andrew P McMahon,R01HD030249,FALSE,TRUE
Andrew P McMahon,R01NS032691,FALSE,TRUE
Andrew P McMahon,R01NS033642,FALSE,TRUE
Andrew P McMahon,R13HD036196,FALSE,TRUE
Andrew P McMahon,R21EB025534,FALSE,TRUE
Andrew P McMahon,R37DK054364,FALSE,TRUE
Andrew P McMahon,R37NS033642,FALSE,TRUE
Andrew P McMahon,U01DK070181,FALSE,TRUE
Andrew P McMahon,U01DK094526,FALSE,TRUE
Andrew P McMahon,U01DK107350,FALSE,TRUE
Andrew P McMahon,U01DK110792,FALSE,TRUE
Andrew P McMahon,UC2DK126024,FALSE,TRUE
Andrew W Dick,R01CA092444,TRUE,TRUE
Andrew W Dick,R01NR020601,TRUE,FALSE
Andrew W Dick,T32HS000044,TRUE,TRUE
Andrew W Gardner,F32AG005564,TRUE,TRUE
Andrew W Gardner,K01AG000657,TRUE,TRUE
Andrew W Gardner,M01RR000109,TRUE,FALSE
Andrew W Gardner,R01AG007857,TRUE,TRUE
Andrew W Gardner,R01AG016685,TRUE,TRUE
Andrew W Gardner,R01AG024296,TRUE,TRUE
Andrew W Gardner,R01AG070086,TRUE,TRUE
Andrew W Gardner,R01AG071778,TRUE,TRUE
Andrzej Bartke,P01AG031736,TRUE,TRUE
Andrzej Bartke,R01AG019899,TRUE,TRUE
Andrzej Bartke,R01DA003875,TRUE,TRUE
Andrzej Bartke,R01DK042137,TRUE,TRUE
Andrzej Bartke,R01HD020001,TRUE,TRUE
Andrzej Bartke,R01HD020033,TRUE,TRUE
Andrzej Bartke,R03AA009457,TRUE,TRUE
Andrzej Bartke,R03AG014193,TRUE,TRUE
Andrzej Bartke,R03HD037672,TRUE,TRUE
Andrzej Bartke,R13AG024225,TRUE,TRUE
Andrzej Bartke,R13AG026205,TRUE,TRUE
Andrzej Bartke,R13AG028240,TRUE,TRUE
Andrzej Bartke,R13DK047215,TRUE,TRUE
Andrzej Bartke,R13HD021895,TRUE,TRUE
Andrzej Bartke,R21AG038850,TRUE,TRUE
Andrzej Bartke,R21AG051869,TRUE,TRUE
Andrzej Bartke,R21AG062985,TRUE,TRUE
Andrzej Bartke,S06RR008170,TRUE,FALSE
Andrzej Bartke,S07RR007118,TRUE,TRUE
Andrzej Bartke,U09RG014930,TRUE,TRUE
Angela DeMichele,K23CA081009,FALSE,TRUE
Angela DeMichele,P01CA210961,FALSE,TRUE
Angela DeMichele,P30CA016520,FALSE,TRUE
Angela DeMichele,R01CA104581,FALSE,TRUE
Angela DeMichele,R01CA208273,FALSE,TRUE
Angela Lee Duckworth,K01AG033182,FALSE,TRUE
Angela Lee Duckworth,R24AG048081,FALSE,TRUE
Anil K Jaiswal,R01CA081057,FALSE,TRUE
Anil K Jaiswal,R01ES007943,FALSE,TRUE
Anil K Jaiswal,R01ES012265,FALSE,TRUE
Anil K Jaiswal,R01ES021483,FALSE,TRUE
Anil K Jaiswal,R01GM047466,FALSE,TRUE
Anil K Jaiswal,R29GM047466,FALSE,TRUE
Anil K Lalwani,K08DC000112,FALSE,TRUE
Anil K Lalwani,K23DC000112,FALSE,TRUE
Anil K Lalwani,R01DC005199,FALSE,TRUE
Anil K Lalwani,R01DC014547,FALSE,TRUE
Anil K Lalwani,R41DC021128,FALSE,TRUE
Anil Potti,R01CA131049,FALSE,TRUE
Anil Potti,R01CA136530,FALSE,TRUE
Anirban Basu,OT3HL152448,TRUE,TRUE
Anirban Basu,P42ES033719,TRUE,FALSE
Anirban Basu,R01CA155329,TRUE,TRUE
Anirban Basu,R01HL126804,TRUE,TRUE
Anirban Basu,R01MH083706,TRUE,TRUE
Anirban Basu,R13HS021019,TRUE,TRUE
Anirban Basu,R13HS023030,TRUE,TRUE
Anirban Basu,R13HS025609,TRUE,TRUE
Anirban Basu,RC4CA155809,TRUE,TRUE
Anish Bhardwaj,R01NS046379,FALSE,TRUE
Anita H Clayton,M01RR000847,TRUE,TRUE
Anita Sidhu,P41RR002301,FALSE,TRUE
Anita Sidhu,R01AG028108,FALSE,TRUE
Anita Sidhu,R01HL061394,FALSE,TRUE
Anita Sidhu,R01MH075020,FALSE,TRUE
Anita Sidhu,R01NS029685,FALSE,TRUE
Anita Sidhu,R01NS030912,FALSE,TRUE
Anita Sidhu,R01NS034914,FALSE,TRUE
Anita Sidhu,R01NS041555,FALSE,TRUE
Anita Sidhu,R01NS045326,FALSE,TRUE
Anita Sidhu,R01NS060041,FALSE,TRUE
Anita Sil,P01AI063302,FALSE,TRUE
Anita Sil,R01AI066224,FALSE,TRUE
Anita Sil,R01AI093640,FALSE,TRUE
Anita Sil,R01AI136735,FALSE,TRUE
Anita Sil,R01AI146584,FALSE,TRUE
Anita Sil,R01AI172258,FALSE,TRUE
Anita Sil,R21AI101722,FALSE,TRUE
Anita Sil,R21AI122064,FALSE,TRUE
Anita Sil,R21AI144855,FALSE,TRUE
Anita Sil,R21AI172185,FALSE,TRUE
Anita Sil,R37AI066224,FALSE,TRUE
Anita Sil,T32GM136547,FALSE,TRUE
Anita Sil,U19AI166798,FALSE,TRUE
Anita Sil,U54AI065359,FALSE,TRUE
Anna Bellizzi,R21AG092247,FALSE,TRUE
Annarosa Leri,P01AG023071,FALSE,TRUE
Annarosa Leri,P01AG043353,FALSE,TRUE
Annarosa Leri,R01AG026107,FALSE,TRUE
Annarosa Leri,R01AG037490,FALSE,TRUE
Annarosa Leri,R01HL039902,FALSE,TRUE
Annarosa Leri,R01HL065577,FALSE,TRUE
Annarosa Leri,R01HL105532,FALSE,TRUE
Annarosa Leri,R01HL111183,FALSE,TRUE
Annarosa Leri,R01HL114346,FALSE,TRUE
Anne L Coleman,K11EY000339,FALSE,TRUE
Anne L Coleman,M01RR014288,FALSE,TRUE
Anne L Coleman,P60AG010415,FALSE,TRUE
Anne L Coleman,U10EY010778,FALSE,TRUE
Anne L Coleman,U10EY013626,FALSE,TRUE
Anthony R Mawson,P20MD000534,FALSE,TRUE
Antonella Caccamo,R01AG059627,FALSE,TRUE
Antonio Baldini,P01HL049953,FALSE,TRUE
Antonio Baldini,P01HL067155,FALSE,TRUE
Antonio Baldini,R01DC006248,FALSE,TRUE
Antonio Baldini,R01HL051524,FALSE,TRUE
Antonio Baldini,R01HL064832,FALSE,TRUE
Antonio Baldini,R03HD035272,FALSE,TRUE
Antonio Baldini,R21DE014521,FALSE,TRUE
Antonio Gualberto,P30AR039750,FALSE,TRUE
April M Zeoli,F31AA016035,TRUE,TRUE
April M Zeoli,R01CE003430,TRUE,TRUE
Apurba Bhattacharya,R25GM068940,FALSE,TRUE
Arash Kheradvar,R01HL153724,FALSE,TRUE
Arash Kheradvar,R01HL157631,FALSE,TRUE
Arash Kheradvar,R01HL162687,FALSE,TRUE
Arash Kheradvar,R21EB021513,FALSE,TRUE
Arash Kheradvar,R21HD105889,FALSE,TRUE
Arash Kheradvar,R56HL173809,FALSE,TRUE
Arevik Mosoian,R43CA225000,FALSE,TRUE
Arevik Mosoian,R43HL164149,FALSE,TRUE
Arghya Paul,P20GM103638,FALSE,TRUE
Ari D Brooks,F32CA068802,FALSE,TRUE
Aria F Olumi,K08DK064062,TRUE,TRUE
Aria F Olumi,R01DK091353,TRUE,TRUE
Aria F Olumi,R01DK124502,TRUE,TRUE
Aria F Olumi,R01DK140473,TRUE,TRUE
Aria F Olumi,R01DK142211,TRUE,TRUE
Aria F Olumi,R13DK121565,TRUE,TRUE
Ariel Fernandez,R01GM072614,FALSE,TRUE
Arijitt Borthakur,P41RR002305,FALSE,TRUE
Arnaud Delorme,R01EB023297,FALSE,TRUE
Arnaud Delorme,R01NS047293,FALSE,TRUE
Arnaud Delorme,R24MH120037,FALSE,TRUE
Arnaud Delorme,RF1MH125934,FALSE,TRUE
Arnaud Delorme,RF1MH126700,FALSE,TRUE
Aron M Geurts,DP2OD008396,FALSE,TRUE
Aron M Geurts,DP3DK097605,FALSE,TRUE
Aron M Geurts,P01HL116264,FALSE,TRUE
Aron M Geurts,P01HL149620,FALSE,TRUE
Aron M Geurts,R01OD030496,FALSE,TRUE
Aron M Geurts,R21DA031561,FALSE,TRUE
Aron M Geurts,R21DA035088,FALSE,TRUE
Aron M Geurts,R21OD026560,FALSE,TRUE
Aron M Geurts,R24OD037774,FALSE,TRUE
Arthur A Hurwitz,Z01BC010563,FALSE,TRUE
Arthur A Hurwitz,Z01BC010653,FALSE,TRUE
Arthur A Hurwitz,Z01BC010954,FALSE,TRUE
Arturo Hernandez,R01DK095908,FALSE,TRUE
Arturo Hernandez,R01MH096050,FALSE,TRUE
Arturo Hernandez,R21DE028732,FALSE,TRUE
Arturo Hernandez,R21MH083220,FALSE,TRUE
Arun Srivastava,P01DK058327,TRUE,TRUE
Arun Srivastava,P01HL053586,TRUE,TRUE
Arun Srivastava,P50DK049218,TRUE,TRUE
Arun Srivastava,R01EB002073,TRUE,TRUE
Arun Srivastava,R01GM119186,TRUE,TRUE
Arun Srivastava,R01HL048342,TRUE,TRUE
Arun Srivastava,R01HL058881,TRUE,TRUE
Arun Srivastava,R01HL065570,TRUE,TRUE
Arun Srivastava,R01HL076901,TRUE,TRUE
Arun Srivastava,R01HL097088,TRUE,TRUE
Arun Srivastava,R01HL177230,TRUE,TRUE
Arun Srivastava,R21AI131328,TRUE,TRUE
Arun Srivastava,R21AR081018,TRUE,TRUE
Arun Srivastava,R21EB015684,TRUE,TRUE
Arun Srivastava,R29AI026323,TRUE,TRUE
Arun Srivastava,R41AI122735,TRUE,TRUE
Arun Srivastava,T32HL007910,TRUE,TRUE
Asa Abeliovich,K02AG021944,FALSE,TRUE
Asa Abeliovich,R01AG042317,FALSE,TRUE
Asa Abeliovich,R01NS046659,FALSE,TRUE
Asa Abeliovich,R01NS049070,FALSE,TRUE
Asa Abeliovich,R01NS060876,FALSE,TRUE
Asa Abeliovich,R01NS064433,FALSE,TRUE
Asa Abeliovich,R01NS081701,FALSE,TRUE
Asa Abeliovich,R01NS082068,FALSE,TRUE
Asa Abeliovich,R21NS043744,FALSE,TRUE
Ashani T Weeraratna,P01CA114046,FALSE,TRUE
Ashani T Weeraratna,R01CA174746,FALSE,TRUE
Ashani T Weeraratna,R01CA207935,FALSE,TRUE
Ashani T Weeraratna,R01CA232256,FALSE,TRUE
Ashani T Weeraratna,R01CA298306,FALSE,TRUE
Ashani T Weeraratna,T32CA009110,FALSE,TRUE
Ashani T Weeraratna,U01CA227550,FALSE,TRUE
Ashish K Sharma,R01HL138931,FALSE,TRUE
Ashish K Sharma,R01HL153341,FALSE,TRUE
Ashish M Kamat,P50CA091846,FALSE,TRUE
Ashish M Kamat,R03CA109917,FALSE,TRUE
Ashish M Kamat,T32CA079449,FALSE,TRUE
Ashok Kumar,P30EY004068,TRUE,FALSE
Ashok Kumar,R01AG029623,TRUE,FALSE
Ashok Kumar,R01AG037984,TRUE,FALSE
Ashok Kumar,R01AR059810,TRUE,FALSE
Ashok Kumar,R01AR068313,TRUE,FALSE
Ashok Kumar,R01AR081487,TRUE,FALSE
Ashok Kumar,R01CA294365,TRUE,FALSE
Ashok Kumar,R01EY019888,TRUE,FALSE
Ashok Kumar,R01EY026964,TRUE,FALSE
Ashok Kumar,R01EY027381,TRUE,FALSE
Ashok Kumar,R01EY032149,TRUE,FALSE
Ashok Kumar,R01EY035499,TRUE,FALSE
Ashok Kumar,R01EY036572,TRUE,FALSE
Ashok Kumar,R01HL066296,TRUE,TRUE
Ashok Kumar,R01HL081752,TRUE,TRUE
Ashok Kumar,R01HL092558,TRUE,TRUE
Ashok Kumar,R01HL105113,TRUE,TRUE
Ashok Kumar,R01HL122742,TRUE,TRUE
Ashok Kumar,R01HL130344,TRUE,TRUE
Ashok Kumar,R21AG068205,TRUE,FALSE
Ashok Kumar,R21AI135583,TRUE,FALSE
Ashok Kumar,R21AI140033,TRUE,FALSE
Ashok Kumar,R21AI149385,TRUE,FALSE
Ashok Kumar,R21EY037082,TRUE,FALSE
Ashok Kumar,RL5GM118981,TRUE,FALSE
Ashok Kumar,TL4GM118983,TRUE,FALSE
Ashok Kumar,UL1GM118982,TRUE,FALSE
Ashutosh K Tewari,R01CA290438,FALSE,TRUE
Ashutosh K Tewari,R01CA296581,FALSE,TRUE
Ashutosh K Tewari,R01EB009388,FALSE,TRUE
Asokumar Buvanendran,UM1NS112874,FALSE,TRUE
Athena Robinson,K23MH085732,TRUE,FALSE
Athena Robinson,R44DA048712,TRUE,TRUE
Attallah Kappas,M01RR000102,TRUE,TRUE
Attallah Kappas,P01CA029502,TRUE,FALSE
Attallah Kappas,P41RR000862,TRUE,FALSE
Attallah Kappas,R01ES001055,TRUE,TRUE
Attallah Kappas,S07RR007065,TRUE,TRUE
Augustine M K Choi,K11AG000516,FALSE,TRUE
Augustine M K Choi,P01HL070807,FALSE,TRUE
Augustine M K Choi,P01HL105339,FALSE,TRUE
Augustine M K Choi,P01HL108801,FALSE,TRUE
Augustine M K Choi,P01HL114501,FALSE,TRUE
Augustine M K Choi,P50HL084948,FALSE,TRUE
Augustine M K Choi,P50HL107192,FALSE,TRUE
Augustine M K Choi,R01AI042365,FALSE,TRUE
Augustine M K Choi,R01HL055330,FALSE,TRUE
Augustine M K Choi,R01HL060234,FALSE,TRUE
Augustine M K Choi,R01HL079904,FALSE,TRUE
Augustine M K Choi,R01HL085547,FALSE,TRUE
Augustine M K Choi,R01HL112747,FALSE,TRUE
Augustine M K Choi,R01HL132198,FALSE,TRUE
Augustine M K Choi,R01HL133801,FALSE,TRUE
Augustine M K Choi,R03HL097005,FALSE,TRUE
Augustine M K Choi,R29HL055330,FALSE,TRUE
Augustine M K Choi,R33HL153011,FALSE,TRUE
Augustine M K Choi,R61HL153011,FALSE,TRUE
Augustine M K Choi,T32HL007563,FALSE,TRUE
Augustine M K Choi,T32HL007633,FALSE,TRUE
Augustine M K Choi,T32HL134629,FALSE,TRUE
Augustine M K Choi,U01HL105371,FALSE,TRUE
Austin J Cooney,P01DK057743,FALSE,TRUE
Austin J Cooney,P01GM081627,FALSE,TRUE
Austin J Cooney,R01DK073524,FALSE,TRUE
Austin J Cooney,R01HD032878,FALSE,TRUE
Austin J Cooney,R29HD032878,FALSE,TRUE
Austin J Cooney,U19DK062434,FALSE,TRUE
Austin J Cooney,U54HD007495,FALSE,TRUE
Avi Ma’ayan,OT2OD030160,FALSE,TRUE
Avi Ma’ayan,OT2OD030546,FALSE,TRUE
Avi Ma’ayan,OT2OD036435,FALSE,TRUE
Avi Ma’ayan,OT3OD025467,FALSE,TRUE
Avi Ma’ayan,P50GM071558,FALSE,TRUE
Avi Ma’ayan,R01DK088541,FALSE,TRUE
Avi Ma’ayan,R01DK131525,FALSE,TRUE
Avi Ma’ayan,R01GM098316,FALSE,TRUE
Avi Ma’ayan,R01GM112945,FALSE,TRUE
Avi Ma’ayan,RC2DK131995,FALSE,TRUE
Avi Ma’ayan,RC2LM010994,FALSE,TRUE
Avi Ma’ayan,U24CA224260,FALSE,TRUE
Avi Ma’ayan,U24CA264250,FALSE,TRUE
Avi Ma’ayan,U24CA271114,FALSE,TRUE
Avi Ma’ayan,U54CA189201,FALSE,TRUE
Avi Ma’ayan,U54HL127624,FALSE,TRUE
Avnesh S Thakor,R01DK119293,FALSE,TRUE
Avnesh S Thakor,R01DK129343,FALSE,TRUE
Avnesh S Thakor,R01DK129598,FALSE,TRUE
Avnesh S Thakor,R01DK141802,FALSE,TRUE
Avnesh S Thakor,R41DK138689,FALSE,TRUE
Ayad A Jaffa,P01HL055782,FALSE,TRUE
Ayad A Jaffa,R01DK046543,FALSE,TRUE
Ayad A Jaffa,R01HL071255,FALSE,TRUE
Ayad A Jaffa,R01HL077192,FALSE,TRUE
Ayad A Jaffa,R01HL087986,FALSE,TRUE
Ayad A Jaffa,R21TW011453,FALSE,TRUE
Ayad A Jaffa,R29DK046543,FALSE,TRUE
Ayad A Jaffa,T35DK007431,FALSE,TRUE
Ayyalusamy Ramamoorthy,R01AG048934,FALSE,TRUE
Ayyalusamy Ramamoorthy,R01AI054515,FALSE,TRUE
Ayyalusamy Ramamoorthy,R01DK132214,FALSE,TRUE
Ayyalusamy Ramamoorthy,R01GM084018,FALSE,TRUE
Ayyalusamy Ramamoorthy,R01GM095640,FALSE,TRUE
Ayyalusamy Ramamoorthy,R13AG066398,FALSE,TRUE
Ayyalusamy Ramamoorthy,R21DK078885,FALSE,TRUE
Ayyalusamy Ramamoorthy,R35GM139573,FALSE,TRUE
Ayyalusamy Ramamoorthy,S10RR023597,FALSE,TRUE
Azin Agah,R15AR055355,FALSE,TRUE
Azza B El-Remessy,R01EY022408,FALSE,TRUE
B A White,Z01DE000573,FALSE,TRUE
B Franklin Pugh,P41RR011823,FALSE,TRUE
B Franklin Pugh,R01ES013768,FALSE,TRUE
B Franklin Pugh,R01ES034353,FALSE,TRUE
B Franklin Pugh,R01GM047855,FALSE,TRUE
B Franklin Pugh,R01GM059055,FALSE,TRUE
B Franklin Pugh,R01GM125722,FALSE,TRUE
B Franklin Pugh,R01HG004160,FALSE,TRUE
B Franklin Pugh,R35GM145217,FALSE,TRUE
B Franklin Pugh,R56HG004160,FALSE,TRUE
B Franklin Pugh,T32GM125592,FALSE,TRUE
Baerbel Rohrer,I01BX003050,FALSE,TRUE
Baerbel Rohrer,I01RX000444,FALSE,TRUE
Baerbel Rohrer,IK6BX004858,FALSE,TRUE
Baerbel Rohrer,M01RR001070,FALSE,TRUE
Baerbel Rohrer,P01AG023630,FALSE,TRUE
Baerbel Rohrer,R01AI180047,FALSE,TRUE
Baerbel Rohrer,R01EY013520,FALSE,TRUE
Baerbel Rohrer,R01EY019320,FALSE,TRUE
Baerbel Rohrer,R01EY024581,FALSE,TRUE
Baerbel Rohrer,R01EY030072,FALSE,TRUE
Baerbel Rohrer,R01EY036519,FALSE,TRUE
Baerbel Rohrer,R03EY013728,FALSE,TRUE
Bala Chandran,R01AI024224,FALSE,TRUE
Bala Chandran,R01AI032109,FALSE,TRUE
Bala Chandran,R01AI033502,FALSE,TRUE
Bala Chandran,R01AI057349,FALSE,TRUE
Bala Chandran,R01CA075911,FALSE,TRUE
Bala Chandran,R01CA082056,FALSE,TRUE
Bala Chandran,R01CA099925,FALSE,TRUE
Bala Chandran,R01CA168472,FALSE,TRUE
Bala Chandran,R01CA180758,FALSE,TRUE
Bala Chandran,R13CA177329,FALSE,TRUE
Bala Chandran,R21AI113391,FALSE,TRUE
Bala Chandran,R56AI091767,FALSE,TRUE
Bandaru S Reddy,N01CN025450,TRUE,FALSE
Bandaru S Reddy,N01CN055150,TRUE,FALSE
Bandaru S Reddy,P01CA032617,TRUE,FALSE
Bandaru S Reddy,P01CA046589,TRUE,FALSE
Bandaru S Reddy,R01CA036892,TRUE,FALSE
Bandaru S Reddy,R01CA037663,TRUE,FALSE
Bandaru S Reddy,U01CA040839,TRUE,FALSE
Bandaru S Reddy,U01CA046589,TRUE,FALSE
Barbara J Guthrie,K20DA000233,FALSE,TRUE
Barbara J Guthrie,P20NR015320,FALSE,TRUE
Barbara J Guthrie,R25MH087217,FALSE,TRUE
Barbara L Fredrickson,R01AG048811,FALSE,TRUE
Barbara L Fredrickson,R01AT007884,FALSE,TRUE
Barbara L Fredrickson,R01CA170128,FALSE,TRUE
Barbara L Fredrickson,R01CA276176,FALSE,TRUE
Barbara L Fredrickson,R01MD018492,FALSE,TRUE
Barbara L Fredrickson,R01MH059615,FALSE,TRUE
Barbara L Fredrickson,R01NR012899,FALSE,TRUE
Barbara L Fredrickson,R03MH053971,FALSE,TRUE
Barbara Tversky,R01MH053046,FALSE,TRUE
Barbara Tversky,T32MH015157,FALSE,TRUE
Barkur S Shastry,R01EY007498,FALSE,TRUE
Barry G Hall,R01AI014766,FALSE,TRUE
Barry G Hall,R01GM037110,FALSE,TRUE
Barry G Hall,R01GM060761,FALSE,TRUE
Barry G Hall,R13AI025182,FALSE,TRUE
Barry M Trost,P41RR001614,FALSE,TRUE
Barry M Trost,R01GM013598,FALSE,TRUE
Barry M Trost,R01GM033049,FALSE,TRUE
Barry M Trost,R37GM013598,FALSE,TRUE
Barry M Trost,U09RG007935,FALSE,TRUE
Bart Barlogie,P01CA055819,FALSE,TRUE
Bart Barlogie,P01CA059340,FALSE,TRUE
Bart Barlogie,R01CA028771,FALSE,TRUE
Bart Barlogie,R01CA037161,FALSE,TRUE
Bart Barlogie,R13CA049991,FALSE,TRUE
Bart Barlogie,S10RR004140,FALSE,TRUE
Bart Barlogie,U10CA037981,FALSE,TRUE
Basil Rigas,M01RR010710,TRUE,TRUE
Basil Rigas,R01CA092423,TRUE,TRUE
Basil Rigas,R01CA101019,TRUE,TRUE
Basil Rigas,R01CA139454,TRUE,TRUE
Basil Rigas,R01CA154172,TRUE,TRUE
Basil Rigas,R01CA185308,TRUE,TRUE
Basil Rigas,R01HG000385,TRUE,TRUE
Basil Rigas,R41CA153662,TRUE,TRUE
Basil Rigas,R42CA153662,TRUE,TRUE
Basil Rigas,R44EY031193,TRUE,FALSE
Basilia Zingarelli,R01AG027990,FALSE,TRUE
Basilia Zingarelli,R01GM067202,FALSE,TRUE
Basilia Zingarelli,R01GM115973,FALSE,TRUE
Basilia Zingarelli,R01HL060730,FALSE,TRUE
Basilia Zingarelli,R01HL141229,FALSE,TRUE
Basilia Zingarelli,R21GM150093,FALSE,TRUE
Basilia Zingarelli,R21GM151734,FALSE,TRUE
Basilia Zingarelli,R33GM151734,FALSE,TRUE
Basilia Zingarelli,T32GM008478,FALSE,TRUE
Bastiaan Driehuys,P41RR005959,TRUE,TRUE
Bastiaan Driehuys,R01CA142842,TRUE,TRUE
Bastiaan Driehuys,R01HL105643,TRUE,TRUE
Bastiaan Driehuys,R01HL126771,TRUE,TRUE
Bastiaan Driehuys,R01HL153872,TRUE,TRUE
Bastiaan Driehuys,R21HL087094,TRUE,TRUE
Bastiaan Driehuys,R43HL062757,TRUE,FALSE
Bellur Seetharam,R01AM026638,FALSE,TRUE
Bellur Seetharam,R01DK026638,FALSE,TRUE
Bellur Seetharam,R01DK050052,FALSE,TRUE
Ben Ho Park,P30CA068485,FALSE,TRUE
Ben Ho Park,P50CA098131,FALSE,TRUE
Ben Ho Park,R01CA109274,FALSE,TRUE
Ben Ho Park,R01CA194024,FALSE,TRUE
Ben Ho Park,R01CA214494,FALSE,TRUE
Ben Ho Park,R01CA289528,FALSE,TRUE
Ben Ho Park,R55CA109274,FALSE,TRUE
Ben Ho Park,T32CA009071,FALSE,TRUE
Ben Ho Park,U54CA163072,FALSE,TRUE
Ben Ho Park,UG3CA260318,FALSE,TRUE
Ben Ho Park,UH3CA260318,FALSE,TRUE
Benjamin Bonavida,R01CA031620,FALSE,TRUE
Benjamin Bonavida,R01CA035791,FALSE,TRUE
Benjamin Bonavida,R01CA043121,FALSE,TRUE
Benjamin Bonavida,T32CA009120,FALSE,TRUE
Benjamin Jr Cowley,F35HL007625,FALSE,TRUE
Berislav V Zlokovic,P01AG016223,TRUE,TRUE
Berislav V Zlokovic,P01AG052350,TRUE,TRUE
Berislav V Zlokovic,P01NS031945,TRUE,TRUE
Berislav V Zlokovic,P30AG066530,TRUE,TRUE
Berislav V Zlokovic,P50AG005142,TRUE,TRUE
Berislav V Zlokovic,R01AG023084,TRUE,TRUE
Berislav V Zlokovic,R01AG039452,TRUE,TRUE
Berislav V Zlokovic,R01EY009399,TRUE,TRUE
Berislav V Zlokovic,R01HL063290,TRUE,TRUE
Berislav V Zlokovic,R01HL081528,TRUE,TRUE
Berislav V Zlokovic,R01NS034467,TRUE,TRUE
Berislav V Zlokovic,R01NS090904,TRUE,TRUE
Berislav V Zlokovic,R01NS100459,TRUE,TRUE
Berislav V Zlokovic,R01NS117827,TRUE,TRUE
Berislav V Zlokovic,R03AG014526,TRUE,TRUE
Berislav V Zlokovic,R03AG046216,TRUE,TRUE
Berislav V Zlokovic,R37AG023084,TRUE,TRUE
Berislav V Zlokovic,R37NS034467,TRUE,TRUE
Berislav V Zlokovic,R55EY009399,TRUE,TRUE
Bernard F Morrey,M01RR000585,FALSE,TRUE
Bernard R Chaitman,N01HV018120,TRUE,TRUE
Bernard R Chaitman,N01HV068093,TRUE,TRUE
Bernard R Chaitman,R01HL042145,TRUE,TRUE
Bernard R Chaitman,U01HL038504,TRUE,TRUE
Bernard R Chaitman,U01HL042145,TRUE,TRUE
Bernard R Chaitman,U01HL061746,TRUE,TRUE
Bernhardt L Trout,P41RR006009,FALSE,TRUE
Bernhardt L Trout,R21EB007043,FALSE,TRUE
Bernhardt L Trout,U01FD006755,FALSE,TRUE
Betsy J Barnes,R01AR076242,FALSE,TRUE
Betsy J Barnes,R03AR054070,FALSE,TRUE
Betsy J Barnes,R03TR004623,FALSE,TRUE
Betsy J Barnes,R21AG070682,FALSE,TRUE
Betsy J Barnes,R21AR065959,FALSE,TRUE
Betsy J Barnes,R21CA191903,FALSE,TRUE
Betsy J Barnes,R21CA195256,FALSE,TRUE
Bettina J Casad,R01GM094536,FALSE,TRUE
Beverly Errede,R01GM030619,FALSE,TRUE
Beverly Errede,R01GM039852,FALSE,TRUE
Beverly Errede,R01GM067809,FALSE,TRUE
Beverly Errede,R01GM079271,FALSE,TRUE
Beverly Errede,R01GM084071,FALSE,TRUE
Beverly Errede,R01GM114136,FALSE,TRUE
Beverly Winikoff,R01FD003107,FALSE,TRUE
Bhagavathi A Narayanan,R01CA106296,FALSE,TRUE
Bhagavathi A Narayanan,R03CA107813,FALSE,TRUE
Bharat B Aggarwal,P01CA091844,FALSE,TRUE
Bharat B Aggarwal,P01CA124787,FALSE,TRUE
Bi-Botti C Youan,R01AI087304,FALSE,TRUE
Bi-Botti C Youan,R15GM069397,FALSE,TRUE
Bi-Botti C Youan,R21AI083092,FALSE,TRUE
Bijan Ahvazi,Z01AR041142,FALSE,TRUE
Biju Parekkadan,K01DK087770,FALSE,TRUE
Biju Parekkadan,R01EB012521,FALSE,TRUE
Biju Parekkadan,R01EB028782,FALSE,TRUE
Biju Parekkadan,R01GM127353,FALSE,TRUE
Biju Parekkadan,R21AI134116,FALSE,TRUE
Biju Parekkadan,R43DK093285,FALSE,TRUE
Biju Parekkadan,R44DK085766,FALSE,TRUE
Biju Parekkadan,T32EB005583,FALSE,TRUE
Bin Li,F32NS010559,FALSE,TRUE
Bin Tian,P01HL069020,FALSE,TRUE
Bin Tian,R01GM084089,FALSE,TRUE
Bin Tian,R01GM129069,FALSE,TRUE
Bin Tian,R21DK094207,FALSE,TRUE
Bin Tian,R21HD081682,FALSE,TRUE
Bin Tian,R21HG005129,FALSE,TRUE
Bin Tian,R21HG006339,FALSE,TRUE
Bin Tian,R21HL098802,FALSE,TRUE
Bin Tian,R21NS097992,FALSE,TRUE
Bin Tian,R35GM153277,FALSE,TRUE
Bin Tian,R41HG008921,FALSE,TRUE
Bin Tian,S10OD018206,FALSE,TRUE
Bin Tian,S10RR029514,FALSE,TRUE
Bin Wang,F32HL082197,TRUE,FALSE
Bin Wang,K01CA116275,TRUE,FALSE
Bin Wang,R01AG071025,TRUE,FALSE
Bin Wang,R01AR077666,TRUE,FALSE
Bin Wang,R01CA155025,TRUE,FALSE
Bin Wang,R01CA248088,TRUE,FALSE
Bin Wang,R01DK119280,TRUE,FALSE
Bin Wang,R01GM152613,TRUE,FALSE
Bin Wang,R03AR062705,TRUE,FALSE
Bin Wang,R03AR063289,TRUE,FALSE
Bin Wang,R21AR075293,TRUE,FALSE
Bin Xu,R01AG067607,TRUE,FALSE
Bin Xu,R01MH106910,TRUE,FALSE
Bin Xu,R03AG061531,TRUE,FALSE
Bin Xu,R21MH079365,TRUE,FALSE
Bin Zhang,R01AG057907,TRUE,FALSE
Bin Zhang,R01AG062355,TRUE,FALSE
Bin Zhang,R01AG068030,TRUE,FALSE
Bin Zhang,R01AG074010,TRUE,FALSE
Bin Zhang,R01AG085182,TRUE,FALSE
Bin Zhang,R01AG095513,TRUE,FALSE
Bin Zhang,R01CA149669,TRUE,FALSE
Bin Zhang,R01CA208354,TRUE,FALSE
Bin Zhang,R01CA222963,TRUE,FALSE
Bin Zhang,R01CA248475,TRUE,FALSE
Bin Zhang,R01CA250101,TRUE,FALSE
Bin Zhang,R01CA257520,TRUE,FALSE
Bin Zhang,R01CA257926,TRUE,FALSE
Bin Zhang,R01CA258857,TRUE,FALSE
Bin Zhang,R01CA258981,TRUE,FALSE
Bin Zhang,R01CA286160,TRUE,FALSE
Bin Zhang,R01CA290743,TRUE,FALSE
Bin Zhang,R01DA037378,TRUE,FALSE
Bin Zhang,R01HL094505,TRUE,FALSE
Bin Zhang,R01HL169427,TRUE,FALSE
Bin Zhang,R01NS145483,TRUE,FALSE
Bin Zhang,R03CA202131,TRUE,FALSE
Bin Zhang,R03DE026814,TRUE,FALSE
Bin Zhang,R35GM133580,TRUE,FALSE
Bin Zhang,R43EY020711,TRUE,FALSE
Bin Zhang,R43EY020712,TRUE,FALSE
Bin Zhang,R56AG058655,TRUE,FALSE
Bin Zhang,RF1AG054014,TRUE,FALSE
Bin Zhang,RF1AG057440,TRUE,FALSE
Bin Zhang,RF1AG074010,TRUE,FALSE
Bin Zhang,U01AG046170,TRUE,FALSE
Bin Zhang,U01AG052411,TRUE,FALSE
Bin Zhang,U01AG088351,TRUE,FALSE
Bin Zhang,UH2AG083258,TRUE,FALSE
Bin Zhang,UH3AG083258,TRUE,FALSE
Bin Zhou,R01AI080715,TRUE,FALSE
Bin Zhou,R01HL078881,TRUE,TRUE
Bin Zhou,R01HL111770,TRUE,TRUE
Bin Zhou,R01HL116997,TRUE,TRUE
Bin Zhou,R01HL132577,TRUE,TRUE
Bin Zhou,R01HL133120,TRUE,TRUE
Bin Zhou,R01HL148128,TRUE,TRUE
Bin Zhou,R01HL157347,TRUE,TRUE
Bin Zhou,R01HL159515,TRUE,TRUE
Bin Zhou,R21HD092944,TRUE,TRUE
Bin Zhou,R21HL104444,TRUE,TRUE
Bing Lim,R01AI054973,FALSE,TRUE
Bing Lim,R01DK047636,FALSE,TRUE
Bing Lim,R01DK054417,FALSE,TRUE
Bing Lim,R29DK044099,FALSE,TRUE
Bing Lim,R44AI170266,FALSE,TRUE
Biswajit Das,261201500003I,FALSE,TRUE
Bjorn R Olsen,K16DE000275,TRUE,TRUE
Bjorn R Olsen,P01AR048564,TRUE,TRUE
Bjorn R Olsen,P01HL033014,TRUE,TRUE
Bjorn R Olsen,P50HL056993,TRUE,TRUE
Bjorn R Olsen,R01AM021471,TRUE,TRUE
Bjorn R Olsen,R01AM036819,TRUE,TRUE
Bjorn R Olsen,R01AM036820,TRUE,TRUE
Bjorn R Olsen,R01AR036819,TRUE,TRUE
Bjorn R Olsen,R01AR036820,TRUE,TRUE
Bjorn R Olsen,R01EY007334,TRUE,TRUE
Bjorn R Olsen,R13AR057242,TRUE,TRUE
Bjorn R Olsen,R13AR061249,TRUE,TRUE
Bjorn R Olsen,R21AR053143,TRUE,TRUE
Bjorn R Olsen,R21AR072192,TRUE,TRUE
Bjorn R Olsen,R37AR036819,TRUE,TRUE
Bjorn R Olsen,R37AR036820,TRUE,TRUE
Bjorn R Olsen,R56AR036819,TRUE,TRUE
Bjorn R Olsen,S10RR031514,TRUE,TRUE
Bjorn R Olsen,T32DE007326,TRUE,TRUE
Bjorn R Olsen,T32GM007226,TRUE,TRUE
Bjorn R Olsen,T32HD007390,TRUE,TRUE
Blair G Darney,R01MD019269,FALSE,TRUE
Bo Liu,F32GM017419,TRUE,FALSE
Bo Liu,KL2TR002374,TRUE,FALSE
Bo Liu,R01CA081357,TRUE,FALSE
Bo Liu,R01CA113831,TRUE,FALSE
Bo Liu,R01HL081424,TRUE,FALSE
Bo Liu,R01HL088447,TRUE,FALSE
Bo Liu,R01HL122562,TRUE,FALSE
Bo Liu,R01HL141181,TRUE,FALSE
Bo Liu,R01HL149404,TRUE,FALSE
Bo Liu,R01HL158073,TRUE,FALSE
Bo Liu,R21HL121493,TRUE,FALSE
Bo Tang,R03AR050125,FALSE,TRUE
Bo Wang,F32DK109601,TRUE,TRUE
Bo Wang,K01DK114373,TRUE,TRUE
Bo Wang,R01DK128167,TRUE,TRUE
Bo Wang,R01HD095765,TRUE,FALSE
Bo Wang,R01HL128452,TRUE,FALSE
Bo Wang,R01HL180740,TRUE,TRUE
Bo Wang,R01MH118220,TRUE,FALSE
Bo Wang,R21HD107988,TRUE,FALSE
Bo Wang,R21HD114519,TRUE,FALSE
Bo Wang,R33HD107988,TRUE,FALSE
Bo Wang,R33HL172269,TRUE,FALSE
Bo Wang,R34DA059935,TRUE,FALSE
Bo Wang,R34MH124081,TRUE,FALSE
Bo Wang,R34MH134682,TRUE,FALSE
Bo Wang,R35GM138061,TRUE,FALSE
Bo Wang,R61HL172269,TRUE,FALSE
Bowen Li,R01HL174773,FALSE,TRUE
Brad J Bushman,R01HD049837,FALSE,TRUE
Bradley J Erickson,P30DK090728,FALSE,TRUE
Bradley J Erickson,R21CA121539,FALSE,TRUE
Bradley J Erickson,R21MD019360,FALSE,TRUE
Bradley J Erickson,U01CA160045,FALSE,TRUE
Branden R Nelson,F32EY015631,FALSE,TRUE
Branden R Nelson,R21OD023838,FALSE,TRUE
Brenda L Bloodgood,DP2NS097029,FALSE,TRUE
Brenda L Bloodgood,R01NS111162,FALSE,TRUE
Brenda L Bloodgood,R25NS119707,FALSE,TRUE
Brenda L Bloodgood,T32NS061847,FALSE,TRUE
Brenda N Major,R01HL079383,TRUE,TRUE
Brenda N Major,R01HL112818,TRUE,TRUE
Brenda N Major,R01MH047989,TRUE,TRUE
Brenda N Major,S07RR007066,TRUE,FALSE
Brent E Korba,272201100008I,FALSE,TRUE
Brent E Korba,N01AI045195,FALSE,TRUE
Brent E Korba,N01AI085349,FALSE,TRUE
Brent E Korba,N01AI30046,FALSE,TRUE
Brent E Korba,R44AI025983,FALSE,TRUE
Brent R Stockwell,P01CA087497,FALSE,TRUE
Brent R Stockwell,P01CA291697,FALSE,TRUE
Brent R Stockwell,P30CA013696,FALSE,TRUE
Brent R Stockwell,R01CA097061,FALSE,TRUE
Brent R Stockwell,R01CA161061,FALSE,TRUE
Brent R Stockwell,R01CA216981,FALSE,TRUE
Brent R Stockwell,R01GM085081,FALSE,TRUE
Brent R Stockwell,R03MH082369,FALSE,TRUE
Brent R Stockwell,R03MH084117,FALSE,TRUE
Brent R Stockwell,R21CA177591,FALSE,TRUE
Brent R Stockwell,R33NS109407,FALSE,TRUE
Brent R Stockwell,R35CA209896,FALSE,TRUE
Brent R Stockwell,R61NS109407,FALSE,TRUE
Brent R Stockwell,UG3CA256962,FALSE,TRUE
Brent R Stockwell,UH3CA256962,FALSE,TRUE
Bret Lashner,M01RR000055,FALSE,TRUE
Bret R Rutherford,K23MH085236,FALSE,TRUE
Bret R Rutherford,K24MH122514,FALSE,TRUE
Bret R Rutherford,R01MH102293,FALSE,TRUE
Bret R Rutherford,R01MH111596,FALSE,TRUE
Bret R Rutherford,R01MH114980,FALSE,TRUE
Bret R Rutherford,R01MH123660,FALSE,TRUE
Bret R Rutherford,R21AG059130,FALSE,TRUE
Bret R Rutherford,R33MH110029,FALSE,TRUE
Bret R Rutherford,R61MH110029,FALSE,TRUE
Brian Hooker,R43HL069627,FALSE,TRUE
Brian I Rini,P30CA043703,FALSE,TRUE
Brian I Rini,P30CA068485,FALSE,TRUE
Brian I Rini,R21CA123854,FALSE,TRUE
Brian J Bennett,K99HL102223,FALSE,TRUE
Brian J Bennett,R00HL102223,FALSE,TRUE
Brian J Bennett,R01HL128572,FALSE,TRUE
Brian J Bennett,UG1HD107711,FALSE,TRUE
Brian J Lannutti,K01DK065129,FALSE,TRUE
Brian K Haarer,F32GM012981,FALSE,TRUE
Brian TaeHyuk Keum,R41MH134727,FALSE,TRUE
Brian Wansink,RC1HD063370,FALSE,TRUE
Bridgette Martin Hard,F32HD053209,FALSE,TRUE
Britt Burton-Freeman,UG1HD107697,FALSE,TRUE
Bruce A McClane,R01AI019844,FALSE,TRUE
Bruce A McClane,R01AI056177,FALSE,TRUE
Bruce A McClane,R21AI125796,FALSE,TRUE
Bruce A McClane,R21AI140010,FALSE,TRUE
Bruce A McClane,R21AI148911,FALSE,TRUE
Bruce A McClane,R21AI178207,FALSE,TRUE
Bruce A McClane,R37AI019844,FALSE,TRUE
Bruce A McClane,U54AI057168,FALSE,TRUE
Bruce Beutler,P01DK042582,FALSE,TRUE
Bruce E Rittmann,R01DK090379,FALSE,TRUE
Bruce M Damon,F32AR008614,FALSE,TRUE
Bruce M Damon,M01RR000095,FALSE,TRUE
Bruce M Damon,R01AR050101,FALSE,TRUE
Bruce M Damon,R01AR057091,FALSE,TRUE
Bruce M Damon,R01AR073831,FALSE,TRUE
Bruce M Damon,R01DK105371,FALSE,TRUE
Bruce M Damon,R01DK124845,FALSE,TRUE
Bruce M Damon,R01HL164995,FALSE,TRUE
Bruce M Damon,R13AR053057,FALSE,TRUE
Bruce M Damon,R13AR057641,FALSE,TRUE
Bruce M Damon,R21DK066276,FALSE,TRUE
Bruce M Damon,R21DK076880,FALSE,TRUE
Bruce R Conklin,K11HL002555,FALSE,TRUE
Bruce R Conklin,P01HL089707,FALSE,TRUE
Bruce R Conklin,P01HL146366,FALSE,TRUE
Bruce R Conklin,R01AG072052,FALSE,TRUE
Bruce R Conklin,R01EY028249,FALSE,TRUE
Bruce R Conklin,R01GM080223,FALSE,TRUE
Bruce R Conklin,R01HG003053,FALSE,TRUE
Bruce R Conklin,R01HL060664,FALSE,TRUE
Bruce R Conklin,R01HL061689,FALSE,TRUE
Bruce R Conklin,R01HL108677,FALSE,TRUE
Bruce R Conklin,R01HL130533,FALSE,TRUE
Bruce R Conklin,R01HL135358,FALSE,TRUE
Bruce R Conklin,R03HL096254,FALSE,TRUE
Bruce R Conklin,RF1AG072052,FALSE,TRUE
Bruce R Conklin,U01ES032673,FALSE,TRUE
Bruce R Conklin,U01GM094614,FALSE,TRUE
Bruce R Conklin,U01HL098179,FALSE,TRUE
Bruce R Conklin,U01HL100406,FALSE,TRUE
Bryan J Venters,R43AI165019,FALSE,TRUE
Bryan J Venters,R43CA284973,FALSE,TRUE
Bryan J Venters,R44AG087752,FALSE,TRUE
Bryan J Venters,R44AG090112,FALSE,TRUE
Bryan J Venters,R44CA284973,FALSE,TRUE
Bryan J Venters,R44DE029633,FALSE,TRUE
Bryan J Venters,R44GM140536,FALSE,TRUE
Bryan J Venters,R44HG010595,FALSE,TRUE
Bryan J Venters,R44HG010640,FALSE,TRUE
Bryan J Venters,R44HG011875,FALSE,TRUE
Byron L Lam,R24EY028785,FALSE,TRUE
Byron L Lam,UG1EY023558,FALSE,TRUE
C H Kim,M01RR000585,FALSE,TRUE
C Liu,Z01DK025080,FALSE,TRUE
C Norman Coleman,P01CA031303,TRUE,TRUE
C Norman Coleman,R01CA033849,TRUE,TRUE
C Norman Coleman,R01CA042391,TRUE,TRUE
C Norman Coleman,R13CA042012,TRUE,TRUE
C Norman Coleman,Z01BC010670,TRUE,FALSE
C Norman Coleman,Z01SC010065,TRUE,FALSE
C Norman Coleman,ZIABC010670,TRUE,FALSE
C Tate Holbrook,N01HB077033,FALSE,TRUE
C Thomas Gualtieri,R01HD020980,FALSE,TRUE
Camille S Johnson,F31MH064238,FALSE,TRUE
Cara M Altimus,F32MH102023,FALSE,TRUE
Carl J Pepine,M01RR000082,TRUE,TRUE
Carl J Pepine,N01HC065031,TRUE,TRUE
Carl J Pepine,N01HV018119,TRUE,TRUE
Carl J Pepine,N01HV068163,TRUE,TRUE
Carl J Pepine,R01HL090957,TRUE,TRUE
Carl J Pepine,R01HL091005,TRUE,TRUE
Carl J Pepine,R01HL132448,TRUE,TRUE
Carl J Pepine,U01HL064924,TRUE,TRUE
Carl J Pepine,U01HL087366,TRUE,TRUE
Carl J Pepine,U09HL013094,TRUE,TRUE
Carl J Pepine,UM1HL087366,TRUE,TRUE
Carlo M Croce,P01CA025875,TRUE,TRUE
Carlo M Croce,P01CA050507,TRUE,TRUE
Carlo M Croce,P01CA051083,TRUE,TRUE
Carlo M Croce,P01CA055164,TRUE,TRUE
Carlo M Croce,P01CA076259,TRUE,TRUE
Carlo M Croce,P01CA077738,TRUE,TRUE
Carlo M Croce,P01CA078817,TRUE,TRUE
Carlo M Croce,P01CA078890,TRUE,TRUE
Carlo M Croce,P01CA081534,TRUE,TRUE
Carlo M Croce,P01CA129242,TRUE,TRUE
Carlo M Croce,P20CA081534,TRUE,TRUE
Carlo M Croce,P30CA012227,TRUE,TRUE
Carlo M Croce,P30CA016058,TRUE,TRUE
Carlo M Croce,P30CA056036,TRUE,TRUE
Carlo M Croce,R01CA016685,TRUE,TRUE
Carlo M Croce,R01CA080677,TRUE,TRUE
Carlo M Croce,R01CA083698,TRUE,TRUE
Carlo M Croce,R01CA115965,TRUE,TRUE
Carlo M Croce,R01CA124541,TRUE,TRUE
Carlo M Croce,R01CA128609,TRUE,TRUE
Carlo M Croce,R01CA135030,TRUE,TRUE
Carlo M Croce,R01CA151319,TRUE,TRUE
Carlo M Croce,R01CA190740,TRUE,TRUE
Carlo M Croce,R01CA201184,TRUE,TRUE
Carlo M Croce,R01GM020700,TRUE,TRUE
Carlo M Croce,R35CA039860,TRUE,TRUE
Carlo M Croce,R35CA197706,TRUE,TRUE
Carlo M Croce,RC2CA148302,TRUE,TRUE
Carlo M Croce,T32CA009485,TRUE,TRUE
Carlo M Croce,T32CA009637,TRUE,TRUE
Carlo M Croce,T32CA009678,TRUE,TRUE
Carlo M Croce,U01CA152758,TRUE,TRUE
Carlo M Croce,U01CA166905,TRUE,TRUE
Carlo Spirli,R01DK101528,FALSE,TRUE
Carlos Bustamante,R03TW008610,FALSE,TRUE
Carlos Cordon-Cardo,P01CA047179,TRUE,TRUE
Carlos Cordon-Cardo,P01CA087497,TRUE,TRUE
Carlos Cordon-Cardo,P01CA154293,TRUE,TRUE
Carlos Cordon-Cardo,P30CA013696,TRUE,TRUE
Carlos Cordon-Cardo,P50DK047650,TRUE,TRUE
Carlos Cordon-Cardo,R01CA047538,TRUE,TRUE
Carlos Cordon-Cardo,U01CA047538,TRUE,TRUE
Carlos J Goldenberg,R01AI019370,FALSE,TRUE
Carlos J Goldenberg,R01AI024479,FALSE,TRUE
Carlos M Ferrario,M01RR007122,TRUE,TRUE
Carlos M Ferrario,P01HL006835,TRUE,TRUE
Carlos M Ferrario,P01HL051952,TRUE,TRUE
Carlos M Ferrario,P50HL033713,TRUE,FALSE
Carlos M Ferrario,R01HL031256,TRUE,TRUE
Carlos M Ferrario,R01HL050066,TRUE,TRUE
Carlos M Ferrario,R01HL068258,TRUE,TRUE
Carlos M Ferrario,R21AG070371,TRUE,TRUE
Carlos M Ferrario,T32HL007242,TRUE,TRUE
Carlos M Ferrario,T32HL007868,TRUE,TRUE
Carlos Rodriguez,H79TI018879,FALSE,TRUE
Carlos T Moraes,R01AG036871,FALSE,TRUE
Carlos T Moraes,R01CA085700,FALSE,TRUE
Carlos T Moraes,R01EY010804,FALSE,TRUE
Carlos T Moraes,R01GM055766,FALSE,TRUE
Carlos T Moraes,R01NS041777,FALSE,TRUE
Carlos T Moraes,R01NS079965,FALSE,TRUE
Carlos T Moraes,R13AG056106,FALSE,TRUE
Carlos T Moraes,R21ES025673,FALSE,TRUE
Carlos T Moraes,R33ES025673,FALSE,TRUE
Carlos T Moraes,R56NS041777,FALSE,TRUE
Carlos T Moraes,S10OD028535,FALSE,TRUE
Carlos Zarate,Z01MH002828,TRUE,FALSE
Carlos Zarate,Z01MH002853,TRUE,FALSE
Carlos Zarate,Z01MH002856,TRUE,FALSE
Carlos Zarate,ZIAMH002813,TRUE,FALSE
Carlos Zarate,ZIAMH002828,TRUE,FALSE
Carlos Zarate,ZIAMH002857,TRUE,FALSE
Carlos Zarate,ZIAMH002927,TRUE,FALSE
Carlos Zarate,ZIAMH002955,TRUE,FALSE
Carole A Parent,R01AI152517,FALSE,TRUE
Carole A Parent,R01AR083222,FALSE,TRUE
Carrie H Colla,P01AG019783,FALSE,TRUE
Carrie H Colla,R01DA049757,FALSE,TRUE
Carrie H Colla,R01MH109531,FALSE,TRUE
Carrie H Colla,R03AG049360,FALSE,TRUE
Carrie H Colla,R21AG044251,FALSE,TRUE
Carrie H Colla,R33AG044251,FALSE,TRUE
Carrie H Colla,R37CA248470,FALSE,TRUE
Cassandra L Boness,F31AA026177,FALSE,TRUE
Cassandra L Boness,K08AA030301,FALSE,TRUE
Cassia R Overk,F31AT002423,FALSE,TRUE
Catherine Cifuentes-Rojas,F32GM101828,FALSE,TRUE
Catherine Cifuentes-Rojas,K99GM115868,FALSE,TRUE
Catherine E Krull,F32NS009459,FALSE,TRUE
Catherine E Krull,R01MH059894,FALSE,TRUE
Catherine E Krull,R01NS050142,FALSE,TRUE
Catherine J Hunter,K08DK106450,FALSE,TRUE
Catherine J Hunter,R01DK133207,FALSE,TRUE
Catherine J Hunter,R03DK117216,FALSE,TRUE
Catherine M Verfaillie,M01RR000400,FALSE,TRUE
Catherine M Verfaillie,P01CA065493,FALSE,TRUE
Catherine M Verfaillie,R01CA074887,FALSE,TRUE
Catherine M Verfaillie,R01CA079955,FALSE,TRUE
Catherine M Verfaillie,R01DK053673,FALSE,TRUE
Catherine M Verfaillie,R01DK058295,FALSE,TRUE
Catherine M Verfaillie,R01DK061847,FALSE,TRUE
Catherine M Verfaillie,R01HL049930,FALSE,TRUE
Catherine M Verfaillie,R01HL054039,FALSE,TRUE
Catherine M Verfaillie,R01HL067932,FALSE,TRUE
Catherine M Verfaillie,R01HL073221,FALSE,TRUE
Catherine M Verfaillie,R13DK078376,FALSE,TRUE
Catherine M Verfaillie,R13GM076902,FALSE,TRUE
Catherine M Verfaillie,S10RR015870,FALSE,TRUE
Catherine M Verfaillie,T15HL076653,FALSE,TRUE
Catherine M Verfaillie,U19DK061244,FALSE,TRUE
Chad E Grueter,R01HL125436,FALSE,TRUE
Chad E Grueter,R01HL168044,FALSE,TRUE
Chad E Grueter,R03TR003648,FALSE,TRUE
Chadrick E Denlinger,F32CA101497,FALSE,TRUE
Chang Han,R03CA137729,FALSE,TRUE
Chang W Song,R01CA013353,FALSE,TRUE
Chang W Song,R01CA042633,FALSE,TRUE
Chang W Song,R01CA044114,FALSE,TRUE
Chang W Song,R01CA116725,FALSE,TRUE
Chang W Song,R37CA013353,FALSE,TRUE
Chang-Yan Chen,R01CA100498,FALSE,TRUE
Chang-Yan Chen,R01CA124490,FALSE,TRUE
Chang-Yan Chen,R01CA153354,FALSE,TRUE
Chang-Yan Chen,R03ES029190,FALSE,TRUE
Chao Liu,R41EB030462,FALSE,TRUE
Chao Liu,R43DK130756,FALSE,TRUE
Chao Liu,R44GM146574,FALSE,TRUE
Chao Ma,R01EB033582,TRUE,FALSE
Chao Ma,R21NS065091,TRUE,FALSE
Chao Ma,U01EB036001,TRUE,FALSE
Chao Wang,DP2GM149552,FALSE,TRUE
Chao Wang,R21AI169098,FALSE,TRUE
Chao Wang,R21AI186134,FALSE,TRUE
Chap Te Le,P01CA065493,FALSE,TRUE
Chap Te Le,P01CA111412,FALSE,TRUE
Chap Te Le,P01CA217806,FALSE,TRUE
Chap Te Le,P30CA077598,FALSE,TRUE
Chap Te Le,P30DC004660,FALSE,TRUE
Chap Te Le,P50DA013333,FALSE,TRUE
Chap Te Le,U19CA157345,FALSE,TRUE
Chap Te Le,U54DA031659,FALSE,TRUE
Charis Eng,P01CA097189,FALSE,TRUE
Charis Eng,P01CA124570,FALSE,TRUE
Charis Eng,R01CA118980,FALSE,TRUE
Charis Eng,R01DE021544,FALSE,TRUE
Charis Eng,R01HD039058,FALSE,TRUE
Charis Eng,R01HD105049,FALSE,TRUE
Charis Eng,R13TR003732,FALSE,TRUE
Charis Eng,R13TR004511,FALSE,TRUE
Charis Eng,R21CA030722,FALSE,TRUE
Charis Eng,S10OD018058,FALSE,TRUE
Charis Eng,S10RR025597,FALSE,TRUE
Charis Eng,U54CA113001,FALSE,TRUE
Charis Eng,U54NS092090,FALSE,TRUE
Charles B Eaton,268201000020C,TRUE,TRUE
Charles B Eaton,D15PE012087,TRUE,TRUE
Charles B Eaton,D15PE080046,TRUE,TRUE
Charles B Eaton,K07HL003948,TRUE,TRUE
Charles B Eaton,N01AR22262,TRUE,TRUE
Charles B Eaton,R01HL070804,TRUE,TRUE
Charles B Eaton,R01HL130591,TRUE,TRUE
Charles B Eaton,R01HL150170,TRUE,TRUE
Charles B Eaton,R01HL174917,TRUE,TRUE
Charles B Eaton,R18DK079880,TRUE,TRUE
Charles B Eaton,R21HS018238,TRUE,TRUE
Charles B Eaton,RC2AG036666,TRUE,TRUE
Charles B Higgins,R01HL032283,FALSE,TRUE
Charles B Higgins,R01HL052569,FALSE,TRUE
Charles B Higgins,T32HL007570,FALSE,TRUE
Charles G Sagerstrom,R01GM142158,FALSE,TRUE
Charles G Sagerstrom,R01HD065081,FALSE,TRUE
Charles G Sagerstrom,R01NS038183,FALSE,TRUE
Charles G Sagerstrom,R01NS124166,FALSE,TRUE
Charles G Sagerstrom,R03HD039156,FALSE,TRUE
Charles G Sagerstrom,R21DK068237,FALSE,TRUE
Charles G Sagerstrom,R21NS137568,FALSE,TRUE
Charles G Sagerstrom,R56NS038183,FALSE,TRUE
Charles J Glueck,M01RR000068,TRUE,TRUE
Charles J Glueck,N01HC055025,TRUE,TRUE
Charles J Glueck,N01HV022914,TRUE,TRUE
Charles J Glueck,R01HL030559,TRUE,TRUE
Charles L Densmore,F31MH009320,FALSE,TRUE
Charles L Densmore,F32HD007196,FALSE,TRUE
Charles M Strom,P30HD004583,TRUE,TRUE
Charles M Strom,R23AM033910,TRUE,TRUE
Charles M Strom,R23AR033910,TRUE,TRUE
Charles M Strom,U01CA233370,TRUE,FALSE
Charles M Strom,UH3CA206126,TRUE,FALSE
Chen Dong,P41RR003155,TRUE,FALSE
Chen Dong,R01AI050746,TRUE,TRUE
Chen Dong,R01AI050761,TRUE,TRUE
Chen Dong,R01AI054912,TRUE,TRUE
Chen Dong,R01AI106654,TRUE,TRUE
Chen Dong,R01AR050772,TRUE,TRUE
Chen Dong,R21DK069278,TRUE,TRUE
Chen Dong,R56AI050761,TRUE,TRUE
Chen Dong,RC2AR059010,TRUE,TRUE
Chen Dong,U19AI071130,TRUE,TRUE
Chen Huang,R35GM154953,FALSE,TRUE
Chendil Damodaran,R01AT002890,FALSE,TRUE
Chendil Damodaran,R01CA138797,FALSE,TRUE
Chendil Damodaran,R01CA140605,FALSE,TRUE
Chendil Damodaran,R01CA185972,FALSE,TRUE
Chendil Damodaran,R01CA257370,FALSE,TRUE
Chendil Damodaran,R01CA266013,FALSE,TRUE
Chendil Damodaran,R01ES028102,FALSE,TRUE
Chendil Damodaran,R01ES030019,FALSE,TRUE
Chendil Damodaran,R01ES033657,FALSE,TRUE
Chendil Damodaran,R21CA143456,FALSE,TRUE
Cheng Chen,R43GM156148,FALSE,TRUE
Cheng Cheng,ZICAI005002,FALSE,TRUE
Cheng Ji,R01AA014428,FALSE,TRUE
Cheng Ji,R01AA018612,FALSE,TRUE
Cheng Ji,R01AA018846,FALSE,TRUE
Cheng Ji,R01DA042632,FALSE,TRUE
Cheng Ji,R01DA058458,FALSE,TRUE
Cheng Ji,R21AA023952,FALSE,TRUE
Cheng Zhu,P41RR006009,FALSE,TRUE
Cheng Zhu,R01AI038282,FALSE,TRUE
Cheng Zhu,R01AI044902,FALSE,TRUE
Cheng Zhu,R01AI077343,FALSE,TRUE
Cheng Zhu,R01AI124680,FALSE,TRUE
Cheng Zhu,R01CA243486,FALSE,TRUE
Cheng Zhu,R01CA284604,FALSE,TRUE
Cheng Zhu,R01HL091020,FALSE,TRUE
Cheng Zhu,R01HL093723,FALSE,TRUE
Cheng Zhu,R01HL132019,FALSE,TRUE
Cheng Zhu,R03TW005774,FALSE,TRUE
Cheng Zhu,R03TW007529,FALSE,TRUE
Cheng Zhu,R03TW008753,FALSE,TRUE
Cheng Zhu,R21AI044902,FALSE,TRUE
Cheng Zhu,R21AI135753,FALSE,TRUE
Cheng Zhu,R29AI038282,FALSE,TRUE
Cheng Zhu,R56AI038282,FALSE,TRUE
Cheng Zhu,R56AI077343,FALSE,TRUE
Cheng Zhu,U01CA214354,FALSE,TRUE
Cheng Zhu,U01CA250040,FALSE,TRUE
Cheng Zhu,U01CA280984,FALSE,TRUE
Cheryl L Fattman,F32HL010439,FALSE,TRUE
Cheryl L Fattman,K22ES012269,FALSE,TRUE
Cheryl L Fattman,R01ES016000,FALSE,TRUE
Chi-Huey Wong,P01GM048870,FALSE,TRUE
Chi-Huey Wong,P41RR008605,FALSE,TRUE
Chi-Huey Wong,R01AI072155,FALSE,TRUE
Chi-Huey Wong,R01AI130227,FALSE,TRUE
Chi-Huey Wong,R01GM044154,FALSE,TRUE
Chi-Huey Wong,R01GM058439,FALSE,TRUE
Chi-Huey Wong,R37GM044154,FALSE,TRUE
Chong Wang,K99DE030215,FALSE,TRUE
Chong Wang,R00DE030215,FALSE,TRUE
Chong Wang,R01DE035120,FALSE,TRUE
Chris Baylis,R01DK056843,FALSE,TRUE
Chris Baylis,R01HD041571,FALSE,TRUE
Chris Baylis,T32HL083810,FALSE,TRUE
Christian D Pulcini,K23HD109469,FALSE,TRUE
Christian Guilleminault,K07HL003763,TRUE,TRUE
Christian Guilleminault,M01RR000070,TRUE,TRUE
Christian Guilleminault,P01AG002504,TRUE,TRUE
Christian Guilleminault,R01AG007772,TRUE,TRUE
Christian W Kreipke,I01RX000224,FALSE,TRUE
Christian W Kreipke,R01NS064976,FALSE,TRUE
Christina M Marra,K08NS001529,FALSE,TRUE
Christina M Marra,P51RR000166,FALSE,TRUE
Christina M Marra,R01NS034235,FALSE,TRUE
Christina M Marra,R01NS038663,FALSE,TRUE
Christina M Marra,R01NS082120,FALSE,TRUE
Christina M Marra,R03NS052135,FALSE,TRUE
Christina M Marra,R21MH063647,FALSE,TRUE
Christine K Payne,DP2OD006470,FALSE,TRUE
Christine K Payne,F32AI060232,FALSE,TRUE
Christine K Payne,K22AI068673,FALSE,TRUE
Christine K Payne,P20DK135107,FALSE,TRUE
Christine K Payne,R21AI175926,FALSE,TRUE
Christine K Payne,R21ES031191,FALSE,TRUE
Christine K Payne,R21EY026392,FALSE,TRUE
Christine Kim Garcia,K23RR020632,FALSE,TRUE
Christine Kim Garcia,M01RR000633,FALSE,TRUE
Christine Kim Garcia,R01HL093096,FALSE,TRUE
Christine Kim Garcia,R01HL103676,FALSE,TRUE
Christine Kim Garcia,R01HL121267,FALSE,TRUE
Christine M Ham,F32AR055439,FALSE,TRUE
Christine Maric,R03AG022233,FALSE,TRUE
Christopher A Fasano,R01NS072434,FALSE,TRUE
Christopher A Johnston,F32GM076944,TRUE,TRUE
Christopher A Johnston,R01GM108756,TRUE,FALSE
Christopher B Geyer,R01HD090083,FALSE,TRUE
Christopher B Geyer,R01HD110170,FALSE,TRUE
Christopher B Geyer,R15HD072552,FALSE,TRUE
Christopher B Geyer,R21HD105963,FALSE,TRUE
Christopher B Geyer,R61HD114223,FALSE,TRUE
Christopher C Cummins,R01GM130936,FALSE,TRUE
Christopher C Cummins,R35GM158437,FALSE,TRUE
Christopher J Douglas,F32GM077738,FALSE,TRUE
Christopher J Douglas,R01GM095559,FALSE,TRUE
Christopher L King,I01BX001350,TRUE,TRUE
Christopher L King,K04AI001202,TRUE,TRUE
Christopher L King,P01AI033061,TRUE,TRUE
Christopher L King,R01AI035935,TRUE,TRUE
Christopher L King,R01AI054711,TRUE,TRUE
Christopher L King,R01AI064687,TRUE,TRUE
Christopher L King,R01AI143694,TRUE,TRUE
Christopher L King,R21AI039219,TRUE,TRUE
Christopher L King,R29AI035801,TRUE,TRUE
Christopher L King,U01CA260539,TRUE,TRUE
Christopher L King,U19AI033061,TRUE,TRUE
Christopher L King,U19AI089686,TRUE,TRUE
Christopher L King,U19AI129392,TRUE,TRUE
Christopher Miller,P41RR001646,TRUE,TRUE
Christopher Miller,P41RR012408,TRUE,TRUE
Christopher Miller,P51RR000169,TRUE,FALSE
Christopher Miller,R01AI035545,TRUE,FALSE
Christopher Miller,R01AI044480,TRUE,FALSE
Christopher Miller,R01AI051239,TRUE,FALSE
Christopher Miller,R01AM019826,TRUE,TRUE
Christopher Miller,R01AR019826,TRUE,TRUE
Christopher Miller,R01GM031768,TRUE,TRUE
Christopher Miller,R01GM089688,TRUE,TRUE
Christopher Miller,R01GM107023,TRUE,TRUE
Christopher Miller,R01HD033169,TRUE,FALSE
Christopher Miller,R03TW000764,TRUE,FALSE
Christopher Miller,R13GM042858,TRUE,TRUE
Christopher Miller,R13GM062106,TRUE,TRUE
Christopher Miller,R13RR017454,TRUE,FALSE
Christopher Miller,R24RR014555,TRUE,FALSE
Christopher Miller,R37GM031768,TRUE,TRUE
Christopher Miller,T32GM007596,TRUE,TRUE
Christopher Miller,U19AI051596,TRUE,FALSE
Christopher S Gondi,R01CA147792,FALSE,TRUE
Christopher S Sullivan,R01AI077746,FALSE,TRUE
Christopher S Sullivan,R01AI123231,FALSE,TRUE
Christopher S Sullivan,R01AI134980,FALSE,TRUE
Christopher S Sullivan,R21AI147178,FALSE,TRUE
Christopher S Sullivan,R21AI188807,FALSE,TRUE
Christopher S Sullivan,R21EY028272,FALSE,TRUE
Christopher Smith,H79TI020673,FALSE,TRUE
Chuan He,P01NS097206,FALSE,TRUE
Chuan He,P41RR007707,FALSE,TRUE
Chuan He,P41RR015301,FALSE,TRUE
Chuan He,R01AI074658,FALSE,TRUE
Chuan He,R01ES030546,FALSE,TRUE
Chuan He,R01GM071440,FALSE,TRUE
Chuan He,R01GM088599,FALSE,TRUE
Chuan He,R01GM113194,FALSE,TRUE
Chuan He,R01HG006827,FALSE,TRUE
Chuan He,R01HG008688,FALSE,TRUE
Chuan He,R01HG012780,FALSE,TRUE
Chuan He,R01HL155909,FALSE,TRUE
Chuan He,R01HL174477,FALSE,TRUE
Chuan He,R21AI128469,FALSE,TRUE
Chuan He,R21CA173297,FALSE,TRUE
Chuan He,R21ES025644,FALSE,TRUE
Chuan He,R21NS080120,FALSE,TRUE
Chuan He,RC2DK139552,FALSE,TRUE
Chuan He,RM1HG008935,FALSE,TRUE
Chuan He,T32GM008720,FALSE,TRUE
Chuan He,UC4DK116278,FALSE,TRUE
Chuanju Liu,K01AR053210,FALSE,TRUE
Chuanju Liu,R01AR061484,FALSE,TRUE
Chuanju Liu,R01AR062207,FALSE,TRUE
Chuanju Liu,R01AR076900,FALSE,TRUE
Chuanju Liu,R01AR078035,FALSE,TRUE
Chuanju Liu,R01NS103931,FALSE,TRUE
Chuanju Liu,R03AG029388,FALSE,TRUE
Chuanju Liu,R03AR052022,FALSE,TRUE
Chuanju Liu,R21AR052676,FALSE,TRUE
Chuanju Liu,R21OD033660,FALSE,TRUE
Chuanju Liu,R56AI100901,FALSE,TRUE
Chulbom Lee,R01GM073065,FALSE,TRUE
Chun Geun Lee,R01HL084225,FALSE,TRUE
Chun Geun Lee,R01HL115813,FALSE,TRUE
Chun Geun Lee,R01HL155558,FALSE,TRUE
Chung Owyang,P30DK034933,FALSE,TRUE
Chung Owyang,R01AM032838,FALSE,TRUE
Chung Owyang,R01DK032838,FALSE,TRUE
Chung Owyang,R01DK035783,FALSE,TRUE
Chung Owyang,R01DK039199,FALSE,TRUE
Chung Owyang,R01DK048419,FALSE,TRUE
Chung Owyang,R01DK058913,FALSE,TRUE
Chung Owyang,R01DK061423,FALSE,TRUE
Chung Owyang,R01DK084039,FALSE,TRUE
Chung Owyang,R01DK110436,FALSE,TRUE
Chung Owyang,R01DK122350,FALSE,TRUE
Chung Owyang,R01DK131524,FALSE,TRUE
Chung Owyang,R01NS051466,FALSE,TRUE
Chung Owyang,R21DK074477,FALSE,TRUE
Chung Owyang,T32DK007367,FALSE,TRUE
Chung Owyang,T32DK094775,FALSE,TRUE
Chung Owyang,U54CA136429,FALSE,TRUE
Chunming Dong,I01BX004870,FALSE,TRUE
Chunming Dong,R01AG041754,FALSE,TRUE
Chunming Dong,R01HL162579,FALSE,TRUE
Chunming Dong,R21AI116346,FALSE,TRUE
Chunming Dong,R21AI136898,FALSE,TRUE
Chunying Du,R01CA158323,FALSE,TRUE
Chunying Du,R21CA241025,FALSE,TRUE
Chunyu Wang,F32GM068311,FALSE,TRUE
Chunyu Wang,R01AG069039,FALSE,TRUE
Chunyu Wang,R01AG087305,FALSE,TRUE
Chunyu Wang,R01CA206592,FALSE,TRUE
Chunyu Wang,R01GM081408,FALSE,TRUE
Chunyu Wang,R21AG067436,FALSE,TRUE
Chunyu Wang,R21GM143507,FALSE,TRUE
Chunyu Wang,R21NS109926,FALSE,TRUE
Chunyu Wang,R25AG088409,FALSE,TRUE
Chunyu Wang,R41AG092199,FALSE,TRUE
Chunyu Wang,RF1AG069039,FALSE,TRUE
Chunyu Wang,T32AG057464,FALSE,TRUE
Chunyu Wang,T32AG078123,FALSE,TRUE
Cicek Gercel-Taylor,R41CA139802,FALSE,TRUE
Cindy L Ehlers,K02AA000098,TRUE,TRUE
Cindy L Ehlers,K05AA000223,TRUE,TRUE
Cindy L Ehlers,M01RR000833,TRUE,TRUE
Cindy L Ehlers,P50AA006420,TRUE,TRUE
Cindy L Ehlers,P60AA006420,TRUE,TRUE
Cindy L Ehlers,R01AA006059,TRUE,TRUE
Cindy L Ehlers,R01AA009652,TRUE,TRUE
Cindy L Ehlers,R01AA010201,TRUE,TRUE
Cindy L Ehlers,R01AA014339,TRUE,TRUE
Cindy L Ehlers,R01AA026248,TRUE,TRUE
Cindy L Ehlers,R01AA027316,TRUE,TRUE
Cindy L Ehlers,R01DA019333,TRUE,TRUE
Cindy L Ehlers,R01DA030976,TRUE,TRUE
Cindy L Ehlers,R21AA014370,TRUE,TRUE
Cindy L Ehlers,R37AA010201,TRUE,TRUE
Cindy L Ehlers,U01AA019969,TRUE,TRUE
Claes Wahlestedt,P01HL018974,FALSE,TRUE
Clara Curiel-Lewandrowski,P01CA027502,FALSE,TRUE
Clara Curiel-Lewandrowski,P01CA229112,FALSE,TRUE
Clara Curiel-Lewandrowski,T32CA009213,FALSE,TRUE
Clara Curiel-Lewandrowski,UG3CA290443,FALSE,TRUE
Clara Curiel-Lewandrowski,UG3DA065139,FALSE,TRUE
Clara E Hill,R01MH037837,FALSE,TRUE
Clare M Waterman,DP1OD000435,FALSE,TRUE
Clare M Waterman,P50GM066050,FALSE,TRUE
Clare M Waterman,R01GM061804,FALSE,TRUE
Clare M Waterman,R01GM067230,FALSE,TRUE
Clare M Waterman,R13DE017071,FALSE,TRUE
Clare M Waterman,Z01HL005103,FALSE,TRUE
Clare M Waterman,Z01HL005104,FALSE,TRUE
Clare M Waterman,Z01HL005105,FALSE,TRUE
Clare M Waterman,Z01HL005106,FALSE,TRUE
Clare M Waterman,ZIAHL005103,FALSE,TRUE
Clare M Waterman,ZIAHL005104,FALSE,TRUE
Clare M Waterman,ZIAHL005105,FALSE,TRUE
Clare M Waterman,ZIAHL005106,FALSE,TRUE
Clare M Waterman,ZICHL006019,FALSE,TRUE
Claude A Piantadosi,I01BX001926,TRUE,TRUE
Claude A Piantadosi,I01BX004289,TRUE,TRUE
Claude A Piantadosi,M01RR000030,TRUE,TRUE
Claude A Piantadosi,P01HL031992,TRUE,TRUE
Claude A Piantadosi,P01HL042444,TRUE,TRUE
Claude A Piantadosi,P01HL108801,TRUE,TRUE
Claude A Piantadosi,R01AI064789,TRUE,TRUE
Claude A Piantadosi,R01AI095424,TRUE,TRUE
Claude A Piantadosi,R01GM084116,TRUE,TRUE
Claude A Piantadosi,R01HL076528,TRUE,TRUE
Claude A Piantadosi,R01HL090679,TRUE,TRUE
Claude A Piantadosi,R01HL135239,TRUE,TRUE
Claude A Piantadosi,R56AI064789,TRUE,TRUE
Claude A Piantadosi,T32HL007538,TRUE,TRUE
Claude A Piantadosi,U54CA091409,TRUE,TRUE
Claudia Uller,R03MH064587,FALSE,TRUE
Claus O Wilke,R01AI120560,FALSE,TRUE
Claus O Wilke,R01GM088344,FALSE,TRUE
Clement K Asiedu,R03DK058965,FALSE,TRUE
Clifford J Rosen,P20GM121301,FALSE,TRUE
Clifford J Rosen,P30GM106391,FALSE,TRUE
Clifford J Rosen,R01AG040217,FALSE,TRUE
Clifford J Rosen,R01AG065154,FALSE,TRUE
Clifford J Rosen,R01AR045433,FALSE,TRUE
Clifford J Rosen,R01AR053853,FALSE,TRUE
Clifford J Rosen,R01AR054604,FALSE,TRUE
Clifford J Rosen,R01AR061164,FALSE,TRUE
Clifford J Rosen,R01AR068345,FALSE,TRUE
Clifford J Rosen,R01AR073774,FALSE,TRUE
Clifford J Rosen,R01DK112374,FALSE,TRUE
Clifford J Rosen,R13AG014336,FALSE,TRUE
Clifford J Rosen,R13DK083816,FALSE,TRUE
Clifford J Rosen,R21AR055633,FALSE,TRUE
Clifford J Rosen,R21AR066120,FALSE,TRUE
Clifford J Rosen,R21AR071739,FALSE,TRUE
Clifford J Rosen,R24DK084970,FALSE,TRUE
Clifford J Rosen,R24DK092759,FALSE,TRUE
Clifford J Rosen,R56DK112374,FALSE,TRUE
Clifford J Rosen,U19AG060917,FALSE,TRUE
Clifford J Rosen,U54GM115516,FALSE,TRUE
Clifford M Snapper,P51RR000168,FALSE,TRUE
Clifford M Snapper,R01AI032560,FALSE,TRUE
Clifford M Snapper,R01AI033411,FALSE,TRUE
Clifford M Snapper,R01AI036588,FALSE,TRUE
Clifford M Snapper,R01AI046551,FALSE,TRUE
Clifford M Snapper,R01AI049192,FALSE,TRUE
Clifford M Snapper,R21AI033411,FALSE,TRUE
Clifford M Snapper,R21AI046551,FALSE,TRUE
Clifford M Snapper,R21AI073627,FALSE,TRUE
Clifford M Snapper,R21AI090261,FALSE,TRUE
Clifford M Snapper,R21AI122068,FALSE,TRUE
Colvin M Redman,P01HL009011,TRUE,TRUE
Colvin M Redman,P50HL054459,TRUE,TRUE
Colvin M Redman,R01HL033841,TRUE,TRUE
Colvin M Redman,R01HL037457,TRUE,TRUE
Colvin M Redman,S15HL051357,TRUE,TRUE
Congcong He,K99DK094980,FALSE,TRUE
Congcong He,R00DK094980,FALSE,TRUE
Congcong He,R01DA056720,FALSE,TRUE
Congcong He,R01DK113170,FALSE,TRUE
Congcong He,R01DK123447,FALSE,TRUE
Constance L Cepko,R01EY008064,FALSE,TRUE
Constance L Cepko,R01EY009676,FALSE,TRUE
Constance L Cepko,R01EY013092,FALSE,TRUE
Constance L Cepko,R01EY014466,FALSE,TRUE
Constance L Cepko,R01EY023291,FALSE,TRUE
Constance L Cepko,R01EY029348,FALSE,TRUE
Constance L Cepko,R01EY029771,FALSE,TRUE
Constance L Cepko,R01NS023021,FALSE,TRUE
Constance L Cepko,R01NS083848,FALSE,TRUE
Constance L Cepko,R21AG059157,FALSE,TRUE
Constance L Cepko,R21EY037867,FALSE,TRUE
Constance L Cepko,T32EY007110,FALSE,TRUE
Constance L Cepko,U01NS090449,FALSE,TRUE
Corey B Smith,R01GM102191,TRUE,TRUE
Corey B Smith,R01HL162921,TRUE,TRUE
Corey B Smith,R01NS052123,TRUE,TRUE
Corey B Smith,S06GM142131,TRUE,FALSE
Corey B Smith,U01EB025138,TRUE,TRUE
Corrado Baglioni,R01AI016076,FALSE,TRUE
Corrado Baglioni,R01AI020429,FALSE,TRUE
Corrado Baglioni,R01CA029895,FALSE,TRUE
Corrado Baglioni,R01CA052541,FALSE,TRUE
Cory Abate-Shen,P01CA154293,FALSE,TRUE
Cory Abate-Shen,P01CA221757,FALSE,TRUE
Cory Abate-Shen,P01CA265768,FALSE,TRUE
Cory Abate-Shen,P30CA013696,FALSE,TRUE
Cory Abate-Shen,R01CA076501,FALSE,TRUE
Cory Abate-Shen,R01CA115717,FALSE,TRUE
Cory Abate-Shen,R01CA173481,FALSE,TRUE
Cory Abate-Shen,R01CA183929,FALSE,TRUE
Cory Abate-Shen,R01CA193442,FALSE,TRUE
Cory Abate-Shen,R01CA196662,FALSE,TRUE
Cory Abate-Shen,R01CA233176,FALSE,TRUE
Cory Abate-Shen,R01CA283068,FALSE,TRUE
Cory Abate-Shen,R01CA300337,FALSE,TRUE
Cory Abate-Shen,R01HD029446,FALSE,TRUE
Cory Abate-Shen,R01HD033362,FALSE,TRUE
Cory Abate-Shen,U01CA084294,FALSE,TRUE
Cory Abate-Shen,U01CA141535,FALSE,TRUE
Courtney W Houchen,I01BX001952,FALSE,TRUE
Courtney W Houchen,I01BX002188,FALSE,TRUE
Courtney W Houchen,I01BX004131,FALSE,TRUE
Courtney W Houchen,I01CX001686,FALSE,TRUE
Courtney W Houchen,K08DK002822,FALSE,TRUE
Courtney W Houchen,P20GM103639,FALSE,TRUE
Courtney W Houchen,R01CA182869,FALSE,TRUE
Courtney W Houchen,R01CA214017,FALSE,TRUE
Courtney W Houchen,R01DK119495,FALSE,TRUE
Courtney W Houchen,R03DK065887,FALSE,TRUE
Courtney W Houchen,R21CA137482,FALSE,TRUE
Courtney W Houchen,R21CA186175,FALSE,TRUE
Courtney W Houchen,R25MD011564,FALSE,TRUE
Courtney W Houchen,U01DK085508,FALSE,TRUE
Craig A Grimes,R21EB006397,FALSE,TRUE
Craig A Grimes,R21GM057240,FALSE,TRUE
Craig A Grimes,R21HL087415,FALSE,TRUE
Craig H Gelband,F32HL008531,FALSE,TRUE
Craig H Gelband,R01HL052189,FALSE,TRUE
Craig H Gelband,R29HL052189,FALSE,TRUE
Craig L Hill,R01AI032903,FALSE,TRUE
Craig M Crews,P30CA016359,FALSE,TRUE
Craig M Crews,R01AI055914,FALSE,TRUE
Craig M Crews,R01AI084140,FALSE,TRUE
Craig M Crews,R01CA074967,FALSE,TRUE
Craig M Crews,R01CA083049,FALSE,TRUE
Craig M Crews,R01CA238570,FALSE,TRUE
Craig M Crews,R01GM062120,FALSE,TRUE
Craig M Crews,R01GM094944,FALSE,TRUE
Craig M Crews,R01HL176850,FALSE,TRUE
Craig M Crews,R21CA118631,FALSE,TRUE
Craig M Crews,R21CA201986,FALSE,TRUE
Craig M Crews,R21DK063404,FALSE,TRUE
Craig M Crews,R21HG001703,FALSE,TRUE
Craig M Crews,R33CA118631,FALSE,TRUE
Craig M Crews,R35CA197589,FALSE,TRUE
Craig M Crews,T32GM067543,FALSE,TRUE
Cristina E Davis,R41ES033573,FALSE,TRUE
Cristina E Davis,U01EB022003,FALSE,TRUE
Cristina E Davis,U01TR004083,FALSE,TRUE
Cristina E Davis,U18TR003795,FALSE,TRUE
Cui-Wei Xie,P50DA005010,FALSE,TRUE
Cui-Wei Xie,R01AG017542,FALSE,TRUE
Cui-Wei Xie,R29DA008571,FALSE,TRUE
Cullen M Taniguchi,R01CA227517,FALSE,TRUE
Cullen M Taniguchi,R01CA269565,FALSE,TRUE
Cullen M Taniguchi,U54CA096300,FALSE,TRUE
Cynthia L Grosskreutz,K11EY000342,FALSE,TRUE
Cynthia L Grosskreutz,R01EY013399,FALSE,TRUE
Cynthia Portal-Celhay,K08AI119150,FALSE,TRUE
DAvid Danielpour,R01CA083069,TRUE,TRUE
DAvid Danielpour,R01CA092102,TRUE,TRUE
DAvid Danielpour,R01CA102074,TRUE,TRUE
DAvid Danielpour,R01CA134878,TRUE,TRUE
DAvid Danielpour,R13CA213973,TRUE,TRUE
DAvid Danielpour,Z01BC005661,TRUE,FALSE
Dale Kaiser,R01GM023441,FALSE,TRUE
Dale Kaiser,R37GM023441,FALSE,TRUE
Dalibor Sames,R01DA046487,FALSE,TRUE
Dalibor Sames,R01DA050613,FALSE,TRUE
Dalibor Sames,R01GM060326,FALSE,TRUE
Dalibor Sames,R01MH086545,FALSE,TRUE
Dalibor Sames,R01MH108186,FALSE,TRUE
Dalibor Sames,R01MH122470,FALSE,TRUE
Dalibor Sames,R21DA045884,FALSE,TRUE
Dalibor Sames,R21MH116275,FALSE,TRUE
Dalibor Sames,R33DA045884,FALSE,TRUE
Damian Medici,R01HL112860,FALSE,TRUE
Dan Liu,P30CA125123,FALSE,TRUE
Dan R Littman,R01AI023513,FALSE,TRUE
Dan R Littman,R01AI033303,FALSE,TRUE
Dan R Littman,R01AI033856,FALSE,TRUE
Dan R Littman,R37AI033303,FALSE,TRUE
Dan R Littman,S10RR015008,FALSE,TRUE
Dan R Littman,U19AI036606,FALSE,TRUE
Dan Wu,R21NS098018,FALSE,TRUE
Dan Zhang,F32HS000073,FALSE,TRUE
Daniel B Carr,M01RR000054,FALSE,TRUE
Daniel D Karp,M01RR000054,TRUE,FALSE
Daniel D Karp,P30CA016672,TRUE,TRUE
Daniel D Karp,U10CA007190,TRUE,TRUE
Daniel D Karp,U10CA044067,TRUE,TRUE
Daniel D Karp,U10CA080775,TRUE,TRUE
Daniel D Karp,UL1TR003167,TRUE,TRUE
Daniel F Klessig,R01AI023591,FALSE,TRUE
Daniel F Klessig,R01AI023593,FALSE,TRUE
Daniel F Klessig,R01GM067011,FALSE,TRUE
Daniel I Bolnick,R01AI123659,FALSE,TRUE
Daniel I Sessler,R01GM049670,FALSE,TRUE
Daniel I Sessler,R01GM058273,FALSE,TRUE
Daniel I Sessler,R01GM061655,FALSE,TRUE
Daniel I Sessler,R13HL162411,FALSE,TRUE
Daniel I Sessler,R29GM039723,FALSE,TRUE
Daniel I Sessler,R34AA031020,FALSE,TRUE
Daniel I Sessler,R42GM119871,FALSE,TRUE
Daniel I Sessler,R44DA055336,FALSE,TRUE
Daniel J Lindner,R01CA095020,FALSE,TRUE
Daniel J Lindner,R01CA098536,FALSE,TRUE
Daniel J Luchins,K07MH000564,FALSE,TRUE
Daniel J Rader,K12RR017625,TRUE,TRUE
Daniel J Rader,M01RR000040,TRUE,TRUE
Daniel J Rader,M01RR000240,TRUE,TRUE
Daniel J Rader,P01HL022633,TRUE,TRUE
Daniel J Rader,P01HL059407,TRUE,TRUE
Daniel J Rader,P01HL062250,TRUE,TRUE
Daniel J Rader,P50HL070128,TRUE,TRUE
Daniel J Rader,R01DK059533,TRUE,TRUE
Daniel J Rader,R01DK114291,TRUE,TRUE
Daniel J Rader,R01HL055323,TRUE,TRUE
Daniel J Rader,R01HL057811,TRUE,TRUE
Daniel J Rader,R01HL086864,TRUE,TRUE
Daniel J Rader,R01HL089309,TRUE,TRUE
Daniel J Rader,R01HL092209,TRUE,TRUE
Daniel J Rader,R01HL109489,TRUE,TRUE
Daniel J Rader,R01HL111398,TRUE,TRUE
Daniel J Rader,R01HL122843,TRUE,TRUE
Daniel J Rader,R01HL133339,TRUE,TRUE
Daniel J Rader,R01HL133502,TRUE,TRUE
Daniel J Rader,R01HL134853,TRUE,TRUE
Daniel J Rader,R01HL145437,TRUE,TRUE
Daniel J Rader,R13HL078532,TRUE,TRUE
Daniel J Rader,R33HL161752,TRUE,TRUE
Daniel J Rader,R35HL172107,TRUE,TRUE
Daniel J Rader,R37HL055323,TRUE,TRUE
Daniel J Rader,R61HL161752,TRUE,TRUE
Daniel J Rader,RC1HL099793,TRUE,TRUE
Daniel J Rader,RC1TW008485,TRUE,TRUE
Daniel J Rader,RC2HL101834,TRUE,TRUE
Daniel J Rader,RC2HL101864,TRUE,TRUE
Daniel J Rader,RF1AG079331,TRUE,TRUE
Daniel J Rader,U01HG006398,TRUE,TRUE
Daniel J Rader,U01HG010219,TRUE,TRUE
Daniel J Rader,U01NS134352,TRUE,TRUE
Daniel J Rader,UM1DK126194,TRUE,TRUE
Daniel J Sargent,P30CA015083,FALSE,TRUE
Daniel J Sargent,P50CA091956,FALSE,TRUE
Daniel J Sargent,R01CA174779,FALSE,TRUE
Daniel J Sargent,U10CA033601,FALSE,TRUE
Daniel J Sargent,U10CA180882,FALSE,TRUE
Daniel L Kaplan,R15GM113167,FALSE,TRUE
Daniel L Miller,F31DE021926,FALSE,TRUE
Daniel Neil Granger,P01DK043785,FALSE,TRUE
Daniel R Schoenberg,R01GM038277,FALSE,TRUE
Daniel R Schoenberg,R01GM055407,FALSE,TRUE
Daniel R Schoenberg,R01GM079707,FALSE,TRUE
Daniel R Schoenberg,R01GM084177,FALSE,TRUE
Daniel R Schoenberg,R21AI082242,FALSE,TRUE
Daniel R Schoenberg,R21DK067035,FALSE,TRUE
Daniel R Schoenberg,S15GM047027,FALSE,TRUE
Daniel Stein,P41RR002584,FALSE,TRUE
Daniele M Gilkes,K99CA181352,FALSE,TRUE
Daniele M Gilkes,R00CA181352,FALSE,TRUE
Danielle R Reed,F32DK008732,FALSE,TRUE
Danielle R Reed,G20OD020296,FALSE,TRUE
Danielle R Reed,P30DC011735,FALSE,TRUE
Danielle R Reed,R01DC004698,FALSE,TRUE
Danielle R Reed,R01DK058797,FALSE,TRUE
Danielle R Reed,R01DK094759,FALSE,TRUE
Danielle R Reed,R03DC003509,FALSE,TRUE
Danielle R Reed,R21DC013886,FALSE,TRUE
Danielle R Reed,R25AG095002,FALSE,TRUE
Danielle R Reed,R41DC017693,FALSE,TRUE
Danielle R Reed,R42DC017693,FALSE,TRUE
Danielle R Reed,S10OD018125,FALSE,TRUE
Danielle R Reed,S10RR025607,FALSE,TRUE
Danielle R Reed,S10RR026752,FALSE,TRUE
Danielle R Reed,T32DC000014,FALSE,TRUE
Daphne C Hernandez,P20CA221697,FALSE,TRUE
Daphne C Hernandez,R01NR021156,FALSE,TRUE
Daphne C Hernandez,R03HD098379,FALSE,TRUE
Daphne C Hernandez,R03HD109782,FALSE,TRUE
Dario AA Vignali,P01AI108545,FALSE,TRUE
Dario AA Vignali,P30CA047904,FALSE,TRUE
Dario AA Vignali,P41RR011823,FALSE,TRUE
Dario AA Vignali,P50CA254865,FALSE,TRUE
Dario AA Vignali,R01AI039480,FALSE,TRUE
Dario AA Vignali,R01AI052199,FALSE,TRUE
Dario AA Vignali,R01AI091977,FALSE,TRUE
Dario AA Vignali,R01AI129893,FALSE,TRUE
Dario AA Vignali,R01AI144422,FALSE,TRUE
Dario AA Vignali,R01CA203689,FALSE,TRUE
Dario AA Vignali,R01DK089125,FALSE,TRUE
Dario AA Vignali,R13AI161862,FALSE,TRUE
Dario AA Vignali,R21AI052199,FALSE,TRUE
Dario AA Vignali,R21AI093984,FALSE,TRUE
Dario AA Vignali,R21DK061330,FALSE,TRUE
Dario AA Vignali,R29AI039480,FALSE,TRUE
Dario AA Vignali,R35CA263850,FALSE,TRUE
Dario AA Vignali,R56AI052199,FALSE,TRUE
Dario AA Vignali,R56AI072239,FALSE,TRUE
Dario AA Vignali,R56AI118908,FALSE,TRUE
Dario AA Vignali,T32CA082084,FALSE,TRUE
Darpan I Patel,U01AR071150,FALSE,TRUE
David A Schwartz,F32GM010281,TRUE,FALSE
David A Schwartz,I01BX001534,TRUE,TRUE
David A Schwartz,I01BX005295,TRUE,TRUE
David A Schwartz,K01OH000093,TRUE,TRUE
David A Schwartz,K08ES000203,TRUE,TRUE
David A Schwartz,M01RR000030,TRUE,TRUE
David A Schwartz,M01RR000059,TRUE,FALSE
David A Schwartz,P01ES009607,TRUE,TRUE
David A Schwartz,P01ES012496,TRUE,TRUE
David A Schwartz,P01ES018181,TRUE,TRUE
David A Schwartz,P01HL092870,TRUE,TRUE
David A Schwartz,P01HL162607,TRUE,TRUE
David A Schwartz,P30ES005605,TRUE,TRUE
David A Schwartz,P30ES011961,TRUE,TRUE
David A Schwartz,P50HL037121,TRUE,FALSE
David A Schwartz,R01ES006537,TRUE,TRUE
David A Schwartz,R01ES007498,TRUE,TRUE
David A Schwartz,R01HL062628,TRUE,TRUE
David A Schwartz,R01HL095393,TRUE,TRUE
David A Schwartz,R01HL097163,TRUE,TRUE
David A Schwartz,R01HL101251,TRUE,TRUE
David A Schwartz,R01HL149836,TRUE,TRUE
David A Schwartz,R01HL158668,TRUE,TRUE
David A Schwartz,R13HL123270,TRUE,TRUE
David A Schwartz,R13HL174110,TRUE,TRUE
David A Schwartz,R21HL120770,TRUE,TRUE
David A Schwartz,R25ES025476,TRUE,TRUE
David A Schwartz,R33HL120770,TRUE,TRUE
David A Schwartz,R38HL143511,TRUE,TRUE
David A Schwartz,RC1HD063508,TRUE,TRUE
David A Schwartz,RC1HL099571,TRUE,TRUE
David A Schwartz,RC2HL101715,TRUE,TRUE
David A Schwartz,S10RR031832,TRUE,TRUE
David A Schwartz,T32HL007085,TRUE,TRUE
David A Schwartz,U01HL066604,TRUE,TRUE
David A Schwartz,U01HL067467,TRUE,TRUE
David A Schwartz,U09ES005210,TRUE,TRUE
David A Schwartz,U19ES011375,TRUE,TRUE
David A Schwartz,UG3HL151865,TRUE,TRUE
David A Schwartz,UH2HL123442,TRUE,TRUE
David A Schwartz,UH3HL123442,TRUE,TRUE
David A Schwartz,UH3HL151865,TRUE,TRUE
David B Stern,R01GM052560,FALSE,TRUE
David Baltimore,P01CA038497,TRUE,TRUE
David Baltimore,P01CA132681,TRUE,TRUE
David Baltimore,P30CA014051,TRUE,TRUE
David Baltimore,P30CA014195,TRUE,TRUE
David Baltimore,R01AI022346,TRUE,TRUE
David Baltimore,R01AI042549,TRUE,TRUE
David Baltimore,R01AI079243,TRUE,TRUE
David Baltimore,R01AI093531,TRUE,TRUE
David Baltimore,R01CA051462,TRUE,TRUE
David Baltimore,R01GM039458,TRUE,TRUE
David Baltimore,R21AI060479,TRUE,TRUE
David Baltimore,R21AI126344,TRUE,TRUE
David Baltimore,R37AI022346,TRUE,TRUE
David Baltimore,S07RR005937,TRUE,TRUE
David Baltimore,S07RR007065,TRUE,TRUE
David Baltimore,S10RR003403,TRUE,TRUE
David Baltimore,S15CA048918,TRUE,TRUE
David Baltimore,S15GM039118,TRUE,TRUE
David Baltimore,S15GM043437,TRUE,TRUE
David Baltimore,U01AI026463,TRUE,FALSE
David C Amberg,P41RR011823,FALSE,TRUE
David C Amberg,R01GM056189,FALSE,TRUE
David C Amberg,R01GM074992,FALSE,TRUE
David C Dale,C06HL035402,TRUE,TRUE
David C Dale,M01RR000037,TRUE,TRUE
David C Dale,P01DK055820,TRUE,TRUE
David C Dale,R01DK018951,TRUE,TRUE
David C Dale,R01HL053515,TRUE,TRUE
David C Dale,R01HL065649,TRUE,TRUE
David C Dale,R01HL151629,TRUE,TRUE
David C Dale,R21AI079778,TRUE,TRUE
David C Dale,R24AI049393,TRUE,TRUE
David C Dale,S07RR005432,TRUE,TRUE
David C Dale,U76PE000212,TRUE,TRUE
David Cella,271201200036C,TRUE,TRUE
David Cella,K12HS023011,TRUE,TRUE
David Cella,K12HS026385,TRUE,TRUE
David Cella,N01NS42360,TRUE,FALSE
David Cella,P20CA165588,TRUE,TRUE
David Cella,P20CA165592,TRUE,TRUE
David Cella,P30AG059988,TRUE,TRUE
David Cella,P50CA090386,TRUE,TRUE
David Cella,R01CA060068,TRUE,TRUE
David Cella,R01CA061679,TRUE,TRUE
David Cella,R13HS012082,TRUE,TRUE
David Cella,R21CA230367,TRUE,TRUE
David Cella,R25CA090355,TRUE,TRUE
David Cella,R29CA051926,TRUE,TRUE
David Cella,RC4CA157236,TRUE,TRUE
David Cella,T32CA193193,TRUE,TRUE
David Cella,U01AR052177,TRUE,TRUE
David Cella,U01DK097779,TRUE,TRUE
David Cella,U01FD006875,TRUE,TRUE
David Cella,U19AR069526,TRUE,TRUE
David Cella,U24OD023319,TRUE,TRUE
David Cella,U2CCA186878,TRUE,TRUE
David Cella,U54AR057951,TRUE,TRUE
David Cella,U54CA203000,TRUE,TRUE
David Cella,UG3FD006794,TRUE,TRUE
David Cella,UH3FD006794,TRUE,TRUE
David Cella,UM1CA233035,TRUE,TRUE
David Chen,K08CA237727,TRUE,FALSE
David Chen,R01HL180504,TRUE,FALSE
David D Ho,DP1DA033263,TRUE,TRUE
David D Ho,K08AI000685,TRUE,TRUE
David D Ho,M01RR000102,TRUE,TRUE
David D Ho,N01AI035168,TRUE,TRUE
David D Ho,P01AI043042,TRUE,TRUE
David D Ho,P30AI027742,TRUE,TRUE
David D Ho,P30AI042848,TRUE,TRUE
David D Ho,P41RR000862,TRUE,FALSE
David D Ho,P51RR000164,TRUE,TRUE
David D Ho,R01AI025541,TRUE,TRUE
David D Ho,R01AI028747,TRUE,TRUE
David D Ho,R01AI040387,TRUE,TRUE
David D Ho,R01AI095256,TRUE,TRUE
David D Ho,R01AI129802,TRUE,TRUE
David D Ho,R01AI134328,TRUE,TRUE
David D Ho,R01AI145645,TRUE,TRUE
David D Ho,R01HL061960,TRUE,TRUE
David D Ho,R03TW000564,TRUE,TRUE
David D Ho,R13AI034177,TRUE,TRUE
David D Ho,R56AI095256,TRUE,TRUE
David D Ho,U01AI041534,TRUE,TRUE
David D Ho,U19AI171401,TRUE,TRUE
David D Moore,P01DK057743,FALSE,TRUE
David D Moore,P01DK059820,FALSE,TRUE
David D Moore,P01DK113954,FALSE,TRUE
David D Moore,R01CA230848,FALSE,TRUE
David D Moore,R01CA238988,FALSE,TRUE
David D Moore,R01DK043382,FALSE,TRUE
David D Moore,R01DK046546,FALSE,TRUE
David D Moore,R01DK053366,FALSE,TRUE
David D Moore,R01DK068804,FALSE,TRUE
David D Moore,R01DK083572,FALSE,TRUE
David D Moore,R13DK054265,FALSE,TRUE
David D Moore,R13DK117645,FALSE,TRUE
David D Moore,T32DK007696,FALSE,TRUE
David D Moore,U19DK062434,FALSE,TRUE
David Danielpour,R01CA083069,TRUE,TRUE
David Danielpour,R01CA092102,TRUE,TRUE
David Danielpour,R01CA102074,TRUE,TRUE
David Danielpour,R01CA134878,TRUE,TRUE
David Danielpour,R13CA213973,TRUE,TRUE
David Danielpour,Z01BC005661,TRUE,FALSE
David Dubnau,S07RR005533,FALSE,TRUE
David E Anderson,K04HL001138,TRUE,FALSE
David E Anderson,M01RR002719,TRUE,TRUE
David E Anderson,R01CA029614,TRUE,FALSE
David E Anderson,R01CA040173,TRUE,FALSE
David E Anderson,R01HL028462,TRUE,FALSE
David E Anderson,T32CA009299,TRUE,FALSE
David E Anderson,Z01AG000600,TRUE,TRUE
David E Anderson,ZIAAG000600,TRUE,TRUE
David Feifel,M01RR000827,FALSE,TRUE
David Feifel,R01MH062451,FALSE,TRUE
David Feifel,R01MH070700,FALSE,TRUE
David Feifel,R01MH080910,FALSE,TRUE
David Feifel,R01MH103421,FALSE,TRUE
David Feifel,R34MH091285,FALSE,TRUE
David G Amaral,P01ES011269,TRUE,TRUE
David G Amaral,P50HD093079,TRUE,TRUE
David G Amaral,P50MH106438,TRUE,TRUE
David G Amaral,P51RR000169,TRUE,TRUE
David G Amaral,R01MH041479,TRUE,TRUE
David G Amaral,R01MH057502,TRUE,TRUE
David G Amaral,R01MH068398,TRUE,TRUE
David G Amaral,R01MH080218,TRUE,TRUE
David G Amaral,R01MH089626,TRUE,TRUE
David G Amaral,R01MH103371,TRUE,TRUE
David G Amaral,R01MH121447,TRUE,TRUE
David G Amaral,R01MH128814,TRUE,TRUE
David G Amaral,R01NS016980,TRUE,TRUE
David G Amaral,R01NS020004,TRUE,TRUE
David G Amaral,R21MH065672,TRUE,TRUE
David G Amaral,R21MH098585,TRUE,TRUE
David G Amaral,R21MH105734,TRUE,TRUE
David G Amaral,R37MH041479,TRUE,TRUE
David G Amaral,R37MH057502,TRUE,TRUE
David G Amaral,S07RR005595,TRUE,FALSE
David G Amaral,S15MH050811,TRUE,TRUE
David G Amaral,T32MH019989,TRUE,TRUE
David G Amaral,T32MH073124,TRUE,TRUE
David G Kirsch,K02AI093866,FALSE,TRUE
David G Kirsch,K08CA114176,FALSE,TRUE
David G Kirsch,P30CA014236,FALSE,TRUE
David G Kirsch,P41RR005959,FALSE,TRUE
David G Kirsch,R01AI080488,FALSE,TRUE
David G Kirsch,R01CA138265,FALSE,TRUE
David G Kirsch,R01CA169220,FALSE,TRUE
David G Kirsch,R21CA175839,FALSE,TRUE
David G Kirsch,R35CA197616,FALSE,TRUE
David G Kirsch,R38CA245204,FALSE,TRUE
David G Kirsch,R56AG066487,FALSE,TRUE
David G Kirsch,RC1AI078521,FALSE,TRUE
David G Kirsch,S10RR027610,FALSE,TRUE
David G Kirsch,U01AI186969,FALSE,TRUE
David G Kirsch,U19AI067798,FALSE,TRUE
David Gailani,K08HL002917,FALSE,TRUE
David Gailani,R01HL058837,FALSE,TRUE
David Gailani,R01HL081326,FALSE,TRUE
David Gailani,R01HL158918,FALSE,TRUE
David Gailani,R35HL140025,FALSE,TRUE
David H Au,I01HX000898,FALSE,TRUE
David H Au,I01HX002113,FALSE,TRUE
David H Au,I50HX001243,FALSE,TRUE
David H Au,I50HX002728,FALSE,TRUE
David H Au,IP1HX001991,FALSE,TRUE
David H Au,K12HL137940,FALSE,TRUE
David H Au,N01HR76195,FALSE,TRUE
David H Au,RC2HL101618,FALSE,TRUE
David H Au,U01HL128868,FALSE,TRUE
David H Au,U01HL142103,FALSE,TRUE
David H Au,U48DP001911,FALSE,TRUE
David H Wasserman,F32DK008063,TRUE,TRUE
David H Wasserman,P01DK119130,TRUE,TRUE
David H Wasserman,P30DK020593,TRUE,TRUE
David H Wasserman,P30DK058404,TRUE,TRUE
David H Wasserman,R01DK042488,TRUE,TRUE
David H Wasserman,R01DK047344,TRUE,TRUE
David H Wasserman,R01DK050277,TRUE,TRUE
David H Wasserman,R01DK054902,TRUE,TRUE
David H Wasserman,R24DK096527,TRUE,TRUE
David H Wasserman,R37DK050277,TRUE,TRUE
David H Wasserman,R56DK054902,TRUE,TRUE
David H Wasserman,S07RR005424,TRUE,TRUE
David H Wasserman,U24DK059637,TRUE,TRUE
David H Wasserman,U2CDK059637,TRUE,TRUE
David H Wasserman,U2CDK135073,TRUE,TRUE
David Heber,P30CA042710,FALSE,TRUE
David Heber,T32DK007688,FALSE,TRUE
David Heber,U19AI070453,FALSE,TRUE
David Heber,U54CA143930,FALSE,TRUE
David J Diemert,R34AI118537,FALSE,TRUE
David J Diemert,R34AI189333,FALSE,TRUE
David J Diemert,U01AI116414,FALSE,TRUE
David J Diemert,U01AI129789,FALSE,TRUE
David J Lim,P30DC006276,FALSE,TRUE
David J Lim,R01DC000090,FALSE,TRUE
David J Lim,R01DC005025,FALSE,TRUE
David J Lim,R01NS008854,FALSE,TRUE
David J Lim,R13DC004169,FALSE,TRUE
David J Lim,R13DC006002,FALSE,TRUE
David J Lim,R13DC007326,FALSE,TRUE
David J Lim,R13DC008950,FALSE,TRUE
David J Lim,R13NS024753,FALSE,TRUE
David J Lim,R21DC011862,FALSE,TRUE
David J Lim,R33DC011862,FALSE,TRUE
David K Shuh,RC2AI087604,FALSE,TRUE
David L Brown,R21CA234760,FALSE,TRUE
David L Brown,R21HL084079,FALSE,TRUE
David L Kaplan,P41EB002520,FALSE,TRUE
David L Kaplan,P41EB027062,FALSE,TRUE
David L Kaplan,R01AG061838,FALSE,TRUE
David L Kaplan,R01AI055976,FALSE,TRUE
David L Kaplan,R01AR046563,FALSE,TRUE
David L Kaplan,R01AR055993,FALSE,TRUE
David L Kaplan,R01AR061988,FALSE,TRUE
David L Kaplan,R01AR068048,FALSE,TRUE
David L Kaplan,R01DE013405,FALSE,TRUE
David L Kaplan,R01DE017207,FALSE,TRUE
David L Kaplan,R01EB003210,FALSE,TRUE
David L Kaplan,R01EB011620,FALSE,TRUE
David L Kaplan,R01EB014283,FALSE,TRUE
David L Kaplan,R01EB016041,FALSE,TRUE
David L Kaplan,R01EB021264,FALSE,TRUE
David L Kaplan,R01EY020856,FALSE,TRUE
David L Kaplan,R01NS092847,FALSE,TRUE
David L Kaplan,R01NS094218,FALSE,TRUE
David L Kaplan,R03TW006923,FALSE,TRUE
David L Kaplan,R13DE017060,FALSE,TRUE
David L Kaplan,R13EB034599,FALSE,TRUE
David L Kaplan,R21AI128342,FALSE,TRUE
David L Kaplan,R21EY018191,FALSE,TRUE
David L Kaplan,R21GM079147,FALSE,TRUE
David L Kaplan,R24DK106743,FALSE,TRUE
David L Kaplan,U01EB014976,FALSE,TRUE
David L Kaplan,U19AI131126,FALSE,TRUE
David M Brass,R21ES020426,FALSE,TRUE
David M Kent,K23NS044929,FALSE,TRUE
David M Kent,KM1CA156726,FALSE,TRUE
David M Kent,R01NS062153,FALSE,TRUE
David M Kent,R01NS102233,FALSE,TRUE
David M Kent,R01NS134859,FALSE,TRUE
David M Kent,R21HS017653,FALSE,TRUE
David M Kent,R21NS048225,FALSE,TRUE
David M Kent,R21NS079826,FALSE,TRUE
David M Kent,RF1NS102233,FALSE,TRUE
David M Kent,T32TR004417,FALSE,TRUE
David M Kent,T32TR004418,FALSE,TRUE
David M Kent,TL1TR002546,FALSE,TRUE
David M Kent,U01NS086294,FALSE,TRUE
David M Lee,K08AR002214,TRUE,FALSE
David M Lee,P01AI065858,TRUE,FALSE
David M Lee,P51RR000163,TRUE,FALSE
David M Lee,R01AI059746,TRUE,FALSE
David M Lee,R13AR048234,TRUE,FALSE
David Mauzerall,S07RR007065,FALSE,TRUE
David Mills,P20RR016457,TRUE,FALSE
David Mills,P20RR017695,TRUE,FALSE
David Mills,R01CA093840,TRUE,FALSE
David Mills,U59EH623401,TRUE,FALSE
David P Siderovski,P01GM065533,FALSE,TRUE
David P Siderovski,R01DA048153,FALSE,TRUE
David P Siderovski,R01GM062338,FALSE,TRUE
David P Siderovski,R01GM074268,FALSE,TRUE
David P Siderovski,R01GM082892,FALSE,TRUE
David P Siderovski,R03DA030555,FALSE,TRUE
David P Siderovski,R03NS053754,FALSE,TRUE
David P Siderovski,R21EY036503,FALSE,TRUE
David P White,K08HL001316,TRUE,TRUE
David P White,M01RR001032,TRUE,TRUE
David P White,M01RR002635,TRUE,TRUE
David P White,P50HL060292,TRUE,TRUE
David P White,R01HL048531,TRUE,TRUE
David P White,S07RR005357,TRUE,FALSE
David R Cue,P20RR016443,FALSE,TRUE
David R Strong,R01AA014193,FALSE,TRUE
David R Strong,R01CA190347,FALSE,TRUE
David R Strong,R01DA017947,FALSE,TRUE
David R Young,F32AR008142,FALSE,TRUE
David Ross,H79SM057181,TRUE,FALSE
David Ross,P50CA091846,TRUE,FALSE
David Ross,R01CA051210,TRUE,FALSE
David Ross,R01CA114441,TRUE,FALSE
David Ross,R01DK109964,TRUE,FALSE
David Ross,R01ES004112,TRUE,FALSE
David Ross,R01ES009554,TRUE,FALSE
David Ross,R01ES018943,TRUE,FALSE
David Ross,R01NS044613,TRUE,FALSE
David Ross,R21HL095995,TRUE,FALSE
David Ross,R21NS044202,TRUE,FALSE
David Ross,S07RR005831,TRUE,FALSE
David S Kosson,F31MH009114,FALSE,TRUE
David S Kosson,R01MH057714,FALSE,TRUE
David S Kosson,R01MH090169,FALSE,TRUE
David S Kosson,R29MH049111,FALSE,TRUE
David S Wilkes,G20RR031063,TRUE,TRUE
David S Wilkes,K14HL003385,TRUE,TRUE
David S Wilkes,P01AI084853,TRUE,TRUE
David S Wilkes,P60AR020582,TRUE,TRUE
David S Wilkes,R01HL060797,TRUE,TRUE
David S Wilkes,R01HL067177,TRUE,TRUE
David S Wilkes,R01HL081350,TRUE,TRUE
David S Wilkes,R01HL096845,TRUE,TRUE
David S Wilkes,R21HL069727,TRUE,TRUE
David S Wilkes,T32HL091816,TRUE,TRUE
David S Wilkes,T35HL007802,TRUE,TRUE
David Saltzman,F31DC019873,FALSE,TRUE
David T Harris,R01AG038021,TRUE,TRUE
David T Harris,R01CA048085,TRUE,TRUE
David T Harris,S07RR005675,TRUE,TRUE
David T Harris,S07RR007002,TRUE,TRUE
David W Schopfer,K23HL136886,FALSE,TRUE
David Warburton,D43ES022862,FALSE,TRUE
David Warburton,F06TW001304,FALSE,TRUE
David Warburton,F06TW002208,FALSE,TRUE
David Warburton,K01AM001130,FALSE,TRUE
David Warburton,K01DK001130,FALSE,TRUE
David Warburton,P01HL060231,FALSE,TRUE
David Warburton,R01HL044060,FALSE,TRUE
David Warburton,R01HL044977,FALSE,TRUE
David Warburton,R01HL073014,FALSE,TRUE
David Warburton,R01HL075773,FALSE,TRUE
David Warburton,U01HL122681,FALSE,TRUE
David Weaver,R01AG009827,FALSE,TRUE
David Weaver,R01AR035736,FALSE,TRUE
Davood Tofighi,F31DA027336,FALSE,TRUE
Davood Tofighi,R01AA025539,FALSE,TRUE
Deanna L Benson,F32MH010301,FALSE,TRUE
Deanna L Benson,P30CA196521,FALSE,TRUE
Deanna L Benson,R01AA014898,FALSE,TRUE
Deanna L Benson,R01MH095229,FALSE,TRUE
Deanna L Benson,R01MH103455,FALSE,TRUE
Deanna L Benson,R01MH104491,FALSE,TRUE
Deanna L Benson,R01NS037731,FALSE,TRUE
Deanna L Benson,R01NS050634,FALSE,TRUE
Deanna L Benson,R01NS107512,FALSE,TRUE
Deanna L Benson,R01NS115469,FALSE,TRUE
Deanna L Benson,R01NS135728,FALSE,TRUE
Deanna L Benson,R03AG015204,FALSE,TRUE
Deanna L Benson,R21AA012971,FALSE,TRUE
Deanna L Benson,R21MH099778,FALSE,TRUE
Deanna L Benson,R21NS130841,FALSE,TRUE
Deanna L Benson,S10OD021838,FALSE,TRUE
Deanna M Barch,P50MH071616,FALSE,TRUE
Deanna M Barch,R01MH066031,FALSE,TRUE
Deanna M Barch,R03MH060887,FALSE,TRUE
Debi P Nayak,R01AI012749,FALSE,TRUE
Debi P Nayak,R01AI016348,FALSE,TRUE
Debi P Nayak,R01AI035570,FALSE,TRUE
Debi P Nayak,R01AI041681,FALSE,TRUE
Debi P Nayak,R21AI081071,FALSE,TRUE
Debkumar Pain,P41RR001219,FALSE,TRUE
Debkumar Pain,R01AG030504,FALSE,TRUE
Debkumar Pain,R01GM057067,FALSE,TRUE
Debkumar Pain,R01GM087965,FALSE,TRUE
Debkumar Pain,R01GM107542,FALSE,TRUE
Debkumar Pain,R01GM121717,FALSE,TRUE
Deborah A Cory-Slechta,K12ES019852,TRUE,TRUE
Deborah A Cory-Slechta,P01ES001248,TRUE,FALSE
Deborah A Cory-Slechta,P30ES001247,TRUE,TRUE
Deborah A Cory-Slechta,P30ES005022,TRUE,TRUE
Deborah A Cory-Slechta,P50HD103536,TRUE,TRUE
Deborah A Cory-Slechta,R01ES003054,TRUE,TRUE
Deborah A Cory-Slechta,R01ES005017,TRUE,TRUE
Deborah A Cory-Slechta,R01ES005903,TRUE,TRUE
Deborah A Cory-Slechta,R01ES010791,TRUE,TRUE
Deborah A Cory-Slechta,R01ES012712,TRUE,TRUE
Deborah A Cory-Slechta,R01ES021534,TRUE,TRUE
Deborah A Cory-Slechta,R01ES025541,TRUE,TRUE
Deborah A Cory-Slechta,R01ES032260,TRUE,TRUE
Deborah A Cory-Slechta,R21ES019105,TRUE,TRUE
Deborah A Cory-Slechta,R23ES003079,TRUE,TRUE
Deborah A Cory-Slechta,R35ES031689,TRUE,TRUE
Deborah A Cory-Slechta,R55ES005903,TRUE,TRUE
Deborah E Leckband,F32GM013300,FALSE,TRUE
Deborah E Leckband,P01HL060678,FALSE,TRUE
Deborah E Leckband,P41RR003155,FALSE,TRUE
Deborah E Leckband,R01GM051338,FALSE,TRUE
Deborah E Leckband,R01GM063536,FALSE,TRUE
Deborah E Leckband,R01GM097443,FALSE,TRUE
Deborah E Leckband,R01GM117104,FALSE,TRUE
Deborah E Leckband,R01GM127554,FALSE,TRUE
Deborah E Leckband,R21GM131425,FALSE,TRUE
Deborah E Leckband,R21HD059002,FALSE,TRUE
Deborah E Leckband,R29GM051338,FALSE,TRUE
Deborah F Kelly,R01AI116815,FALSE,TRUE
Deborah F Kelly,R01CA193578,FALSE,TRUE
Deborah F Kelly,R01CA219700,FALSE,TRUE
Deborah F Kelly,R01CA227261,FALSE,TRUE
Deborah F Kelly,R21AI113402,FALSE,TRUE
Deborah F Kelly,R21CA245631,FALSE,TRUE
Deborah F Kelly,U24GM116787,FALSE,TRUE
Deborah F Kelly,U24GM116788,FALSE,TRUE
Deborah F Kelly,U24GM116790,FALSE,TRUE
Deborah Pavan Langston,R01EY005966,FALSE,TRUE
Deborah Pavan Langston,R55EY008851,FALSE,TRUE
Debra A Tonetti,R01CA122914,FALSE,TRUE
Debra E Bessen,R01AI028944,FALSE,TRUE
Debra E Bessen,R01AI053826,FALSE,TRUE
Debra E Bessen,R01AI065572,FALSE,TRUE
Debra E Bessen,R01AI173565,FALSE,TRUE
Debra E Bessen,R01GM060793,FALSE,TRUE
Debra E Bessen,R03AI148983,FALSE,TRUE
Debra E Bessen,R21AI061454,FALSE,TRUE
Debra E Bessen,R21AI117088,FALSE,TRUE
Debra E Bessen,R21AI156226,FALSE,TRUE
Debra E Bessen,R56AI053826,FALSE,TRUE
Debra L Safer,K23MH066330,FALSE,TRUE
Debra L Safer,R43MH086995,FALSE,TRUE
Deepak Kumar,G11HD035972,TRUE,FALSE
Deepak Kumar,K01AR069720,TRUE,FALSE
Deepak Kumar,M01RR000080,TRUE,FALSE
Deepak Kumar,R01MD012767,TRUE,TRUE
Deepak Kumar,R21AR083153,TRUE,FALSE
Deepak Kumar,R21CA162264,TRUE,TRUE
Deepak Kumar,S06GM008005,TRUE,FALSE
Deepak Kumar,SC1CA141935,TRUE,TRUE
Deepak Kumar,U01CA194730,TRUE,TRUE
Deepak Kumar,U54MD012392,TRUE,TRUE
Deepak Kumar,UG3MD018398,TRUE,TRUE
Deepak Kumar,UG3NS143758,TRUE,FALSE
Deling Yin,R15DA020120,FALSE,TRUE
Deling Yin,R15GM094740,FALSE,TRUE
Deling Yin,R15GM114716,FALSE,TRUE
Denise L Bellinger,F32NS007980,FALSE,TRUE
Denise L Bellinger,R01NS044302,FALSE,TRUE
Denise L Bellinger,R21CA116698,FALSE,TRUE
Denise L Bellinger,R29MH047783,FALSE,TRUE
Dennis A Revicki,R01HS006727,FALSE,TRUE
Dennis Davidson,K08HL000754,FALSE,TRUE
Dennis Davidson,R03HD048508,FALSE,TRUE
Dennis L Barbour,R01DC009215,FALSE,TRUE
Dennis L Barbour,R03DC008880,FALSE,TRUE
Dennis L Barbour,R21EY033553,FALSE,TRUE
Dennis L Barbour,T32NS073547,FALSE,TRUE
Dennis L Molfese,R01HD017860,TRUE,TRUE
Dennis L Molfese,R01HL070911,TRUE,TRUE
Dennis L Molfese,R21MH105757,TRUE,TRUE
Dennis L Molfese,R41HD047083,TRUE,TRUE
Dennis L Molfese,S07RR007118,TRUE,FALSE
Dennis P M Hughes,F32CA097907,FALSE,TRUE
Dennis P M Hughes,K08CA118730,FALSE,TRUE
Dennis P M Hughes,R01CA141208,FALSE,TRUE
Dennis P M Hughes,R01CA149501,FALSE,TRUE
Dennis S Charney,C06RR030309,TRUE,TRUE
Dennis S Charney,M01RR000071,TRUE,TRUE
Dennis S Charney,M01RR006022,TRUE,FALSE
Dennis S Charney,P30MH030929,TRUE,FALSE
Dennis S Charney,R01MH038007,TRUE,FALSE
Dennis S Charney,R01MH040140,TRUE,FALSE
Dennis S Charney,R01MH055305,TRUE,FALSE
Dennis S Charney,U01MH076506,TRUE,TRUE
Dennis S Charney,U19MH069056,TRUE,TRUE
Dennis S Charney,Z01MH002815,TRUE,TRUE
Dennis S Charney,Z01MH002816,TRUE,TRUE
Dennis S Charney,Z01MH002817,TRUE,TRUE
Dennis S Charney,Z01MH002818,TRUE,TRUE
Dennis S Charney,Z01MH002819,TRUE,TRUE
Dennis S Charney,Z01MH002820,TRUE,TRUE
Dennis S Charney,Z01MH002821,TRUE,TRUE
Dennis S Charney,Z01MH002822,TRUE,TRUE
Dennis S Charney,Z01MH002823,TRUE,TRUE
Derek S Damron,F32HL008726,FALSE,TRUE
Derek S Damron,M01RR000109,FALSE,TRUE
Derek S Damron,R01HL065701,FALSE,TRUE
Derek Stein,R21HG005100,FALSE,TRUE
Derek Stein,R21HG012938,FALSE,TRUE
Deric L Wheeler,P50CA278595,FALSE,TRUE
Deric L Wheeler,P50DE026787,FALSE,TRUE
Deric L Wheeler,R01CA193004,FALSE,TRUE
Deric L Wheeler,R01CA262292,FALSE,TRUE
Detlef Schuppan,R21AI078385,FALSE,TRUE
Detlef Schuppan,R21DK073254,FALSE,TRUE
Detlef Schuppan,R21DK075857,FALSE,TRUE
Detlef Schuppan,R21DK076873,FALSE,TRUE
Detlef Schuppan,U19AI066313,FALSE,TRUE
Devanand Sarkar,P01CA275740,FALSE,TRUE
Devanand Sarkar,P20CA264067,FALSE,TRUE
Devanand Sarkar,P30AR044535,FALSE,TRUE
Devanand Sarkar,P30CA016059,FALSE,TRUE
Devanand Sarkar,R01CA138540,FALSE,TRUE
Devanand Sarkar,R01CA230561,FALSE,TRUE
Devanand Sarkar,R01CA240004,FALSE,TRUE
Devanand Sarkar,R01CA244993,FALSE,TRUE
Devanand Sarkar,R01DK107451,FALSE,TRUE
Devanand Sarkar,R21CA183954,FALSE,TRUE
Devanand Sarkar,R25CA236630,FALSE,TRUE
Devanand Sarkar,R61NS127287,FALSE,TRUE
Devanand Sarkar,T32TR004362,FALSE,TRUE
Devon Scott,F32HL112546,FALSE,TRUE
Dhruv Sareen,U54NS091046,FALSE,TRUE
Diana L Price,P41RR005959,FALSE,TRUE
Diane M. Ward,R01DK030534,FALSE,TRUE
Diane M. Ward,R01DK052380,FALSE,TRUE
Diane M. Ward,R01HL026922,FALSE,TRUE
Diane M. Ward,U54DK110858,FALSE,TRUE
Dianne K Newman,R01AI127850,FALSE,TRUE
Dianne K Newman,R01HL117328,FALSE,TRUE
Dianne K Newman,R01HL152190,FALSE,TRUE
Dianne K Newman,R21AI146987,FALSE,TRUE
Dianne Lorton,R01AR054647,FALSE,TRUE
Dianne Lorton,R29MH049050,FALSE,TRUE
Dianne Lorton,R43CA055457,FALSE,TRUE
Diasynou Fioravante,R01MH128744,FALSE,TRUE
Diasynou Fioravante,R21MH114178,FALSE,TRUE
Diasynou Fioravante,R21MH126413,FALSE,TRUE
Diasynou Fioravante,R21MH132834,FALSE,TRUE
Diego R Martin,R01CA245920,FALSE,TRUE
Dimitri T Azar,F05TW003814,FALSE,TRUE
Dimitri T Azar,K12EY021475,FALSE,TRUE
Dimitri T Azar,KL2TR000048,FALSE,TRUE
Dimitri T Azar,P30EY001792,FALSE,TRUE
Dimitri T Azar,R01EY010101,FALSE,TRUE
Dimitri T Azar,R29EY010101,FALSE,TRUE
Dimitri T Azar,TL1TR000049,FALSE,TRUE
Dimitri T Azar,UL1TR000050,FALSE,TRUE
Dimitrios Stefanidis,R01HS028026,FALSE,TRUE
Dimitrios Stefanidis,R18HS022080,FALSE,TRUE
Dina C Lev,U54CA168512,FALSE,TRUE
Dina L G Borzekowski,F31AA005391,FALSE,TRUE
Dina L G Borzekowski,R01AG026430,FALSE,TRUE
Dipak K Das,R01HL022559,FALSE,TRUE
Dipak K Das,R01HL033889,FALSE,TRUE
Dipak K Das,R01HL034360,FALSE,TRUE
Dipak K Das,R01HL056322,FALSE,TRUE
Dipak K Das,R37HL056322,FALSE,TRUE
Diwakar Jain,M01RR000125,FALSE,TRUE
Domenico Accili,P01HL087123,FALSE,TRUE
Domenico Accili,P30DK063608,FALSE,TRUE
Domenico Accili,R01DK057539,FALSE,TRUE
Domenico Accili,R01DK058282,FALSE,TRUE
Domenico Accili,R01DK064819,FALSE,TRUE
Domenico Accili,R37DK058282,FALSE,TRUE
Domenico Accili,T32DK007271,FALSE,TRUE
Domenico Accili,T32DK131952,FALSE,TRUE
Domenico Pratico,P01AG011542,FALSE,TRUE
Domenico Pratico,R01AG022203,FALSE,TRUE
Domenico Pratico,R01AG022512,FALSE,TRUE
Domenico Pratico,R01AG033568,FALSE,TRUE
Domenico Pratico,R01AG059963,FALSE,TRUE
Domenico Pratico,R01AG073622,FALSE,TRUE
Domenico Pratico,R01AG080817,FALSE,TRUE
Domenico Pratico,R01HL112966,FALSE,TRUE
Domenico Pratico,R03ES011475,FALSE,TRUE
Domenico Pratico,R21NS071096,FALSE,TRUE
Domenico Pratico,RF1AG051684,FALSE,TRUE
Domenico Pratico,RF1AG055707,FALSE,TRUE
Domenico Pratico,RF1AG056689,FALSE,TRUE
Domenico Pratico,RF1AG060711,FALSE,TRUE
Donald D Anthony,I01BX001894,FALSE,TRUE
Donald D Anthony,I01BX005480,FALSE,TRUE
Donald D Anthony,I01CX001104,FALSE,TRUE
Donald D Anthony,I01CX001791,FALSE,TRUE
Donald D Anthony,IS1BX005525,FALSE,TRUE
Donald D Anthony,K08AI001685,FALSE,TRUE
Donald D Anthony,P20DA026133,FALSE,TRUE
Donald D Anthony,R01DK068361,FALSE,TRUE
Donald D Anthony,R21AI066957,FALSE,TRUE
Donald D Anthony,R21AI067094,FALSE,TRUE
Donald D Anthony,R21AI100809,FALSE,TRUE
Donald E Morisky,R01AI033845,FALSE,TRUE
Donald E Morisky,R01HL055770,FALSE,TRUE
Donald E Morisky,R01NR003720,FALSE,TRUE
Donald E Morisky,R03TW001118,FALSE,TRUE
Donald F Steiner,P60DK020595,TRUE,TRUE
Donald F Steiner,R01AM013914,TRUE,TRUE
Donald F Steiner,R01DK013914,TRUE,TRUE
Donald F Steiner,R01DK043702,TRUE,TRUE
Donald F Steiner,R37DK013914,TRUE,TRUE
Donald F Steiner,S07RR005367,TRUE,TRUE
Donald G Ferguson,R01HL034779,FALSE,TRUE
Donald G Ferguson,S10RR005815,FALSE,TRUE
Donald O Nutter,G20RR005190,FALSE,TRUE
Donald O Nutter,S15CA046194,FALSE,TRUE
Donald O Nutter,S15CA048896,FALSE,TRUE
Donald O Nutter,S15GM045518,FALSE,TRUE
Donald O Nutter,S15NS028087,FALSE,TRUE
Donald W Kufe,P01CA038493,TRUE,TRUE
Donald W Kufe,P01CA078378,TRUE,TRUE
Donald W Kufe,P20CA058203,TRUE,TRUE
Donald W Kufe,P30CA006516,TRUE,TRUE
Donald W Kufe,P41RR000862,TRUE,TRUE
Donald W Kufe,P50CA100707,TRUE,TRUE
Donald W Kufe,P50CA101942,TRUE,TRUE
Donald W Kufe,P50CA105009,TRUE,TRUE
Donald W Kufe,R01CA028488,TRUE,TRUE
Donald W Kufe,R01CA029431,TRUE,TRUE
Donald W Kufe,R01CA038879,TRUE,TRUE
Donald W Kufe,R01CA042802,TRUE,TRUE
Donald W Kufe,R01CA055241,TRUE,TRUE
Donald W Kufe,R01CA097098,TRUE,TRUE
Donald W Kufe,R01CA098628,TRUE,TRUE
Donald W Kufe,R01CA166480,TRUE,TRUE
Donald W Kufe,R01CA282437,TRUE,TRUE
Donald W Kufe,R03CA053414,TRUE,TRUE
Donald W Kufe,R21CA087421,TRUE,TRUE
Donald W Kufe,R21CA216553,TRUE,TRUE
Donald W Kufe,R21CA229716,TRUE,TRUE
Donald W Kufe,R21CA262991,TRUE,TRUE
Donald W Kufe,R21CA267138,TRUE,TRUE
Donald W Kufe,R21CA289134,TRUE,TRUE
Donald W Kufe,U01CA062490,TRUE,TRUE
Donald W Kufe,U01CA233084,TRUE,TRUE
Donald W Kufe,UM1CA186709,TRUE,TRUE
Dong Hee Shin,U10EY010432,FALSE,TRUE
Dong Liu,F32GM065680,TRUE,TRUE
Dong Liu,G12RR003034,TRUE,FALSE
Dong Liu,SC1HL134212,TRUE,FALSE
Dong Liu,SC2GM099629,TRUE,FALSE
Dong Xiao,R01CA157477,FALSE,TRUE
Dong Xiao,R21CA143104,FALSE,TRUE
Donghai Wang,R01AI110695,FALSE,TRUE
Donghai Wang,R21AI095871,FALSE,TRUE
Donghai Wang,R21NS102628,FALSE,TRUE
Donghong Zhang,F32GM018872,FALSE,TRUE
Dongmin Liu,R01AT007077,FALSE,TRUE
Dongmin Liu,R01DK134401,FALSE,TRUE
Dongmin Liu,R21AT002739,FALSE,TRUE
Dongmin Liu,R21AT004694,FALSE,TRUE
Dora M Kovacs,P01AG015379,FALSE,TRUE
Dora M Kovacs,R01AG014713,FALSE,TRUE
Dora M Kovacs,R01NS045860,FALSE,TRUE
Dorota Skowyra,F33AI098415,FALSE,TRUE
Dorota Skowyra,R01GM065267,FALSE,TRUE
Dorothy L Espelage,R01CE002340,FALSE,TRUE
Dorothy L Espelage,R13HD112131,FALSE,TRUE
Dorothy L Espelage,U01CE001677,FALSE,TRUE
Dorothy L Espelage,U01CE002841,FALSE,TRUE
Dorothy L Espelage,U01CE003177,FALSE,TRUE
Dorothy L Espelage,U49CE001268,FALSE,TRUE
Dotun Ogunyemi,M01RR000425,FALSE,TRUE
Douglas A Melton,R01DK063653,FALSE,TRUE
Douglas A Melton,R01GM032921,FALSE,TRUE
Douglas A Melton,R01GM044653,FALSE,TRUE
Douglas A Melton,R13HD048084,FALSE,TRUE
Douglas A Melton,R24DK092758,FALSE,TRUE
Douglas A Melton,RC4DK090781,FALSE,TRUE
Douglas A Melton,RL1DK081184,FALSE,TRUE
Douglas A Melton,U01DK072505,FALSE,TRUE
Douglas A Melton,U01DK089536,FALSE,TRUE
Douglas A Melton,U01DK104218,FALSE,TRUE
Douglas A Melton,U01HL100408,FALSE,TRUE
Douglas A Melton,UC4DK104159,FALSE,TRUE
Douglas A Melton,UC4DK104165,FALSE,TRUE
Douglas A Melton,UC4DK104218,FALSE,TRUE
Douglas B Cines,K04HL000956,FALSE,TRUE
Douglas B Cines,P01HL040387,FALSE,TRUE
Douglas B Cines,P01HL076406,FALSE,TRUE
Douglas B Cines,P01HL110860,FALSE,TRUE
Douglas B Cines,R01DK117934,FALSE,TRUE
Douglas B Cines,R01HL034044,FALSE,TRUE
Douglas B Cines,R01HL047839,FALSE,TRUE
Douglas B Cines,R01HL050790,FALSE,TRUE
Douglas B Cines,R01HL058107,FALSE,TRUE
Douglas B Cines,R01HL060169,FALSE,TRUE
Douglas B Cines,R01HL116916,FALSE,TRUE
Douglas B Cines,R01HL142122,FALSE,TRUE
Douglas B Cines,R01HL151730,FALSE,TRUE
Douglas B Cines,R03TW001468,FALSE,TRUE
Douglas B Cines,R21HL081864,FALSE,TRUE
Douglas B Cines,T32HL007971,FALSE,TRUE
Douglas D Boyd,R01CA058311,FALSE,TRUE
Douglas D Boyd,R01CA089002,FALSE,TRUE
Douglas D Boyd,R01DE010845,FALSE,TRUE
Douglas D Boyd,R29CA051539,FALSE,TRUE
Douglas D Boyd,R56CA058311,FALSE,TRUE
Douglas D Taylor,F32CA007518,TRUE,TRUE
Douglas D Taylor,R01CA050458,TRUE,TRUE
Douglas D Taylor,R01HD042674,TRUE,TRUE
Douglas D Taylor,R21CA098166,TRUE,TRUE
Douglas D Taylor,R41CA139802,TRUE,TRUE
Douglas D Taylor,S07RR005895,TRUE,FALSE
Douglas K Graham,P50CA217691,FALSE,TRUE
Douglas K Graham,R01CA137078,FALSE,TRUE
Douglas K Graham,R01CA249190,FALSE,TRUE
Douglas K Graham,R01CA259077,FALSE,TRUE
Douglas K Graham,R01CA276135,FALSE,TRUE
Douglas K Graham,R03CA246039,FALSE,TRUE
Douglas K Graham,T32CA082086,FALSE,TRUE
Douglas R Green,P01CA069381,FALSE,TRUE
Douglas R Green,P30CA021765,FALSE,TRUE
Douglas R Green,P41RR004050,FALSE,TRUE
Douglas R Green,P41RR008605,FALSE,TRUE
Douglas R Green,P60AR040770,FALSE,TRUE
Douglas R Green,R01AI031591,FALSE,TRUE
Douglas R Green,R01AI040646,FALSE,TRUE
Douglas R Green,R01AI044828,FALSE,TRUE
Douglas R Green,R01AI047891,FALSE,TRUE
Douglas R Green,R01AI123322,FALSE,TRUE
Douglas R Green,R01CA169291,FALSE,TRUE
Douglas R Green,R01GM052735,FALSE,TRUE
Douglas R Green,R01GM096208,FALSE,TRUE
Douglas R Green,R13AG019051,FALSE,TRUE
Douglas R Green,R13CA083374,FALSE,TRUE
Douglas R Green,R13CA112922,FALSE,TRUE
Douglas R Green,R21AI059850,FALSE,TRUE
Douglas R Green,R35CA231620,FALSE,TRUE
Douglas R Green,R37AI044828,FALSE,TRUE
Douglas R Green,R37GM052735,FALSE,TRUE
Duane D Winkler,F32GM096531,FALSE,TRUE
Duane D Winkler,R01GM120252,FALSE,TRUE
Dushyantha Jayaweera,R01HL162579,FALSE,TRUE
Dushyantha Jayaweera,R13AA018630,FALSE,TRUE
Dushyantha Jayaweera,UM1AI069477,FALSE,TRUE
Dwight C German,R01AG085279,FALSE,TRUE
Dwight C German,R01DA005314,FALSE,TRUE
Dwight C German,R01MH030546,FALSE,TRUE
Dwight C German,R01NS020030,FALSE,TRUE
Dwight C German,R01NS030406,FALSE,TRUE
Dwight C German,R21AG034285,FALSE,TRUE
Dwight C German,R56AG074613,FALSE,TRUE
Dwight C German,RF1AG059288,FALSE,TRUE
Dwight C German,RF1AG084134,FALSE,TRUE
Dwight C German,U01NS082148,FALSE,TRUE
E Steve Woodle,M01RR000055,FALSE,TRUE
E Steve Woodle,P01AI029531,FALSE,TRUE
Edathara C Abraham,P60HL029554,FALSE,TRUE
Edathara C Abraham,R01AM032957,FALSE,TRUE
Edathara C Abraham,R01DK032957,FALSE,TRUE
Edathara C Abraham,R01EY007394,FALSE,TRUE
Edathara C Abraham,R01EY011352,FALSE,TRUE
Edmund C Dunkel,N01AI015100,FALSE,TRUE
Edmund C Dunkel,R01EY006584,FALSE,TRUE
Edmund R Becker,R01CD000033,FALSE,TRUE
Edmund R Becker,R01HS026232,FALSE,TRUE
Eduardo A Nillni,R01DK058148,FALSE,TRUE
Eduardo A Nillni,R01DK085916,FALSE,TRUE
Eduardo A Nillni,R01NS045231,FALSE,TRUE
Eduardo A Nillni,R56DK058148,FALSE,TRUE
Edward A Kolb,P20GM109021,FALSE,TRUE
Edward A Kolb,R01CA191077,FALSE,TRUE
Edward A Kolb,UG1CA189958,FALSE,TRUE
Edward Awh,R01AG019296,FALSE,TRUE
Edward Awh,R01MH064119,FALSE,TRUE
Edward Awh,R01MH077105,FALSE,TRUE
Edward Awh,R01MH087214,FALSE,TRUE
Edward C Carlson,H79TI023814,FALSE,TRUE
Edward E Morrisey,P01CA098101,FALSE,TRUE
Edward E Morrisey,P01HL075215,FALSE,TRUE
Edward E Morrisey,P30AR057217,FALSE,TRUE
Edward E Morrisey,P30DK050306,FALSE,TRUE
Edward E Morrisey,R01HL064632,FALSE,TRUE
Edward E Morrisey,R01HL071589,FALSE,TRUE
Edward E Morrisey,R01HL087825,FALSE,TRUE
Edward E Morrisey,R01HL122993,FALSE,TRUE
Edward E Morrisey,R01HL132349,FALSE,TRUE
Edward E Morrisey,R01HL132999,FALSE,TRUE
Edward E Morrisey,R01HL152194,FALSE,TRUE
Edward E Morrisey,R01HL162683,FALSE,TRUE
Edward E Morrisey,R01HL164929,FALSE,TRUE
Edward E Morrisey,R01HL168803,FALSE,TRUE
Edward E Morrisey,R01HL177898,FALSE,TRUE
Edward E Morrisey,R03HL096313,FALSE,TRUE
Edward E Morrisey,U01HL100405,FALSE,TRUE
Edward E Morrisey,U01HL110942,FALSE,TRUE
Edward E Morrisey,U01HL134745,FALSE,TRUE
Edward E Morrisey,U01HL148857,FALSE,TRUE
Edward E Morrisey,U01HL175409,FALSE,TRUE
Edward E Morrisey,U01TR001810,FALSE,TRUE
Edward E Whang,K08DK002786,FALSE,TRUE
Edward E Whang,R01CA114103,FALSE,TRUE
Edward J Cone,R43AI049056,FALSE,TRUE
Edward J Weinman,I01BX000103,FALSE,TRUE
Edward J Weinman,R01DK037319,FALSE,TRUE
Edward J Weinman,R01DK055881,FALSE,TRUE
Edward N Janoff,I01BX004320,FALSE,TRUE
Edward N Janoff,I01CX001464,FALSE,TRUE
Edward N Janoff,I01CX002137,FALSE,TRUE
Edward N Janoff,IS1BX004806,FALSE,TRUE
Edward N Janoff,N01DE042600,FALSE,TRUE
Edward N Janoff,N01DE072621,FALSE,TRUE
Edward N Janoff,N01DE072623,FALSE,TRUE
Edward N Janoff,P30AI054907,FALSE,TRUE
Edward N Janoff,R01AI039445,FALSE,TRUE
Edward N Janoff,R01AI042240,FALSE,TRUE
Edward N Janoff,R01AI048796,FALSE,TRUE
Edward N Janoff,R01AI097265,FALSE,TRUE
Edward N Janoff,R01AI108479,FALSE,TRUE
Edward N Janoff,R01HD041361,FALSE,TRUE
Edward N Janoff,R01HD059527,FALSE,TRUE
Edward N Janoff,R21AI077069,FALSE,TRUE
Edward N Janoff,R21AI083615,FALSE,TRUE
Edward N Janoff,R21AI092468,FALSE,TRUE
Edward N Janoff,R21DE015072,FALSE,TRUE
Edward N Janoff,R29AI031373,FALSE,TRUE
Edward R Hofmann,F32GM020801,FALSE,TRUE
Edward R Laws,M01RR000847,TRUE,TRUE
Edward R Laws,P01NS017750,TRUE,FALSE
Edward R Laws,P50NS017750,TRUE,FALSE
Edwin W Ades,S07RR005365,FALSE,TRUE
Elad Tako,R01ES028788,FALSE,TRUE
Elan D Louis,K08NS001863,FALSE,TRUE
Elan D Louis,M01RR000645,FALSE,TRUE
Elan D Louis,P01AG007232,FALSE,TRUE
Elan D Louis,R01NS039422,FALSE,TRUE
Elan D Louis,R01NS042859,FALSE,TRUE
Elan D Louis,R01NS073872,FALSE,TRUE
Elan D Louis,R01NS085136,FALSE,TRUE
Elan D Louis,R01NS086736,FALSE,TRUE
Elan D Louis,R01NS088257,FALSE,TRUE
Elan D Louis,R01NS094607,FALSE,TRUE
Elan D Louis,R01NS117745,FALSE,TRUE
Elan D Louis,R01NS137042,FALSE,TRUE
Elan D Louis,R56NS042859,FALSE,TRUE
Elan D Louis,T32NS007153,FALSE,TRUE
Elan D Louis,T32NS105583,FALSE,TRUE
Elan D Louis,UE5NS098987,FALSE,TRUE
Elena Ambrogini,I01BX003901,FALSE,TRUE
Elena Ambrogini,P20GM125503,FALSE,TRUE
Elena L Grigorenko,K12TR004522,FALSE,TRUE
Elena L Grigorenko,P20HD091005,FALSE,TRUE
Elena L Grigorenko,P50HD052117,FALSE,TRUE
Elena L Grigorenko,P50HD052120,FALSE,TRUE
Elena L Grigorenko,P50MH081756,FALSE,TRUE
Elena L Grigorenko,R01DC007665,FALSE,TRUE
Elena L Grigorenko,R01HD085836,FALSE,TRUE
Elena L Grigorenko,R01HD109307,FALSE,TRUE
Elena L Grigorenko,R01MH089176,FALSE,TRUE
Elena L Grigorenko,R01TW008274,FALSE,TRUE
Elena L Grigorenko,R21HD070594,FALSE,TRUE
Elena L Grigorenko,R21HD116223,FALSE,TRUE
Elena L Grigorenko,R21TW006764,FALSE,TRUE
Eliezer Masliah,P01AG010435,TRUE,TRUE
Eliezer Masliah,P01AG022074,TRUE,TRUE
Eliezer Masliah,P01AG031097,TRUE,TRUE
Eliezer Masliah,P01DA012065,TRUE,TRUE
Eliezer Masliah,P01ES016738,TRUE,TRUE
Eliezer Masliah,P01NS044233,TRUE,TRUE
Eliezer Masliah,P30MH062512,TRUE,TRUE
Eliezer Masliah,P30NS076411,TRUE,TRUE
Eliezer Masliah,P41RR004050,TRUE,TRUE
Eliezer Masliah,P41RR011823,TRUE,TRUE
Eliezer Masliah,P50AG005131,TRUE,TRUE
Eliezer Masliah,P50MH045294,TRUE,TRUE
Eliezer Masliah,R01AG010689,TRUE,TRUE
Eliezer Masliah,R01AG018440,TRUE,TRUE
Eliezer Masliah,R01AG043384,TRUE,TRUE
Eliezer Masliah,R01MH062962,TRUE,TRUE
Eliezer Masliah,R37AG018440,TRUE,TRUE
Eliezer Masliah,ZIAAG000936,TRUE,TRUE
Elizabeth C Matsui,K23AI060955,FALSE,TRUE
Elizabeth C Matsui,K24AI114769,FALSE,TRUE
Elizabeth C Matsui,M01RR000052,FALSE,TRUE
Elizabeth C Matsui,P01ES018176,FALSE,TRUE
Elizabeth C Matsui,P50ES015903,FALSE,TRUE
Elizabeth C Matsui,P50ES018176,FALSE,TRUE
Elizabeth C Matsui,P50MD010431,FALSE,TRUE
Elizabeth C Matsui,R01AI070630,FALSE,TRUE
Elizabeth C Matsui,R01ES023447,FALSE,TRUE
Elizabeth C Matsui,R01ES026170,FALSE,TRUE
Elizabeth C Matsui,R01ES034803,FALSE,TRUE
Elizabeth C Matsui,R01ES035131,FALSE,TRUE
Elizabeth C Matsui,R34AI074928,FALSE,TRUE
Elizabeth C Matsui,R34HL159126,FALSE,TRUE
Elizabeth C Matsui,T32HL140290,FALSE,TRUE
Elizabeth C Matsui,U01AI083238,FALSE,TRUE
Elke Stein,R01MH071404,FALSE,TRUE
Elliot Abt,D30DH010117,FALSE,TRUE
Elliott Bennett-Guerrero,R01HL101382,FALSE,TRUE
Elliott Bennett-Guerrero,R56HL130186,FALSE,TRUE
Elliott R Haut,K08HS017952,FALSE,TRUE
Elliott R Haut,R01HS024547,FALSE,TRUE
Elliott R Haut,R13HL158206,FALSE,TRUE
Ellis L Reinherz,P01AI023360,TRUE,FALSE
Ellis L Reinherz,P01AI043649,TRUE,TRUE
Ellis L Reinherz,P01AI126901,TRUE,TRUE
Ellis L Reinherz,P01AI143565,TRUE,TRUE
Ellis L Reinherz,P01AI181597,TRUE,TRUE
Ellis L Reinherz,P30CA006516,TRUE,TRUE
Ellis L Reinherz,P41RR010888,TRUE,TRUE
Ellis L Reinherz,P41RR012408,TRUE,TRUE
Ellis L Reinherz,R01AI019807,TRUE,TRUE
Ellis L Reinherz,R01AI021226,TRUE,TRUE
Ellis L Reinherz,R01AI023390,TRUE,TRUE
Ellis L Reinherz,R01AI033017,TRUE,TRUE
Ellis L Reinherz,R01AI045022,TRUE,TRUE
Ellis L Reinherz,R01AI050900,TRUE,TRUE
Ellis L Reinherz,R01AI084785,TRUE,TRUE
Ellis L Reinherz,R01AI115698,TRUE,TRUE
Ellis L Reinherz,R01AI136960,TRUE,TRUE
Ellis L Reinherz,R01CA040134,TRUE,TRUE
Ellis L Reinherz,R01CA049232,TRUE,TRUE
Ellis L Reinherz,R01CA265928,TRUE,TRUE
Ellis L Reinherz,R21AI045022,TRUE,TRUE
Ellis L Reinherz,R37AI019807,TRUE,TRUE
Ellis L Reinherz,R56AI019807,TRUE,TRUE
Ellis L Reinherz,R56AI045022,TRUE,TRUE
Ellis L Reinherz,R56AI138489,TRUE,TRUE
Ellis L Reinherz,S10RR011450,TRUE,TRUE
Ellis L Reinherz,S10RR014854,TRUE,TRUE
Ellis L Reinherz,U01AI027336,TRUE,TRUE
Ellis L Reinherz,U01AI090043,TRUE,TRUE
Ellis L Reinherz,U19AI057330,TRUE,TRUE
Ellis L Reinherz,U19AI091693,TRUE,TRUE
Elsbeth L Walker,R01GM070852,FALSE,TRUE
Emily M Horvath,F31AT003977,FALSE,TRUE
Emily Morrow,F31DC019555,FALSE,TRUE
Emma Shtivelman,R01CA071422,TRUE,TRUE
Emma Shtivelman,R01CA114430,TRUE,TRUE
Emma Shtivelman,R41AT005575,TRUE,FALSE
Emmanuel N Pothos,R01DK065872,FALSE,TRUE
Emmanuel N Pothos,R03DA012908,FALSE,TRUE
Emmanuel N Pothos,UG3DA050942,FALSE,TRUE
Eran Bendavid,K01AI084582,FALSE,TRUE
Eran Bendavid,R01AI127250,FALSE,TRUE
Eran Bendavid,R21HD116234,FALSE,TRUE
Eric A Engels,Z01CP010150,TRUE,TRUE
Eric A Engels,Z01CP010172,TRUE,TRUE
Eric A Engels,ZIACP010150,TRUE,TRUE
Eric A Engels,ZIACP010211,TRUE,TRUE
Eric A Engels,ZIACP010212,TRUE,TRUE
Eric A Engels,ZIACP101235,TRUE,TRUE
Eric A Engels,ZIACP101242,TRUE,TRUE
Eric Block,P01CA045164,TRUE,FALSE
Eric Block,S07RR007122,TRUE,TRUE
Eric J Murphy,P20RR017699,TRUE,TRUE
Eric J Murphy,R21NS043697,TRUE,TRUE
Eric J Murphy,R21NS060141,TRUE,TRUE
Eric J Murphy,Z01AG000138,TRUE,FALSE
Eric J Smart,F32GM015631,FALSE,TRUE
Eric J Smart,P20RR015592,FALSE,TRUE
Eric J Smart,R01DK077632,FALSE,TRUE
Eric J Smart,R01HL058475,FALSE,TRUE
Eric J Smart,R01HL062844,FALSE,TRUE
Eric J Smart,R01HL064056,FALSE,TRUE
Eric J Smart,R01HL068509,FALSE,TRUE
Eric J Smart,R01HL078976,FALSE,TRUE
Eric J Smart,R21DK075473,FALSE,TRUE
Eric J Smart,R29HL058475,FALSE,TRUE
Eric J Smart,R56DK063025,FALSE,TRUE
Eric M Darling,F32AR053448,FALSE,TRUE
Eric M Darling,K99AR054673,FALSE,TRUE
Eric M Darling,R00AR054673,FALSE,TRUE
Eric M Darling,R01AR063642,FALSE,TRUE
Eric M Darling,R03EB036557,FALSE,TRUE
Eric T Clambey,F32AI058420,FALSE,TRUE
Eric T Clambey,R01AI157201,FALSE,TRUE
Eric T Clambey,R21AI134084,FALSE,TRUE
Eric T Poehlman,K04AG000564,TRUE,TRUE
Eric T Poehlman,M01RR000109,TRUE,TRUE
Eric T Poehlman,P60AG012583,TRUE,TRUE
Eric T Poehlman,R01AG007857,TRUE,TRUE
Eric T Poehlman,R01AG013978,TRUE,TRUE
Eric T Poehlman,R01AG018238,TRUE,TRUE
Eric T Poehlman,R01DK052752,TRUE,TRUE
Eric T Poehlman,R03DK052754,TRUE,TRUE
Eric T Poehlman,R29AG007857,TRUE,TRUE
Erich M Sturgis,R03CA128110,FALSE,TRUE
Erich M Sturgis,U01CA281660,FALSE,TRUE
Erich M Sturgis,U01DE032997,FALSE,TRUE
Erik. P Lillehoj,R21AI072291,FALSE,TRUE
Erik. P Lillehoj,R21AI083463,FALSE,TRUE
Erik. P Lillehoj,R21AI144497,FALSE,TRUE
Erik. P Lillehoj,R21ES013483,FALSE,TRUE
Erle S Robertson,P01CA174439,FALSE,TRUE
Erle S Robertson,P01CA281867,FALSE,TRUE
Erle S Robertson,P30CA016520,FALSE,TRUE
Erle S Robertson,P30DK050306,FALSE,TRUE
Erle S Robertson,R01AI067037,FALSE,TRUE
Erle S Robertson,R01CA072150,FALSE,TRUE
Erle S Robertson,R01CA091792,FALSE,TRUE
Erle S Robertson,R01CA108461,FALSE,TRUE
Erle S Robertson,R01CA137894,FALSE,TRUE
Erle S Robertson,R01CA138434,FALSE,TRUE
Erle S Robertson,R01CA171979,FALSE,TRUE
Erle S Robertson,R01CA177423,FALSE,TRUE
Erle S Robertson,R01CA244074,FALSE,TRUE
Erle S Robertson,R01CA268998,FALSE,TRUE
Erle S Robertson,R01DE014136,FALSE,TRUE
Erle S Robertson,R01DE017338,FALSE,TRUE
Erle S Robertson,R29CA072150,FALSE,TRUE
Erle S Robertson,T32CA115299,FALSE,TRUE
Erle S Robertson,T32CA288356,FALSE,TRUE
Erle S Robertson,U54CA190158,FALSE,TRUE
Ernest E Moore,P50GM049222,TRUE,TRUE
Ernest E Moore,RM1GM131968,TRUE,TRUE
Ernest E Moore,T32GM008315,TRUE,TRUE
Ernian Pan,R03OH010112,FALSE,TRUE
Errol J Philip,F31MH086977,FALSE,TRUE
Esmaiel Jabbari,R03DE019180,FALSE,TRUE
Esmaiel Jabbari,R56AR063745,FALSE,TRUE
Ethel Cesarman,R01CA068939,FALSE,TRUE
Ethel Cesarman,R01CA073531,FALSE,TRUE
Ethel Cesarman,R01CA082037,FALSE,TRUE
Ethel Cesarman,R01CA103646,FALSE,TRUE
Ethel Cesarman,R01CA154228,FALSE,TRUE
Ethel Cesarman,R01CA234561,FALSE,TRUE
Ethel Cesarman,R01CA250074,FALSE,TRUE
Ethel Cesarman,R01CA260691,FALSE,TRUE
Ethel Cesarman,R13CA239650,FALSE,TRUE
Ethel Cesarman,R21CA121934,FALSE,TRUE
Ethel Cesarman,R21CA206851,FALSE,TRUE
Ethel Cesarman,R25GM130494,FALSE,TRUE
Ethel Cesarman,R29CA068939,FALSE,TRUE
Ethel Cesarman,R38AI174255,FALSE,TRUE
Ethel Cesarman,T32AI007621,FALSE,TRUE
Ethel Cesarman,T32CA260293,FALSE,TRUE
Ethel Cesarman,T32GM152396,FALSE,TRUE
Ethel Cesarman,U01CA269199,FALSE,TRUE
Ethel Cesarman,U01CA275301,FALSE,TRUE
Eugene Braunwald,D28PE011111,TRUE,TRUE
Eugene Braunwald,D28PE011114,TRUE,TRUE
Eugene Braunwald,D28PE011123,TRUE,TRUE
Eugene Braunwald,K12AG000294,TRUE,TRUE
Eugene Braunwald,M01RR002635,TRUE,TRUE
Eugene Braunwald,R01HL042311,TRUE,TRUE
Eugene Braunwald,R01HL042419,TRUE,TRUE
Eugene Braunwald,S10RR002403,TRUE,TRUE
Eugene Braunwald,S10RR004135,TRUE,TRUE
Eugenio Cingolani,R01HL135866,FALSE,TRUE
Eugenio Cingolani,R01HL147570,FALSE,TRUE
Eva Surmacz,R29DK048969,FALSE,TRUE
Eyal Raz,P01AI040682,FALSE,TRUE
Eyal Raz,P01DK035108,FALSE,TRUE
Eyal Raz,R01AI037305,FALSE,TRUE
Eyal Raz,R01AI057709,FALSE,TRUE
Eyal Raz,R01AI058743,FALSE,TRUE
Eyal Raz,R01AI068685,FALSE,TRUE
Eyal Raz,R01HL141999,FALSE,TRUE
Eyal Raz,R21AI047078,FALSE,TRUE
Eyal Raz,R21AI083328,FALSE,TRUE
Eyal Raz,R21CA133702,FALSE,TRUE
Eyal Raz,R21HL079449,FALSE,TRUE
Eyal Raz,R56AI110505,FALSE,TRUE
Eyal Raz,U01AI095623,FALSE,TRUE
Eyal Raz,U01AI125860,FALSE,TRUE
Eyal Raz,U01CA276642,FALSE,TRUE
Faith B Davis,M01RR013987,FALSE,TRUE
Faith B Davis,P20CA096890,FALSE,TRUE
Faith B Davis,P50CA108786,FALSE,TRUE
Faith B Davis,R13NS054479,FALSE,TRUE
Fang Chen,F32GM015771,TRUE,FALSE
Fang Chen,K99EY034168,TRUE,FALSE
Fang Chen,R00EY034168,TRUE,FALSE
Farhaan S Vahidy,R56AG074467,FALSE,TRUE
Fazlul H Sarkar,R01CA061235,FALSE,TRUE
Fazlul H Sarkar,R01CA083695,FALSE,TRUE
Fazlul H Sarkar,R01CA101870,FALSE,TRUE
Fazlul H Sarkar,R01CA108535,FALSE,TRUE
Fazlul H Sarkar,R01CA131151,FALSE,TRUE
Fazlul H Sarkar,R01CA132794,FALSE,TRUE
Fazlul H Sarkar,R01CA154321,FALSE,TRUE
Fazlul H Sarkar,R01CA164318,FALSE,TRUE
Fazlul H Sarkar,R41CA068777,FALSE,TRUE
Fei Gao,F32ES015383,TRUE,FALSE
Fei Gao,F32GM018667,TRUE,FALSE
Fei Gao,K99AI185150,TRUE,FALSE
Fei Gao,R01AI177078,TRUE,FALSE
Fei Li,K99MH119591,TRUE,FALSE
Fei Li,R01GM106037,TRUE,FALSE
Fei Li,R35GM134920,TRUE,FALSE
Fei Wang,K01MH086621,TRUE,FALSE
Fei Wang,K99EY036489,TRUE,FALSE
Fei Wang,K99HL155850,TRUE,FALSE
Fei Wang,OT2OD038083,TRUE,TRUE
Fei Wang,R00HL155850,TRUE,FALSE
Fei Wang,R01AG072449,TRUE,TRUE
Fei Wang,R01AG076234,TRUE,TRUE
Fei Wang,R01AG076448,TRUE,TRUE
Fei Wang,R01AG080624,TRUE,TRUE
Fei Wang,R01AG080991,TRUE,TRUE
Fei Wang,R01GM083812,TRUE,FALSE
Fei Wang,R01GM133899,TRUE,FALSE
Fei Wang,R01MH124740,TRUE,TRUE
Fei Wang,R21NS147229,TRUE,FALSE
Fei Wang,R35GM156387,TRUE,FALSE
Fei Wang,R43AA015644,TRUE,FALSE
Fei Wang,R43EB006657,TRUE,FALSE
Fei Wang,R43GM062054,TRUE,FALSE
Fei Wang,R43GM076849,TRUE,FALSE
Fei Wang,R44EB000551,TRUE,FALSE
Fei Wang,RF1AG072449,TRUE,TRUE
Fei Wang,RF1AG084178,TRUE,TRUE
Felipe C Cabello,R01AI022613,FALSE,TRUE
Felipe C Cabello,R01AI043063,FALSE,TRUE
Felipe C Cabello,R01AI048856,FALSE,TRUE
Felipe C Cabello,R21AI043063,FALSE,TRUE
Felipe C Cabello,R43AI031765,FALSE,TRUE
Felipe C Cabello,R43AI036004,FALSE,TRUE
Felipe C Cabello,R44AI036004,FALSE,TRUE
Feng Chen,R01CA260112,FALSE,TRUE
Feng Chen,R01DK067386,FALSE,TRUE
Feng Chen,R01DK081592,FALSE,TRUE
Feng Chen,R01DK087960,FALSE,TRUE
Feng Chen,R01HG009711,FALSE,TRUE
Feng Chen,R21DK064816,FALSE,TRUE
Feng Chen,U01CA294532,FALSE,TRUE
Feng Chen,U01DK131380,FALSE,TRUE
Feng Chen,U54AG075934,FALSE,TRUE
Feng Chen,U54CA224083,FALSE,TRUE
Feng Jin,R41EB033758,FALSE,TRUE
Feng Li,F32EY006973,TRUE,FALSE
Feng Li,K02AI076125,TRUE,FALSE
Feng Li,P01AG066606,TRUE,FALSE
Feng Li,R01AI141889,TRUE,FALSE
Feng Li,R01DK121970,TRUE,FALSE
Feng Li,R01HD101485,TRUE,FALSE
Feng Li,R21AI071788,TRUE,FALSE
Feng Li,R21AI078177,TRUE,FALSE
Feng Li,R21AI107379,TRUE,FALSE
Feng Li,R21AI128558,TRUE,FALSE
Feng Li,R21CA239052,TRUE,FALSE
Feng Li,R21CA283665,TRUE,FALSE
Feng Li,R21DE034146,TRUE,FALSE
Feng Li,R33HD099995,TRUE,FALSE
Feng Li,R61HD099995,TRUE,FALSE
Feng Li,SC3GM109332,TRUE,FALSE
Feng Liu,K01DK065964,TRUE,FALSE
Feng Liu,R01AG026243,TRUE,FALSE
Feng Liu,R01CA149387,TRUE,FALSE
Feng Liu,R01DK052933,TRUE,FALSE
Feng Liu,R01DK056166,TRUE,FALSE
Feng Liu,R01DK076902,TRUE,FALSE
Feng Liu,R01DK100697,TRUE,FALSE
Feng Liu,R01DK114479,TRUE,FALSE
Feng Liu,R01DK115761,TRUE,FALSE
Feng Liu,R03AG020648,TRUE,FALSE
Feng Liu,R21AG026085,TRUE,FALSE
Feng Liu,R21NS135482,TRUE,TRUE
Feng Wang,F32HL074643,TRUE,FALSE
Feng Wang,P20GM103429,TRUE,FALSE
Feng Wang,R01GM120578,TRUE,FALSE
Feng Wang,R43AG052242,TRUE,FALSE
Feng Wang,R43AG053092,TRUE,FALSE
Feng Wang,R44AG053092,TRUE,FALSE
Feng Wei,R01DE018573,FALSE,TRUE
Feng Wei,R01DE027731,FALSE,TRUE
Feng Wei,R01DE029946,FALSE,TRUE
Feng Wei,R01NS091296,FALSE,TRUE
Feng Wei,R56DE024220,FALSE,TRUE
Feng Wei,UG3NS135350,FALSE,TRUE
Fernando DeMiguel,R01DK066138,FALSE,TRUE
Flavia Pichiorri,R01CA194742,FALSE,TRUE
Flavia Pichiorri,R01CA201382,FALSE,TRUE
Flavia Pichiorri,R01CA238429,FALSE,TRUE
Flavia Pichiorri,R01CA253545,FALSE,TRUE
Florence L Marlow,R01GM089979,FALSE,TRUE
Florence L Marlow,R01GM133896,FALSE,TRUE
Florence L Marlow,R21HD091456,FALSE,TRUE
Florence L Marlow,R35GM153244,FALSE,TRUE
Flossie Wong-Staal,M01RR000827,TRUE,FALSE
Flossie Wong-Staal,P01AI045992,TRUE,FALSE
Flossie Wong-Staal,P30AI036214,TRUE,FALSE
Flossie Wong-Staal,R01AI029889,TRUE,FALSE
Flossie Wong-Staal,R01AI031378,TRUE,FALSE
Flossie Wong-Staal,R01CA052412,TRUE,FALSE
Flossie Wong-Staal,R01DK049618,TRUE,FALSE
Flossie Wong-Staal,R01DK054675,TRUE,FALSE
Flossie Wong-Staal,R01GM056089,TRUE,FALSE
Flossie Wong-Staal,R03TW000678,TRUE,FALSE
Flossie Wong-Staal,R13AI043951,TRUE,FALSE
Flossie Wong-Staal,R43DK079448,TRUE,FALSE
Flossie Wong-Staal,S10RR011852,TRUE,FALSE
Flossie Wong-Staal,U01AI030238,TRUE,FALSE
Flossie Wong-Staal,U19AI036612,TRUE,FALSE
Frances H Arnold,P41RR000954,FALSE,TRUE
Frances H Arnold,P41RR001209,FALSE,TRUE
Frances H Arnold,R01GM068664,FALSE,TRUE
Frances H Arnold,R01GM125887,FALSE,TRUE
Frances H Arnold,R01GM138740,FALSE,TRUE
Frances H Arnold,R21MH103824,FALSE,TRUE
Frances H Arnold,S10RR027203,FALSE,TRUE
Frances H Arnold,T32GM008346,FALSE,TRUE
Frances H Arnold,T32GM112592,FALSE,TRUE
Francesca Bosetti,Z01AG000149,TRUE,TRUE
Francesca Bosetti,Z01AG000422,TRUE,TRUE
Francesca Bosetti,Z01AG000423,TRUE,TRUE
Francesca Bosetti,Z01AG000424,TRUE,TRUE
Francesca Bosetti,Z01AG000425,TRUE,TRUE
Francesca Bosetti,Z01AG000427,TRUE,TRUE
Francesca Bosetti,ZIAAG000425,TRUE,TRUE
Francesca Bosetti,ZIAAG000429,TRUE,TRUE
Francesca Bosetti,ZIAAG000430,TRUE,TRUE
Francis H Tsao,P50HL027358,TRUE,TRUE
Francis H Tsao,P50HL046478,TRUE,TRUE
Francis H Tsao,R01HL038744,TRUE,TRUE
Francis S Collins,P01DK042718,TRUE,TRUE
Francis S Collins,P30HG000209,TRUE,TRUE
Francis S Collins,R01DK039690,TRUE,TRUE
Francis S Collins,R01GM034960,TRUE,TRUE
Francis S Collins,R01HG000244,TRUE,TRUE
Francis S Collins,R01NS023410,TRUE,TRUE
Francis S Collins,R01NS023427,TRUE,TRUE
Francis S Collins,R13DK044376,TRUE,TRUE
Francis S Collins,R13DK044904,TRUE,TRUE
Francis S Collins,Z01HG000024,TRUE,TRUE
Francis S Collins,Z01HG000026,TRUE,TRUE
Francis S Collins,Z01HG000134,TRUE,TRUE
Francis S Collins,Z01HG200304,TRUE,TRUE
Francis S Collins,Z01HG200305,TRUE,TRUE
Francis S Collins,Z01HG200361,TRUE,TRUE
Francis S Collins,ZIAHG000024,TRUE,TRUE
Francis S Collins,ZIAHG200305,TRUE,TRUE
Francis S Collins,ZIAHG200361,TRUE,TRUE
Francis S Collins,ZIAHG200389,TRUE,TRUE
Francis T Thomas,U19DK057958,FALSE,TRUE
Frank A Duca,R01DK121804,FALSE,TRUE
Frank A Duca,R01ES033993,FALSE,TRUE
Frank A Laski,R01EY014876,FALSE,TRUE
Frank A Laski,R01GM040451,FALSE,TRUE
Frank A Laski,R21GM061081,FALSE,TRUE
Frank J Giblin,P30EY005230,FALSE,TRUE
Frank J Giblin,R01EY002027,FALSE,TRUE
Frank J Giblin,R24EY014803,FALSE,TRUE
Frank J Giblin,S10RR026546,FALSE,TRUE
Frank J Giblin,S15EY008438,FALSE,TRUE
Frank Q Nuttall,M01RR000400,FALSE,TRUE
Frank R Stermitz,S07RR007127,FALSE,TRUE
Frank Sauer,H79SP018865,FALSE,TRUE
Frank W Sellke,R01HL046716,FALSE,TRUE
Frank W Sellke,R01HL069024,FALSE,TRUE
Frank W Sellke,R01HL085647,FALSE,TRUE
Frank W Sellke,R01HL128831,FALSE,TRUE
Frank W Sellke,R29HL046716,FALSE,TRUE
Frank W Sellke,T32HL076130,FALSE,TRUE
Frank W Sellke,T32HL160517,FALSE,TRUE
Fraydoon Rastinejad,F32GM015960,TRUE,TRUE
Fraydoon Rastinejad,P41RR001646,TRUE,FALSE
Fraydoon Rastinejad,R01DK055663,TRUE,TRUE
Fraydoon Rastinejad,R01DK066347,TRUE,TRUE
Fraydoon Rastinejad,R01DK094147,TRUE,TRUE
Fraydoon Rastinejad,R01DK097475,TRUE,TRUE
Fraydoon Rastinejad,R01DK101520,TRUE,TRUE
Fraydoon Rastinejad,R01DK118297,TRUE,TRUE
Fraydoon Rastinejad,R01GM055217,TRUE,TRUE
Fraydoon Rastinejad,R01GM117013,TRUE,TRUE
Fraydoon Rastinejad,R01GM120532,TRUE,TRUE
Fred A Weaver,M01RR000043,FALSE,TRUE
Freddy Romero,R01HL136833,FALSE,TRUE
Frederick M MacDonnell,R15CA113747,FALSE,TRUE
Frederick W Miller,Z01BO003009,FALSE,TRUE
Frederique A Jacquerioz,R13HS016273,FALSE,TRUE
Friedrich B Prinz,R21EB002826,FALSE,TRUE
Fudong Liu,R01MH127856,FALSE,TRUE
Fudong Liu,R01NS093042,FALSE,TRUE
Fudong Liu,R01NS108779,FALSE,TRUE
Fudong Liu,R01NS129977,FALSE,TRUE
Fudong Liu,R21NS091794,FALSE,TRUE
Fusun Kilic,R01HL091196,FALSE,TRUE
Fusun Kilic,R03HD053477,FALSE,TRUE
Fusun Kilic,R03HD058697,FALSE,TRUE
G. B John Mancini,R01HL036813,FALSE,TRUE
Gabriella D'Arcangelo,F32NS009698,FALSE,TRUE
Gabriella D'Arcangelo,R01NS042616,FALSE,TRUE
Gabriella D'Arcangelo,R03HD039914,FALSE,TRUE
Gabriella D'Arcangelo,R21NS089441,FALSE,TRUE
Gadiparthi N Rao,R01EY014856,FALSE,TRUE
Gadiparthi N Rao,R01EY034425,FALSE,TRUE
Gadiparthi N Rao,R01HL064165,FALSE,TRUE
Gadiparthi N Rao,R01HL069908,FALSE,TRUE
Gadiparthi N Rao,R01HL074860,FALSE,TRUE
Gadiparthi N Rao,R01HL103575,FALSE,TRUE
Gail M Rosenbaum,F32DA047047,FALSE,TRUE
Gan Wang,P01HL066299,FALSE,TRUE
Gan Wang,P60HL038639,FALSE,TRUE
Gan Wang,R01ES009699,FALSE,TRUE
Gan Wang,R01HL062551,FALSE,TRUE
Gang Li,K01MH107815,TRUE,TRUE
Gang Li,P30CA016042,TRUE,TRUE
Gang Li,P50CA211015,TRUE,TRUE
Gang Li,R01AG056279,TRUE,FALSE
Gang Li,R01AG065229,TRUE,FALSE
Gang Li,R01AG075582,TRUE,TRUE
Gang Li,R01DK142026,TRUE,TRUE
Gang Li,R01EB037388,TRUE,TRUE
Gang Li,R01MH116225,TRUE,TRUE
Gang Li,R01MH117943,TRUE,TRUE
Gang Li,R01NS128534,TRUE,TRUE
Gang Li,R21AR070378,TRUE,FALSE
Gang Li,R21MH108914,TRUE,TRUE
Gang Li,R21MH127544,TRUE,TRUE
Gang Li,R21NS096443,TRUE,FALSE
Gang Li,R29CA078314,TRUE,TRUE
Gang Li,RF1MH123202,TRUE,TRUE
Gang Li,RF1NS128534,TRUE,TRUE
Gang Liu,P01HL114470,TRUE,TRUE
Gang Liu,R01AI170913,TRUE,TRUE
Gang Liu,R01GM070560,TRUE,FALSE
Gang Liu,R01HL076206,TRUE,TRUE
Gang Liu,R01HL105473,TRUE,TRUE
Gang Liu,R01HL126737,TRUE,TRUE
Gang Liu,R01NS052677,TRUE,FALSE
Gang Liu,R03AG021300,TRUE,FALSE
Gang Liu,R21HL097218,TRUE,TRUE
Gang Liu,R21NS044064,TRUE,FALSE
Gang Liu,R35HL135830,TRUE,TRUE
Gang Liu,R42HL170898,TRUE,TRUE
Gang Liu,R43AG052271,TRUE,FALSE
Gang Liu,R43AG060819,TRUE,FALSE
Gang Liu,R43AR077344,TRUE,FALSE
Gang Liu,R43HD088253,TRUE,FALSE
Gang Liu,R43TR000572,TRUE,FALSE
Gang Liu,U01AI061092,TRUE,FALSE
Garth D Ehrlich,N01DC062110,FALSE,TRUE
Garth D Ehrlich,P30CA056036,FALSE,TRUE
Garth D Ehrlich,P41RR006009,FALSE,TRUE
Garth D Ehrlich,R01AI080935,FALSE,TRUE
Garth D Ehrlich,R01DC002148,FALSE,TRUE
Garth D Ehrlich,R01DC004173,FALSE,TRUE
Garth D Ehrlich,R01DC004591,FALSE,TRUE
Gary A Koretzky,P01CA066570,FALSE,TRUE
Gary A Koretzky,P01CA093615,FALSE,TRUE
Gary A Koretzky,P01HL051670,FALSE,TRUE
Gary A Koretzky,P50HL060316,FALSE,TRUE
Gary A Koretzky,R01AI041146,FALSE,TRUE
Gary A Koretzky,R01AI058019,FALSE,TRUE
Gary A Koretzky,R01AI061039,FALSE,TRUE
Gary A Koretzky,R01CA056050,FALSE,TRUE
Gary A Koretzky,R01CA089682,FALSE,TRUE
Gary A Koretzky,R01GM053256,FALSE,TRUE
Gary A Koretzky,R01HL065101,FALSE,TRUE
Gary A Koretzky,R13AI054372,FALSE,TRUE
Gary A Koretzky,R13AI065155,FALSE,TRUE
Gary A Koretzky,R13AI066421,FALSE,TRUE
Gary A Koretzky,R13AI068311,FALSE,TRUE
Gary A Koretzky,R29CA056843,FALSE,TRUE
Gary A Koretzky,R37GM053256,FALSE,TRUE
Gary A Koretzky,T32AR007442,FALSE,TRUE
Gary A Koretzky,T32GM007337,FALSE,TRUE
Gary D Kruh,R01CA057273,FALSE,TRUE
Gary D Kruh,R01CA063173,FALSE,TRUE
Gary D Kruh,R01CA114574,FALSE,TRUE
Gary D Kruh,R55CA057273,FALSE,TRUE
Gary D Kruh,U01CA073728,FALSE,TRUE
Gary F Nieman,R01HL142702,FALSE,TRUE
Gary F Nieman,R33HL089076,FALSE,TRUE
Gary J Pielak,DP1OD000783,FALSE,TRUE
Gary J Pielak,F32GM009833,FALSE,TRUE
Gary J Pielak,R01GM042501,FALSE,TRUE
Gary J Pielak,R01GM127291,FALSE,TRUE
Gary J Pielak,R21ES010774,FALSE,TRUE
Gary J Pielak,R29GM042501,FALSE,TRUE
Gary J Pielak,S10RR008360,FALSE,TRUE
Gary L Dunbar,R15NS030694,FALSE,TRUE
Gary M Williams,M01RR000833,FALSE,TRUE
Gary M Williams,R01CA039545,FALSE,TRUE
Gary M Williams,R01CA086056,FALSE,TRUE
Gary M Williams,R01ES005642,FALSE,TRUE
Gary M Williams,R03CA099050,FALSE,TRUE
Gary M Williams,R13CA051863,FALSE,TRUE
Gary M Williams,R13CA053160,FALSE,TRUE
Gary R VandenBos,R13MH047525,FALSE,TRUE
Gary Struhl,P30AR044535,TRUE,TRUE
Gary Struhl,R01GM095797,TRUE,TRUE
Gary Struhl,R01GM109183,TRUE,TRUE
Gary Struhl,R01GM113000,TRUE,TRUE
Gary Struhl,R21NS125194,TRUE,TRUE
Gary Struhl,R35GM127141,TRUE,TRUE
Gautam S Ghatnekar,R42AR053798,FALSE,TRUE
Gautam S Ghatnekar,R43AI142887,FALSE,TRUE
Gautam S Ghatnekar,R43AR077503,FALSE,TRUE
Gautam S Ghatnekar,R43DK080567,FALSE,TRUE
Gautam S Ghatnekar,R43EY021965,FALSE,TRUE
Gautam S Ghatnekar,R43EY028072,FALSE,TRUE
Gautam S Ghatnekar,R43HL131360,FALSE,TRUE
Gautam S Ghatnekar,R44DK080567,FALSE,TRUE
Gautam S Ghatnekar,R44DK125244,FALSE,TRUE
Gautam S Ghatnekar,SB1DK080567,FALSE,TRUE
Ge Wang,P20RR015581,TRUE,TRUE
Ge Wang,R01CA237267,TRUE,TRUE
Ge Wang,R01DC003590,TRUE,TRUE
Ge Wang,R01EB002667,TRUE,TRUE
Ge Wang,R01EB011785,TRUE,TRUE
Ge Wang,R01EB016977,TRUE,TRUE
Ge Wang,R01EB031102,TRUE,TRUE
Ge Wang,R01EB032716,TRUE,TRUE
Ge Wang,R01HL098912,TRUE,TRUE
Ge Wang,R01HL151561,TRUE,TRUE
Ge Wang,R03DC002798,TRUE,TRUE
Ge Wang,R21AI076569,TRUE,FALSE
Ge Wang,R21CA127189,TRUE,TRUE
Ge Wang,R21CA264772,TRUE,TRUE
Ge Wang,R21EB001685,TRUE,TRUE
Ge Wang,R21EB004287,TRUE,TRUE
Ge Wang,R29DK050184,TRUE,TRUE
Ge Wang,R33EB001685,TRUE,TRUE
Ge Wang,R33EB004287,TRUE,TRUE
Ge Wang,S10OD026811,TRUE,TRUE
Ge Wang,S10RR025667,TRUE,TRUE
Ge Wang,U01EB017140,TRUE,TRUE
Gene D LeSage,R01DK054208,FALSE,TRUE
Geoffrey I Shapiro,K08CA073700,FALSE,TRUE
Geoffrey I Shapiro,P01CA269021,FALSE,TRUE
Geoffrey I Shapiro,P30CA006516,FALSE,TRUE
Geoffrey I Shapiro,P50CA090578,FALSE,TRUE
Geoffrey I Shapiro,P50CA168504,FALSE,TRUE
Geoffrey I Shapiro,P50CA240243,FALSE,TRUE
Geoffrey I Shapiro,R01CA090687,FALSE,TRUE
Geoffrey I Shapiro,R01CA272982,FALSE,TRUE
Geoffrey I Shapiro,R01CA285308,FALSE,TRUE
Geoffrey I Shapiro,UM1CA186709,FALSE,TRUE
George A Kaysen,R01DK042297,FALSE,TRUE
George A Kaysen,R01DK050777,FALSE,TRUE
George A Ricaurte,K02DA000206,TRUE,TRUE
George A Ricaurte,K05DA017964,TRUE,TRUE
George A Ricaurte,M01RR002719,TRUE,TRUE
George A Ricaurte,R01DA005707,TRUE,TRUE
George A Ricaurte,R01DA005938,TRUE,TRUE
George A Ricaurte,R01DA006275,TRUE,TRUE
George A Ricaurte,R01DA009487,TRUE,TRUE
George A Ricaurte,R01DA010217,TRUE,TRUE
George A Ricaurte,R01DA011226,TRUE,TRUE
George A Ricaurte,R01DA013790,TRUE,TRUE
George A Ricaurte,R01DA013946,TRUE,TRUE
George A Ricaurte,R01HD050202,TRUE,TRUE
George A Ricaurte,R01MH083967,TRUE,TRUE
George A Ricaurte,R29DA005707,TRUE,TRUE
George J Trachte,K12GM074628,TRUE,FALSE
George J Trachte,R01HL034600,TRUE,FALSE
George J Trachte,R01HL035934,TRUE,FALSE
George J Trachte,R01HL042525,TRUE,FALSE
George J Trachte,R21DC006063,TRUE,FALSE
George J Trachte,R25GM053403,TRUE,FALSE
George J Trachte,R25GM053421,TRUE,FALSE
George J Trachte,S07RR005896,TRUE,TRUE
George L King,DP3DK094333,TRUE,TRUE
George L King,DP3DK112192,TRUE,TRUE
George L King,G20RR019558,TRUE,TRUE
George L King,M01RR001032,TRUE,TRUE
George L King,P30DK036836,TRUE,TRUE
George L King,R01DK036433,TRUE,TRUE
George L King,R01DK053105,TRUE,TRUE
George L King,R01DK059725,TRUE,TRUE
George L King,R01DK071359,TRUE,TRUE
George L King,R01EY005110,TRUE,TRUE
George L King,R01EY009178,TRUE,TRUE
George L King,R01EY016150,TRUE,TRUE
George L King,R01EY026080,TRUE,TRUE
George L King,R01HL161864,TRUE,TRUE
George L King,R21DK063000,TRUE,TRUE
George L King,R21DK063511,TRUE,TRUE
George L King,R21MD017662,TRUE,TRUE
George L King,R24DK083957,TRUE,TRUE
George L King,R24DK090961,TRUE,TRUE
George L King,S07RR018142,TRUE,TRUE
George L King,U01DK142331,TRUE,TRUE
George L Spaeth,S07RR005510,TRUE,TRUE
George L Spaeth,S15EY010877,TRUE,TRUE
George L Spaeth,U01EY004563,TRUE,TRUE
George L Spaeth,U10EY009143,TRUE,TRUE
George P Yang,I01BX003754,FALSE,TRUE
George P Yang,K08GM069677,FALSE,TRUE
George R Buchanan,N01HB077032,FALSE,TRUE
George R Buchanan,T32CA009640,FALSE,TRUE
George R Buchanan,U10CA033625,FALSE,TRUE
George R Buchanan,U54HL070588,FALSE,TRUE
Gerald Krueger,M01RR000064,FALSE,TRUE
Gerald Krueger,P01HD028528,FALSE,TRUE
Gerald Krueger,R01AM021405,FALSE,TRUE
Gerald Krueger,R01AR021405,FALSE,TRUE
Gerald Krueger,R01CA048109,FALSE,TRUE
Gerald M Woods,N01HB077044,FALSE,TRUE
Gerald Schatten,G20RR018338,FALSE,TRUE
Gerald Schatten,G20RR021610,FALSE,TRUE
Gerald Schatten,P01HD047675,FALSE,TRUE
Gerald Schatten,P41RR000570,FALSE,TRUE
Gerald Schatten,P50AG005133,FALSE,TRUE
Gerald Schatten,P50ES012359,FALSE,TRUE
Gerald Schatten,P51RR000163,FALSE,TRUE
Gerald Schatten,P51RR000167,FALSE,TRUE
Gerald Schatten,P51RR013986,FALSE,TRUE
Gerald Schatten,R01HD012913,FALSE,TRUE
Gerald Schatten,R01HD022902,FALSE,TRUE
Gerald Schatten,R01HD032887,FALSE,TRUE
Gerald Schatten,R13HD037916,FALSE,TRUE
Gerald Schatten,R24RR013632,FALSE,TRUE
Gerald Schatten,R25AG043365,FALSE,TRUE
Gerald Schatten,R25AG071461,FALSE,TRUE
Gerald Schatten,R25AG096206,FALSE,TRUE
Gerald Schatten,R25AI164613,FALSE,TRUE
Gerald Schatten,R25CA163168,FALSE,TRUE
Gerald Schatten,R25DA043880,FALSE,TRUE
Gerald Schatten,R37HD012913,FALSE,TRUE
Gerald Schatten,T15HD072833,FALSE,TRUE
Gerald Schatten,T15HL074353,FALSE,TRUE
Gerald Schatten,T32HD007342,FALSE,TRUE
Gerald Schatten,U13HD061150,FALSE,TRUE
Gerald Schatten,U54HD018185,FALSE,TRUE
Gerard C Grosveld,P01CA071907,FALSE,TRUE
Gerard C Grosveld,P30CA021765,FALSE,TRUE
Gerard C Grosveld,R01CA072996,FALSE,TRUE
Gerard C Grosveld,R01CA076480,FALSE,TRUE
Gerd G Maul,P30CA010815,FALSE,TRUE
Gerd G Maul,R01AI041136,FALSE,TRUE
Gerd G Maul,R01AR038907,FALSE,TRUE
Gerd G Maul,R01GM032864,FALSE,TRUE
Gerd G Maul,R01GM064691,FALSE,TRUE
Gerd G Maul,R03AI053237,FALSE,TRUE
Gerd G Maul,R21AI041136,FALSE,TRUE
Gerd G Maul,R21AI052742,FALSE,TRUE
Gerd G Maul,R21GM057599,FALSE,TRUE
Gerd G Maul,R56AI041136,FALSE,TRUE
Gerold Feuer,F32CA009108,FALSE,TRUE
Gerold Feuer,R21CA117831,FALSE,TRUE
Gerold Feuer,R21CA124595,FALSE,TRUE
Gerold Feuer,R29CA077567,FALSE,TRUE
Gerold Feuer,R43CA200096,FALSE,TRUE
Gert Bronfort,R01AT000707,FALSE,TRUE
Gert Bronfort,R01AT006330,FALSE,TRUE
Gert Bronfort,R34AT011209,FALSE,TRUE
Gert Bronfort,UG3AT008769,FALSE,TRUE
Gert Bronfort,UH3AT008769,FALSE,TRUE
Giancarlo Vecchio,F15TW000372,FALSE,TRUE
Gilda G Hillman,R21CA155518,FALSE,TRUE
Gintautas Grabauskas,R01DK110436,FALSE,TRUE
Gintautas Grabauskas,R01DK122350,FALSE,TRUE
Girish V Shah,R01CA096534,FALSE,TRUE
Girish V Shah,R01DK045044,FALSE,TRUE
Girish V Shah,R56CA096534,FALSE,TRUE
Gita Suneja,K08CA228631,FALSE,TRUE
Gita Suneja,R25CA240171,FALSE,TRUE
Gita Suneja,R25CA246756,FALSE,TRUE
Glen R Hood,P42ES030991,FALSE,TRUE
Gongyi Zhang,F32GM019441,FALSE,TRUE
Gongyi Zhang,R01GM065341,FALSE,TRUE
Gongyi Zhang,R01GM080719,FALSE,TRUE
Gongyi Zhang,R01GM135421,FALSE,TRUE
Gongyi Zhang,R21AI109219,FALSE,TRUE
Govindasamy Ilangovan,R01HL078796,FALSE,TRUE
Govindasamy Ilangovan,R01HL131941,FALSE,TRUE
Govindasamy Ilangovan,R21EB004658,FALSE,TRUE
Govindasamy Ilangovan,R21HL094881,FALSE,TRUE
Gregg E Dinse,Z01ES045007,TRUE,TRUE
Gregg E Dinse,Z01ES045008,TRUE,TRUE
Gregg L Semenza,F32HL007983,FALSE,TRUE
Gregg L Semenza,M01RR000052,FALSE,TRUE
Gregg L Semenza,P01HL065608,FALSE,TRUE
Gregg L Semenza,P20GM078494,FALSE,TRUE
Gregg L Semenza,P50DE011131,FALSE,TRUE
Gregg L Semenza,P60DE013078,FALSE,TRUE
Gregg L Semenza,R01DK039869,FALSE,TRUE
Gregg L Semenza,R01HL055338,FALSE,TRUE
Gregg L Semenza,R03HL096201,FALSE,TRUE
Gregg L Semenza,U54CA143868,FALSE,TRUE
Gregory A Graf,R01DK077632,FALSE,TRUE
Gregory A Graf,R01DK080874,FALSE,TRUE
Gregory A Graf,R01DK100892,FALSE,TRUE
Gregory A Graf,R01DK113625,FALSE,TRUE
Gregory A Graf,R13HL154523,FALSE,TRUE
Gregory A Graf,R13HL165800,FALSE,TRUE
Gregory A Graf,R13HL170691,FALSE,TRUE
Gregory A Graf,R13HL182218,FALSE,TRUE
Gregory D Hager,P30AG073104,FALSE,TRUE
Gregory D Hager,R01EB015530,FALSE,TRUE
Gregory D Hager,R01EB030511,FALSE,TRUE
Gregory D Hager,R21EB005201,FALSE,TRUE
Gregory D Hager,R21EB008227,FALSE,TRUE
Gregory D Hager,R21EB008490,FALSE,TRUE
Gregory D Poore,F30CA243480,FALSE,TRUE
Gregory I Liou,R01EY003829,FALSE,TRUE
Gregory I Liou,R01EY012078,FALSE,TRUE
Gregory L Fricchione,T32MH093310,FALSE,TRUE
Gregory L Fricchione,T32MH116140,FALSE,TRUE
Guang Yang,F05TW003807,TRUE,FALSE
Guang Yang,R01AA027108,TRUE,TRUE
Guang Yang,R01AG041274,TRUE,TRUE
Guang Yang,R01GM107469,TRUE,TRUE
Guang Yang,R21AG048410,TRUE,TRUE
Guang Yang,R21EY032382,TRUE,TRUE
Guang Yang,R21HD111955,TRUE,TRUE
Guang Yang,R21NS106469,TRUE,TRUE
Guang Yang,R21NS137066,TRUE,TRUE
Guang Yang,R35GM131765,TRUE,TRUE
Guang Yang,U01NS118302,TRUE,TRUE
Guang-Xian Zhang,R01NS075260,FALSE,TRUE
Guang-Xian Zhang,R01NS099594,FALSE,TRUE
Guang-Xian Zhang,R03NS069954,FALSE,TRUE
Guang-Xian Zhang,R21AI135601,FALSE,TRUE
Guang-Xian Zhang,U19AI082726,FALSE,TRUE
Guangwen Tang,R01DK060021,FALSE,TRUE
Guillermo I Perez-Perez,N01DK062202,FALSE,TRUE
Guillermo I Perez-Perez,R01CA058834,FALSE,TRUE
Guillermo I Perez-Perez,R03CA099512,FALSE,TRUE
Gulam Waris,R01DK106244,FALSE,TRUE
Gulam Waris,R21AI078532,FALSE,TRUE
Gulam Waris,R56AI089772,FALSE,TRUE
Guodong Liu,P20GM109024,TRUE,FALSE
Guodong Liu,R01HS029003,TRUE,FALSE
Guodong Liu,R21CA137703,TRUE,FALSE
Guodong Liu,R21MH119480,TRUE,FALSE
Guoqiang Yu,R01CA149274,TRUE,FALSE
Guoqiang Yu,R01EB028792,TRUE,FALSE
Guoqiang Yu,R01HD101508,TRUE,FALSE
Guoqiang Yu,R01MH110504,TRUE,TRUE
Guoqiang Yu,R21AR062356,TRUE,FALSE
Guoqiang Yu,R21HD091118,TRUE,FALSE
Guoqiang Yu,R21HL083225,TRUE,FALSE
Guoqiang Yu,R41CA243600,TRUE,FALSE
Guoqiang Yu,R41NS122722,TRUE,FALSE
Guoqiang Yu,R42CA243600,TRUE,FALSE
Guoqiang Yu,R42MH135825,TRUE,FALSE
Guoqiang Yu,R56NS117587,TRUE,FALSE
Guoqiang Yu,U19NS123719,TRUE,TRUE
Guosong Liu,R01NS037342,FALSE,TRUE
Gustavo Kunde Rohde,R01GM090033,FALSE,TRUE
Gustavo Kunde Rohde,R01GM130825,FALSE,TRUE
Gustavo Kunde Rohde,R21CA188938,FALSE,TRUE
Gustavo Kunde Rohde,R21GM088816,FALSE,TRUE
Gustavo Kunde Rohde,U54CA274499,FALSE,TRUE
Gustavo Turecki,R01DA033684,FALSE,TRUE
Gustavo Turecki,R01MH082188,FALSE,TRUE
Gustavo Turecki,R01MH131818,FALSE,TRUE
Gustavo Turecki,R56MH131818,FALSE,TRUE
H Hugh Fudenberg,M01RR001070,TRUE,TRUE
H Hugh Fudenberg,R01AI018727,TRUE,TRUE
H Phillip Koeffler,P01CA032737,TRUE,TRUE
H Phillip Koeffler,P01DK042792,TRUE,TRUE
HUa Zhou,R01DK142026,FALSE,TRUE
HUa Zhou,R25HD108136,FALSE,TRUE
Habibeh Khoshbouei,R01DA026947,FALSE,TRUE
Habibeh Khoshbouei,R01DA058143,FALSE,TRUE
Habibeh Khoshbouei,R01NS071122,FALSE,TRUE
Habibeh Khoshbouei,R21DA043895,FALSE,TRUE
Habibeh Khoshbouei,R21NS103108,FALSE,TRUE
Habibeh Khoshbouei,R21NS133384,FALSE,TRUE
Habibeh Khoshbouei,S10OD020026,FALSE,TRUE
Hai Wang,R01CA292730,FALSE,TRUE
Hai Yu,261201300041C,TRUE,FALSE
Hai Yu,P41RR005969,TRUE,FALSE
Hai Yu,R43HD087077,TRUE,FALSE
Hai Yu,U01GM125288,TRUE,FALSE
Haifa Shen,R01CA193880,FALSE,TRUE
Haifa Shen,R01CA222959,FALSE,TRUE
Haifa Shen,R41CA265459,FALSE,TRUE
Haifa Shen,U54CA210181,FALSE,TRUE
Hal E Broxmeyer,P01HL053586,FALSE,TRUE
Hal E Broxmeyer,P30CA082709,FALSE,TRUE
Hal E Broxmeyer,P30DK090948,FALSE,TRUE
Hal E Broxmeyer,R01AI028175,FALSE,TRUE
Hal E Broxmeyer,R01CA036464,FALSE,TRUE
Hal E Broxmeyer,R01CA036740,FALSE,TRUE
Hal E Broxmeyer,R01DE012156,FALSE,TRUE
Hal E Broxmeyer,R01DK053674,FALSE,TRUE
Hal E Broxmeyer,R01DK109188,FALSE,TRUE
Hal E Broxmeyer,R01HL046549,FALSE,TRUE
Hal E Broxmeyer,R01HL049202,FALSE,TRUE
Hal E Broxmeyer,R01HL054037,FALSE,TRUE
Hal E Broxmeyer,R01HL056416,FALSE,TRUE
Hal E Broxmeyer,R01HL067384,FALSE,TRUE
Hal E Broxmeyer,R01HL112669,FALSE,TRUE
Hal E Broxmeyer,R03AI042379,FALSE,TRUE
Hal E Broxmeyer,R03HL096381,FALSE,TRUE
Hal E Broxmeyer,R13HL049465,FALSE,TRUE
Hal E Broxmeyer,R25GM067592,FALSE,TRUE
Hal E Broxmeyer,R25GM079657,FALSE,TRUE
Hal E Broxmeyer,R35HL139599,FALSE,TRUE
Hal E Broxmeyer,R37CA036464,FALSE,TRUE
Hal E Broxmeyer,T32AM007519,FALSE,TRUE
Hal E Broxmeyer,T32DK007519,FALSE,TRUE
Hal E Broxmeyer,T32HL007910,FALSE,TRUE
Hal E Broxmeyer,U54DK106846,FALSE,TRUE
Hamid Band,P30CA036727,TRUE,TRUE
Hamid Band,P60AR036308,TRUE,FALSE
Hamid Band,R01CA064503,TRUE,TRUE
Hamid Band,R01CA075075,TRUE,TRUE
Hamid Band,R01CA076118,TRUE,TRUE
Hamid Band,R01CA087986,TRUE,TRUE
Hamid Band,R01CA099163,TRUE,TRUE
Hamid Band,R01CA099900,TRUE,TRUE
Hamid Band,R01CA105489,TRUE,TRUE
Hamid Band,R01CA116552,TRUE,TRUE
Hamid Band,R21CA297629,TRUE,TRUE
Hamid Band,R29AI028508,TRUE,TRUE
Hamid Band,R55CA064503,TRUE,TRUE
Hamid Soltanian-Zadeh,R01EB002450,FALSE,TRUE
Hamid Soltanian-Zadeh,R01EB013227,FALSE,TRUE
Hamid Soltanian-Zadeh,R29CA061263,FALSE,TRUE
Hana Golding,AAI20040001,FALSE,TRUE
Hao Chen,K99ES030401,TRUE,FALSE
Hao Chen,P41RR000954,TRUE,FALSE
Hao Chen,P50DA037844,TRUE,FALSE
Hao Chen,R01DA048017,TRUE,FALSE
Hao Chen,R01DA063199,TRUE,FALSE
Hao Chen,R15GM137311,TRUE,FALSE
Hao Chen,R21DA026894,TRUE,FALSE
Hao Chen,R21GM148874,TRUE,FALSE
Hao Chen,R41DK100161,TRUE,FALSE
Hao Chen,R41DK101206,TRUE,FALSE
Hao Chen,R42DK100161,TRUE,FALSE
Hao Chen,R43AA014542,TRUE,FALSE
Hao Chen,R43DA013353,TRUE,FALSE
Hao Chen,R43DK102189,TRUE,FALSE
Hao Chen,R43GM119883,TRUE,FALSE
Hao Chen,R43HL078070,TRUE,FALSE
Hao Chen,R43NS095422,TRUE,FALSE
Hao Chen,R43NS103696,TRUE,FALSE
Hao Chen,R44AA014542,TRUE,FALSE
Hao Chen,R44AI038731,TRUE,FALSE
Hao Chen,R44DA013353,TRUE,FALSE
Hao Chen,R44GM119883,TRUE,FALSE
Hao Chen,RC2DA028962,TRUE,FALSE
Hao Chen,RF1AG091181,TRUE,FALSE
Hao Chen,U01DA047638,TRUE,FALSE
Hao Chen,U01DA053672,TRUE,FALSE
Hao Chen,U01DA057530,TRUE,FALSE
Hao Li,K99DA055111,TRUE,FALSE
Hao Li,R00DA055111,TRUE,FALSE
Hao Li,R01AA031656,TRUE,FALSE
Hao Li,R01AG032435,TRUE,FALSE
Hao Li,R01AG058742,TRUE,FALSE
Hao Li,R01AG083524,TRUE,FALSE
Hao Li,R01GM070808,TRUE,FALSE
Hao Li,R01GM090293,TRUE,FALSE
Hao Li,R21AG060129,TRUE,FALSE
Hao Li,R21AG064357,TRUE,FALSE
Hao Li,R21AG071899,TRUE,FALSE
Hao Li,R21AG078793,TRUE,FALSE
Hao Li,R21DE018821,TRUE,FALSE
Hao Li,R33AG078793,TRUE,FALSE
Hao Yan,P41RR002250,TRUE,TRUE
Hao Yan,P41RR017573,TRUE,TRUE
Hao Yan,R01DA026296,TRUE,TRUE
Hao Yan,R01GM088818,TRUE,TRUE
Hao Yan,R01GM104960,TRUE,TRUE
Hao Yan,R01GM155563,TRUE,TRUE
Hao Yan,R21EB020237,TRUE,TRUE
Hao Yan,R61CA278558,TRUE,TRUE
Hari K Koul,I01BX001258,FALSE,TRUE
Hari K Koul,I01BX005351,FALSE,TRUE
Hari K Koul,R01CA161880,FALSE,TRUE
Hari K Koul,R01CA242839,FALSE,TRUE
Hari K Koul,R01DK054084,FALSE,TRUE
Harikrishna Nakshatri,I01BX002764,FALSE,TRUE
Harikrishna Nakshatri,IK6BX005244,FALSE,TRUE
Harikrishna Nakshatri,P30CA082709,FALSE,TRUE
Harikrishna Nakshatri,R01CA089153,FALSE,TRUE
Harikrishna Nakshatri,R03CA117486,FALSE,TRUE
Harikrishna Nakshatri,R03CA123561,FALSE,TRUE
Harikrishna Nakshatri,R03CA137796,FALSE,TRUE
Harikrishna Nakshatri,R03CA143994,FALSE,TRUE
Harikrishna Nakshatri,R03CA195250,FALSE,TRUE
Harikrishna Nakshatri,R03CA223906,FALSE,TRUE
Harikrishna Nakshatri,R21CA082208,FALSE,TRUE
Harikrishna Nakshatri,R21CA152536,FALSE,TRUE
Harikrishna Nakshatri,R21CA159158,FALSE,TRUE
Harikrishna Nakshatri,R25CA269039,FALSE,TRUE
Harikrishna Nakshatri,R25CA274184,FALSE,TRUE
Harikrishna Nakshatri,T32CA111198,FALSE,TRUE
Harikrishna Nakshatri,T32CA282070,FALSE,TRUE
Harikrishna Nakshatri,U01CA278865,FALSE,TRUE
Harinder Singh,P01CA019266,TRUE,TRUE
Harinder Singh,P50AR080612,TRUE,TRUE
Harinder Singh,R01AI145064,TRUE,TRUE
Harinder Singh,R01AI170108,TRUE,TRUE
Harinder Singh,R01AR083713,TRUE,TRUE
Harinder Singh,R01DK112381,TRUE,FALSE
Harinder Singh,R01GM086213,TRUE,TRUE
Harinder Singh,T32GM007183,TRUE,TRUE
Harinder Singh,U01AI141990,TRUE,TRUE
Harinder Singh,U01AI179514,TRUE,TRUE
Harinder Singh,U01EY034711,TRUE,TRUE
Harinder Singh,U01HG012041,TRUE,TRUE
Harold E Varmus,P01CA094060,FALSE,TRUE
Harold E Varmus,P01CA129243,FALSE,TRUE
Harold E Varmus,P30CA008748,FALSE,TRUE
Harold E Varmus,P41RR000862,FALSE,TRUE
Harold E Varmus,R01CA019287,FALSE,TRUE
Harold E Varmus,R01CA037281,FALSE,TRUE
Harold E Varmus,R01CA120247,FALSE,TRUE
Harold E Varmus,R13CA045494,FALSE,TRUE
Harold E Varmus,R35CA039832,FALSE,TRUE
Harold E Varmus,U01AI027205,FALSE,TRUE
Harold E Varmus,U01CA105492,FALSE,TRUE
Harold E Varmus,U01CA224326,FALSE,TRUE
Harold E Varmus,Z01BC009426,FALSE,TRUE
Harry J Ward,R01HL051119,TRUE,TRUE
Harry J Ward,R23AM034799,TRUE,TRUE
Harry J Ward,R23DK034799,TRUE,TRUE
Harry J Ward,S07RR005551,TRUE,TRUE
Harry J Ward,T32HL007656,TRUE,TRUE
Harry Shamoon,K12RR017672,TRUE,FALSE
Harry Shamoon,KL2RR025749,TRUE,FALSE
Harry Shamoon,KL2TR000088,TRUE,FALSE
Harry Shamoon,KL2TR001071,TRUE,FALSE
Harry Shamoon,M01RR000050,TRUE,FALSE
Harry Shamoon,M01RR012248,TRUE,FALSE
Harry Shamoon,P01AG021654,TRUE,FALSE
Harry Shamoon,P60DK020541,TRUE,FALSE
Harry Shamoon,R01DK036617,TRUE,FALSE
Harry Shamoon,R01DK047477,TRUE,FALSE
Harry Shamoon,R01DK062463,TRUE,FALSE
Harry Shamoon,TL1RR025748,TRUE,FALSE
Harry Shamoon,TL1TR000087,TRUE,FALSE
Harry Shamoon,TL1TR001072,TRUE,FALSE
Harry Shamoon,U01DK037863,TRUE,FALSE
Harry Shamoon,U01DK048349,TRUE,FALSE
Harry Shamoon,UL1RR025750,TRUE,FALSE
Harry Shamoon,UL1TR000086,TRUE,FALSE
Harry Shamoon,UL1TR001073,TRUE,FALSE
Harry Shamoon,UL1TR002556,TRUE,FALSE
Harsh Pal Bais,R03AI081917,FALSE,TRUE
Harsh Pal Bais,R21AI073323,FALSE,TRUE
Hart Blanton,R01CA214587,FALSE,TRUE
Harvey J Alter,Z01CL002005,FALSE,TRUE
Harvey J Alter,Z01CL002040,FALSE,TRUE
Harvey J Alter,Z01CL002068,FALSE,TRUE
Harvey J Alter,Z01CL002076,FALSE,TRUE
Harvey J Alter,Z01CL002078,FALSE,TRUE
Harvey J Alter,Z01CL002079,FALSE,TRUE
Harvey J Alter,Z01CL002080,FALSE,TRUE
Harvey J Alter,Z01CL002082,FALSE,TRUE
Harvey J Alter,Z01CL002110,FALSE,TRUE
Harvey J Alter,ZIACL002068,FALSE,TRUE
Harvey J Alter,ZIACL002078,FALSE,TRUE
Harvey J Alter,ZIACL002082,FALSE,TRUE
Harvey J Alter,ZIACL002091,FALSE,TRUE
Harvey J Alter,ZIACL002107,FALSE,TRUE
Harvey J Alter,ZIACL002110,FALSE,TRUE
Harvey J Alter,ZIACL002121,FALSE,TRUE
Harvey J Alter,ZIACL002124,FALSE,TRUE
Hasan Mukhtar,P01CA048735,TRUE,TRUE
Hasan Mukhtar,P30AR039750,TRUE,TRUE
Hasan Mukhtar,P30CA043703,TRUE,TRUE
Hasan Mukhtar,P50DK065303,TRUE,TRUE
Hasan Mukhtar,R01AR059742,TRUE,TRUE
Hasan Mukhtar,R01CA038028,TRUE,TRUE
Hasan Mukhtar,R01CA051802,TRUE,TRUE
Hasan Mukhtar,R01CA078809,TRUE,TRUE
Hasan Mukhtar,R01CA101039,TRUE,TRUE
Hasan Mukhtar,R01CA120451,TRUE,TRUE
Hasan Mukhtar,R01CA160867,TRUE,TRUE
Hasan Mukhtar,R03CA089739,TRUE,TRUE
Hasan Mukhtar,R03CA099909,TRUE,TRUE
Hasan Mukhtar,R13AR043787,TRUE,TRUE
Hasan Mukhtar,R21AR067466,TRUE,TRUE
Hasan Mukhtar,T32AR007569,TRUE,TRUE
Hasan Mukhtar,T32AR055893,TRUE,TRUE
Hatice Hasturk,K23DE018917,FALSE,TRUE
Hatice Hasturk,M01RR000533,FALSE,TRUE
Hatice Hasturk,R01DE024468,FALSE,TRUE
Hatice Hasturk,U01DE026934,FALSE,TRUE
Hava Karsenty Avraham,K18HL074106,FALSE,TRUE
Hava Karsenty Avraham,R01CA076226,FALSE,TRUE
Hava Karsenty Avraham,R01CA096805,FALSE,TRUE
Hava Karsenty Avraham,R01HL051456,FALSE,TRUE
Hava Karsenty Avraham,R21CA087290,FALSE,TRUE
Hava Karsenty Avraham,R21CA135226,FALSE,TRUE
Hayley Beth Gershengorn,R01HL156880,FALSE,TRUE
Heather Bradley,R01DA051302,FALSE,TRUE
Heather Bradley,U01MD018313,FALSE,TRUE
Heather M Wastler,R21MH136378,FALSE,TRUE
Heather Yeo,R01MD018464,FALSE,TRUE
Hedvig Hricak,R01CA076423,FALSE,TRUE
Hedvig Hricak,R01CA195476,FALSE,TRUE
Hedvig Hricak,R01CA237466,FALSE,TRUE
Hedvig Hricak,R01DK037415,FALSE,TRUE
Hedvig Hricak,R25CA096945,FALSE,TRUE
Hedvig Hricak,S10OD016422,FALSE,TRUE
Hedvig Hricak,T32CA254875,FALSE,TRUE
Hedvig Hricak,U54CA132378,FALSE,TRUE
Hedvig Hricak,U54CA137788,FALSE,TRUE
Heping Zhang,K02DA017713,FALSE,TRUE
Heping Zhang,R01AA012044,FALSE,TRUE
Heping Zhang,R01DA012468,FALSE,TRUE
Heping Zhang,R01DA016750,FALSE,TRUE
Heping Zhang,R01HD100336,FALSE,TRUE
Heping Zhang,R01HD100369,FALSE,TRUE
Heping Zhang,R01HG010171,FALSE,TRUE
Heping Zhang,R01MH116527,FALSE,TRUE
Heping Zhang,R29HD030712,FALSE,TRUE
Heping Zhang,T32MH014235,FALSE,TRUE
Heping Zhang,U01HD050062,FALSE,TRUE
Heping Zhang,U10HD055925,FALSE,TRUE
Hermine I Brunner,M01RR008084,FALSE,TRUE
Hermine I Brunner,P30AR076316,FALSE,TRUE
Hermine I Brunner,P60AR047784,FALSE,TRUE
Hermine I Brunner,R01AR051868,FALSE,TRUE
Hermine I Brunner,R01AR079124,FALSE,TRUE
Hermine I Brunner,R01FD002369,FALSE,TRUE
Hermine I Brunner,R03AR049860,FALSE,TRUE
Hermine I Brunner,R34AR071651,FALSE,TRUE
Hermine I Brunner,U01AR051868,FALSE,TRUE
Hermine I Brunner,U01AR055054,FALSE,TRUE
Hermine I Brunner,U01AR059509,FALSE,TRUE
Hermine I Brunner,U01AR065098,FALSE,TRUE
Hermine I Brunner,U01AR067166,FALSE,TRUE
Hermine I Brunner,UH2AR067692,FALSE,TRUE
Hideo Mabuchi,R01GM106005,FALSE,TRUE
Hippokratis Kiaris,P20GM109091,FALSE,TRUE
Hippokratis Kiaris,P30GM154632,FALSE,TRUE
Hippokratis Kiaris,R03AG051976,FALSE,TRUE
Hippokratis Kiaris,R24AI186970,FALSE,TRUE
Hisashi Umemori,P50HD105351,FALSE,TRUE
Hisashi Umemori,R01DA042744,FALSE,TRUE
Hisashi Umemori,R01MH091429,FALSE,TRUE
Hisashi Umemori,R01MH111647,FALSE,TRUE
Hisashi Umemori,R01MH125162,FALSE,TRUE
Hisashi Umemori,R01NS070005,FALSE,TRUE
Hisashi Umemori,R01NS092578,FALSE,TRUE
Hisashi Umemori,R03MH094173,FALSE,TRUE
Hisashi Umemori,R21EY035902,FALSE,TRUE
Hisashi Umemori,R21MH092614,FALSE,TRUE
Hisashi Umemori,RF1NS092578,FALSE,TRUE
Ho-Young Lee,P50CA097007,FALSE,TRUE
Ho-Young Lee,R01CA100816,FALSE,TRUE
Ho-Young Lee,R01CA109520,FALSE,TRUE
Hoang Nguyen,F32AR049983,TRUE,FALSE
Hoang Nguyen,R01AR059122,TRUE,FALSE
Hoang Nguyen,R21CA187368,TRUE,FALSE
Hoang Nguyen,R41DK131651,TRUE,FALSE
Hoang Nguyen,R56AR059122,TRUE,FALSE
Hoau-Yan Wang,R01MH116463,FALSE,TRUE
Hoau-Yan Wang,R03AG014510,FALSE,TRUE
Hoau-Yan Wang,R42AG057329,FALSE,TRUE
Hoau-Yan Wang,R44AG057329,FALSE,TRUE
Hobart W Harris,F32HL007737,FALSE,TRUE
Hobart W Harris,R01GM057463,FALSE,TRUE
Hobart W Harris,R01GM095967,FALSE,TRUE
Hobart W Harris,R21DK093006,FALSE,TRUE
Hobart W Harris,T32DK007573,FALSE,TRUE
Holger K Eltzschig,P01HL114457,FALSE,TRUE
Holger K Eltzschig,R01DK083385,FALSE,TRUE
Holger K Eltzschig,R01DK097075,FALSE,TRUE
Holger K Eltzschig,R01DK109574,FALSE,TRUE
Holger K Eltzschig,R01DK122796,FALSE,TRUE
Holger K Eltzschig,R01HL092188,FALSE,TRUE
Holger K Eltzschig,R01HL098294,FALSE,TRUE
Holger K Eltzschig,R01HL119837,FALSE,TRUE
Holger K Eltzschig,R01HL133900,FALSE,TRUE
Holger K Eltzschig,R01HL154720,FALSE,TRUE
Holger K Eltzschig,R01HL165748,FALSE,TRUE
Holger K Eltzschig,R01HL169519,FALSE,TRUE
Holger K Eltzschig,R24HL180372,FALSE,TRUE
Holger K Eltzschig,R35HL177402,FALSE,TRUE
Holger K Eltzschig,T32GM135118,FALSE,TRUE
Holly K Dressman,P30CA014236,FALSE,TRUE
Homer D Venters,F30MH012558,FALSE,TRUE
Homme W Hellinga,DP1OD000122,FALSE,TRUE
Homme W Hellinga,P41RR001209,FALSE,TRUE
Homme W Hellinga,R01GM049871,FALSE,TRUE
Homme W Hellinga,R29GM049871,FALSE,TRUE
Hong Li,F32GM018893,TRUE,TRUE
Hong Li,K01DE030923,TRUE,FALSE
Hong Li,P01CA236778,TRUE,FALSE
Hong Li,P30NS046593,TRUE,FALSE
Hong Li,P41RR012408,TRUE,TRUE
Hong Li,P41RR015301,TRUE,TRUE
Hong Li,R01DE032740,TRUE,FALSE
Hong Li,R01GM066958,TRUE,TRUE
Hong Li,R01GM099604,TRUE,TRUE
Hong Li,R01GM112415,TRUE,FALSE
Hong Li,R01GM124622,TRUE,TRUE
Hong Li,R01NR008455,TRUE,FALSE
Hong Li,R03DE028635,TRUE,FALSE
Hong Li,R35GM152081,TRUE,TRUE
Hong Li,S10OD025047,TRUE,FALSE
Hong Li,S10OD034300,TRUE,FALSE
Hong Li,S10OD038256,TRUE,FALSE
Hong Pyo Kim,R01HL060234,FALSE,TRUE
Hong Sun,R01AA023610,TRUE,FALSE
Hong Sun,R01CA077695,TRUE,FALSE
Hong Sun,R01CA217923,TRUE,FALSE
Hong Sun,R01ES036591,TRUE,FALSE
Hong Sun,R03ES023028,TRUE,FALSE
Hong Sun,R15CA254827,TRUE,FALSE
Hong Sun,R15NS096694,TRUE,FALSE
Hong Sun,R16GM159134,TRUE,FALSE
Hong Sun,R21ES034811,TRUE,FALSE
Hong Sun,R56ES036591,TRUE,FALSE
Hongjun Liu,R00AG032356,FALSE,TRUE
Hongsheng Wang,R01ES017263,FALSE,TRUE
Hongsheng Wang,R01ES027855,FALSE,TRUE
Hongsheng Wang,R21HL084539,FALSE,TRUE
Hongwei Sun,ZICAR041173,FALSE,TRUE
Howard Goldfine,P41RR000480,FALSE,TRUE
Howard Goldfine,R01AI008903,FALSE,TRUE
Howard Goldfine,R01AI031537,FALSE,TRUE
Howard Goldfine,R01AI045153,FALSE,TRUE
Howard Goldfine,R01GM052797,FALSE,TRUE
Howard Goldfine,R21AI056275,FALSE,TRUE
Howard L Weiner,K08CA093450,TRUE,TRUE
Howard L Weiner,M01RR002635,TRUE,FALSE
Howard L Weiner,N01AI005411,TRUE,FALSE
Howard L Weiner,N01NS002397,TRUE,FALSE
Howard L Weiner,P01AR043220,TRUE,FALSE
Howard L Weiner,P01NS038037,TRUE,FALSE
Howard L Weiner,P01NS076410,TRUE,FALSE
Howard L Weiner,P30HD018655,TRUE,FALSE
Howard L Weiner,P50NS016998,TRUE,FALSE
Howard L Weiner,R01AG027437,TRUE,FALSE
Howard L Weiner,R01AG043975,TRUE,FALSE
Howard L Weiner,R01AG065270,TRUE,FALSE
Howard L Weiner,R01AG084596,TRUE,FALSE
Howard L Weiner,R01AI043458,TRUE,FALSE
Howard L Weiner,R01DK045078,TRUE,FALSE
Howard L Weiner,R01EY027921,TRUE,FALSE
Howard L Weiner,R01NS023132,TRUE,FALSE
Howard L Weiner,R01NS029352,TRUE,FALSE
Howard L Weiner,R01NS071039,TRUE,FALSE
Howard L Weiner,R01NS087226,TRUE,FALSE
Howard L Weiner,R01NS115951,TRUE,FALSE
Howard L Weiner,R03TW007636,TRUE,FALSE
Howard L Weiner,R13AI026527,TRUE,FALSE
Howard L Weiner,R21AG063187,TRUE,FALSE
Howard L Weiner,R21AG072486,TRUE,FALSE
Howard L Weiner,R21NS075779,TRUE,FALSE
Howard L Weiner,R21NS087867,TRUE,FALSE
Howard L Weiner,R21NS090163,TRUE,FALSE
Howard L Weiner,R42AG073059,TRUE,FALSE
Howard L Weiner,RF1AG065270,TRUE,FALSE
Howard L Weiner,U19AI046130,TRUE,FALSE
Howard L Weiner,UH2TR000890,TRUE,FALSE
Howard L Weiner,UH3TR000890,TRUE,FALSE
Howard R Petty,R01AI027409,FALSE,TRUE
Howard R Petty,R01AI051789,FALSE,TRUE
Howard R Petty,R01CA074120,FALSE,TRUE
Howard R Petty,R21EY019986,FALSE,TRUE
Hu Li,P41RR012408,TRUE,FALSE
Hu Li,R01CA196631,TRUE,FALSE
Hu Li,R01CA208517,TRUE,FALSE
Hu Li,R03OD034496,TRUE,FALSE
Hu Li,R03OD038392,TRUE,FALSE
Hu Li,RF1AG056318,TRUE,FALSE
Hua JIn,M01RR000827,FALSE,TRUE
Hua Jin,M01RR000827,FALSE,TRUE
Hua Lu,R01CA079721,FALSE,TRUE
Hua Lu,R01CA093614,FALSE,TRUE
Hua Lu,R01CA095441,FALSE,TRUE
Hua Lu,R01CA127724,FALSE,TRUE
Hua Lu,R01CA129828,FALSE,TRUE
Hua Lu,R01CA172468,FALSE,TRUE
Hua Lu,R01CA234605,FALSE,TRUE
Hua Lu,R13CA202598,FALSE,TRUE
Hua Lu,R21CA190775,FALSE,TRUE
Hua Lu,R21CA201889,FALSE,TRUE
Hua Lu,R21CA272890,FALSE,TRUE
Hua Lu,U01CA252965,FALSE,TRUE
Hua Tian,R01NS076511,FALSE,TRUE
Hua Tian,UG3CA256962,FALSE,TRUE
Hua Tian,UH3CA256962,FALSE,TRUE
Hua Xu,OT3OD025462,FALSE,TRUE
Hua Xu,R01AG072799,FALSE,TRUE
Hua Xu,R01AG073435,FALSE,TRUE
Hua Xu,R01AG078154,FALSE,TRUE
Hua Xu,R01AG080429,FALSE,TRUE
Hua Xu,R01CA141307,FALSE,TRUE
Hua Xu,R01GM102282,FALSE,TRUE
Hua Xu,R01GM103859,FALSE,TRUE
Hua Xu,R01LM010681,FALSE,TRUE
Hua Xu,R01LM013519,FALSE,TRUE
Hua Xu,R56AG069880,FALSE,TRUE
Hua Xu,RF1AG072799,FALSE,TRUE
Hua Xu,U24CA194215,FALSE,TRUE
Hua Xu,U24LM013755,FALSE,TRUE
Hua Xu,U24MH130988,FALSE,TRUE
Hua Xu,U24MH136069,FALSE,TRUE
Hua Yang,F32MH069092,TRUE,FALSE
Hua Yang,R03DC012433,TRUE,FALSE
Hua Zhou,R01DK142026,FALSE,TRUE
Hua Zhou,R25HD108136,FALSE,TRUE
Huabei Jiang,F32CA073107,FALSE,TRUE
Huabei Jiang,R01AA028200,FALSE,TRUE
Huabei Jiang,R01AA030572,FALSE,TRUE
Huabei Jiang,R01AR048122,FALSE,TRUE
Huabei Jiang,R01CA090533,FALSE,TRUE
Huabei Jiang,R01EB020601,FALSE,TRUE
Huabei Jiang,R01NS069848,FALSE,TRUE
Huabei Jiang,R03AR046427,FALSE,TRUE
Huabei Jiang,R21CA161384,FALSE,TRUE
Huabei Jiang,R55CA078334,FALSE,TRUE
Huan Wang,F32HL142231,FALSE,TRUE
Huan Yang,R01GM098446,FALSE,TRUE
Hugh Rosen,R01AI055509,FALSE,TRUE
Hugh Rosen,R01AR069877,FALSE,TRUE
Hugh Rosen,R01AR070837,FALSE,TRUE
Hugh Rosen,R01GM105894,FALSE,TRUE
Hugh Rosen,R21NS066416,FALSE,TRUE
Hugh Rosen,U54GM094618,FALSE,TRUE
Hugh Rosen,U54MH074404,FALSE,TRUE
Hugh Rosen,U54MH084512,FALSE,TRUE
Hui B Sun,R01AG039561,FALSE,TRUE
Hui B Sun,R01AR050968,FALSE,TRUE
Hui B Sun,R03AR047628,FALSE,TRUE
Hui B Sun,R41AG056246,FALSE,TRUE
Hui B Sun,R43AG061986,FALSE,TRUE
Hui B Sun,R43AT009041,FALSE,TRUE
Hui B Sun,R43AT009414,FALSE,TRUE
Hui Chen,R03HD105802,FALSE,TRUE
Hui JIn,K01DK077915,FALSE,TRUE
Hui Li,F32ES005665,TRUE,FALSE
Hui Li,P01HL059407,TRUE,FALSE
Hui Li,P41RR000954,TRUE,FALSE
Hui Li,R01CA190713,TRUE,FALSE
Hui Li,R01CA240601,TRUE,FALSE
Hui Li,R01CA245905,TRUE,FALSE
Hui Li,R01CA269594,TRUE,FALSE
Hui Li,R01GM132138,TRUE,FALSE
Hui Li,R43GM074283,TRUE,FALSE
Hui Li,R43RR020245,TRUE,FALSE
Hui Liu,K01AG043417,FALSE,TRUE
Hui Liu,P30AG096979,FALSE,TRUE
Hui Liu,R01AG061118,FALSE,TRUE
Hui Liu,R03HD078754,FALSE,TRUE
Hussein N Yassine,K23HL107389,FALSE,TRUE
Hussein N Yassine,P30AG066530,FALSE,TRUE
Hussein N Yassine,R01AG054434,FALSE,TRUE
Hussein N Yassine,R01AG055770,FALSE,TRUE
Hussein N Yassine,R01AG067063,FALSE,TRUE
Hussein N Yassine,R01AG076124,FALSE,TRUE
Hussein N Yassine,R01AG078362,FALSE,TRUE
Hussein N Yassine,R01NS034467,FALSE,TRUE
Hussein N Yassine,R13AG069386,FALSE,TRUE
Hussein N Yassine,R21AG056518,FALSE,TRUE
Hussein N Yassine,RF1AG076124,FALSE,TRUE
Hussein N Yassine,RF1AG078362,FALSE,TRUE
Hussein N Yassine,U01AG094622,FALSE,TRUE
Hyun Kim,K23AG080117,TRUE,FALSE
Hyun Kim,R01CA248917,TRUE,FALSE
Hyun Kim,R01DK033456,TRUE,FALSE
Hyun Kim,U01OH010399,TRUE,FALSE
Hyun Kim,U01OH010730,TRUE,FALSE
Hyun-Soon Chong,K22CA102637,FALSE,TRUE
Hyun-Soon Chong,R01CA112503,FALSE,TRUE
Hyun-Soon Chong,R01EB029800,FALSE,TRUE
Hyunsuk Shim,P20CA134223,FALSE,TRUE
Hyunsuk Shim,P50CA128301,FALSE,TRUE
Hyunsuk Shim,R01CA109366,FALSE,TRUE
Hyunsuk Shim,R01CA165306,FALSE,TRUE
Hyunsuk Shim,R01CA214557,FALSE,TRUE
Hyunsuk Shim,R21CA141836,FALSE,TRUE
Hyunsuk Shim,R21CA186169,FALSE,TRUE
Hyunsuk Shim,R21HL092518,FALSE,TRUE
Hyunsuk Shim,R21NS100244,FALSE,TRUE
Hyunsuk Shim,RC1AI081273,FALSE,TRUE
Hyunsuk Shim,U01CA172027,FALSE,TRUE
Hyunsuk Shim,U01CA264039,FALSE,TRUE
Hyunsuk Shim,U01EB028145,FALSE,TRUE
Ian M Orme,N01AI045239,TRUE,TRUE
Ian M Orme,N01AI095385,TRUE,TRUE
Ian M Orme,P01AI046393,TRUE,TRUE
Ian M Orme,R01AG005393,TRUE,TRUE
Ian M Orme,R01AG006946,TRUE,TRUE
Ian M Orme,R01AI035182,TRUE,TRUE
Ian M Orme,R01AI040488,TRUE,TRUE
Ian M Orme,R01AI044072,TRUE,TRUE
Ian M Orme,R01AI045707,TRUE,TRUE
Ian M Orme,R01AI054697,TRUE,TRUE
Ian M Orme,R03AI095918,TRUE,TRUE
Ian M Orme,R21AI092002,TRUE,TRUE
Ian M Orme,R21AI106779,TRUE,TRUE
Ian M Orme,R21AI109238,TRUE,TRUE
Ian M Orme,R21AI121099,TRUE,TRUE
Ian M Orme,S10RR013058,TRUE,TRUE
Ian M Orme,U01AI070456,TRUE,TRUE
Ian M Orme,U19AI038087,TRUE,TRUE
Ichiro Nakano,P01CA163205,FALSE,TRUE
Ichiro Nakano,R01CA183991,FALSE,TRUE
Ichiro Nakano,R01CA201402,FALSE,TRUE
Ichiro Nakano,R01NS083767,FALSE,TRUE
Ichiro Nakano,R01NS087913,FALSE,TRUE
Ichiro Nakano,R01NS107071,FALSE,TRUE
Ichiro Nakano,R01NS113631,FALSE,TRUE
Ichiro Nakano,R21CA135013,FALSE,TRUE
Ichiro Nakano,R21CA175875,FALSE,TRUE
Igor Puzanov,M01RR000095,FALSE,TRUE
Igor Puzanov,P01CA234212,FALSE,TRUE
Igor Puzanov,P30CA016056,FALSE,TRUE
Igor Puzanov,UG1CA233191,FALSE,TRUE
Ila R Singh,K08AI001678,FALSE,TRUE
Ila R Singh,R01CA149719,FALSE,TRUE
Ila R Singh,R21AI059177,FALSE,TRUE
Ila R Singh,R21DK062235,FALSE,TRUE
Irene M Pedersen,K01CA122192,FALSE,TRUE
Irene M Pedersen,R01NS107344,FALSE,TRUE
Irene M Pedersen,R01NS148274,FALSE,TRUE
Irene M Pedersen,R33HL159949,FALSE,TRUE
Irene M Pedersen,R61HL159949,FALSE,TRUE
Irene M Pedersen,R61NS145289,FALSE,TRUE
Irfan Rahman,R01DA042470,FALSE,TRUE
Irfan Rahman,R01ES029177,FALSE,TRUE
Irfan Rahman,R01HL085613,FALSE,TRUE
Irfan Rahman,R01HL092842,FALSE,TRUE
Irfan Rahman,R01HL097751,FALSE,TRUE
Irfan Rahman,R01HL133404,FALSE,TRUE
Irfan Rahman,R01HL135613,FALSE,TRUE
Irfan Rahman,R01HL137738,FALSE,TRUE
Irfan Rahman,R01HL158316,FALSE,TRUE
Irfan Rahman,R01HL167655,FALSE,TRUE
Irfan Rahman,R21ES028006,FALSE,TRUE
Irfan Rahman,R21ES032159,FALSE,TRUE
Irfan Rahman,R56ES027012,FALSE,TRUE
Irfan Rahman,U54AG075931,FALSE,TRUE
Irfan Rahman,U54CA228110,FALSE,TRUE
Irina Bruck,R15GM120724,FALSE,TRUE
Irving H Zucker,OT2OD023848,FALSE,TRUE
Irving H Zucker,P01HL062222,FALSE,TRUE
Irving H Zucker,P30HL101296,FALSE,TRUE
Irving H Zucker,R01HL022594,FALSE,TRUE
Irving H Zucker,R01HL033359,FALSE,TRUE
Irving H Zucker,R01HL038690,FALSE,TRUE
Irving H Zucker,R01HL116608,FALSE,TRUE
Irving H Zucker,R01HL126796,FALSE,TRUE
Irving H Zucker,R01HL153176,FALSE,TRUE
Irving H Zucker,R01HL172029,FALSE,TRUE
Irving H Zucker,R37HL038690,FALSE,TRUE
Irving H Zucker,T32HL007888,FALSE,TRUE
Isabella M Grumbach,I01BX000163,FALSE,TRUE
Isabella M Grumbach,I21RX001561,FALSE,TRUE
Isabella M Grumbach,R01EY031544,FALSE,TRUE
Isabella M Grumbach,R01HL108932,FALSE,TRUE
Isabella M Grumbach,R01HL157956,FALSE,TRUE
Ishwarlal Jialal,K24AT000596,TRUE,TRUE
Ishwarlal Jialal,M01RR000633,TRUE,TRUE
Ishwarlal Jialal,M01RR019975,TRUE,TRUE
Ishwarlal Jialal,P51RR000169,TRUE,TRUE
Ishwarlal Jialal,R01AT000005,TRUE,TRUE
Ishwarlal Jialal,R01HL074360,TRUE,TRUE
Israel Sekler,R01AG065628,FALSE,TRUE
Israel Sekler,RF1AG065628,FALSE,TRUE
Ivan D Goldberg,R01GM041086,TRUE,TRUE
Ivan D Goldberg,S07RR005373,TRUE,TRUE
J Li,M01RR000585,TRUE,FALSE
J Li,Z01BA002017,TRUE,FALSE
J Li,Z01DK025016,TRUE,FALSE
J Michael Bailey,R03HD041770,FALSE,TRUE
J Xu,Z01MH002298,FALSE,TRUE
JIng Zhao,R01GM115389,TRUE,FALSE
JIng Zhao,R01HL151513,TRUE,FALSE
JIng Zhao,R01HL167846,TRUE,FALSE
JIng Zhao,R01NS094535,TRUE,FALSE
JIng Zhao,R01NS101686,TRUE,FALSE
Jack C Sipe,M01RR000833,TRUE,TRUE
Jack C Sipe,R01DA015749,TRUE,TRUE
Jack C Sipe,R21DA023448,TRUE,TRUE
Jack D Barchas,P01MH023861,TRUE,TRUE
Jack D Barchas,R01DA001207,TRUE,TRUE
Jack D Barchas,R13DA019352,TRUE,FALSE
Jack D Barchas,R13MH085427,TRUE,FALSE
Jack D Barchas,R13MH093136,TRUE,FALSE
Jack D Barchas,R13NS061617,TRUE,FALSE
Jack D Barchas,RC4MH092606,TRUE,FALSE
Jack Odle,R01HD095876,FALSE,TRUE
Jack R Norton,R01GM048537,FALSE,TRUE
Jack R Norton,R01GM124295,FALSE,TRUE
Jack R Norton,R21GM048537,FALSE,TRUE
Jack W Szostak,P41RR010888,TRUE,TRUE
Jack W Szostak,R01GM045315,TRUE,TRUE
Jack W Szostak,R01GM053936,TRUE,TRUE
Jack W Szostak,T32CA009595,TRUE,TRUE
Jacqueline S Gray,H79SM057856,FALSE,TRUE
Jacquelynne S Eccles,R01HD017296,FALSE,TRUE
Jacquelynne S Eccles,R01HD017553,FALSE,TRUE
Jacquelynne S Eccles,R01HD033437,FALSE,TRUE
Jacquelynne S Eccles,R01HD048970,FALSE,TRUE
Jacquelynne S Eccles,R01HD068298,FALSE,TRUE
Jacquelynne S Eccles,R01MH031724,FALSE,TRUE
Jacquelynne S Eccles,RC2AG036780,FALSE,TRUE
Jacquelynne S Eccles,U01HD037565,FALSE,TRUE
Jae H Kang,R01AG036755,FALSE,TRUE
Jae H Kang,R01EY020928,FALSE,TRUE
Jae H Kang,R01EY036460,FALSE,TRUE
Jae H Kang,R03AG023860,FALSE,TRUE
Jae H Kang,R21AG051001,FALSE,TRUE
Jae Hyung Cho,R01GM127723,FALSE,TRUE
Jae Hyung Cho,R35GM152007,FALSE,TRUE
Jagdish Singh,P20RR016471,FALSE,TRUE
Jagdish Singh,R01AG051574,FALSE,TRUE
Jagdish Singh,R01AG068034,FALSE,TRUE
Jagdish Singh,R01AG083981,FALSE,TRUE
Jagdish Singh,R03AG041155,FALSE,TRUE
Jagdish Singh,R03HD041372,FALSE,TRUE
Jagdish Singh,R03HD046483,FALSE,TRUE
Jagdish Singh,R03HD056053,FALSE,TRUE
Jagdish Singh,R03HD061469,FALSE,TRUE
Jagdish Singh,R15GM114701,FALSE,TRUE
Jagdish Singh,RF1AG068034,FALSE,TRUE
Jaime Caro,R01CA089212,FALSE,TRUE
Jaime Caro,R01DK034642,FALSE,TRUE
Jaime Caro,R01HL040791,FALSE,TRUE
Jaimie N Davis,K01DK078858,FALSE,TRUE
Jaimie N Davis,M01RR000043,FALSE,TRUE
Jaimie N Davis,R01HL123865,FALSE,TRUE
Jaimie N Davis,R21DK098719,FALSE,TRUE
Jakob Schmidt,R01NS018839,FALSE,TRUE
Jakob Schmidt,R01NS020233,FALSE,TRUE
James A Birchler,R01GM068042,FALSE,TRUE
James A Nelson,R01CA028034,TRUE,FALSE
James A Nelson,R01DK041606,TRUE,FALSE
James A Nelson,R01HD013951,TRUE,FALSE
James A Nelson,T32CA009652,TRUE,TRUE
James B Ames,F32EY006418,FALSE,TRUE
James B Ames,R01EY012347,FALSE,TRUE
James B Ames,R01GM130925,FALSE,TRUE
James B Ames,R01NS045909,FALSE,TRUE
James B Ames,R01NS059969,FALSE,TRUE
James B Grotberg,K04HL001818,FALSE,TRUE
James B Grotberg,R01HL041126,FALSE,TRUE
James B Grotberg,R01HL085156,FALSE,TRUE
James B Grotberg,R01HL136141,FALSE,TRUE
James B Grotberg,R23HL030574,FALSE,TRUE
James D Pearson,R24DK090958,FALSE,TRUE
James D Potter,P01HL022619,TRUE,FALSE
James D Potter,R01AM033427,TRUE,TRUE
James D Potter,R01AR037701,TRUE,TRUE
James D Potter,R01AR040727,TRUE,TRUE
James D Potter,R01AR045183,TRUE,TRUE
James D Potter,R01AR045391,TRUE,TRUE
James D Potter,R01AR050199,TRUE,TRUE
James D Potter,R01HL042325,TRUE,TRUE
James D Potter,R01HL067415,TRUE,TRUE
James D Potter,R21NS064821,TRUE,TRUE
James D Potter,R37HL042325,TRUE,TRUE
James D Potter,T32HL007188,TRUE,TRUE
James Duffy,R01AI090662,FALSE,TRUE
James H Abbs,P01DC000120,TRUE,TRUE
James H Abbs,P01NS013274,TRUE,TRUE
James H Abbs,P30HD003352,TRUE,TRUE
James H Abbs,P50DC000162,TRUE,TRUE
James H Abbs,P50NS016373,TRUE,TRUE
James K Yeh,R03HD044692,FALSE,TRUE
James M Tielsch,R01ES015558,FALSE,TRUE
James M Tielsch,R01EY005226,FALSE,TRUE
James M Tielsch,R01EY009672,FALSE,TRUE
James M Tielsch,R01HD038753,FALSE,TRUE
James M Tielsch,R01HD044004,FALSE,TRUE
James M Tielsch,R21EY011962,FALSE,TRUE
James M Tielsch,R25TW007506,FALSE,TRUE
James M Tielsch,U10EY014483,FALSE,TRUE
James M Tour,F32GM011173,FALSE,TRUE
James M Tour,R01NS094535,FALSE,TRUE
James M Tour,R21NS084290,FALSE,TRUE
James P Allen,P41RR001209,TRUE,TRUE
James P Allen,R01GM041300,TRUE,TRUE
James P Allen,R21NS048175,TRUE,TRUE
James P Allen,R23AM036053,TRUE,TRUE
James P Allen,R23DK036053,TRUE,TRUE
James P Allen,R55GM055031,TRUE,TRUE
James P Allen,S07RR007112,TRUE,TRUE
James P Bradley,R03DE019001,FALSE,TRUE
James R Stellar,R03DA007938,FALSE,TRUE
James S Economou,K08CA001360,FALSE,TRUE
James S Economou,K12CA076905,FALSE,TRUE
James S Economou,M01RR000865,FALSE,TRUE
James S Economou,P01CA059326,FALSE,TRUE
James S Economou,R01CA077623,FALSE,TRUE
James S Economou,R01CA079976,FALSE,TRUE
James S Economou,R01CA129816,FALSE,TRUE
James S Economou,R29CA050780,FALSE,TRUE
James S Economou,T32CA075956,FALSE,TRUE
James S Koopman,R01AI029876,FALSE,TRUE
James S Koopman,R01AI045168,FALSE,TRUE
James S Koopman,R01AI078752,FALSE,TRUE
James S Koopman,U54GM111274,FALSE,TRUE
James Sulzer,R01HD100416,FALSE,TRUE
James Sulzer,R21HD116036,FALSE,TRUE
James V Guarrera,R21AI180739,FALSE,TRUE
James W Curtsinger,K04HD000638,TRUE,TRUE
James W Curtsinger,P01AG008761,TRUE,FALSE
James W Curtsinger,R01AG011722,TRUE,TRUE
James W Curtsinger,R01GM040907,TRUE,TRUE
James W Curtsinger,R01HD020776,TRUE,TRUE
James W Mier,M01RR001032,TRUE,TRUE
James W Mier,N01CM073706,TRUE,FALSE
James W Mier,P50CA093683,TRUE,TRUE
James W Mier,P50CA101942,TRUE,TRUE
James W Mier,R01CA039489,TRUE,TRUE
James W Mier,R01CA043950,TRUE,TRUE
James W Mier,R01CA074401,TRUE,TRUE
James W Mier,R21CA078055,TRUE,TRUE
James W Mier,R21CA092954,TRUE,TRUE
James W Mold,D31AH066018,FALSE,TRUE
James W Mold,P20HS011197,FALSE,TRUE
James W Mold,P30HS021644,FALSE,TRUE
James W Mold,R01HL091827,FALSE,TRUE
James W Mold,R13HS021408,FALSE,TRUE
James W Mold,R13HS021932,FALSE,TRUE
James W Mold,R18HS017188,FALSE,TRUE
James W Mold,R18HS019945,FALSE,TRUE
James W Mold,R21HS013557,FALSE,TRUE
James W Mold,R21HS014850,FALSE,TRUE
James W Mold,U01HS011197,FALSE,TRUE
James W Mold,U18HS020972,FALSE,TRUE
James W Mold,U54GM104938,FALSE,TRUE
James W Walters,F32DK081308,FALSE,TRUE
Jan F Stevens,R01AT009168,FALSE,TRUE
Jan F Stevens,R01AT010271,FALSE,TRUE
Jan F Stevens,R01HL081721,FALSE,TRUE
Jan F Stevens,R21AT005294,FALSE,TRUE
Jan F Stevens,R21AT012695,FALSE,TRUE
Jan F Stevens,S10RR022589,FALSE,TRUE
Jan F Stevens,S10RR025628,FALSE,TRUE
Jan F Stevens,S10RR027878,FALSE,TRUE
Jan Kajstura,P01AG043353,FALSE,TRUE
Jan Kajstura,R01HL039902,FALSE,TRUE
Jan Kajstura,R01HL065573,FALSE,TRUE
Jan Kajstura,R01HL075480,FALSE,TRUE
Jan Kajstura,R01HL105532,FALSE,TRUE
Jan Kajstura,R01HL111183,FALSE,TRUE
Jane J Kim,R01CA160744,FALSE,TRUE
Jane J Kim,U01CA199334,FALSE,TRUE
Jane J Kim,U01CA253912,FALSE,TRUE
Janet Konefal,R18DA006212,FALSE,TRUE
Janet L Neisewander,F32DA005397,FALSE,TRUE
Janet L Neisewander,R01DA011064,FALSE,TRUE
Janet L Neisewander,R01DA013649,FALSE,TRUE
Janet L Neisewander,R01DA034097,FALSE,TRUE
Janet L Neisewander,R21DA023123,FALSE,TRUE
Janet L Neisewander,R21DA048651,FALSE,TRUE
Janet L Neisewander,R25NS107188,FALSE,TRUE
Janet L Neisewander,R29DA007730,FALSE,TRUE
Janey L Wiggs,F32EY005978,TRUE,TRUE
Janey L Wiggs,P30EY014104,TRUE,TRUE
Janey L Wiggs,R01EY009847,TRUE,TRUE
Janey L Wiggs,R01EY010886,TRUE,TRUE
Janey L Wiggs,R01EY013882,TRUE,TRUE
Janey L Wiggs,R01EY015872,TRUE,TRUE
Janey L Wiggs,R01EY020928,TRUE,TRUE
Janey L Wiggs,R01EY022305,TRUE,TRUE
Janey L Wiggs,R01EY027129,TRUE,TRUE
Janey L Wiggs,R01EY031820,TRUE,TRUE
Janey L Wiggs,R01EY032559,TRUE,TRUE
Janey L Wiggs,R01EY036648,TRUE,TRUE
Janey L Wiggs,R21EY018149,TRUE,TRUE
Janey L Wiggs,R21EY019161,TRUE,TRUE
Janey L Wiggs,R21EY022766,TRUE,TRUE
Janey L Wiggs,R29EY009847,TRUE,TRUE
Janusz H S Kabarowski,P30AR048311,FALSE,TRUE
Janusz H S Kabarowski,R01HL088642,FALSE,TRUE
Jarin Hongpaisan,R01AG058884,FALSE,TRUE
Jaromir Ruzicka,R01EB000782,FALSE,TRUE
Jaromir Ruzicka,R01GM045260,FALSE,TRUE
Jashvant D Unadkat,M01RR000037,FALSE,TRUE
Jashvant D Unadkat,N01AI015118,FALSE,TRUE
Jashvant D Unadkat,P01DA032507,FALSE,TRUE
Jashvant D Unadkat,P01GM032165,FALSE,TRUE
Jashvant D Unadkat,P50HD044404,FALSE,TRUE
Jashvant D Unadkat,P51RR000166,FALSE,TRUE
Jashvant D Unadkat,R01AI038698,FALSE,TRUE
Jashvant D Unadkat,R01GM054447,FALSE,TRUE
Jashvant D Unadkat,R01HD027110,FALSE,TRUE
Jashvant D Unadkat,R01HD027438,FALSE,TRUE
Jashvant D Unadkat,R01HD102786,FALSE,TRUE
Jashvant D Unadkat,R21MH063641,FALSE,TRUE
Jashvant D Unadkat,R33AG031485,FALSE,TRUE
Jashvant D Unadkat,RC1NS068904,FALSE,TRUE
Jashvant D Unadkat,UC2HD113041,FALSE,TRUE
Jason B Fleming,R21CA106669,FALSE,TRUE
Jason B Fleming,U54CA210181,FALSE,TRUE
Jason B Fleming,U54CA224065,FALSE,TRUE
Jason E Gestwicki,R01AG068125,FALSE,TRUE
Jason E Gestwicki,R01EY032161,FALSE,TRUE
Jason E Gestwicki,R01GM109896,FALSE,TRUE
Jason E Gestwicki,R01GM141299,FALSE,TRUE
Jason E Gestwicki,R01NS059690,FALSE,TRUE
Jason E Gestwicki,R21AG042813,FALSE,TRUE
Jason E Gestwicki,R21AG053619,FALSE,TRUE
Jason E Gestwicki,R21AI098431,FALSE,TRUE
Jason E Gestwicki,R21AI178229,FALSE,TRUE
Jason E Gestwicki,R21EY035366,FALSE,TRUE
Jason E Gestwicki,RF1AG068125,FALSE,TRUE
Jason E Gestwicki,T32GM145460,FALSE,TRUE
Jason M Wooden,F32HL079771,FALSE,TRUE
Jason M Wooden,P41RR011823,FALSE,TRUE
Jason W Lilly,F32GM064276,FALSE,TRUE
Jasti S Rao,R01CA056792,FALSE,TRUE
Jasti S Rao,R01CA075557,FALSE,TRUE
Jasti S Rao,R01CA076350,FALSE,TRUE
Jasti S Rao,R01CA085216,FALSE,TRUE
Jasti S Rao,R01CA092393,FALSE,TRUE
Jasti S Rao,R01CA095058,FALSE,TRUE
Jasti S Rao,R01CA116708,FALSE,TRUE
Jasti S Rao,R01CA138409,FALSE,TRUE
Jasti S Rao,R01CA147792,FALSE,TRUE
Jasti S Rao,R01NS047699,FALSE,TRUE
Jasti S Rao,R01NS057529,FALSE,TRUE
Jasti S Rao,R01NS061835,FALSE,TRUE
Jasti S Rao,R01NS064535,FALSE,TRUE
Jasti S Rao,S10RR026706,FALSE,TRUE
Jatinder K Lamba,R01CA132946,FALSE,TRUE
Jatinder K Lamba,R01CA270120,FALSE,TRUE
Jatinder K Lamba,R21CA155524,FALSE,TRUE
Jatinder K Lamba,U54CA233444,FALSE,TRUE
Jaume Padilla,I01CX002399,FALSE,TRUE
Jaume Padilla,I01CX002859,FALSE,TRUE
Jaume Padilla,K01HL125503,FALSE,TRUE
Jaume Padilla,R01AG082413,FALSE,TRUE
Jaume Padilla,R01HL137769,FALSE,TRUE
Jaume Padilla,R01HL151384,FALSE,TRUE
Jaume Padilla,R01HL153264,FALSE,TRUE
Jaume Padilla,R01HL181939,FALSE,TRUE
Jaume Padilla,R21DK105368,FALSE,TRUE
Jawad Iqbal,R41GM157892,FALSE,TRUE
Jay A Berzofsky,Z01SC004020,FALSE,TRUE
Jay A Berzofsky,ZIABC011941,FALSE,TRUE
Jay A Berzofsky,ZIABC012054,FALSE,TRUE
Jay A Berzofsky,ZIASC004020,FALSE,TRUE
Jay A Johannigman,U24NS100688,FALSE,TRUE
Jay Magaziner,P30AG028747,FALSE,TRUE
Jay Magaziner,R01AG029315,FALSE,TRUE
Jay Magaziner,R01AG035009,FALSE,TRUE
Jay Magaziner,R01AG051647,FALSE,TRUE
Jay Magaziner,R21AG075008,FALSE,TRUE
Jay Magaziner,R24AG063728,FALSE,TRUE
Jay Magaziner,R33AG075008,FALSE,TRUE
Jay Magaziner,R34AG040257,FALSE,TRUE
Jay Magaziner,R37AG009901,FALSE,TRUE
Jay Magaziner,T32AG000262,FALSE,TRUE
Jay W Heinecke,DP3DK108209,FALSE,TRUE
Jay W Heinecke,F32HL007121,FALSE,TRUE
Jay W Heinecke,K11HD000798,FALSE,TRUE
Jay W Heinecke,P01DK002456,FALSE,TRUE
Jay W Heinecke,P01HL030086,FALSE,TRUE
Jay W Heinecke,P01HL092969,FALSE,TRUE
Jay W Heinecke,P01HL128203,FALSE,TRUE
Jay W Heinecke,P01HL151328,FALSE,TRUE
Jay W Heinecke,P30DK017047,FALSE,TRUE
Jay W Heinecke,P30DK056341,FALSE,TRUE
Jay W Heinecke,P41RR000954,FALSE,TRUE
Jay W Heinecke,R01AG012293,FALSE,TRUE
Jay W Heinecke,R01AG015013,FALSE,TRUE
Jay W Heinecke,R01AG019309,FALSE,TRUE
Jay W Heinecke,R01AG021191,FALSE,TRUE
Jay W Heinecke,R01HD029920,FALSE,TRUE
Jay W Heinecke,R01HL064344,FALSE,TRUE
Jay W Heinecke,R01HL078527,FALSE,TRUE
Jay W Heinecke,R01HL085437,FALSE,TRUE
Jay W Heinecke,R01HL086798,FALSE,TRUE
Jay W Heinecke,R01HL108897,FALSE,TRUE
Jay W Heinecke,R01HL112625,FALSE,TRUE
Jay W Heinecke,R01HL149685,FALSE,TRUE
Jay W Heinecke,R01HL161829,FALSE,TRUE
Jay W Heinecke,R13HL062364,FALSE,TRUE
Jaydutt V Vadgama,G12RR003026,TRUE,TRUE
Jaydutt V Vadgama,P20RR011145,TRUE,TRUE
Jaydutt V Vadgama,R25DK067015,TRUE,TRUE
Jaydutt V Vadgama,R29DK039147,TRUE,TRUE
Jaydutt V Vadgama,S07RR005551,TRUE,TRUE
Jaydutt V Vadgama,U54CA143930,TRUE,TRUE
Jaydutt V Vadgama,U54CA143931,TRUE,TRUE
Jaydutt V Vadgama,U54MD007598,TRUE,TRUE
Jaydutt V Vadgama,U56CA101599,TRUE,TRUE
Jean Bisimwa Nachega,D43TW010340,FALSE,TRUE
Jean Bisimwa Nachega,D43TW010937,FALSE,TRUE
Jean Bisimwa Nachega,D43TW011827,FALSE,TRUE
Jean Bisimwa Nachega,D43TW012736,FALSE,TRUE
Jean Bisimwa Nachega,K23AI068582,FALSE,TRUE
Jean Bisimwa Nachega,R21TW011706,FALSE,TRUE
Jean Bisimwa Nachega,R25TW011217,FALSE,TRUE
Jean Decety,R01MH084934,FALSE,TRUE
Jean Decety,R01MH087525,FALSE,TRUE
Jean Decety,R01MH109329,FALSE,TRUE
Jean Kwun,R01AI175411,FALSE,TRUE
Jean Kwun,R21AI151398,FALSE,TRUE
Jean Kwun,R21AI188089,FALSE,TRUE
Jean Kwun,R56AI184588,FALSE,TRUE
Jean Kwun,U19AI131471,FALSE,TRUE
Jean Y Wang,P01CA050528,TRUE,TRUE
Jean Y Wang,P01HL057900,TRUE,TRUE
Jean Y Wang,R01CA043054,TRUE,TRUE
Jean Y Wang,R01CA058320,TRUE,TRUE
Jean Y Wang,R01CA251414,TRUE,TRUE
Jean Y Wang,R01CA255341,TRUE,TRUE
Jean Y Wang,R01HD046225,TRUE,TRUE
Jean Y Wang,R37CA043054,TRUE,TRUE
Jean Y Wang,T32CA009345,TRUE,TRUE
Jean Y Wang,T32CA067754,TRUE,TRUE
Jeanette Altarriba,T34GM145391,FALSE,TRUE
Jeanie F Kincer,S15OD039798,FALSE,TRUE
Jefferson C Frisbee,F32HL009994,FALSE,TRUE
Jefferson C Frisbee,R01DK064668,FALSE,TRUE
Jeffrey A Tice,P01CA281826,FALSE,TRUE
Jeffrey D Cirillo,R01AI047866,FALSE,TRUE
Jeffrey D Cirillo,R01AI104960,FALSE,TRUE
Jeffrey D Cirillo,R01AI186092,FALSE,TRUE
Jeffrey D Cirillo,R01AI187440,FALSE,TRUE
Jeffrey D Cirillo,R03AI109523,FALSE,TRUE
Jeffrey D Cirillo,R21AI149383,FALSE,TRUE
Jeffrey D Cirillo,R21AI165913,FALSE,TRUE
Jeffrey D Cirillo,R21AI185823,FALSE,TRUE
Jeffrey D Cirillo,R29AI040165,FALSE,TRUE
Jeffrey D Cirillo,R41AI155206,FALSE,TRUE
Jeffrey D Cirillo,R41AI167101,FALSE,TRUE
Jeffrey D Klausner,D43TW012743,TRUE,TRUE
Jeffrey D Klausner,H25PS001236,TRUE,FALSE
Jeffrey D Klausner,H25PS001354,TRUE,FALSE
Jeffrey D Klausner,H25PS904371,TRUE,FALSE
Jeffrey D Klausner,R01AI139265,TRUE,TRUE
Jeffrey D Klausner,R01AI149339,TRUE,TRUE
Jeffrey D Klausner,R01AI155217,TRUE,TRUE
Jeffrey D Klausner,R21AI109005,TRUE,TRUE
Jeffrey D Klausner,R21AI117256,TRUE,TRUE
Jeffrey D Klausner,R21AI157817,TRUE,TRUE
Jeffrey D Klausner,R21AI173988,TRUE,TRUE
Jeffrey D Klausner,R21HD084274,TRUE,TRUE
Jeffrey D Klausner,R21HD100821,TRUE,TRUE
Jeffrey D Klausner,U22PS925076,TRUE,FALSE
Jeffrey E Dick,R35GM138133,FALSE,TRUE
Jeffrey E Gershenwald,P50CA093459,FALSE,TRUE
Jeffrey E Gershenwald,P50CA221703,FALSE,TRUE
Jeffrey L Kurkewich,F32HL152524,FALSE,TRUE
Jeffrey N Myers,F32HL008372,TRUE,FALSE
Jeffrey N Myers,P30CA016672,TRUE,TRUE
Jeffrey N Myers,P50CA097007,TRUE,TRUE
Jeffrey N Myers,R01DE014613,TRUE,TRUE
Jeffrey N Myers,R01DE024601,TRUE,TRUE
Jeffrey N Myers,R01DE030875,TRUE,TRUE
Jeffrey N Myers,R13DE019081,TRUE,TRUE
Jeffrey N Myers,RC2DE020958,TRUE,TRUE
Jeffrey N Myers,T32CA060374,TRUE,TRUE
Jeffrey N Myers,U01DE025181,TRUE,TRUE
Jeffrey N Myers,U54CA274321,TRUE,TRUE
Jeffrey O Bush,K99DE020855,FALSE,TRUE
Jeffrey O Bush,R00DE020855,FALSE,TRUE
Jeffrey O Bush,R01DE023337,FALSE,TRUE
Jeffrey O Bush,R01DE025877,FALSE,TRUE
Jeffrey O Bush,R01DE028753,FALSE,TRUE
Jeffrey O Bush,R01DE033576,FALSE,TRUE
Jeffrey O Bush,R01HL144785,FALSE,TRUE
Jeffrey O Bush,R03DE022818,FALSE,TRUE
Jeffrey O Bush,R03HD084895,FALSE,TRUE
Jeffrey O Bush,R21DE025923,FALSE,TRUE
Jeffrey O Bush,R21DE033889,FALSE,TRUE
Jeffrey O Bush,R35DE031926,FALSE,TRUE
Jeffrey R Balser,C06RR018863,FALSE,TRUE
Jeffrey R Balser,K12HD043483,FALSE,TRUE
Jeffrey R Balser,M01RR000095,FALSE,TRUE
Jeffrey R Balser,P01HL046681,FALSE,TRUE
Jeffrey R Balser,R01GM056307,FALSE,TRUE
Jeffrey R Fineman,M01RR001271,FALSE,TRUE
Jeffrey R Fineman,P01HL146369,FALSE,TRUE
Jeffrey R Fineman,R01HL061284,FALSE,TRUE
Jeffrey R Fineman,R01HL137282,FALSE,TRUE
Jeffrey R Fineman,R44HD094414,FALSE,TRUE
Jeffrey R Fineman,T32HD049303,FALSE,TRUE
Jeffrey R Fineman,T32HL160508,FALSE,TRUE
Jeffrey R Kirsch,K08NS001225,TRUE,TRUE
Jeffrey R Kirsch,P01NS020020,TRUE,TRUE
Jeffrey R Kirsch,T32GM082770,TRUE,TRUE
Jeffrey S Elmendorf,P30DK097512,FALSE,TRUE
Jeffrey S Elmendorf,R01AT001846,FALSE,TRUE
Jeffrey S Elmendorf,R01DK082773,FALSE,TRUE
Jeffrey S Elmendorf,R01DK114222,FALSE,TRUE
Jeffrey S Elmendorf,R13DK141189,FALSE,TRUE
Jennie H Kwon,K23AI137321,FALSE,TRUE
Jennie H Kwon,R01HS027621,FALSE,TRUE
Jennie H Kwon,R01HS029872,FALSE,TRUE
Jennie H Kwon,U54CK000609,FALSE,TRUE
Jennifer A Smith,R01HL133221,TRUE,FALSE
Jennifer A Smith,R01HL141292,TRUE,FALSE
Jennifer A Smith,R03AG048806,TRUE,FALSE
Jennifer A Smith,R15GM087646,TRUE,FALSE
Jennifer A Smith,U54CA156733,TRUE,FALSE
Jennifer J Muehlenkamp,R01MH134051,FALSE,TRUE
Jennifer J Muehlenkamp,R15MH110960,FALSE,TRUE
Jennifer J Muehlenkamp,U79SM061793,FALSE,TRUE
Jennifer M Schomaker,F32GM080059,TRUE,TRUE
Jennifer M Schomaker,R01GM111412,TRUE,TRUE
Jennifer M Schomaker,R01GM132300,TRUE,TRUE
Jennifer M Schomaker,R21AI185841,TRUE,TRUE
Jennifer M Schomaker,R21GM131662,TRUE,TRUE
Jennifer M Schomaker,R35GM152043,TRUE,TRUE
Jennifer Martinez,F32AI091306,TRUE,TRUE
Jennifer Martinez,R36MH116678,TRUE,FALSE
Jennifer Martinez,ZIAES103286,TRUE,TRUE
Jennifer Ngolab,F31DA034490,FALSE,TRUE
Jennifer Ngolab,R21AG070595,FALSE,TRUE
Jennifer S Lerner,R03MH062376,FALSE,TRUE
Jens Ludwig,P01HD076816,FALSE,TRUE
Jens Ludwig,R01AG031259,FALSE,TRUE
Jens Ludwig,R01CE002971,FALSE,TRUE
Jens Ludwig,R01CE003582,FALSE,TRUE
Jens Ludwig,R01MH077026,FALSE,TRUE
Jens Ludwig,R21HD061757,FALSE,TRUE
Jens Ludwig,R21HD062870,FALSE,TRUE
Jens Ludwig,R21HD065157,FALSE,TRUE
Jens Ludwig,R49CE000906,FALSE,TRUE
Jens Ludwig,R56AG031259,FALSE,TRUE
Jens Ludwig,U01CE001631,FALSE,TRUE
Jeong-Ho Kim,R01DE026279,TRUE,FALSE
Jeong-Ho Kim,R01GM087470,TRUE,TRUE
Jeong-Ho Kim,R15GM134447,TRUE,TRUE
Jerel A Fields,F31NS072006,FALSE,TRUE
Jerel A Fields,F32NS083426,FALSE,TRUE
Jerel A Fields,K01MH115819,FALSE,TRUE
Jerel A Fields,R01AG092255,FALSE,TRUE
Jerel A Fields,R01DA058405,FALSE,TRUE
Jerel A Fields,R01DA062278,FALSE,TRUE
Jerel A Fields,R01MH128108,FALSE,TRUE
Jerel A Fields,R41NS105177,FALSE,TRUE
Jerel A Fields,R56AG066215,FALSE,TRUE
Jeremy A Lavine,K08EY030923,FALSE,TRUE
Jeremy A Lavine,R01EY034486,FALSE,TRUE
Jeremy A Lavine,R01EY036826,FALSE,TRUE
Jeremy Luban,DP1DA034990,FALSE,TRUE
Jeremy Luban,K11AI000988,FALSE,TRUE
Jeremy Luban,P30AI042848,FALSE,TRUE
Jeremy Luban,R01AI036199,FALSE,TRUE
Jeremy Luban,R01AI041857,FALSE,TRUE
Jeremy Luban,R01AI059159,FALSE,TRUE
Jeremy Luban,R01AI111809,FALSE,TRUE
Jeremy Luban,R01AI117839,FALSE,TRUE
Jeremy Luban,R01AI148784,FALSE,TRUE
Jeremy Luban,R24OD023047,FALSE,TRUE
Jeremy Luban,R24OD026440,FALSE,TRUE
Jeremy Luban,R37AI147868,FALSE,TRUE
Jeremy Luban,U01HG007910,FALSE,TRUE
Jeri Kim,R03CA101072,FALSE,TRUE
Jeri Kim,R21CA088761,FALSE,TRUE
Jerome A Yesavage,I01CX000224,TRUE,TRUE
Jerome A Yesavage,I01HX001839,TRUE,TRUE
Jerome A Yesavage,M01RR000070,TRUE,TRUE
Jerome A Yesavage,P01AG002504,TRUE,TRUE
Jerome A Yesavage,P01AG004458,TRUE,TRUE
Jerome A Yesavage,P30AG017824,TRUE,TRUE
Jerome A Yesavage,P30AG059307,TRUE,TRUE
Jerome A Yesavage,P30MH040041,TRUE,TRUE
Jerome A Yesavage,P50MH030854,TRUE,TRUE
Jerome A Yesavage,P50MH040041,TRUE,TRUE
Jerome A Yesavage,R01AA007035,TRUE,TRUE
Jerome A Yesavage,R01AG012713,TRUE,TRUE
Jerome A Yesavage,R01AG012914,TRUE,TRUE
Jerome A Yesavage,R01AG021134,TRUE,TRUE
Jerome A Yesavage,R01DA003593,TRUE,TRUE
Jerome A Yesavage,R01MH035182,TRUE,TRUE
Jerome A Yesavage,R01MH045143,TRUE,TRUE
Jerome A Yesavage,R01MH101468,TRUE,TRUE
Jerome A Yesavage,R37AG012713,TRUE,TRUE
Jerome A Yesavage,R37MH035182,TRUE,TRUE
Jerome A Yesavage,T01MH018764,TRUE,TRUE
Jerome A Yesavage,T24MH017341,TRUE,TRUE
Jerome A Yesavage,T32MH018905,TRUE,TRUE
Jesse Roman,I01BX000216,FALSE,TRUE
Jesse Roman,P50AA013757,FALSE,TRUE
Jesse Roman,P50AA024337,FALSE,TRUE
Jesse Roman,R01AA019953,FALSE,TRUE
Jesse Roman,R01CA116812,FALSE,TRUE
Jesse Roman,R01HL062316,FALSE,TRUE
Jesse Roman,R01HL068543,FALSE,TRUE
Jesse Roman,R01HL096508,FALSE,TRUE
Jesse Roman,R01HL147088,FALSE,TRUE
Jesse Roman,R21AG038652,FALSE,TRUE
Jesse Roman,T32HL076118,FALSE,TRUE
Jesse Roman,U01HL121807,FALSE,TRUE
Jesse Roman,U10HL080543,FALSE,TRUE
Jessica L Hamblen,I01HX002474,FALSE,TRUE
Jessica M Black,P41RR009784,FALSE,TRUE
Jessica Rose,R13HD062146,FALSE,TRUE
Ji Li,I01BX005625,FALSE,TRUE
Ji Li,I01CX002406,FALSE,TRUE
Ji Li,R01AG088199,FALSE,TRUE
Ji Li,R01HL158515,FALSE,TRUE
Ji Li,R33AG071249,FALSE,TRUE
Jia Liu,DP1DK130673,TRUE,FALSE
Jia Liu,K22AI099184,TRUE,FALSE
Jia Liu,R01AI139106,TRUE,FALSE
Jia Liu,R01LM014465,TRUE,FALSE
Jia Liu,R21AI191013,TRUE,FALSE
Jia Liu,RF1MH123948,TRUE,FALSE
Jia Zhou,R01DA038446,FALSE,TRUE
Jia Zhou,R01DA040621,FALSE,TRUE
Jia Zhou,R01DA060228,FALSE,TRUE
Jia Zhou,R01GM106218,FALSE,TRUE
Jia Zhou,R01MH111107,FALSE,TRUE
Jia Zhou,R01MH132226,FALSE,TRUE
Jia Zhou,R21AI176297,FALSE,TRUE
Jia Zhou,R21DA036663,FALSE,TRUE
Jia Zhou,R21MH093844,FALSE,TRUE
Jia Zhou,R43MH078433,FALSE,TRUE
Jia Zhou,R43MH083350,FALSE,TRUE
Jia Zhou,R43NS061352,FALSE,TRUE
Jia Zhou,R43NS062437,FALSE,TRUE
Jia Zhou,R61NS127286,FALSE,TRUE
Jia Zhou,U18DA052545,FALSE,TRUE
Jia Zhou,U18DA052546,FALSE,TRUE
Jian Huang,K01MH001541,TRUE,FALSE
Jian Huang,K99HL107747,TRUE,FALSE
Jian Huang,R00HL107747,TRUE,FALSE
Jian Huang,R01AR068950,TRUE,FALSE
Jian Huang,R01AR070222,TRUE,FALSE
Jian Huang,R01CA120988,TRUE,FALSE
Jian Huang,R01CA255221,TRUE,FALSE
Jian Huang,R01HL157118,TRUE,FALSE
Jian Huang,R21HL175169,TRUE,FALSE
Jian Huang,R41HL145877,TRUE,FALSE
Jian Wang,K01AG031926,TRUE,FALSE
Jian Wang,K02HL079981,TRUE,FALSE
Jian Wang,P41RR001081,TRUE,FALSE
Jian Wang,P51RR013986,TRUE,FALSE
Jian Wang,R01AT007317,TRUE,FALSE
Jian Wang,R01HL093020,TRUE,FALSE
Jian Wang,R01NS078026,TRUE,FALSE
Jian Wang,R01NS102583,TRUE,FALSE
Jian Wang,R01NS105894,TRUE,FALSE
Jian Wang,R03CA192197,TRUE,FALSE
Jian Wang,R21AG050741,TRUE,FALSE
Jian Wang,R21AG064217,TRUE,FALSE
Jian Wang,R21NS101614,TRUE,FALSE
Jian Wang,R21NS102899,TRUE,FALSE
Jian Wang,R56NS096549,TRUE,FALSE
Jian Wang,UG3NS106937,TRUE,FALSE
Jian Xu,K01DK093543,TRUE,TRUE
Jian Xu,K01MH094464,TRUE,FALSE
Jian Xu,P01CA298963,TRUE,TRUE
Jian Xu,P20GM104934,TRUE,TRUE
Jian Xu,P20RR024215,TRUE,TRUE
Jian Xu,R01CA230631,TRUE,TRUE
Jian Xu,R01CA259581,TRUE,TRUE
Jian Xu,R01DE026468,TRUE,FALSE
Jian Xu,R01DE030928,TRUE,FALSE
Jian Xu,R01DK111430,TRUE,TRUE
Jian Xu,R01HL130845,TRUE,TRUE
Jian Xu,R03DK101665,TRUE,TRUE
Jian Xu,R21AI158240,TRUE,TRUE
Jian Xu,R21DE028617,TRUE,FALSE
Jian Yang,F05AT003019,TRUE,FALSE
Jian Yang,R01AR072731,TRUE,FALSE
Jian Yang,R01CA182670,TRUE,FALSE
Jian Yang,R01EB012575,TRUE,FALSE
Jian Yang,R01EY027800,TRUE,FALSE
Jian Yang,R01EY032880,TRUE,FALSE
Jian Yang,R01GM085234,TRUE,FALSE
Jian Yang,R01HL058552,TRUE,FALSE
Jian Yang,R01HL118498,TRUE,FALSE
Jian Yang,R01HL158204,TRUE,FALSE
Jian Yang,R01NS045383,TRUE,FALSE
Jian Yang,R01NS045819,TRUE,FALSE
Jian Yang,R01NS053494,TRUE,FALSE
Jian Yang,R01NS123433,TRUE,FALSE
Jian Yang,R21EB009795,TRUE,FALSE
Jian Yang,R21EB024829,TRUE,FALSE
Jian Yang,R41DK123949,TRUE,FALSE
Jian Yang,U54CA143728,TRUE,FALSE
Jian Zhang,261201300039C,TRUE,FALSE
Jian Zhang,G12RR026260,TRUE,FALSE
Jian Zhang,K02AR049047,TRUE,FALSE
Jian Zhang,K99CA259223,TRUE,FALSE
Jian Zhang,P01AR045652,TRUE,FALSE
Jian Zhang,P01CA275746,TRUE,FALSE
Jian Zhang,P20GM139768,TRUE,FALSE
Jian Zhang,P41RR009784,TRUE,FALSE
Jian Zhang,R00CA259223,TRUE,FALSE
Jian Zhang,R01AI090901,TRUE,FALSE
Jian Zhang,R01AI121196,TRUE,FALSE
Jian Zhang,R01AI123253,TRUE,FALSE
Jian Zhang,R01AR049775,TRUE,FALSE
Jian Zhang,R01CA286469,TRUE,FALSE
Jian Zhang,R03AR047412,TRUE,FALSE
Jian Zhang,R21AI117547,TRUE,FALSE
Jian Zhang,R21CA280577,TRUE,FALSE
Jian Zhang,R21EB009509,TRUE,FALSE
Jian Zhang,R21EB034930,TRUE,FALSE
Jian Zhang,R21GM147958,TRUE,FALSE
Jian Zhang,R35GM156913,TRUE,FALSE
Jian Zhang,R41DK072910,TRUE,FALSE
Jian Zhang,R43GM123820,TRUE,FALSE
Jian Zhang,R43GM131430,TRUE,FALSE
Jian Zhang,R43GM154524,TRUE,FALSE
Jian Zhang,R43GM157786,TRUE,FALSE
Jian Zhang,R43GM159462,TRUE,FALSE
Jian Zhang,R43GM161150,TRUE,FALSE
Jian Zhang,R44GM123820,TRUE,FALSE
Jian Zhang,R44GM131430,TRUE,FALSE
Jian Zhang,R44RR023763,TRUE,FALSE
Jian Zhang,U54CA137788,TRUE,FALSE
Jian Zhong,R01EY022409,FALSE,TRUE
Jian Zhong,R01NS099568,FALSE,TRUE
Jian-Jun Zhao,K99CA172292,FALSE,TRUE
Jian-Jun Zhao,R00CA172292,FALSE,TRUE
Jian-Jun Zhao,R01CA251141,FALSE,TRUE
Jian-Jun Zhao,R01NS124081,FALSE,TRUE
Jianguo Tao,R01CA134807,FALSE,TRUE
Jianguo Tao,R01CA137123,FALSE,TRUE
Jianguo Tao,R01CA179062,FALSE,TRUE
Jianguo Tao,R01CA233601,FALSE,TRUE
Jianguo Tao,R01CA241713,FALSE,TRUE
Jianguo Tao,R21CA234519,FALSE,TRUE
Jianhua Wang,OT2OD038131,FALSE,TRUE
Jianhua Wang,R01NS111115,FALSE,TRUE
Jianhua Wang,R03EY016420,FALSE,TRUE
Jianhua Wang,R21EY021012,FALSE,TRUE
Jianhua Wang,R21EY035830,FALSE,TRUE
Jianhua Xu,R01NS082759,FALSE,TRUE
Jianhua Zhu,F32DK009193,FALSE,TRUE
Jianqin Lu,R01CA272487,FALSE,TRUE
Jianqin Lu,R35GM147002,FALSE,TRUE
Jiayu Chen,K99DK120952,TRUE,FALSE
Jiayu Chen,R01MH136665,TRUE,FALSE
Jie Liu,OT2OD038003,TRUE,FALSE
Jie Liu,R01DA017727,TRUE,FALSE
Jie Liu,R01DK129469,TRUE,FALSE
Jie Liu,R03OD030599,TRUE,FALSE
Jie Liu,R03OD034500,TRUE,FALSE
Jie Liu,R03OD038390,TRUE,FALSE
Jie Liu,R21CA187561,TRUE,FALSE
Jie Liu,R29ES006190,TRUE,FALSE
Jie Liu,R35HG011279,TRUE,FALSE
Jie Liu,U01DK135017,TRUE,FALSE
Jie Liu,U24DK138515,TRUE,FALSE
Jie Wang,R43CA121744,FALSE,TRUE
Jie Wang,R43CA134047,FALSE,TRUE
Jie Wu,P01CA118210,TRUE,FALSE
Jie Wu,P01CA288662,TRUE,FALSE
Jie Wu,R01CA077467,TRUE,FALSE
Jie Wu,R01CA178456,TRUE,FALSE
Jie Wu,R01CA242845,TRUE,FALSE
Jie Wu,R01CA273168,TRUE,FALSE
Jie Wu,R21CA175603,TRUE,FALSE
Jie Wu,R21NS056104,TRUE,FALSE
Jie Wu,R29CA077467,TRUE,FALSE
Jie Wu,R56CA077467,TRUE,FALSE
Jill A London,F32NS007169,TRUE,FALSE
Jill A London,P50DC000168,TRUE,TRUE
Jill A London,R01AI036317,TRUE,FALSE
Jill D Jacobson,R01AI050878,FALSE,TRUE
Jill D Jacobson,R29AR043152,FALSE,TRUE
Jill Ehrenreich-May,K23MH073946,FALSE,TRUE
Jill Ehrenreich-May,R01MH106536,FALSE,TRUE
Jill Ehrenreich-May,R34HD065284,FALSE,TRUE
Jill Ehrenreich-May,R43MH128075,FALSE,TRUE
Jill M Norris,M01RR000069,FALSE,TRUE
Jill M Norris,R01AR051394,FALSE,TRUE
Jill M Norris,R01AR081812,FALSE,TRUE
Jill M Norris,R01DK049654,FALSE,TRUE
Jill M Norris,R01DK054981,FALSE,TRUE
Jill M Norris,R01DK104351,FALSE,TRUE
Jill M Norris,R01HL061019,FALSE,TRUE
Jill M Norris,R21AI142483,FALSE,TRUE
Jill M Norris,R21AR084036,FALSE,TRUE
Jill MacLaren,R21HD057011,FALSE,TRUE
Jin A Cho,F32DK083894,FALSE,TRUE
Jin A Cho,K01DK102828,FALSE,TRUE
Jin He,R01GM127431,FALSE,TRUE
Jin He,R01MH130544,FALSE,TRUE
Jin Q Cheng,R01CA077935,FALSE,TRUE
Jin Q Cheng,R01CA089242,FALSE,TRUE
Jin Q Cheng,R01CA107078,FALSE,TRUE
Jin Q Cheng,R01CA137041,FALSE,TRUE
Jin Q Cheng,R01CA160455,FALSE,TRUE
Jin Q Cheng,R29CA077935,FALSE,TRUE
Jin Wang,K22AI001797,TRUE,FALSE
Jin Wang,R01AI056210,TRUE,FALSE
Jin Wang,R01AI074949,TRUE,FALSE
Jin Wang,R01AI116644,TRUE,FALSE
Jin Wang,R01AI123221,TRUE,FALSE
Jin Wang,R01AI176558,TRUE,FALSE
Jin Wang,R01CA207701,TRUE,FALSE
Jin Wang,R01CA250503,TRUE,FALSE
Jin Wang,R01CA268518,TRUE,FALSE
Jin Wang,R01GM087710,TRUE,FALSE
Jin Wang,R01GM115622,TRUE,FALSE
Jin Wang,R01GM124177,TRUE,TRUE
Jin Wang,R01MH127979,TRUE,FALSE
Jin Wang,R15GM131315,TRUE,FALSE
Jin Wang,R15GM152943,TRUE,FALSE
Jin Wang,R21CA152076,TRUE,FALSE
Jin Wang,R21CA213535,TRUE,FALSE
Jin Wang,RF1AG062257,TRUE,FALSE
Jin Wang,U01AG068031,TRUE,FALSE
Jin Wang,UF1NS115779,TRUE,TRUE
Jin Yong Kim,F30CA203101,FALSE,TRUE
Jin-Xiong She,M01RR000082,FALSE,TRUE
Jin-Xiong She,P01AI042288,FALSE,TRUE
Jin-Xiong She,R01DK050220,FALSE,TRUE
Jin-Xiong She,R01DK053103,FALSE,TRUE
Jin-Xiong She,R01DK053266,FALSE,TRUE
Jin-Xiong She,R01HD037800,FALSE,TRUE
Jin-Xiong She,R21CA199868,FALSE,TRUE
Jin-Xiong She,R21DK069878,FALSE,TRUE
Jin-Xiong She,R21HD050196,FALSE,TRUE
Jin-Xiong She,R33DK069878,FALSE,TRUE
Jin-Xiong She,R33HD050196,FALSE,TRUE
Jin-Xiong She,U01CA221242,FALSE,TRUE
Jin-Xiong She,U01DK063865,FALSE,TRUE
Jin-Xiong She,U24DK058778,FALSE,TRUE
Jin-Xiong She,UC4DK063865,FALSE,TRUE
Jing Fan,R35GM147014,FALSE,TRUE
Jing Fan,R56AI158958,FALSE,TRUE
Jing Li,75N92023D00002,TRUE,FALSE
Jing Li,K01AG066946,TRUE,TRUE
Jing Li,P20GM130460,TRUE,FALSE
Jing Li,P30CA022453,TRUE,FALSE
Jing Li,R01CA255124,TRUE,FALSE
Jing Li,R01LM008991,TRUE,FALSE
Jing Li,R03HG008632,TRUE,FALSE
Jing Li,R03HS027001,TRUE,TRUE
Jing Li,R21HD089035,TRUE,FALSE
Jing Li,R35GM160133,TRUE,FALSE
Jing Li,R41DE031485,TRUE,FALSE
Jing Li,R41TR001312,TRUE,FALSE
Jing Li,R42AG053149,TRUE,FALSE
Jing Li,U01HL143508,TRUE,FALSE
Jing Liu,K25EB014914,TRUE,FALSE
Jing Liu,R01GM081603,TRUE,TRUE
Jing Liu,R01HL114763,TRUE,TRUE
Jing Liu,R01HL141459,TRUE,TRUE
Jing Liu,R01HL181375,TRUE,TRUE
Jing Liu,R03DK135457,TRUE,FALSE
Jing Liu,R21AG060211,TRUE,TRUE
Jing Liu,R21CA238137,TRUE,FALSE
Jing Liu,R25GM151182,TRUE,FALSE
Jing Liu,R35GM147412,TRUE,FALSE
Jing Liu,R56HL133663,TRUE,FALSE
Jing Sun,K01AI162247,FALSE,TRUE
Jing Sun,R21AG097277,FALSE,TRUE
Jing Sun,R21EY036435,FALSE,TRUE
Jing Wang,K08GM102691,TRUE,TRUE
Jing Wang,P20GM121316,TRUE,TRUE
Jing Wang,P20RR018759,TRUE,TRUE
Jing Wang,P30CA036727,TRUE,TRUE
Jing Wang,R01CA140988,TRUE,TRUE
Jing Wang,R01CA208063,TRUE,TRUE
Jing Wang,R01CA212241,TRUE,TRUE
Jing Wang,R01CA215389,TRUE,TRUE
Jing Wang,R01CA251792,TRUE,FALSE
Jing Wang,R01EB020366,TRUE,FALSE
Jing Wang,R01EB027898,TRUE,FALSE
Jing Wang,R01EY035411,TRUE,FALSE
Jing Wang,R01GM115384,TRUE,TRUE
Jing Wang,R01NS100065,TRUE,TRUE
Jing Wang,R01NS117822,TRUE,FALSE
Jing Wang,R01NS121776,TRUE,TRUE
Jing Wang,R21EB036448,TRUE,FALSE
Jing Wang,R41CA306716,TRUE,FALSE
Jing Wang,R43AA012581,TRUE,FALSE
Jing Wang,R43CA101580,TRUE,FALSE
Jing Wang,RF1NS121776,TRUE,TRUE
Jing Wang,U54CA224065,TRUE,FALSE
Jing Wang,U54CA224081,TRUE,FALSE
Jing Wang,UG3CA261067,TRUE,TRUE
Jing Wang,UG3NS135170,TRUE,TRUE
Jing Wang,UH3CA261067,TRUE,TRUE
Jing Wang,UH3NS125162,TRUE,FALSE
Jing Wen,R01CA253215,FALSE,TRUE
Jing Wen,R01NS137919,FALSE,TRUE
Jing Wen,R56AI163386,FALSE,TRUE
Jing Xu,N01ES075413,TRUE,FALSE
Jing Xu,P50DK052612,TRUE,FALSE
Jing Xu,R01HD082208,TRUE,FALSE
Jing Xu,R01NS130210,TRUE,FALSE
Jing Xu,R15GM120682,TRUE,FALSE
Jinhua Wang,P30CA077598,TRUE,FALSE
Jinhua Wang,R21MD019134,TRUE,FALSE
Jinhua Wang,U54AG079754,TRUE,FALSE
Jizhen Lin,R01DC008165,FALSE,TRUE
Jizhen Lin,R03CA107989,FALSE,TRUE
Jo Rae Wright,P01AI081672,FALSE,TRUE
Jo Rae Wright,P01HL108793,FALSE,TRUE
Jo Rae Wright,P30ES011961,FALSE,TRUE
Jo Rae Wright,P50HL084917,FALSE,TRUE
Jo Rae Wright,R01HL030923,FALSE,TRUE
Jo Rae Wright,R01HL051134,FALSE,TRUE
Jo Rae Wright,R01HL068072,FALSE,TRUE
Jo Rae Wright,R23HL030923,FALSE,TRUE
Joan L Luby,K08MH001462,FALSE,TRUE
Joan L Luby,R01MH053063,FALSE,TRUE
Joan L Luby,R01MH064769,FALSE,TRUE
Joan L Luby,R01MH090786,FALSE,TRUE
Joan L Luby,R01MH098454,FALSE,TRUE
Joan L Luby,R01MH113883,FALSE,TRUE
Joan L Luby,R01MH117436,FALSE,TRUE
Joan L Luby,R01MH121877,FALSE,TRUE
Joan L Luby,R01MH130621,FALSE,TRUE
Joan L Luby,R21HD095490,FALSE,TRUE
Joan L Luby,R34MH080163,FALSE,TRUE
Joan L Luby,RF1MH130621,FALSE,TRUE
Joan L Luby,T32MH100019,FALSE,TRUE
Joan L Luby,U01MH064868,FALSE,TRUE
Joanna Sztuba-Solinska,R21AI159361,FALSE,TRUE
Joanne Kraenzle Schneider,F31NR006864,FALSE,TRUE
Joanne Kraenzle Schneider,F32NR007221,FALSE,TRUE
Joanne Kraenzle Schneider,R01NR004771,FALSE,TRUE
Joaquin Barnoya,R01TW010652,FALSE,TRUE
Joaquin Barnoya,R24TW008820,FALSE,TRUE
Joel Brown,R01CA258089,FALSE,TRUE
Joel Brown,U54CA274507,FALSE,TRUE
Joel D Taurog,K04AM001341,FALSE,TRUE
Joel D Taurog,K04AR001756,FALSE,TRUE
Joel D Taurog,M01RR000400,FALSE,TRUE
Joel D Taurog,P30AR041940,FALSE,TRUE
Joel D Taurog,P50AR039169,FALSE,TRUE
Joel D Taurog,R01AI042860,FALSE,TRUE
Joel D Taurog,R01AM034502,FALSE,TRUE
Joel D Taurog,R01AR038319,FALSE,TRUE
Joel D Taurog,R01DK047692,FALSE,TRUE
Joel D Taurog,R13AR045703,FALSE,TRUE
Joel D Taurog,R13AR057269,FALSE,TRUE
Joel D Taurog,R21AR075150,FALSE,TRUE
Joel D Taurog,T32AR007055,FALSE,TRUE
Joel F Habener,P01AM011794,TRUE,TRUE
Joel F Habener,P30DK057521,TRUE,TRUE
Joel F Habener,R01AM025532,TRUE,TRUE
Joel F Habener,R01AM030457,TRUE,TRUE
Joel F Habener,R01AM030834,TRUE,TRUE
Joel F Habener,R01AM034219,TRUE,TRUE
Joel F Habener,R01DK025532,TRUE,TRUE
Joel F Habener,R01DK030457,TRUE,TRUE
Joel F Habener,R01DK030834,TRUE,TRUE
Joel F Habener,R01DK034219,TRUE,TRUE
Joel F Habener,R01DK055365,TRUE,TRUE
Joel F Habener,R13DK036420,TRUE,TRUE
Joel F Habener,R21DK060125,TRUE,TRUE
Joel F Habener,R37DK030457,TRUE,TRUE
Joel F Habener,U19DK061251,TRUE,TRUE
Joel F Habener,U54HD028138,TRUE,TRUE
Joel Gittelsohn,R01HL122150,FALSE,TRUE
Joel Gittelsohn,R01HL168854,FALSE,TRUE
Joel Gittelsohn,R01MD018022,FALSE,TRUE
Joel Gittelsohn,R21HL102812,FALSE,TRUE
Joel Gittelsohn,R34HL145368,FALSE,TRUE
Joel Gittelsohn,R34HL161566,FALSE,TRUE
Joel Gittelsohn,U54HD070725,FALSE,TRUE
Joel M Gore,N01HV038033,FALSE,TRUE
Joel T Nigg,F31MH010462,FALSE,TRUE
Joel T Nigg,R01MH059105,FALSE,TRUE
Joel T Nigg,R01MH063146,FALSE,TRUE
Joel T Nigg,R01MH086654,FALSE,TRUE
Joel T Nigg,R01MH099064,FALSE,TRUE
Joel T Nigg,R01MH115357,FALSE,TRUE
Joel T Nigg,R01MH117177,FALSE,TRUE
Joel T Nigg,R01MH124824,FALSE,TRUE
Joel T Nigg,R01MH131685,FALSE,TRUE
Joel T Nigg,R03MH057244,FALSE,TRUE
Joel T Nigg,R21MH070542,FALSE,TRUE
Joel T Nigg,R37MH059105,FALSE,TRUE
Joel T Nigg,R56MH086654,FALSE,TRUE
Joel T Nigg,U01MH135970,FALSE,TRUE
Joel Yager,R24MH058404,FALSE,TRUE
Joel Yager,T01MH018334,FALSE,TRUE
Joel Yager,T24MH018380,FALSE,TRUE
Joellen Schildkraut,P50CA068438,FALSE,TRUE
John A D'Orazio,P30CA177558,FALSE,TRUE
John A D'Orazio,R01CA131075,FALSE,TRUE
John A D'Orazio,R03CA125782,FALSE,TRUE
John A D'Orazio,R13AR079883,FALSE,TRUE
John A D'Orazio,R21CA127052,FALSE,TRUE
John A D’Orazio,P30CA177558,FALSE,TRUE
John A D’Orazio,R01CA131075,FALSE,TRUE
John A D’Orazio,R03CA125782,FALSE,TRUE
John A D’Orazio,R13AR079883,FALSE,TRUE
John A D’Orazio,R21CA127052,FALSE,TRUE
John A McLachlan,R13ES011296,FALSE,TRUE
John A Thompson,F31DC008028,TRUE,FALSE
John A Thompson,K08CA001030,TRUE,TRUE
John A Thompson,M01RR000037,TRUE,TRUE
John A Thompson,P20CA101955,TRUE,FALSE
John A Thompson,R01CA041248,TRUE,TRUE
John A Thompson,R01DK051629,TRUE,TRUE
John A Thompson,R01ES006216,TRUE,TRUE
John A Thompson,R01HL045990,TRUE,TRUE
John A Thompson,R01HL048491,TRUE,TRUE
John A Thompson,R21CA091553,TRUE,TRUE
John A Thompson,R21DK071300,TRUE,FALSE
John A Thompson,S07RR005831,TRUE,TRUE
John A Thompson,S10RR004996,TRUE,TRUE
John A Thompson,S10RR012974,TRUE,TRUE
John A Thompson,UH3NS113769,TRUE,FALSE
John Ahrens,F31HL144043,FALSE,TRUE
John B Hays,F06TW002020,FALSE,TRUE
John B Hays,R01ES006421,FALSE,TRUE
John B Hays,R01ES009848,FALSE,TRUE
John B Hays,R01GM022586,FALSE,TRUE
John B Hays,R01GM033236,FALSE,TRUE
John B Hays,R13CA121756,FALSE,TRUE
John B Hays,R13CA133995,FALSE,TRUE
John B Hays,R21ES017152,FALSE,TRUE
John B Hays,R21ES018979,FALSE,TRUE
John Blenis,F32CA007365,FALSE,TRUE
John Blenis,R01CA046595,FALSE,TRUE
John Blenis,R01CA273357,FALSE,TRUE
John Blenis,R01CA280572,FALSE,TRUE
John Blenis,R01CA282762,FALSE,TRUE
John Blenis,R01CA301410,FALSE,TRUE
John Blenis,R01GM051405,FALSE,TRUE
John Blenis,R01HL121266,FALSE,TRUE
John Blenis,R03CA212562,FALSE,TRUE
John Blenis,R03CA280299,FALSE,TRUE
John Blenis,R03CA289863,FALSE,TRUE
John Blenis,R13CA074836,FALSE,TRUE
John Blenis,R13CA130582,FALSE,TRUE
John Blenis,R21NS059428,FALSE,TRUE
John Blenis,R37CA046595,FALSE,TRUE
John Blenis,T32CA203702,FALSE,TRUE
John C Berg,D37AH000114,FALSE,TRUE
John C Gore,P30CA068485,TRUE,TRUE
John C Gore,P41RR002584,TRUE,TRUE
John C Gore,P50CA128323,TRUE,TRUE
John C Gore,R01CA040675,TRUE,TRUE
John C Gore,R01CA049789,TRUE,TRUE
John C Gore,R01CA090844,TRUE,TRUE
John C Gore,R01CA109106,TRUE,TRUE
John C Gore,R01CA173593,TRUE,TRUE
John C Gore,R01DK068751,TRUE,TRUE
John C Gore,R01EB000214,TRUE,TRUE
John C Gore,R01EB000461,TRUE,TRUE
John C Gore,R01EB002326,TRUE,TRUE
John C Gore,R01EB024525,TRUE,TRUE
John C Gore,R01MH099649,TRUE,TRUE
John C Gore,R01NS033332,TRUE,TRUE
John C Gore,R01NS034834,TRUE,TRUE
John C Gore,R01NS078680,TRUE,TRUE
John C Gore,R01NS092961,TRUE,TRUE
John C Gore,R01NS093669,TRUE,TRUE
John C Gore,R01NS104149,TRUE,TRUE
John C Gore,R01NS113832,TRUE,TRUE
John C Gore,R21NS074469,TRUE,TRUE
John C Gore,R21NS081437,TRUE,TRUE
John C Gore,R25CA136440,TRUE,TRUE
John C Gore,RF1MH123201,TRUE,TRUE
John C Gore,S10MH133645,TRUE,TRUE
John C Gore,S10OD012297,TRUE,TRUE
John C Gore,S10OD019993,TRUE,TRUE
John C Gore,S10OD021771,TRUE,TRUE
John C Gore,S10OD021804,TRUE,TRUE
John C Gore,S10OD025085,TRUE,TRUE
John C Gore,S10OD030389,TRUE,TRUE
John C Gore,S10OD036274,TRUE,TRUE
John C Gore,S10OD038266,TRUE,TRUE
John C Gore,S10RR006264,TRUE,TRUE
John C Gore,S10RR009028,TRUE,TRUE
John C Gore,S10RR014791,TRUE,TRUE
John C Gore,S10RR017799,TRUE,TRUE
John C Gore,S10RR023047,TRUE,TRUE
John C Gore,S10RR029523,TRUE,TRUE
John C Gore,T32CA009549,TRUE,TRUE
John C Gore,T32EB001628,TRUE,TRUE
John C Gore,T32EB003817,TRUE,TRUE
John C Gore,T32EB014841,TRUE,TRUE
John C Gore,U24CA126588,TRUE,TRUE
John C Gore,U54CA113007,TRUE,TRUE
John C Gore,U54CA126505,TRUE,TRUE
John C H Spence,P41GM136508,FALSE,TRUE
John C H Spence,P41RR017573,FALSE,TRUE
John C H Spence,P51RR000163,FALSE,TRUE
John C H Spence,S10OD021816,FALSE,TRUE
John C LaRosa,K07HL001248,TRUE,FALSE
John C LaRosa,N01HV032931,TRUE,FALSE
John C LaRosa,P51RR000164,TRUE,FALSE
John C LaRosa,R01AG004322,TRUE,FALSE
John C LaRosa,R01HL034996,TRUE,FALSE
John C LaRosa,S03RR003520,TRUE,FALSE
John C LaRosa,S07RR005359,TRUE,FALSE
John C LaRosa,U01HL040185,TRUE,FALSE
John C LaRosa,U01HL044315,TRUE,FALSE
John C Reed,P01AI055789,TRUE,TRUE
John C Reed,P01AI090935,TRUE,TRUE
John C Reed,P01CA051083,TRUE,FALSE
John C Reed,P01CA055164,TRUE,TRUE
John C Reed,P01CA069381,TRUE,TRUE
John C Reed,P01CA078040,TRUE,TRUE
John C Reed,P01CA081534,TRUE,TRUE
John C Reed,P20CA081534,TRUE,TRUE
John C Reed,P41RR011823,TRUE,TRUE
John C Reed,R01AG015393,TRUE,TRUE
John C Reed,R01AI056324,TRUE,TRUE
John C Reed,R01AI082629,TRUE,TRUE
John C Reed,R01AI091967,TRUE,TRUE
John C Reed,R01CA047956,TRUE,TRUE
John C Reed,R01CA054957,TRUE,TRUE
John C Reed,R01CA060181,TRUE,TRUE
John C Reed,R01CA060381,TRUE,TRUE
John C Reed,R01CA067329,TRUE,TRUE
John C Reed,R01CA072994,TRUE,TRUE
John C Reed,R01CA080677,TRUE,TRUE
John C Reed,R01CA112053,TRUE,TRUE
John C Reed,R01CA163743,TRUE,TRUE
John C Reed,R01GM060554,TRUE,TRUE
John C Reed,R01GM061694,TRUE,TRUE
John C Reed,R03DA024887,TRUE,TRUE
John C Reed,R03MH081277,TRUE,TRUE
John C Reed,R03MH084844,TRUE,TRUE
John C Reed,R03MH085677,TRUE,TRUE
John C Reed,R03MH086475,TRUE,TRUE
John C Reed,R03MH090871,TRUE,TRUE
John C Reed,U01AI078048,TRUE,TRUE
John C Reed,U01CA060421,TRUE,TRUE
John C Reed,U19CA113318,TRUE,TRUE
John C Reed,U54HG003916,TRUE,TRUE
John C Reed,U54HG005033,TRUE,TRUE
John Crowley,F31AA005548,TRUE,FALSE
John Crowley,S07RR005761,TRUE,TRUE
John D Altman,F32HL009333,TRUE,TRUE
John D Altman,N01AI25456,TRUE,TRUE
John D Altman,P01AI043045,TRUE,TRUE
John D Altman,P30AI050409,TRUE,TRUE
John D Altman,P30AR042687,TRUE,TRUE
John D Altman,P51RR000165,TRUE,TRUE
John D Altman,R01AI042373,TRUE,TRUE
John D Altman,R01AI042518,TRUE,TRUE
John D Altman,R21AI044359,TRUE,TRUE
John D Altman,R21AI048471,TRUE,TRUE
John D Altman,R21AI089302,TRUE,TRUE
John D Altman,R56AI076237,TRUE,TRUE
John D Altman,U19AI057266,TRUE,TRUE
John D Altman,U19AI061728,TRUE,TRUE
John D Altman,U19AI111211,TRUE,TRUE
John E Lewis,F31MH010677,FALSE,TRUE
John E Lewis,P01AG017211,FALSE,TRUE
John F Aloia,P01DK042618,TRUE,FALSE
John F Aloia,R01AG015325,TRUE,TRUE
John F Aloia,R01AG032440,TRUE,TRUE
John F Aloia,R01AR037520,TRUE,TRUE
John G Kerns,F31MH012166,FALSE,TRUE
John G Kerns,R03DA022405,FALSE,TRUE
John G Kerns,R03MH072706,FALSE,TRUE
John G Kerns,R21AA019492,FALSE,TRUE
John G Kerns,R21MH100359,FALSE,TRUE
John G Pastorino,K01AA000330,FALSE,TRUE
John G Pastorino,R01AA012897,FALSE,TRUE
John G Pastorino,R01CA118356,FALSE,TRUE
John H Winston,R01DK111819,FALSE,TRUE
John H Winston,R21DK075944,FALSE,TRUE
John J Sauk,P20DE010594,TRUE,TRUE
John J Sauk,R01AR041572,TRUE,TRUE
John J Sauk,R01DE008648,TRUE,TRUE
John J Sauk,R01DE012606,TRUE,TRUE
John J Sauk,R01DE013118,TRUE,TRUE
John J Sauk,S15DK042227,TRUE,TRUE
John L Ninnemann,R01GM034007,FALSE,TRUE
John L Ninnemann,R01GM034008,FALSE,TRUE
John M Kyriakis,R01CA112399,FALSE,TRUE
John M Kyriakis,R01DK041513,FALSE,TRUE
John M Kyriakis,R01GM046577,FALSE,TRUE
John M Kyriakis,R29GM046577,FALSE,TRUE
John M Kyriakis,R43DK099827,FALSE,TRUE
John M Kyriakis,S10RR020912,FALSE,TRUE
John M Maris,M01RR000240,FALSE,TRUE
John M Maris,OT2CA278687,FALSE,TRUE
John M Maris,P01CA217959,FALSE,TRUE
John M Maris,R01CA078545,FALSE,TRUE
John M Maris,R01CA087847,FALSE,TRUE
John M Maris,R01CA124709,FALSE,TRUE
John M Maris,R01CA180692,FALSE,TRUE
John M Maris,R35CA220500,FALSE,TRUE
John M Maris,T32CA009615,FALSE,TRUE
John M Maris,U01CA199287,FALSE,TRUE
John M Maris,U01CA281881,FALSE,TRUE
John M Maris,U10CA078966,FALSE,TRUE
John M Maris,U54CA232568,FALSE,TRUE
John M Vierling,R01DK033883,FALSE,TRUE
John M Vierling,R01DK053945,FALSE,TRUE
John M Weiler,M01RR000059,TRUE,TRUE
John M Weiler,P50AI019093,TRUE,TRUE
John M Weiler,R01AI022350,TRUE,TRUE
John M Weiler,S10RR004881,TRUE,TRUE
John McCoy,ZICHL005905,FALSE,TRUE
John N Weinstein,P30CA016672,TRUE,TRUE
John N Weinstein,U01CA235510,TRUE,TRUE
John N Weinstein,U24CA143883,TRUE,TRUE
John N Weinstein,U24CA199461,TRUE,TRUE
John N Weinstein,U24CA210949,TRUE,TRUE
John N Weinstein,U24CA210950,TRUE,TRUE
John N Weinstein,U24CA264006,TRUE,TRUE
John N Weinstein,Z01BC007349,TRUE,TRUE
John N Weinstein,Z01BC008341,TRUE,FALSE
John N Weinstein,Z01BC008392,TRUE,FALSE
John N Weinstein,Z01BC010823,TRUE,TRUE
John N Weinstein,Z01BC010842,TRUE,TRUE
John O Holloszy,M01RR000036,TRUE,TRUE
John O Holloszy,P01AG005562,TRUE,TRUE
John O Holloszy,P60AG013629,TRUE,TRUE
John O Holloszy,R01AG000425,TRUE,TRUE
John O Holloszy,R01AG020076,TRUE,TRUE
John O Holloszy,R01AM018986,TRUE,TRUE
John O Holloszy,R01DK018986,TRUE,TRUE
John O Holloszy,R01DK048128,TRUE,TRUE
John O Holloszy,R01HL022215,TRUE,TRUE
John O Holloszy,R37AG000425,TRUE,TRUE
John O Holloszy,R56AG000425,TRUE,TRUE
John O Holloszy,T32AG000078,TRUE,TRUE
John O Holloszy,U01AG020487,TRUE,TRUE
John P Atkinson,P01HG000306,TRUE,TRUE
John P Atkinson,P30AR048335,TRUE,TRUE
John P Atkinson,P50AI015322,TRUE,TRUE
John P Atkinson,R01AI019642,TRUE,TRUE
John P Atkinson,R01AI037618,TRUE,TRUE
John P Atkinson,R01AI041592,TRUE,TRUE
John P Atkinson,R01CA074881,TRUE,TRUE
John P Atkinson,T32AM007279,TRUE,TRUE
John P Atkinson,T32AR007279,TRUE,TRUE
John P Atkinson,U09RG011661,TRUE,TRUE
John P Atkinson,U19AI070489,TRUE,TRUE
John P Fisher,P41EB023833,FALSE,TRUE
John P Fisher,R01AR061460,FALSE,TRUE
John P Fisher,R01HD112031,FALSE,TRUE
John R Basile,K16DE000275,FALSE,TRUE
John R Basile,R01CA133162,FALSE,TRUE
John R David,P01AI016305,TRUE,TRUE
John R David,P01AI022794,TRUE,TRUE
John R David,R01AI022532,TRUE,TRUE
John R David,R01AI022801,TRUE,TRUE
John R David,R13AI031013,TRUE,TRUE
John R David,T32AI007350,TRUE,TRUE
John R David,U01AI016305,TRUE,TRUE
John R David,U01AI033226,TRUE,TRUE
John R Hughes,K01DA000109,TRUE,TRUE
John R Hughes,K02DA000109,TRUE,TRUE
John R Hughes,K05DA000490,TRUE,TRUE
John R Hughes,M01RR000109,TRUE,TRUE
John R Hughes,R01AA009480,TRUE,TRUE
John R Hughes,R01CA163176,TRUE,TRUE
John R Hughes,R01CA165080,TRUE,TRUE
John R Hughes,R01CA192940,TRUE,TRUE
John R Hughes,R01DA004066,TRUE,TRUE
John R Hughes,R01DA004843,TRUE,TRUE
John R Hughes,R01DA011557,TRUE,TRUE
John R Hughes,R01DA011935,TRUE,TRUE
John R Hughes,R01DA017825,TRUE,TRUE
John R Hughes,R01DA024691,TRUE,TRUE
John R Hughes,R01DA025089,TRUE,TRUE
John R Hughes,R01DA031687,TRUE,TRUE
John R Hughes,R01HL039220,TRUE,TRUE
John R Kirby,F32GM019676,FALSE,TRUE
John R Kirby,R01AI059682,FALSE,TRUE
John R Kirby,R01AI108255,FALSE,TRUE
John R Kirby,R21AG075501,FALSE,TRUE
John S McCloy,R41EB029280,FALSE,TRUE
John S McCloy,R44EB029280,FALSE,TRUE
John Savory,S10RR002418,FALSE,TRUE
John W Crabb,P01CA037589,TRUE,FALSE
John W Crabb,P30EY025585,TRUE,TRUE
John W Crabb,R01EY006603,TRUE,TRUE
John W Crabb,R01EY014239,TRUE,TRUE
John W Crabb,R21CA209500,TRUE,TRUE
John W Crabb,R21EY018147,TRUE,TRUE
John W Crabb,R21EY021840,TRUE,TRUE
John W Crabb,R21EY022134,TRUE,TRUE
John W Crabb,R21EY025388,TRUE,TRUE
John W Crabb,S07RR005863,TRUE,FALSE
John W Hollingsworth,F32HL074518,FALSE,TRUE
John W Hollingsworth,K08ES012717,FALSE,TRUE
John W Hollingsworth,K08HL091335,FALSE,TRUE
John W Hollingsworth,R01ES016126,FALSE,TRUE
John W Hollingsworth,R01ES020350,FALSE,TRUE
John W Hollingsworth,R21AI058161,FALSE,TRUE
John W Hollingsworth,R21ES016659,FALSE,TRUE
John W Hollingsworth,R21ES020426,FALSE,TRUE
John W Williams,P20AG012044,TRUE,FALSE
John W Williams,S06RR008091,TRUE,FALSE
John Yu,H79TI017187,TRUE,FALSE
John Yu,H79TI018746,TRUE,FALSE
John Yu,U79TI025102,TRUE,FALSE
Johnathan M Lancaster,R03AG028100,FALSE,TRUE
Johnathan M Lancaster,R03CA117371,FALSE,TRUE
Johnathan M Lancaster,R21CA110499,FALSE,TRUE
Johnathan M Lancaster,R33CA110499,FALSE,TRUE
Joke Bradt,R01NR016681,FALSE,TRUE
Joke Bradt,R03NR013551,FALSE,TRUE
Joke Bradt,U24AT012601,FALSE,TRUE
Jon A Wolff,K11HD000669,TRUE,TRUE
Jon A Wolff,M01RR003186,TRUE,TRUE
Jon A Wolff,R01DK042709,TRUE,TRUE
Jon A Wolff,R01DK049117,TRUE,TRUE
Jon A Wolff,R01DK065090,TRUE,TRUE
Jon A Wolff,R01NS030142,TRUE,TRUE
Jon A Wolff,R01NS039915,TRUE,TRUE
Jon A Wolff,R21DK053314,TRUE,TRUE
Jon S Abramson,F06TW001784,FALSE,TRUE
Jon S Abramson,K04AI000670,FALSE,TRUE
Jon S Abramson,R01AI020506,FALSE,TRUE
Jon W Gordon,P01AI024460,TRUE,TRUE
Jon W Gordon,R01AG010520,TRUE,TRUE
Jon W Gordon,R01CA042103,TRUE,TRUE
Jon W Gordon,R01HD018631,TRUE,TRUE
Jon W Gordon,R01HD020484,TRUE,TRUE
Jon W Gordon,R01HD025136,TRUE,TRUE
Jon W Gordon,R13RR006913,TRUE,TRUE
Jonathan Flint,R01MH115979,FALSE,TRUE
Jonathan Flint,R01MH122569,FALSE,TRUE
Jonathan Flint,R01MH130581,FALSE,TRUE
Jonathan Flint,U01DA059695,FALSE,TRUE
Jonathan Flint,U01MH126798,FALSE,TRUE
Jonathan I Epstein,P50CA058236,FALSE,TRUE
Jonathan J Shuster,R01AM034464,FALSE,TRUE
Jonathan J Shuster,R01DK034464,FALSE,TRUE
Jonathan J Shuster,U09RG012865,FALSE,TRUE
Jonathan J Shuster,U10CA029139,FALSE,TRUE
Jonathan J Shuster,U10CA037379,FALSE,TRUE
Jonathan Kipnis,DP1AT010416,FALSE,TRUE
Jonathan Kipnis,P01AG078106,FALSE,TRUE
Jonathan Kipnis,P20RR017675,FALSE,TRUE
Jonathan Kipnis,R01AG034113,FALSE,TRUE
Jonathan Kipnis,R01AG078667,FALSE,TRUE
Jonathan Kipnis,R01AI183879,FALSE,TRUE
Jonathan Kipnis,R01AT011419,FALSE,TRUE
Jonathan Kipnis,R01MH096484,FALSE,TRUE
Jonathan Kipnis,R01NS061973,FALSE,TRUE
Jonathan Kipnis,R01NS081026,FALSE,TRUE
Jonathan Kipnis,R01NS096967,FALSE,TRUE
Jonathan Kipnis,R13AI143195,FALSE,TRUE
Jonathan Kipnis,R21HD056293,FALSE,TRUE
Jonathan Kipnis,R21MH108156,FALSE,TRUE
Jonathan Kipnis,R33MH108156,FALSE,TRUE
Jonathan Kipnis,R37AG034113,FALSE,TRUE
Jonathan Kipnis,R61AG090394,FALSE,TRUE
Jonathan Kipnis,RF1AG057496,FALSE,TRUE
Jonathan M Spergel,R01AI062698,FALSE,TRUE
Jonathan M Spergel,R01DK087789,FALSE,TRUE
Jonathan M Spergel,U54AI117804,FALSE,TRUE
Jonathan S Maltzman,I01BX005142,FALSE,TRUE
Jonathan S Maltzman,I01CX001971,FALSE,TRUE
Jonathan S Maltzman,K08AI055806,FALSE,TRUE
Jonathan S Maltzman,R01AI085160,FALSE,TRUE
Jonathan S Maltzman,R21AI171923,FALSE,TRUE
Jonathan S Maltzman,R56AI108786,FALSE,TRUE
Jonathan Silver,Z01AI000781,FALSE,TRUE
Jonathan Silver,Z01AI000782,FALSE,TRUE
Jonathan W Schooler,R29MH045135,FALSE,TRUE
Jonathon S Coren,R15HG002216,FALSE,TRUE
Jorge G Arroyo,K23EY000407,FALSE,TRUE
Jose A Rafols,R01NS039860,FALSE,TRUE
Jose A Rodriguez,R21AI135851,FALSE,TRUE
Jose A Rodriguez,R35GM128867,FALSE,TRUE
Jose C Florez,F30MH010189,FALSE,TRUE
Jose C Florez,K23DK065978,FALSE,TRUE
Jose C Florez,K24DK110550,FALSE,TRUE
Jose C Florez,K24HL157960,FALSE,TRUE
Jose C Florez,P30DK057521,FALSE,TRUE
Jose C Florez,P30DK135043,FALSE,TRUE
Jose C Florez,R01DK072041,FALSE,TRUE
Jose C Florez,R01DK088214,FALSE,TRUE
Jose C Florez,R01DK105154,FALSE,TRUE
Jose C Florez,R01DK123019,FALSE,TRUE
Jose C Florez,R01DK132299,FALSE,TRUE
Jose C Florez,R01GM117163,FALSE,TRUE
Jose C Florez,R03DK077675,FALSE,TRUE
Jose C Florez,T32DK110919,FALSE,TRUE
Jose C Florez,U01DK085526,FALSE,TRUE
Jose C Florez,U01DK105554,FALSE,TRUE
Jose C Florez,U54DK118612,FALSE,TRUE
Jose C Florez,UM1DK126185,FALSE,TRUE
Josef Michl,R01AI010080,TRUE,TRUE
Josef Michl,R01CA022682,TRUE,TRUE
Josef Michl,R01CA038955,TRUE,TRUE
Josef Michl,R01GM032773,TRUE,FALSE
Josef Michl,R01GM037929,TRUE,FALSE
Joseph A Maldjian,R01CA260705,FALSE,TRUE
Joseph A Maldjian,R01EB004673,FALSE,TRUE
Joseph A Maldjian,R01NS075107,FALSE,TRUE
Joseph A Maldjian,R01NS082453,FALSE,TRUE
Joseph A Maldjian,R01NS091602,FALSE,TRUE
Joseph A Maldjian,R03EB008670,FALSE,TRUE
Joseph A Maldjian,R03NS088082,FALSE,TRUE
Joseph A Maldjian,U01CA207091,FALSE,TRUE
Joseph Isaac Shapiro,F32DK007731,TRUE,TRUE
Joseph Isaac Shapiro,R01HL109015,TRUE,TRUE
Joseph Isaac Shapiro,S07RR005357,TRUE,FALSE
Joseph L DeRisi,P01AI063302,FALSE,TRUE
Joseph L DeRisi,P01AI091575,FALSE,TRUE
Joseph L DeRisi,P41RR001614,FALSE,TRUE
Joseph L DeRisi,R01AI184710,FALSE,TRUE
Joseph L DeRisi,R01MH122471,FALSE,TRUE
Joseph L DeRisi,RM1NS138808,FALSE,TRUE
Joseph L DeRisi,T32EB009383,FALSE,TRUE
Joseph L DeRisi,U54AI065359,FALSE,TRUE
Joseph L Demer,P01DC002952,FALSE,TRUE
Joseph L Demer,P30EY000331,FALSE,TRUE
Joseph L Demer,P50DC005224,FALSE,TRUE
Joseph L Demer,R01EY006394,FALSE,TRUE
Joseph L Demer,R01EY008313,FALSE,TRUE
Joseph L Demer,R01EY008656,FALSE,TRUE
Joseph L Messina,F32AM007140,TRUE,TRUE
Joseph L Messina,I01BX000611,TRUE,TRUE
Joseph L Messina,R01DK040456,TRUE,TRUE
Joseph L Messina,R01DK054440,TRUE,TRUE
Joseph L Messina,R01DK062071,TRUE,TRUE
Joseph L Messina,S07RR005402,TRUE,FALSE
Joseph Lau,K12HS022998,FALSE,TRUE
Joseph Lau,R01DE011646,FALSE,TRUE
Joseph Lau,R01HS007782,FALSE,TRUE
Joseph Lau,R03HS010345,FALSE,TRUE
Joseph Lau,R25HS009796,FALSE,TRUE
Joseph Lau,R41RR012416,FALSE,TRUE
Joseph Lustgarten,R01AG028751,FALSE,TRUE
Joseph Lustgarten,R01CA078579,FALSE,TRUE
Joseph Lustgarten,R01CA114336,FALSE,TRUE
Joseph Lustgarten,R56AI089846,FALSE,TRUE
Joseph M Keenan,R03HL050209,FALSE,TRUE
Joseph R Hume,P20RR015581,FALSE,TRUE
Joseph R Hume,R01HL030143,FALSE,TRUE
Joseph R Hume,R01HL049254,FALSE,TRUE
Joseph R Hume,R01HL052803,FALSE,TRUE
Joseph R Hume,R37HL049254,FALSE,TRUE
Joseph R Nevins,P01HL073042,FALSE,TRUE
Joseph R Nevins,P30CA014236,FALSE,TRUE
Joseph R Nevins,P30ES011961,FALSE,TRUE
Joseph R Nevins,R01CA079983,FALSE,TRUE
Joseph R Nevins,R01CA104663,FALSE,TRUE
Joseph R Nevins,R01CA106520,FALSE,TRUE
Joseph R Nevins,R01GM026765,FALSE,TRUE
Joseph R Nevins,R01GM035894,FALSE,TRUE
Joseph R Nevins,R01HL072208,FALSE,TRUE
Joseph R Nevins,T32CA009111,FALSE,TRUE
Joseph R Nevins,U19AI067798,FALSE,TRUE
Joseph R Nevins,U24DK058775,FALSE,TRUE
Joseph R Nevins,U54CA112952,FALSE,TRUE
Joseph Sebeo,F30NS056610,FALSE,TRUE
Joshua D Brown,F31GM123803,FALSE,TRUE
Joshua D Wallach,K01AA028258,FALSE,TRUE
Joshua D Wallach,R01AA032254,FALSE,TRUE
Joshua H Hou,K08EY032097,FALSE,TRUE
Joshua S Mincer,R01AG046634,FALSE,TRUE
Juan Carlos Q Velez,K08DK080944,FALSE,TRUE
Juan Cui,P20GM104320,FALSE,TRUE
Juan Hu,K99GM149941,FALSE,TRUE
Juan Hu,R00GM149941,FALSE,TRUE
Juan L Contreras,R03DK064827,FALSE,TRUE
Juan L Contreras,R21DK071149,FALSE,TRUE
Juan L Contreras,R21DK071300,FALSE,TRUE
Juan L Contreras,U42RR023246,FALSE,TRUE
Judith A Voynow,K11HL001573,FALSE,TRUE
Judith A Voynow,R01ES016836,FALSE,TRUE
Judith A Voynow,R01HL065611,FALSE,TRUE
Judith A Voynow,R01HL073174,FALSE,TRUE
Judith A Voynow,R01HL082504,FALSE,TRUE
Judith A Voynow,R01HL105702,FALSE,TRUE
Judith A Voynow,R01HL146811,FALSE,TRUE
Judith A Voynow,R29HL050694,FALSE,TRUE
Judith A Voynow,T32HL098099,FALSE,TRUE
Judith Campisi,P01AG007114,FALSE,TRUE
Judith Campisi,P01AG017242,FALSE,TRUE
Judith Campisi,P01AG025901,FALSE,TRUE
Judith Campisi,P01AG041122,FALSE,TRUE
Judith Campisi,P01AG066591,FALSE,TRUE
Judith Campisi,P30AG025708,FALSE,TRUE
Judith Campisi,P30AG068345,FALSE,TRUE
Judith Campisi,R01AG007114,FALSE,TRUE
Judith Campisi,R01AG009909,FALSE,TRUE
Judith Campisi,R01AG010004,FALSE,TRUE
Judith Campisi,R01AG011658,FALSE,TRUE
Judith Campisi,R01AG024399,FALSE,TRUE
Judith Campisi,R01AG051729,FALSE,TRUE
Judith Campisi,R01AG055822,FALSE,TRUE
Judith Campisi,R01CA045695,FALSE,TRUE
Judith Campisi,R13AG012917,FALSE,TRUE
Judith Campisi,R13AG016354,FALSE,TRUE
Judith Campisi,R13AG054190,FALSE,TRUE
Judith Campisi,R21AG067201,FALSE,TRUE
Judith Campisi,R21CA170610,FALSE,TRUE
Judith Campisi,R21ES024357,FALSE,TRUE
Judith Campisi,R37AG009909,FALSE,TRUE
Judith Campisi,R41CA073088,FALSE,TRUE
Judith Campisi,R41GM054961,FALSE,TRUE
Judith Campisi,R56AG009909,FALSE,TRUE
Judith Campisi,R56AG048253,FALSE,TRUE
Judith Campisi,R56AG052988,FALSE,TRUE
Judith Campisi,RF1AG068908,FALSE,TRUE
Judith Campisi,T32AG000266,FALSE,TRUE
Judith Campisi,U54AG075932,FALSE,TRUE
Judith Campisi,U54CA126540,FALSE,TRUE
Judith M Thomas,P51RR013986,FALSE,TRUE
Judith M Thomas,R01AI022293,FALSE,TRUE
Judith M Thomas,R01AI039793,FALSE,TRUE
Judith M Thomas,U19AI067151,FALSE,TRUE
Judith M Thomas,U19DK057958,FALSE,TRUE
Judy A Mikovits,R01AI078234,FALSE,TRUE
Judy A Mikovits,R43CA090013,FALSE,TRUE
Judy A Mikovits,R43CA092828,FALSE,TRUE
Judy A Mikovits,R44CA090013,FALSE,TRUE
Julia F Strand,R15DC018114,FALSE,TRUE
Julie G Pilitsis,R01CA166379,FALSE,TRUE
Julie G Pilitsis,R13NS110151,FALSE,TRUE
Julie G Pilitsis,R43NS107076,FALSE,TRUE
Julio Aliberti,R01AI075038,FALSE,TRUE
Julio Aliberti,R01AI078969,FALSE,TRUE
Julio Aliberti,R21AI118302,FALSE,TRUE
Julio Aliberti,R41AI082812,FALSE,TRUE
Julio M Fernandez,R01GM038857,FALSE,TRUE
Julio M Fernandez,R01GM046688,FALSE,TRUE
Julio M Fernandez,R01GM116122,FALSE,TRUE
Julio M Fernandez,R01HL061228,FALSE,TRUE
Julio M Fernandez,R01HL066030,FALSE,TRUE
Julio M Fernandez,R01NS035866,FALSE,TRUE
Julio M Fernandez,R13GM101703,FALSE,TRUE
Julio M Fernandez,R29GM038857,FALSE,TRUE
Julio M Fernandez,R35GM129962,FALSE,TRUE
Jun Cai,P20RR017702,FALSE,TRUE
Jun Cai,R21NS098170,FALSE,TRUE
Jun Gao,R43CA092819,FALSE,TRUE
Jun Gao,R43EB000453,FALSE,TRUE
Jun Gao,R43GM062738,FALSE,TRUE
Jun Gao,R44CA094400,FALSE,TRUE
Jun Ho Kim,F32GM105296,TRUE,FALSE
Jun Ho Kim,R01DC013157,TRUE,FALSE
Jun Ho Kim,R01DC018797,TRUE,FALSE
Jun Ho Kim,R01DC019371,TRUE,FALSE
Jun Ho Kim,R03DC011140,TRUE,FALSE
Jun Ho Kim,R21NS116573,TRUE,FALSE
Jun Ho Lee,R01AG079163,FALSE,TRUE
Jun Ho Lee,R01DK102850,FALSE,TRUE
Jun Ho Lee,R01DK114131,FALSE,TRUE
Jun Ho Lee,R01DK133448,FALSE,TRUE
Jun Ho Lee,R21AG045432,FALSE,TRUE
Jun Ho Lee,R21AG050903,FALSE,TRUE
Jun Ho Lee,R21OD018265,FALSE,TRUE
Jun Ho Lee,UG3CA268091,FALSE,TRUE
Jun Ho Lee,UH3CA268091,FALSE,TRUE
Jun Li,261201400003C,TRUE,FALSE
Jun Li,I01BX003385,TRUE,FALSE
Jun Li,K08NS048204,TRUE,FALSE
Jun Li,K99DK122128,TRUE,FALSE
Jun Li,P20RR015563,TRUE,TRUE
Jun Li,P41RR004050,TRUE,FALSE
Jun Li,R00DK122128,TRUE,FALSE
Jun Li,R01AG069466,TRUE,FALSE
Jun Li,R01AG087356,TRUE,FALSE
Jun Li,R01AI125657,TRUE,FALSE
Jun Li,R01AI179943,TRUE,FALSE
Jun Li,R01CA217657,TRUE,TRUE
Jun Li,R01DK099034,TRUE,FALSE
Jun Li,R01GM118928,TRUE,FALSE
Jun Li,R01GM120733,TRUE,FALSE
Jun Li,R01GM127537,TRUE,FALSE
Jun Li,R01HL112642,TRUE,FALSE
Jun Li,R01NS066927,TRUE,FALSE
Jun Li,R01NS078446,TRUE,FALSE
Jun Li,R01NS078560,TRUE,FALSE
Jun Li,R01NS099628,TRUE,FALSE
Jun Li,R01NS115748,TRUE,FALSE
Jun Li,R03CA212964,TRUE,FALSE
Jun Li,R15CA159250,TRUE,TRUE
Jun Li,R21AI115178,TRUE,FALSE
Jun Li,R21AI173995,TRUE,FALSE
Jun Li,R21CA288901,TRUE,FALSE
Jun Li,R21NS047721,TRUE,TRUE
Jun Li,R21NS079137,TRUE,FALSE
Jun Li,R21NS081364,TRUE,FALSE
Jun Li,R21TR003312,TRUE,FALSE
Jun Li,R36HS026836,TRUE,FALSE
Jun Li,R43HD081732,TRUE,FALSE
Jun Li,R61NS119434,TRUE,FALSE
Jun Li,RC1HL100809,TRUE,FALSE
Jun Li,RF1AG069466,TRUE,FALSE
Jun Li,U01DA043098,TRUE,FALSE
Jun Li,U24DK112342,TRUE,FALSE
Jun Lu,R01AI181308,TRUE,FALSE
Jun Lu,R01CA149109,TRUE,FALSE
Jun Lu,R01CA256530,TRUE,FALSE
Jun Lu,R01GM099811,TRUE,FALSE
Jun Lu,R01GM116855,TRUE,FALSE
Jun Lu,R01GM138856,TRUE,FALSE
Jun Lu,R01NS051609,TRUE,FALSE
Jun Lu,R01NS061841,TRUE,FALSE
Jun Lu,R01NS062727,TRUE,FALSE
Jun Lu,R01NS095986,TRUE,FALSE
Jun Lu,R33CA225863,TRUE,FALSE
Jun Lu,R33CA246711,TRUE,FALSE
Jun Ren,P20GM103432,FALSE,TRUE
Jun Ren,P20RR015640,FALSE,TRUE
Jun Ren,P20RR016474,FALSE,TRUE
Jun Ren,R01AA013412,FALSE,TRUE
Jun Ren,R03AG021324,FALSE,TRUE
Jun Ren,R15AA013575,FALSE,TRUE
Jun Shen,R01RR015106,TRUE,FALSE
Jun Shen,R03DC013866,TRUE,FALSE
Jun Shen,Z01MH002803,TRUE,FALSE
Jun Shen,Z01MH002894,TRUE,FALSE
Jun Shen,ZIAMH002803,TRUE,FALSE
Jun Shen,ZICMH002894,TRUE,FALSE
Jun Tan,I01BX000129,FALSE,TRUE
Jun Tan,I01BX001143,FALSE,TRUE
Jun Tan,P01AG004418,FALSE,TRUE
Jun Tan,R01AG032432,FALSE,TRUE
Jun Tan,R01AG050253,FALSE,TRUE
Jun Tan,R01AT007411,FALSE,TRUE
Jun Tan,R01NS048335,FALSE,TRUE
Jun Tan,R21AG049477,FALSE,TRUE
Jun Tan,R21AG055116,FALSE,TRUE
Jun Tan,R21MH080168,FALSE,TRUE
Jun Tan,R21MH087849,FALSE,TRUE
Jun Tan,R41AG031586,FALSE,TRUE
Jun Tan,R42AG031586,FALSE,TRUE
Jun Tan,R43AG033417,FALSE,TRUE
Jun Tan,R43AT004871,FALSE,TRUE
Jun Wei,R03AR065800,TRUE,FALSE
Jun Wei,U01CA195599,TRUE,FALSE
Jun Xiao,R43AI136357,FALSE,TRUE
Jun Xiao,R43CA233120,FALSE,TRUE
Jun Zhang,F32GM133158,TRUE,FALSE
Jun Zhang,F32HL078109,TRUE,FALSE
Jun Zhang,K25HL102055,TRUE,FALSE
Jun Zhang,R01CA195513,TRUE,FALSE
Jun Zhang,R03AG086958,TRUE,FALSE
Jun Zhang,R21DA023980,TRUE,FALSE
Jun Zhang,R21NS061191,TRUE,FALSE
Jun Zhang,R29HD034060,TRUE,FALSE
Jun Zhang,R35GM147091,TRUE,FALSE
Jun Zhang,U54NS058183,TRUE,FALSE
Jun-Feng Wang,K25AG061282,FALSE,TRUE
Jun-Li Luo,R01CA140956,FALSE,TRUE
Jun-Li Luo,R01CA197944,FALSE,TRUE
Jun-Li Luo,R21NS073098,FALSE,TRUE
Jung J Kim,P41RR007707,FALSE,TRUE
Jung J Kim,R01DK053766,FALSE,TRUE
Jung J Kim,R01GM029076,FALSE,TRUE
Jung J Kim,R01GM052682,FALSE,TRUE
Jung J Kim,R01GM097031,FALSE,TRUE
Jung J Kim,S10RR007198,FALSE,TRUE
Jung-Chung Lin,R01AI017205,FALSE,TRUE
Junghee J Shin,R21AI161838,FALSE,TRUE
Justin H Nguyen,R01NS051646,FALSE,TRUE
Justin H Nguyen,R21AG052822,FALSE,TRUE
Justin H Nguyen,R21DK064361,FALSE,TRUE
Justin P Gallivan,F32GM020669,FALSE,TRUE
Justin P Gallivan,R01GM074070,FALSE,TRUE
Justin Wang,F32GM154402,FALSE,TRUE
K Prasad,Z01AG000410,TRUE,FALSE
K Prasad,Z01DK045004,TRUE,FALSE
Kai Sun,R01DK109001,TRUE,FALSE
Kai Sun,R01DK129815,TRUE,FALSE
Kai Sun,R01MD018977,TRUE,FALSE
Kai Sun,R56DK124419,TRUE,FALSE
Kaladhar B Reddy,R01CA083964,FALSE,TRUE
Kaladhar B Reddy,R01CA118089,FALSE,TRUE
Kaladhar B Reddy,R21CA178152,FALSE,TRUE
Kaladhar B Reddy,R29CA064248,FALSE,TRUE
Kalipada Pahan,I01BX002174,FALSE,TRUE
Kalipada Pahan,I01BX003033,FALSE,TRUE
Kalipada Pahan,I01BX005002,FALSE,TRUE
Kalipada Pahan,I01BX005613,FALSE,TRUE
Kalipada Pahan,IK6BX004982,FALSE,TRUE
Kalipada Pahan,R01AG050431,FALSE,TRUE
Kalipada Pahan,R01AT006681,FALSE,TRUE
Kalipada Pahan,R01AT010980,FALSE,TRUE
Kalipada Pahan,R01NS039940,FALSE,TRUE
Kalipada Pahan,R01NS083054,FALSE,TRUE
Kalipada Pahan,R03AG019487,FALSE,TRUE
Kalipada Pahan,R21AG069229,FALSE,TRUE
Kalipada Pahan,R21NS048923,FALSE,TRUE
Kalipada Pahan,R21NS064564,FALSE,TRUE
Kalipada Pahan,R21NS071479,FALSE,TRUE
Kalipada Pahan,R21NS097426,FALSE,TRUE
Kalipada Pahan,R21NS108025,FALSE,TRUE
Kalpana Ghoshal,R01CA086978,FALSE,TRUE
Kalpana Ghoshal,R01CA193244,FALSE,TRUE
Kalpana Ghoshal,R01DK088076,FALSE,TRUE
Kalpana Ghoshal,R21CA122694,FALSE,TRUE
Kalpana Ghoshal,R21CA152969,FALSE,TRUE
Kalpana Ghoshal,R21CA185707,FALSE,TRUE
Kalyanam Shivkumar,OT2OD023848,FALSE,TRUE
Kalyanam Shivkumar,OT2OD028201,FALSE,TRUE
Kalyanam Shivkumar,P01HL164311,FALSE,TRUE
Kalyanam Shivkumar,R01HL084261,FALSE,TRUE
Kalyanam Shivkumar,R01HL117740,FALSE,TRUE
Kalyanam Shivkumar,R01HL162921,FALSE,TRUE
Kalyanam Shivkumar,R34HL153566,FALSE,TRUE
Kalyanam Shivkumar,T32HL007895,FALSE,TRUE
Kalyanam Shivkumar,U01EB025138,FALSE,TRUE
Kalyanam Shivkumar,U18EB021799,FALSE,TRUE
Kamran Khan,U2GCK000433,FALSE,TRUE
Kang Zhang,I01BX001898,FALSE,TRUE
Kang Zhang,K23EY000401,FALSE,TRUE
Kang Zhang,R01CA217642,FALSE,TRUE
Kang Zhang,R01EY014428,FALSE,TRUE
Kang Zhang,R01EY014448,FALSE,TRUE
Kang Zhang,R01EY018660,FALSE,TRUE
Kang Zhang,R01EY019270,FALSE,TRUE
Kang Zhang,R01EY021374,FALSE,TRUE
Kang Zhang,R01EY024134,FALSE,TRUE
Kang Zhang,R01EY025090,FALSE,TRUE
Kang Zhang,R01HG008135,FALSE,TRUE
Karel Svoboda,P01NS044306,FALSE,TRUE
Karel Svoboda,R01EB001464,FALSE,TRUE
Karel Svoboda,R01MH070052,FALSE,TRUE
Karel Svoboda,R01NS038259,FALSE,TRUE
Karel Svoboda,R01NS045223,FALSE,TRUE
Karel Svoboda,RF1MH128841,FALSE,TRUE
Karel Svoboda,U01NS133760,FALSE,TRUE
Karel Svoboda,U19NS123714,FALSE,TRUE
Karel Svoboda,UM1MH136462,FALSE,TRUE
Karen H Ashe,F32GM011354,FALSE,TRUE
Karen H Ashe,I21BX001539,FALSE,TRUE
Karen H Ashe,K08NS001419,FALSE,TRUE
Karen H Ashe,P01AG015453,FALSE,TRUE
Karen H Ashe,R01AG011840,FALSE,TRUE
Karen H Ashe,R01AG026252,FALSE,TRUE
Karen H Ashe,R01AG062199,FALSE,TRUE
Karen H Ashe,R01MH065465,FALSE,TRUE
Karen H Ashe,R01NS033249,FALSE,TRUE
Karen H Ashe,R01NS063214,FALSE,TRUE
Karen H Ashe,R01NS079374,FALSE,TRUE
Karen H Ashe,R21AG059410,FALSE,TRUE
Karen H Ashe,R41NS134497,FALSE,TRUE
Karen H Ashe,RC1AG035870,FALSE,TRUE
Karen H Ashe,RF1AG060766,FALSE,TRUE
Karen L Steinmetz,F32CA075745,FALSE,TRUE
Karen M Downs,F32CA007555,FALSE,TRUE
Karen M Downs,R01HD042706,FALSE,TRUE
Karen M Downs,R01HD079481,FALSE,TRUE
Karen M Downs,R29HD036847,FALSE,TRUE
Karen M Ruggiero,R03MH058586,FALSE,TRUE
Karen S Quigley,I21HX001616,FALSE,TRUE
Karen S Quigley,I50RX001873,FALSE,TRUE
Karen S Quigley,R01MH113234,FALSE,TRUE
Karen S Quigley,R03MH056910,FALSE,TRUE
Karl A Scheidt,F32GM020245,FALSE,TRUE
Karl A Scheidt,P30CA060553,FALSE,TRUE
Karl A Scheidt,P30DK114857,FALSE,TRUE
Karl A Scheidt,R01CA126827,FALSE,TRUE
Karl A Scheidt,R01CA188015,FALSE,TRUE
Karl A Scheidt,R01CA254047,FALSE,TRUE
Karl A Scheidt,R01CA282781,FALSE,TRUE
Karl A Scheidt,R01CA285402,FALSE,TRUE
Karl A Scheidt,R01GM073072,FALSE,TRUE
Karl A Scheidt,R01GM131431,FALSE,TRUE
Karl A Scheidt,R21MH115301,FALSE,TRUE
Karl A Scheidt,R21NS120521,FALSE,TRUE
Karl A Scheidt,R21NS122375,FALSE,TRUE
Karl A Scheidt,R25NS077582,FALSE,TRUE
Karl A Scheidt,R25NS099170,FALSE,TRUE
Karl A Scheidt,R35GM136440,FALSE,TRUE
Karl A Scheidt,S10RR025690,FALSE,TRUE
Karolin Luger,P01GM088409,FALSE,TRUE
Karolin Luger,P41RR001209,FALSE,TRUE
Karolin Luger,R01CA218255,FALSE,TRUE
Karolin Luger,R01GM061909,FALSE,TRUE
Karolin Luger,R01GM067777,FALSE,TRUE
Karolin Luger,R13CA232441,FALSE,TRUE
Karolin Luger,U24GM139174,FALSE,TRUE
Kartik Prabhakaran,F30NS050905,FALSE,TRUE
Katherine O Gotham,K01MH103500,FALSE,TRUE
Katherine O Gotham,R01MH113576,FALSE,TRUE
Kathleen D Vohs,F32MH012794,FALSE,TRUE
Kathleen M Carley,P41RR006009,FALSE,TRUE
Kathleen M Carley,R01GM105480,FALSE,TRUE
Kathleen M Carley,R01LM009516,FALSE,TRUE
Kathryn L Calame,P01CA075399,FALSE,TRUE
Kathryn L Calame,P30AR044535,FALSE,TRUE
Kathryn L Calame,R01AI043576,FALSE,TRUE
Kathryn L Calame,R01AI050659,FALSE,TRUE
Kathryn L Calame,R01CA038571,FALSE,TRUE
Kathryn L Calame,R01GM029361,FALSE,TRUE
Kathryn L Calame,R01GM044300,FALSE,TRUE
Kathryn L Calame,R13GM046482,FALSE,TRUE
Kathryn L Calame,R21AI040342,FALSE,TRUE
Kathryn L Calame,T32GM008224,FALSE,TRUE
Kathryn L Calame,U09GM035077,FALSE,TRUE
Katie M Heinrich,R01DK099516,FALSE,TRUE
Kavitha Yaddanapudi,P20GM135004,FALSE,TRUE
Kavitha Yaddanapudi,P20RR018733,FALSE,TRUE
Kavitha Yaddanapudi,R01CA272772,FALSE,TRUE
Kavitha Yaddanapudi,R21CA198249,FALSE,TRUE
Kavitha Yaddanapudi,R21CA245560,FALSE,TRUE
Kavitha Yaddanapudi,R21CA277314,FALSE,TRUE
Kavitha Yaddanapudi,R21CA280453,FALSE,TRUE
Kay Huebner,P01CA047983,TRUE,FALSE
Kay Huebner,P01CA051083,TRUE,FALSE
Kay Huebner,P01CA077738,TRUE,TRUE
Kay Huebner,R01CA080677,TRUE,TRUE
Kay Huebner,R01CA120516,TRUE,TRUE
Kay Huebner,R01CA132453,TRUE,TRUE
Kay Huebner,R01HD017561,TRUE,TRUE
Kay Huebner,R03TW001247,TRUE,TRUE
Kay Huebner,R25GM089571,TRUE,TRUE
Kay Huebner,U01CA154200,TRUE,TRUE
Ke Li,F32AI009802,TRUE,FALSE
Ke Li,R01EB020521,TRUE,FALSE
Ke Li,R01HL153594,TRUE,FALSE
Keith L Knutson,K01CA100764,FALSE,TRUE
Keith L Knutson,P30CA015083,FALSE,TRUE
Keith L Knutson,P50CA136393,FALSE,TRUE
Keith L Knutson,R01CA113861,FALSE,TRUE
Keith L Knutson,R01CA152045,FALSE,TRUE
Keith L Knutson,R01CA276313,FALSE,TRUE
Keith L Knutson,R03CA121386,FALSE,TRUE
Keith L Knutson,R21CA105270,FALSE,TRUE
Keith P Choe,F32GM077904,FALSE,TRUE
Keith P Choe,R21NS067678,FALSE,TRUE
Keith T Flaherty,K23CA104884,FALSE,TRUE
Keith T Flaherty,R01CA135509,FALSE,TRUE
Keith T Flaherty,U54CA163125,FALSE,TRUE
Keith T Flaherty,U54CA224068,FALSE,TRUE
Keith T Flaherty,UM1CA186709,FALSE,TRUE
Keith W Kelley,R01AG006246,FALSE,TRUE
Keith W Kelley,R01AG029573,FALSE,TRUE
Keith W Kelley,R01AI050442,FALSE,TRUE
Keith W Kelley,R01DK049311,FALSE,TRUE
Keith W Kelley,R01MH051569,FALSE,TRUE
Keith W Kelley,R01NS073939,FALSE,TRUE
Kellen L Olszewski,R43CA176897,FALSE,TRUE
Kellie A Schaefer,F31EY026789,FALSE,TRUE
Kelvin J.A Davies,P30AG068345,FALSE,TRUE
Kelvin J.A Davies,R01AG016256,FALSE,TRUE
Kelvin J.A Davies,R01ES003598,FALSE,TRUE
Kelvin J.A Davies,R01ES003785,FALSE,TRUE
Kelvin J.A Davies,R13AG059414,FALSE,TRUE
Kelvin J.A Davies,R13CA053492,FALSE,TRUE
Kelvin J.A Davies,R13ES007971,FALSE,TRUE
Kelvin J.A Davies,R23ES003598,FALSE,TRUE
Kelvin J.A Davies,R56ES003598,FALSE,TRUE
Kelvin J.A Davies,T32AG052374,FALSE,TRUE
Ken Morita,K99CA259530,FALSE,TRUE
Kendal D Hirschi,R01DK062366,FALSE,TRUE
Kendal D Hirschi,R01GM057427,FALSE,TRUE
Kendal D Hirschi,R03AI149201,FALSE,TRUE
Kenneth Blum,R41MD012318,FALSE,TRUE
Kenneth C Anderson,P01CA078378,FALSE,TRUE
Kenneth C Anderson,P01CA155258,FALSE,TRUE
Kenneth C Anderson,P50CA100707,FALSE,TRUE
Kenneth C Anderson,R01CA050947,FALSE,TRUE
Kenneth C Anderson,R01CA178264,FALSE,TRUE
Kenneth C Anderson,R01CA207237,FALSE,TRUE
Kenneth Cusi,I01CX000167,TRUE,TRUE
Kenneth Cusi,M01RR001346,TRUE,TRUE
Kenneth Cusi,R01DK120331,TRUE,TRUE
Kenneth Cusi,U01DK108320,TRUE,TRUE
Kenneth H Cowan,C06RR020563,FALSE,TRUE
Kenneth H Cowan,G20RR019555,FALSE,TRUE
Kenneth H Cowan,H75EH000631,FALSE,TRUE
Kenneth H Cowan,H75EH000728,FALSE,TRUE
Kenneth H Cowan,P30CA036727,FALSE,TRUE
Kenneth J Pienta,K11CA060156,FALSE,TRUE
Kenneth J Pienta,KL2RR024987,FALSE,TRUE
Kenneth J Pienta,M01RR000042,FALSE,TRUE
Kenneth J Pienta,N01CN065002,FALSE,TRUE
Kenneth J Pienta,P01CA093900,FALSE,TRUE
Kenneth J Pienta,P30CA006973,FALSE,TRUE
Kenneth J Pienta,P30CA046592,FALSE,TRUE
Kenneth J Pienta,P50CA069568,FALSE,TRUE
Kenneth J Pienta,P50CA272391,FALSE,TRUE
Kenneth J Pienta,R01CA057453,FALSE,TRUE
Kenneth J Pienta,R01CA102872,FALSE,TRUE
Kenneth J Pienta,R03CA070228,FALSE,TRUE
Kenneth J Pienta,R13RR030704,FALSE,TRUE
Kenneth J Pienta,R21CA080660,FALSE,TRUE
Kenneth J Pienta,T32DK007758,FALSE,TRUE
Kenneth J Pienta,TL1RR024988,FALSE,TRUE
Kenneth J Pienta,U01CA143055,FALSE,TRUE
Kenneth J Pienta,U01CA196390,FALSE,TRUE
Kenneth J Pienta,U19CA113317,FALSE,TRUE
Kenneth J Pienta,U54CA163124,FALSE,TRUE
Kenneth J Pienta,U54CA210173,FALSE,TRUE
Kenneth J Pienta,UL1RR024986,FALSE,TRUE
Kenneth J Pienta,UM1HG006508,FALSE,TRUE
Kenneth M Yamada,Z01DE000524,FALSE,TRUE
Kenneth M Yamada,Z01DE000525,FALSE,TRUE
Kenneth M Yamada,Z01DE000650,FALSE,TRUE
Kenneth R Lutchen,R01HL050515,TRUE,TRUE
Kenneth R Lutchen,R01HL062269,TRUE,TRUE
Kenneth R Lutchen,R01HL076778,TRUE,TRUE
Kenneth R Lutchen,R01HL096797,TRUE,TRUE
Kenneth R Lutchen,S07RR007043,TRUE,TRUE
Kenneth R Lutchen,T32GM008764,TRUE,TRUE
Kenneth Wengler,F32MH125540,FALSE,TRUE
Kenneth Wengler,R01MH134973,FALSE,TRUE
Kent A Kiehl,R01AA026290,FALSE,TRUE
Kent A Kiehl,R01DA020870,FALSE,TRUE
Kent A Kiehl,R01DA026505,FALSE,TRUE
Kent A Kiehl,R01DA026964,FALSE,TRUE
Kent A Kiehl,R01DA055158,FALSE,TRUE
Kent A Kiehl,R01DA058004,FALSE,TRUE
Kent A Kiehl,R01HD082257,FALSE,TRUE
Kent A Kiehl,R01HD092331,FALSE,TRUE
Kent A Kiehl,R01MH070539,FALSE,TRUE
Kent A Kiehl,R01MH071896,FALSE,TRUE
Kent A Kiehl,R01MH072681,FALSE,TRUE
Kent A Kiehl,R01MH085010,FALSE,TRUE
Kent A Kiehl,R01MH109329,FALSE,TRUE
Kent A Kiehl,R01NS126742,FALSE,TRUE
Kent A Kiehl,R21DA027149,FALSE,TRUE
Kent A Kiehl,R21DA029464,FALSE,TRUE
Kent A Kiehl,R56DA026505,FALSE,TRUE
Kentaro Arikawa,F05TW003929,FALSE,TRUE
Kevin E Brown,Z01HL002319,FALSE,TRUE
Kevin E Kip,H79SM059368,FALSE,TRUE
Kevin E Kip,H79SM060142,FALSE,TRUE
Kevin E Kip,R01NR007652,FALSE,TRUE
Kevin E Kip,R21AG056584,FALSE,TRUE
Kevin E Kip,U01HL033292,FALSE,TRUE
Kevin Fiscella,R01HD042578,FALSE,TRUE
Kevin Fiscella,R01HL081066,FALSE,TRUE
Kevin Fiscella,R01HS010295,FALSE,TRUE
Kevin Fiscella,R01HS010910,FALSE,TRUE
Kevin Fiscella,R01HS013173,FALSE,TRUE
Kevin Fiscella,U01CA116924,FALSE,TRUE
Kevin K W Wang,I01RX001859,FALSE,TRUE
Kevin K W Wang,I01RX003832,FALSE,TRUE
Kevin K W Wang,I21RX003192,FALSE,TRUE
Kevin K W Wang,R01NS049175,FALSE,TRUE
Kevin K W Wang,R13NS080506,FALSE,TRUE
Kevin K W Wang,R21NS085455,FALSE,TRUE
Kevin K W Wang,R44NS048685,FALSE,TRUE
Kevin K W Wang,RF1NS138029,FALSE,TRUE
Kevin K W Wang,U01NS111680,FALSE,TRUE
Kevin K W Wang,U01NS131740,FALSE,TRUE
Kevin K W Wang,UG3NS106938,FALSE,TRUE
Kevin K W Wang,UH3NS106938,FALSE,TRUE
Kevin S Harrod,K02HL071547,FALSE,TRUE
Kevin S Harrod,R01AI111475,FALSE,TRUE
Kevin S Harrod,R01HL066964,FALSE,TRUE
Kevin S Harrod,R01HL067790,FALSE,TRUE
Kevin S Harrod,R01HL149944,FALSE,TRUE
Kevin S Jones,R01DA020140,FALSE,TRUE
Kevin T Larkin,T32GM132494,FALSE,TRUE
Khadija Rafiq,R01HL111278,FALSE,TRUE
Ki H Chon,F32HL009029,FALSE,TRUE
Ki H Chon,R01HL069629,FALSE,TRUE
Ki H Chon,R01HL137734,FALSE,TRUE
Ki H Chon,R01HL173935,FALSE,TRUE
Ki H Chon,R21DE029563,FALSE,TRUE
Ki H Chon,R21HL076358,FALSE,TRUE
Ki H Chon,R21RR015217,FALSE,TRUE
Kim A Anderson,M01RR000827,TRUE,TRUE
Kim A Anderson,P30ES030287,TRUE,TRUE
Kim A Anderson,P42ES016465,TRUE,TRUE
Kim A Anderson,R21ES020120,TRUE,TRUE
Kim A Anderson,R21ES024718,TRUE,TRUE
Kim A Anderson,R21ES026398,TRUE,TRUE
Kim A Anderson,R21ES029460,TRUE,TRUE
Kim A Anderson,R33ES024718,TRUE,TRUE
Kim D Janda,P41RR008605,FALSE,TRUE
Kim D Janda,R01AI047127,FALSE,TRUE
Kim D Janda,R01AI066507,FALSE,TRUE
Kim D Janda,R01CA094193,FALSE,TRUE
Kim D Janda,R01DA008590,FALSE,TRUE
Kim D Janda,R01DA015700,FALSE,TRUE
Kim D Janda,R01GM043858,FALSE,TRUE
Kim D Janda,R01GM048351,FALSE,TRUE
Kim D Janda,R01GM056154,FALSE,TRUE
Kim D Janda,R03AG022225,FALSE,TRUE
Kim D Janda,R21AI053269,FALSE,TRUE
Kim D Janda,R21AI055778,FALSE,TRUE
Kim D Janda,R21AI055781,FALSE,TRUE
Kim D Janda,R21AI072358,FALSE,TRUE
Kim D Janda,R21DA017228,FALSE,TRUE
Kim D Janda,R21DK072169,FALSE,TRUE
Kim D Janda,R21NS045633,FALSE,TRUE
Kim D Janda,R29GM043858,FALSE,TRUE
Kim D Janda,U01AI061194,FALSE,TRUE
Kim D Janda,U01AI061271,FALSE,TRUE
Kimon J Angelides,K04NS001218,FALSE,TRUE
Kimon J Angelides,R01NS018268,FALSE,TRUE
Kimon J Angelides,R01NS024606,FALSE,TRUE
Kimon J Angelides,R01NS026733,FALSE,TRUE
Kimon J Angelides,R01NS028072,FALSE,TRUE
Kimon J Angelides,S10RR009160,FALSE,TRUE
Kolawole S Okuyemi,D43TW009140,FALSE,TRUE
Kolawole S Okuyemi,K07CA090334,FALSE,TRUE
Kolawole S Okuyemi,P20MD008782,FALSE,TRUE
Kolawole S Okuyemi,P60MD003422,FALSE,TRUE
Kolawole S Okuyemi,R01CA091912,FALSE,TRUE
Kolawole S Okuyemi,R01HL081522,FALSE,TRUE
Kolawole S Okuyemi,R21DA018720,FALSE,TRUE
Kolawole S Okuyemi,R25CA163184,FALSE,TRUE
Kolawole S Okuyemi,R25CA240171,FALSE,TRUE
Kolawole S Okuyemi,R25CA246756,FALSE,TRUE
Kolawole S Okuyemi,R38HL143605,FALSE,TRUE
Kolawole S Okuyemi,R38HL167282,FALSE,TRUE
Kolawole S Okuyemi,R38HL177791,FALSE,TRUE
Kolawole S Okuyemi,U01GM132366,FALSE,TRUE
Kolawole S Okuyemi,U48DP006789,FALSE,TRUE
Kolawole S Okuyemi,U54CA153603,FALSE,TRUE
Kolawole S Okuyemi,U54CA280812,FALSE,TRUE
Kolawole S Okuyemi,U54GM119023,FALSE,TRUE
Kolawole S Okuyemi,U54MD009479,FALSE,TRUE
Kolawole S Okuyemi,UE5CA246756,FALSE,TRUE
Komal Sodhi,75N95022P00333,FALSE,TRUE
Komal Sodhi,R01HL164460,FALSE,TRUE
Komal Sodhi,R15HL150721,FALSE,TRUE
Konstantinos Konstantopoulos,R01AR053358,FALSE,TRUE
Konstantinos Konstantopoulos,R01CA101135,FALSE,TRUE
Konstantinos Konstantopoulos,R01CA183804,FALSE,TRUE
Konstantinos Konstantopoulos,R01CA186286,FALSE,TRUE
Konstantinos Konstantopoulos,R01CA216855,FALSE,TRUE
Konstantinos Konstantopoulos,R01CA254193,FALSE,TRUE
Konstantinos Konstantopoulos,R01CA257647,FALSE,TRUE
Konstantinos Konstantopoulos,R01GM114675,FALSE,TRUE
Konstantinos Konstantopoulos,R01GM134542,FALSE,TRUE
Konstantinos Konstantopoulos,R01GM142175,FALSE,TRUE
Konstantinos Konstantopoulos,R21CA258008,FALSE,TRUE
Konstantinos Konstantopoulos,R35GM156305,FALSE,TRUE
Konstantinos Konstantopoulos,R56CA101135,FALSE,TRUE
Konstantinos Konstantopoulos,U54CA143868,FALSE,TRUE
Konstantinos Konstantopoulos,U54CA151838,FALSE,TRUE
Konstantinos Konstantopoulos,U54CA210173,FALSE,TRUE
Kota V Ramana,R01CA129383,FALSE,TRUE
Kota V Ramana,R01DK104786,FALSE,TRUE
Kota V Ramana,R01EY018591,FALSE,TRUE
Kota V Ramana,R01GM071036,FALSE,TRUE
Kotha Subbaramaiah,R01CA111469,FALSE,TRUE
Kounosuke Watabe,R01CA124650,TRUE,TRUE
Kounosuke Watabe,R01CA129000,TRUE,TRUE
Kounosuke Watabe,R01CA173499,TRUE,TRUE
Kounosuke Watabe,R01CA185650,TRUE,TRUE
Kounosuke Watabe,R01CA205067,TRUE,TRUE
Kounosuke Watabe,R01CA228137,TRUE,TRUE
Kounosuke Watabe,R15CA067290,TRUE,TRUE
Kounosuke Watabe,R15CA079473,TRUE,TRUE
Kounosuke Watabe,R25CA229105,TRUE,TRUE
Kounosuke Watabe,S07RR005843,TRUE,FALSE
Kounosuke Watabe,T32CA247819,TRUE,TRUE
Krishna Kumar Veeravalli,R01NS102573,FALSE,TRUE
Kristi L Neufeld,K12GM154719,FALSE,TRUE
Kristi L Neufeld,P20RR015563,FALSE,TRUE
Kristi L Neufeld,P30CA168524,FALSE,TRUE
Kristi L Neufeld,R01CA109220,FALSE,TRUE
Kristi L Neufeld,R01CA178831,FALSE,TRUE
Kristi L Neufeld,R01DK132320,FALSE,TRUE
Kun Huang,R01AR044719,FALSE,TRUE
Kun Huang,R01CA141090,FALSE,TRUE
Kun Huang,R01EB025018,FALSE,TRUE
Kun Huang,R01GM153028,FALSE,TRUE
Kun Huang,R21MH083624,FALSE,TRUE
Kun Huang,R25HG012325,FALSE,TRUE
Kun Huang,R25MD011712,FALSE,TRUE
Kun Huang,U01CA188547,FALSE,TRUE
Kun Huang,U54AG065181,FALSE,TRUE
Kun Huang,U54AG090792,FALSE,TRUE
Kurt E Gustin,P20RR015587,FALSE,TRUE
Kurt E Gustin,R03AI111041,FALSE,TRUE
Kurt E Gustin,R56AI059467,FALSE,TRUE
Kurt E Gustin,R56AI064432,FALSE,TRUE
Kyle E Orwig,P01HD075795,FALSE,TRUE
Kyle E Orwig,P50HD096723,FALSE,TRUE
Kyle E Orwig,R01AG024992,FALSE,TRUE
Kyle E Orwig,R01HD055475,FALSE,TRUE
Kyle E Orwig,R01HD076412,FALSE,TRUE
Kyle E Orwig,R01HD092084,FALSE,TRUE
Kyle E Orwig,R01HD100197,FALSE,TRUE
Kyle E Orwig,R01HD114210,FALSE,TRUE
Kyle E Orwig,R01HD114856,FALSE,TRUE
Kyle E Orwig,R01OD028223,FALSE,TRUE
Kyle E Orwig,R01RR018500,FALSE,TRUE
Kyle E Orwig,R13HD102144,FALSE,TRUE
Kyle E Orwig,R21HD061289,FALSE,TRUE
Kyle E Orwig,T32HD087194,FALSE,TRUE
Kyonsoo Hong,F32NS010276,FALSE,TRUE
Kyonsoo Hong,F32NS010988,FALSE,TRUE
Kyonsoo Hong,R01NS042823,FALSE,TRUE
Kyonsoo Hong,R01NS064671,FALSE,TRUE
LaTrice Montgomery,K23DA042130,FALSE,TRUE
Lara S Hwa,F31AA021622,FALSE,TRUE
Lara S Hwa,K99AA027576,FALSE,TRUE
Lara S Hwa,R00AA027576,FALSE,TRUE
Larry R Kaiser,C06RR030024,FALSE,TRUE
Larry R Pease,K04AI000706,FALSE,TRUE
Larry R Pease,P01NS038468,FALSE,TRUE
Larry R Pease,P30CA015083,FALSE,TRUE
Larry R Pease,R01AI022420,FALSE,TRUE
Larry R Pease,R01AI028320,FALSE,TRUE
Larry R Pease,R01CA096859,FALSE,TRUE
Larry R Pease,R01CA104996,FALSE,TRUE
Larry R Pease,R01HL077296,FALSE,TRUE
Larry R Pease,R21AI097337,FALSE,TRUE
Larry R Pease,R21AI127998,FALSE,TRUE
Larry R Pease,R56CA104996,FALSE,TRUE
Larry R Pease,T32AI007425,FALSE,TRUE
Laura Hewitson,P50ES012359,FALSE,TRUE
Laura Hubbs-Tait,R03MH052115,FALSE,TRUE
Laura K Reed,F32GM082021,FALSE,TRUE
Laura K Reed,R01GM098856,FALSE,TRUE
Laura K Reed,R25GM130517,FALSE,TRUE
Laura K Reed,R25GM160660,FALSE,TRUE
Laura P Hale,P01AG052359,FALSE,TRUE
Laura P Hale,P01AI139449,FALSE,TRUE
Laura P Hale,R01CA061227,FALSE,TRUE
Laura P Hale,R01CA115480,FALSE,TRUE
Laura P Hale,R01HL176571,FALSE,TRUE
Laura P Hale,R21AG016826,FALSE,TRUE
Laura P Hale,R21AI175164,FALSE,TRUE
Laura P Hale,R21AI187688,FALSE,TRUE
Laura P Hale,R21AT002288,FALSE,TRUE
Laura P Hale,R21AT002818,FALSE,TRUE
Laura P Hale,R21CA170069,FALSE,TRUE
Laura P Hale,R21DE016404,FALSE,TRUE
Laura P Hale,R21DK075522,FALSE,TRUE
Laura S Boylan,M01RR000645,FALSE,TRUE
Lauren Rodriguez,IK2CX002799,FALSE,TRUE
Laurence A Cole,R01CA044131,FALSE,TRUE
Laurence A Cole,R01CA046828,FALSE,TRUE
Laurence A Cole,R01HD035654,FALSE,TRUE
Laurence A Cole,R21HD035654,FALSE,TRUE
Laurence B Givner,R29AI025019,TRUE,TRUE
Laurence B Givner,S07RR005404,TRUE,TRUE
Laurence H Hurley,P30CA023074,FALSE,TRUE
Laurence H Hurley,P50CA095060,FALSE,TRUE
Laurence H Hurley,R01AI023229,FALSE,TRUE
Laurence H Hurley,R01CA030349,FALSE,TRUE
Laurence H Hurley,R01CA031232,FALSE,TRUE
Laurence H Hurley,R01CA035318,FALSE,TRUE
Laurence H Hurley,R01CA049751,FALSE,TRUE
Laurence H Hurley,R01CA088310,FALSE,TRUE
Laurence H Hurley,R01CA094166,FALSE,TRUE
Laurence H Hurley,R01CA153821,FALSE,TRUE
Laurence H Hurley,R01GM085585,FALSE,TRUE
Laurence H Hurley,R35CA049751,FALSE,TRUE
Laurence H Hurley,R41CA224497,FALSE,TRUE
Laurence H Hurley,R41NS110296,FALSE,TRUE
Laurence H Hurley,R43CA183107,FALSE,TRUE
Laurence H Hurley,S07RR005849,FALSE,TRUE
Laurence H Hurley,S15CA051336,FALSE,TRUE
Laurence H Hurley,U09RG000013,FALSE,TRUE
Laurence J Marton,M01RR003186,TRUE,FALSE
Laurence J Marton,R01RR005355,TRUE,FALSE
Laurence J Marton,R13CA045137,TRUE,FALSE
Laurent G Glance,K08HS011295,FALSE,TRUE
Laurent G Glance,R01HS013617,FALSE,TRUE
Laurent G Glance,R01HS016737,FALSE,TRUE
Laurie R Santos,R03HD091889,FALSE,TRUE
Lawrence A Tabak,K04DE000132,TRUE,TRUE
Lawrence A Tabak,K04DE000217,TRUE,TRUE
Lawrence A Tabak,K16DE000159,TRUE,TRUE
Lawrence A Tabak,P01DE011549,TRUE,TRUE
Lawrence A Tabak,P01DE013539,TRUE,TRUE
Lawrence A Tabak,P20DE012384,TRUE,TRUE
Lawrence A Tabak,P50DE007003,TRUE,FALSE
Lawrence A Tabak,R01DE006970,TRUE,TRUE
Lawrence A Tabak,R01DE008108,TRUE,TRUE
Lawrence A Tabak,R01DE008511,TRUE,TRUE
Lawrence A Tabak,R01DE010490,TRUE,TRUE
Lawrence A Tabak,R13DE012229,TRUE,TRUE
Lawrence A Tabak,R13DE013738,TRUE,TRUE
Lawrence A Tabak,R37DE008108,TRUE,TRUE
Lawrence A Tabak,T32DE007202,TRUE,TRUE
Lawrence A Tabak,T32GM007356,TRUE,TRUE
Lawrence A Tabak,T35DE007189,TRUE,TRUE
Lawrence A Tabak,Z01DK070012,TRUE,TRUE
Lawrence A Tabak,ZIADE000739,TRUE,TRUE
Lawrence A Tabak,ZIADK070012,TRUE,TRUE
Lawrence C Katz,F32EY005739,FALSE,TRUE
Lawrence C Katz,R01DC005671,FALSE,TRUE
Lawrence C Katz,R01EY007960,FALSE,TRUE
Lawrence C Katz,R01NS032396,FALSE,TRUE
Lawrence C Katz,R13NS039057,FALSE,TRUE
Lawrence Chan,P01HL050422,FALSE,TRUE
Lawrence Chan,P01HL059314,FALSE,TRUE
Lawrence Chan,P30DK079638,FALSE,TRUE
Lawrence Chan,P50HL027341,FALSE,TRUE
Lawrence Chan,P50HL059314,FALSE,TRUE
Lawrence Chan,P51RR013986,FALSE,TRUE
Lawrence Chan,P60HL027341,FALSE,TRUE
Lawrence Chan,R01DK068037,FALSE,TRUE
Lawrence Chan,R01ES003269,FALSE,TRUE
Lawrence Chan,R01HL016512,FALSE,TRUE
Lawrence Chan,R01HL045516,FALSE,TRUE
Lawrence Chan,R01HL051586,FALSE,TRUE
Lawrence Chan,R01HL056668,FALSE,TRUE
Lawrence Chan,R21DK075002,FALSE,TRUE
Lawrence Chan,R37HL016512,FALSE,TRUE
Lawrence Chan,S10RR004655,FALSE,TRUE
Lawrence Chan,T32HL066991,FALSE,TRUE
Lawrence Corey,N01AI005065,TRUE,TRUE
Lawrence Corey,N01AI045206,TRUE,TRUE
Lawrence Corey,N01AI062546,TRUE,TRUE
Lawrence Corey,P01AI030731,TRUE,TRUE
Lawrence Corey,P01AI043650,TRUE,TRUE
Lawrence Corey,P01AI057005,TRUE,TRUE
Lawrence Corey,P01CA018029,TRUE,TRUE
Lawrence Corey,P30AI027757,TRUE,TRUE
Lawrence Corey,P30CA015704,TRUE,TRUE
Lawrence Corey,P51RR000166,TRUE,TRUE
Lawrence Corey,R01AI018649,TRUE,TRUE
Lawrence Corey,R01AI020381,TRUE,TRUE
Lawrence Corey,R01AI042528,TRUE,TRUE
Lawrence Corey,R01AI134878,TRUE,TRUE
Lawrence Corey,R01DE014149,TRUE,TRUE
Lawrence Corey,R37AI042528,TRUE,TRUE
Lawrence Corey,S10AI160636,TRUE,TRUE
Lawrence Corey,S10AI162059,TRUE,TRUE
Lawrence Corey,S10AI174104,TRUE,TRUE
Lawrence Corey,U01AI026503,TRUE,TRUE
Lawrence Corey,U01AI027664,TRUE,TRUE
Lawrence Corey,U01AI041535,TRUE,TRUE
Lawrence Corey,U01AI046747,TRUE,TRUE
Lawrence Corey,U01AI068614,TRUE,TRUE
Lawrence Corey,U19AI036613,TRUE,TRUE
Lawrence Corey,U19AI038429,TRUE,TRUE
Lawrence Corey,UM1AI068614,TRUE,TRUE
Lawrence LK Leung,I01BX001959,FALSE,TRUE
Lawrence LK Leung,I01BX005148,FALSE,TRUE
Lawrence LK Leung,I01BX005734,FALSE,TRUE
Lawrence LK Leung,IS1BX003112,FALSE,TRUE
Lawrence LK Leung,K08HL000877,FALSE,TRUE
Lawrence LK Leung,K08HL001790,FALSE,TRUE
Lawrence LK Leung,R01HL042943,FALSE,TRUE
Lawrence LK Leung,R01HL057530,FALSE,TRUE
Lawrence LK Leung,R44HL048431,FALSE,TRUE
Lawrence LK Leung,T32HL007970,FALSE,TRUE
Lawrence Steinman,K07NS000571,TRUE,TRUE
Lawrence Steinman,N01NS042367,TRUE,TRUE
Lawrence Steinman,P01AI036535,TRUE,TRUE
Lawrence Steinman,P01GM028428,TRUE,TRUE
Lawrence Steinman,R01AI022462,TRUE,TRUE
Lawrence Steinman,R01AI040968,TRUE,TRUE
Lawrence Steinman,R01NS018235,TRUE,TRUE
Lawrence Steinman,R01NS028759,TRUE,TRUE
Lawrence Steinman,R01NS030201,TRUE,TRUE
Lawrence Steinman,R01NS041402,TRUE,TRUE
Lawrence Steinman,R01NS055997,TRUE,TRUE
Lawrence Steinman,R13AI029965,TRUE,TRUE
Lawrence Steinman,R21AI095055,TRUE,TRUE
Lawrence Steinman,T32AI007290,TRUE,TRUE
Lawrence Steinman,U19DK061934,TRUE,TRUE
Lawrence W Elmer,F32NS008224,FALSE,TRUE
Leah T Haimo,R01GM028886,FALSE,TRUE
Lee S Simon,M01RR001032,FALSE,TRUE
Lei Chen,R15NS133861,FALSE,TRUE
Lei Gao,R03AG067985,FALSE,TRUE
Lei Gao,R03AG087439,FALSE,TRUE
Lei Gao,R35GM160254,FALSE,TRUE
Lei Liu,P30AR041940,TRUE,FALSE
Lei Liu,R01AG079569,TRUE,FALSE
Lei Liu,R01AG081244,TRUE,FALSE
Lei Liu,R01EY030470,TRUE,FALSE
Lei Liu,R01HS020263,TRUE,FALSE
Lei Liu,R03AG063046,TRUE,FALSE
Lei Liu,R03EY014904,TRUE,FALSE
Lei Liu,R03HS016543,TRUE,FALSE
Lei Liu,R21AG063370,TRUE,FALSE
Lei Liu,R21AG068955,TRUE,FALSE
Lei Liu,R21AG084054,TRUE,FALSE
Lei Liu,R21EY019549,TRUE,FALSE
Lei Liu,R21EY025760,TRUE,FALSE
Lei Liu,R21EY031884,TRUE,FALSE
Lei Liu,R21EY033518,TRUE,FALSE
Lei Liu,R21NS093256,TRUE,FALSE
Lei Liu,R43EY021408,TRUE,FALSE
Lei Liu,R43EY026265,TRUE,FALSE
Lei Liu,RC1AA019274,TRUE,FALSE
Lei Liu,RF1AG079569,TRUE,FALSE
Lei Liu,U54CA221205,TRUE,FALSE
Lei Wang,DP2OD004744,TRUE,FALSE
Lei Wang,P01HD103133,TRUE,FALSE
Lei Wang,R01AG055121,TRUE,FALSE
Lei Wang,R01AG070592,TRUE,FALSE
Lei Wang,R01CA258300,TRUE,FALSE
Lei Wang,R01DA053028,TRUE,FALSE
Lei Wang,R01DK097519,TRUE,FALSE
Lei Wang,R01DK122050,TRUE,TRUE
Lei Wang,R01DK124377,TRUE,FALSE
Lei Wang,R01DK138092,TRUE,TRUE
Lei Wang,R01EB020062,TRUE,FALSE
Lei Wang,R01GM118384,TRUE,FALSE
Lei Wang,R01MH084803,TRUE,FALSE
Lei Wang,R01NR014182,TRUE,FALSE
Lei Wang,R01NS075084,TRUE,FALSE
Lei Wang,R15GM126499,TRUE,FALSE
Lei Wang,R21EB037897,TRUE,FALSE
Lei Wang,R50LM014942,TRUE,FALSE
Lei Wang,R56AG055121,TRUE,FALSE
Lei Wang,R56DK115601,TRUE,FALSE
Lei Wang,RF1MH114079,TRUE,FALSE
Lei Wang,U01MH097435,TRUE,FALSE
Lei Yao,Z01SC010355,FALSE,TRUE
Lei Zhang,R01DK109349,TRUE,FALSE
Lei Zhang,R01HL135242,TRUE,FALSE
Lei Zhang,R35GM159832,TRUE,FALSE
Lei Zhang,R43AR044453,TRUE,FALSE
Lei Zhang,U01DP003133,TRUE,FALSE
Lei Zhang,U01DP006233,TRUE,FALSE
Lei Zhang,U50DP417123,TRUE,FALSE
Lei Zhang,U59EH000208,TRUE,FALSE
Lei Zhang,U59EH000490,TRUE,FALSE
Lei Zhang,U59EH423193,TRUE,FALSE
Lei Zhang,U60OH010918,TRUE,FALSE
Lei Zhang,UG3MD018298,TRUE,FALSE
Lei Zhang,UH3MD018298,TRUE,FALSE
Lei Zhang,UR6DP000491,TRUE,FALSE
Lenore J Cowen,R01GM080330,FALSE,TRUE
Lenore J Cowen,R01GM163241,FALSE,TRUE
Leon C Moore,R01AM026341,FALSE,TRUE
Leon C Moore,R01DK026341,FALSE,TRUE
Leon C Moore,R01DK054177,FALSE,TRUE
Leon C Moore,R25DK066124,FALSE,TRUE
Leonard Guarente,S07RR007047,FALSE,TRUE
Leonard P Freedman,F32GM011053,TRUE,FALSE
Leonard P Freedman,R01DK045460,TRUE,FALSE
Leonard P Freedman,R01DK052621,TRUE,FALSE
Leonard P Freedman,R13GM121024,TRUE,FALSE
Leonard P Freedman,R25GM116155,TRUE,FALSE
Leonard P Freedman,R25GM121272,TRUE,FALSE
Leonard P Freedman,R37DK045460,TRUE,FALSE
Leslee J Shaw,R01HL159433,FALSE,TRUE
Leslee J Shaw,R13HL112549,FALSE,TRUE
Leslee J Shaw,RC1HL100915,FALSE,TRUE
Leslee J Shaw,U01HL105561,FALSE,TRUE
Leslie J Berg,P30DK032520,FALSE,TRUE
Leslie J Berg,R01AI032494,FALSE,TRUE
Leslie J Berg,R01AI037584,FALSE,TRUE
Leslie J Berg,R01AI043957,FALSE,TRUE
Leslie J Berg,R01AI046564,FALSE,TRUE
Leslie J Berg,R01AI066118,FALSE,TRUE
Leslie J Berg,R01AI083505,FALSE,TRUE
Leslie J Berg,R01AI084987,FALSE,TRUE
Leslie J Berg,R01AI101048,FALSE,TRUE
Leslie J Berg,R01AI106833,FALSE,TRUE
Leslie J Berg,R01AI132419,FALSE,TRUE
Leslie J Berg,R01AI143976,FALSE,TRUE
Leslie J Berg,R01CI000101,FALSE,TRUE
Leslie J Berg,R13AI051363,FALSE,TRUE
Leslie J Berg,R13AI094757,FALSE,TRUE
Leslie J Berg,R21NS071548,FALSE,TRUE
Leslie J Berg,R55AI029953,FALSE,TRUE
Leslie P Henderson,F32NS007833,FALSE,TRUE
Leslie P Henderson,R01DA014137,FALSE,TRUE
Leslie P Henderson,R01DA014216,FALSE,TRUE
Leslie P Henderson,R01NS028668,FALSE,TRUE
Leslie P Henderson,R03DA022716,FALSE,TRUE
Leslie P Henderson,R03ES010143,FALSE,TRUE
Lester Goldstein,S07RR007114,FALSE,TRUE
Lev G Goldfarb,Z01NS002973,FALSE,TRUE
Lev G Goldfarb,ZIANS002973,FALSE,TRUE
Li Chen,F32DK009406,TRUE,FALSE
Li Chen,R03CA179661,TRUE,FALSE
Li Chen,R21CA284179,TRUE,FALSE
Li Chen,R35GM142701,TRUE,FALSE
Li Feng,P41EB017183,TRUE,FALSE
Li Feng,R01DK143170,TRUE,FALSE
Li Feng,R01EB030549,TRUE,FALSE
Li Feng,R01EB031083,TRUE,FALSE
Li Feng,R21EB032917,TRUE,FALSE
Li Feng,R43CA096051,TRUE,FALSE
Li Feng,R43GM067365,TRUE,FALSE
Li Lin,F32HL076050,TRUE,FALSE
Li Lin,R01CA104912,TRUE,FALSE
Li Lin,U18HS016672,TRUE,FALSE
Li Xu,F32DC000470,TRUE,FALSE
Li Xu,R03DC006161,TRUE,FALSE
Li Xu,R15DC009504,TRUE,FALSE
Li Xu,R15DC014587,TRUE,FALSE
Li Xu,R44EY035584,TRUE,FALSE
Li Yang,R03CA249473,TRUE,TRUE
Li Yang,R15DK109484,TRUE,TRUE
Li Yang,R15EB015700,TRUE,FALSE
Li Yang,R35GM143067,TRUE,FALSE
Li Yang,ZIABC011163,TRUE,FALSE
Li Yang,ZIABC011165,TRUE,FALSE
Li Zhang,F32GM017877,TRUE,FALSE
Li Zhang,P01HL054710,TRUE,FALSE
Li Zhang,P20RR016460,TRUE,FALSE
Li Zhang,P41RR006009,TRUE,FALSE
Li Zhang,R01AG068072,TRUE,FALSE
Li Zhang,R01CA155145,TRUE,FALSE
Li Zhang,R01DK136843,TRUE,FALSE
Li Zhang,R01GM053453,TRUE,TRUE
Li Zhang,R01GM062246,TRUE,TRUE
Li Zhang,R01HL061589,TRUE,FALSE
Li Zhang,R01HL065568,TRUE,TRUE
Li Zhang,R01HL142909,TRUE,FALSE
Li Zhang,R01HL181475,TRUE,FALSE
Li Zhang,R01LM013763,TRUE,FALSE
Li Zhang,R01NS062832,TRUE,FALSE
Li Zhang,R01NS082607,TRUE,FALSE
Li Zhang,R01NS102744,TRUE,FALSE
Li Zhang,R01NS110630,TRUE,FALSE
Li Zhang,R01NS132772,TRUE,FALSE
Li Zhang,R03AI139811,TRUE,FALSE
Li Zhang,R13HL172575,TRUE,FALSE
Li Zhang,R15GM107717,TRUE,TRUE
Li Zhang,R21AG052735,TRUE,FALSE
Li Zhang,R21AI078365,TRUE,FALSE
Li Zhang,R21CA264381,TRUE,FALSE
Li Zhang,R56AG055583,TRUE,FALSE
Li Zhang,RF1AG057494,TRUE,FALSE
Li Zhang,RF1AG094722,TRUE,FALSE
Li Zhang,U54CA242646,TRUE,FALSE
Li Zhou,R01AG080429,TRUE,FALSE
Li Zhou,R01AI150295,TRUE,FALSE
Li Zhou,R01AR072046,TRUE,TRUE
Li Zhou,R01CA284740,TRUE,TRUE
Li Zhou,R01HS022728,TRUE,FALSE
Li Zhou,R01HS024264,TRUE,FALSE
Li Zhou,R01HS025375,TRUE,FALSE
Li Zhou,R01LM014239,TRUE,FALSE
Li Zhou,R03HS018288,TRUE,FALSE
Li Zhou,R21HS021544,TRUE,FALSE
Li Zhou,R21HS029991,TRUE,FALSE
Li Zhou,R43DK111008,TRUE,TRUE
Li Zhou,R44AG081006,TRUE,FALSE
Li Zhou,R56AI165991,TRUE,TRUE
Li Zhou,UG3AR085895,TRUE,TRUE
Lianchun Wang,P41RR005351,FALSE,TRUE
Lianchun Wang,R01AG069039,FALSE,TRUE
Lianchun Wang,R01AG074289,FALSE,TRUE
Lianchun Wang,R01AG087305,FALSE,TRUE
Lianchun Wang,R01HL093339,FALSE,TRUE
Lianchun Wang,R01HL179583,FALSE,TRUE
Lianchun Wang,R21HL131553,FALSE,TRUE
Lianchun Wang,R56AG062344,FALSE,TRUE
Lianchun Wang,RF1AG069039,FALSE,TRUE
Lianchun Wang,RF1AG074289,FALSE,TRUE
Lianchun Wang,U01CA225784,FALSE,TRUE
Liang Chen,R01GM097230,TRUE,FALSE
Liang Chen,R01GM137428,TRUE,FALSE
Liang Chen,R21AI117338,TRUE,FALSE
Liang Chen,R21AI190454,TRUE,FALSE
Liang Chen,R21NS117992,TRUE,FALSE
Liang Qiang,R01NS115977,FALSE,TRUE
Liang Zhang,K01AG021999,FALSE,TRUE
Liisa A Tremere,P20GM104934,FALSE,TRUE
Liisa A Tremere,P20RR024215,FALSE,TRUE
Lili He,R01AI180243,TRUE,FALSE
Lili He,R01EB029944,TRUE,FALSE
Lili He,R01EB030582,TRUE,FALSE
Lili He,R21HD094085,TRUE,FALSE
Limin Li,R21EB024852,FALSE,TRUE
Limin Wang,ZICBC012048,FALSE,TRUE
Lin Jiang,R01AG060149,FALSE,TRUE
Lin L Mantell,R15HL093708,FALSE,TRUE
Lin Li,P41RR002305,TRUE,FALSE
Lin Li,R16NS131108,TRUE,FALSE
Lin Li,SC1GM132043,TRUE,FALSE
Lin Yang,P30GM133893,TRUE,FALSE
Lin Yang,R01AR065479,TRUE,TRUE
Lin Yang,R42AG055375,TRUE,FALSE
Lin Zhu,K01AG077038,TRUE,FALSE
Lin Zhu,K99DA056297,TRUE,FALSE
Lin Zhu,R00DA056297,TRUE,FALSE
Lin Zhu,R03CA259633,TRUE,FALSE
Lin Zhu,R15CA213103,TRUE,FALSE
Lin Zhu,R21MD019145,TRUE,FALSE
Lin Zhu,U54CA221705,TRUE,FALSE
Linda B Buck,P01AG028054,FALSE,TRUE
Linda B Buck,P01DC000347,FALSE,TRUE
Linda B Buck,R01DC001662,FALSE,TRUE
Linda B Buck,R01DC004842,FALSE,TRUE
Linda B Buck,R01DC009324,FALSE,TRUE
Linda B Buck,R01DC015032,FALSE,TRUE
Linda B Buck,R01DC016442,FALSE,TRUE
Linda B Buck,R01DC016941,FALSE,TRUE
Lindsay H Burns,R01AG067972,FALSE,TRUE
Lindsay H Burns,R42AG057329,FALSE,TRUE
Lindsay H Burns,R44AG050301,FALSE,TRUE
Lindsay H Burns,R44AG056166,FALSE,TRUE
Lindsay H Burns,R44AG057329,FALSE,TRUE
Lindsay H Burns,R44AG060878,FALSE,TRUE
Lindsay H Burns,R44AG065152,FALSE,TRUE
Ling Qin,K01DK071988,TRUE,FALSE
Ling Qin,P30AR069619,TRUE,FALSE
Ling Qin,R01AG067698,TRUE,FALSE
Ling Qin,R01AG069401,TRUE,FALSE
Ling Qin,R01AR066098,TRUE,FALSE
Ling Qin,R01AR079875,TRUE,FALSE
Ling Qin,R01DK095803,TRUE,FALSE
Ling Qin,R03AR060991,TRUE,FALSE
Ling Qin,R21AR074570,TRUE,FALSE
Ling Qin,R21AR078650,TRUE,FALSE
Ling Zhao,R15DK114790,FALSE,TRUE
Ling Zhao,R15DK132728,FALSE,TRUE
Lizhen Chen,R01AG070214,FALSE,TRUE
Lizhen Chen,R01AG071591,FALSE,TRUE
Lizhen Chen,R01AG085545,FALSE,TRUE
Lobat Tayebi,R15DE027533,FALSE,TRUE
Lobat Tayebi,R15DE035277,FALSE,TRUE
Lobat Tayebi,R21EY035480,FALSE,TRUE
Lobat Tayebi,R56DE029191,FALSE,TRUE
Loretta G Que,K08HL004171,FALSE,TRUE
Loretta G Que,P01AI081672,FALSE,TRUE
Loretta G Que,R01HL086887,FALSE,TRUE
Loretta G Que,R01HL107590,FALSE,TRUE
Loretta G Que,R01HL146542,FALSE,TRUE
Loretta G Que,R01HL153641,FALSE,TRUE
Louise Kelly,M01RR000043,FALSE,TRUE
Lu Lu,R01AA021951,FALSE,TRUE
Lu Lu,R01DK120567,FALSE,TRUE
Lu Lu,R01ES022614,FALSE,TRUE
Lu Lu,R01EY021200,FALSE,TRUE
Lu Lu,R01HL128350,FALSE,TRUE
Lu Lu,R01HL151438,FALSE,TRUE
Lu Lu,R21AI171779,FALSE,TRUE
Lu Lu,U01AA014425,FALSE,TRUE
Lu Wang,F32AI009790,TRUE,FALSE
Lu Wang,K99AG065500,TRUE,FALSE
Lu Wang,K99HL095649,TRUE,FALSE
Lu Wang,K99NS125106,TRUE,TRUE
Lu Wang,P41RR001081,TRUE,TRUE
Lu Wang,R00AG065500,TRUE,FALSE
Lu Wang,R00HL095649,TRUE,FALSE
Lu Wang,R00NS125106,TRUE,TRUE
Lu Wang,R01CE003497,TRUE,FALSE
Lu Wang,R01GM130697,TRUE,FALSE
Lu Wang,R03CA159399,TRUE,FALSE
Lu Wang,R35GM146979,TRUE,FALSE
Lu Wang,R41EB026401,TRUE,FALSE
Luc G T Morris,K08DE024774,FALSE,TRUE
Luc G T Morris,R01DE027738,FALSE,TRUE
Luca Comai,R01GM076103,FALSE,TRUE
Luca Comai,S10OD010786,FALSE,TRUE
Luguang Luo,P20RR018757,FALSE,TRUE
Luguang Luo,R01DK097380,FALSE,TRUE
Luigi Puglielli,I01BX000107,FALSE,TRUE
Luigi Puglielli,I01BX001638,FALSE,TRUE
Luigi Puglielli,I01BX004202,FALSE,TRUE
Luigi Puglielli,P50AG033514,FALSE,TRUE
Luigi Puglielli,R01AG028569,FALSE,TRUE
Luigi Puglielli,R01AG078794,FALSE,TRUE
Luigi Puglielli,R01GM148487,FALSE,TRUE
Luigi Puglielli,R01NS045669,FALSE,TRUE
Luigi Puglielli,R01NS094154,FALSE,TRUE
Luigi Puglielli,RF1AG053937,FALSE,TRUE
Luigi Puglielli,RF1AG057408,FALSE,TRUE
Luis Martinez,B08TI010045,TRUE,FALSE
Luis Martinez,B09SM010045,TRUE,FALSE
Luis Martinez,U79SM061319,TRUE,FALSE
Lulu Y Chen,F31MH083396,FALSE,TRUE
Lulu Y Chen,F32MH100745,FALSE,TRUE
Lulu Y Chen,R01NS137630,FALSE,TRUE
Luoping Zhang,P42ES004705,FALSE,TRUE
Luoping Zhang,R01ES017452,FALSE,TRUE
Luther W Brady,U10CA012252,FALSE,TRUE
Lynn D Devenport,R01AA005699,TRUE,TRUE
Lynn D Devenport,R01AM034347,TRUE,TRUE
Lynn D Devenport,R01DK034347,TRUE,TRUE
Lynn D Devenport,S07RR007078,TRUE,TRUE
Lynn D Devenport,S15DK043446,TRUE,TRUE
Lynn I Levin,P01CA069266,FALSE,TRUE
M Smith,Z01AA000704,TRUE,FALSE
M Smith,Z01MH002647,TRUE,FALSE
M Zachary Rosenthal,R01DA017372,TRUE,TRUE
M Zachary Rosenthal,R01DA018311,TRUE,TRUE
M Zachary Rosenthal,R01DA026454,TRUE,TRUE
M Zachary Rosenthal,R01MH095806,TRUE,TRUE
Mackenzie E Hannum,F32DC020100,FALSE,TRUE
Madhu Gupta,R01HL022231,TRUE,TRUE
Madhu Gupta,R03MH041435,TRUE,FALSE
Madhu Gupta,R23NS024291,TRUE,FALSE
Madhu Gupta,R29NS024291,TRUE,FALSE
Madhuri Wadehra,R01CA163971,FALSE,TRUE
Madhuri Wadehra,R21CA131756,FALSE,TRUE
Madhuri Wadehra,R21CA234642,FALSE,TRUE
Mahesh P Gupta,R01HL068083,FALSE,TRUE
Mahesh P Gupta,R01HL077788,FALSE,TRUE
Mahesh P Gupta,R01HL083423,FALSE,TRUE
Mahesh P Gupta,R01HL111455,FALSE,TRUE
Mahesh P Gupta,R01HL117041,FALSE,TRUE
Mahesh P Gupta,R01HL136712,FALSE,TRUE
Mahesh P Gupta,R01HL143488,FALSE,TRUE
Mandeep R Mehra,M01RR016500,FALSE,TRUE
Mandeep R Mehra,P20HL101434,FALSE,TRUE
Mani N Pavuluri,K23RR018638,FALSE,TRUE
Mani N Pavuluri,K24MH096011,FALSE,TRUE
Mani N Pavuluri,M01RR013987,FALSE,TRUE
Mani N Pavuluri,R01MH081019,FALSE,TRUE
Mani N Pavuluri,R01MH085639,FALSE,TRUE
Mani N Pavuluri,RC1MH088462,FALSE,TRUE
Marc A Shuman,K04HL000802,TRUE,TRUE
Marc A Shuman,P01CA072006,TRUE,TRUE
Marc A Shuman,P30CA082103,TRUE,TRUE
Marc A Shuman,P50CA058207,TRUE,TRUE
Marc A Shuman,P50CA089520,TRUE,TRUE
Marc A Shuman,P50HL054476,TRUE,TRUE
Marc A Shuman,R01CA059545,TRUE,TRUE
Marc A Shuman,R01EY004882,TRUE,TRUE
Marc A Shuman,R01HL021403,TRUE,TRUE
Marc A Shuman,R01HL033277,TRUE,TRUE
Marc A Shuman,T32DK007636,TRUE,TRUE
Marc A Shuman,T32HL007100,TRUE,TRUE
Marc C Chamberlain,P30CA023100,FALSE,TRUE
Marc D Hauser,F32HD007213,FALSE,TRUE
Marc D Hauser,P51RR000168,FALSE,TRUE
Marc D Hauser,R01DC005863,FALSE,TRUE
Marc N Potenza,D43TW012262,FALSE,TRUE
Marc N Potenza,K12DA000167,FALSE,TRUE
Marc N Potenza,P20DA027844,FALSE,TRUE
Marc N Potenza,R01AA029611,FALSE,TRUE
Marc N Potenza,R01AT010508,FALSE,TRUE
Marc N Potenza,R01DA015757,FALSE,TRUE
Marc N Potenza,R01DA019039,FALSE,TRUE
Marc N Potenza,R01DA020908,FALSE,TRUE
Marc N Potenza,R01DA035058,FALSE,TRUE
Marc N Potenza,R01DA037974,FALSE,TRUE
Marc N Potenza,R01DA039136,FALSE,TRUE
Marc N Potenza,R01DK121551,FALSE,TRUE
Marc N Potenza,R13AA018234,FALSE,TRUE
Marc N Potenza,R13DA052197,FALSE,TRUE
Marc N Potenza,R21DA040138,FALSE,TRUE
Marc N Potenza,R21DA058713,FALSE,TRUE
Marc N Potenza,R21MH130927,FALSE,TRUE
Marc N Potenza,RF1MH128614,FALSE,TRUE
Marc N Potenza,RL1AA017539,FALSE,TRUE
Marc Tessier-Lavigne,P01DE008973,TRUE,TRUE
Marc Tessier-Lavigne,R01MH060612,TRUE,TRUE
Marc Tessier-Lavigne,R01NS083813,TRUE,FALSE
Marc Tessier-Lavigne,R01NS089786,TRUE,FALSE
Marcel Adam Just,K02MH000662,FALSE,TRUE
Marcel Adam Just,K05MH000662,FALSE,TRUE
Marcel Adam Just,P50HD055748,FALSE,TRUE
Marcel Adam Just,R01HD075328,FALSE,TRUE
Marcel Adam Just,R01MH029617,FALSE,TRUE
Marcel Adam Just,R01MH116652,FALSE,TRUE
Marcel Adam Just,R21MH112931,FALSE,TRUE
Marcel Adam Just,S10RR025086,FALSE,TRUE
Marco Colombini,R01NS042025,FALSE,TRUE
Marco Iacoboni,P41RR013642,FALSE,TRUE
Marco Iacoboni,R21MH063860,FALSE,TRUE
Marco Iacoboni,R21MH097178,FALSE,TRUE
Margie E Snyder,K08HS022119,FALSE,TRUE
Margie E Snyder,R18HS025943,FALSE,TRUE
Margie E Snyder,R21HS025005,FALSE,TRUE
Margit L Bleecker,P01AG004402,TRUE,TRUE
Margit L Bleecker,R01AG008494,TRUE,TRUE
Maria Almira Correia,P41RR000480,FALSE,TRUE
Maria Almira Correia,P41RR001614,FALSE,TRUE
Maria Almira Correia,R01AM026506,FALSE,TRUE
Maria Almira Correia,R01DK026506,FALSE,TRUE
Maria Almira Correia,R01GM044037,FALSE,TRUE
Maria Almira Correia,R13DK040470,FALSE,TRUE
Maria Almira Correia,R56DK026506,FALSE,TRUE
Maria Trojanowska,P01CA078582,FALSE,TRUE
Maria Trojanowska,P50AR060780,FALSE,TRUE
Maria Trojanowska,R01AR042334,FALSE,TRUE
Maria Trojanowska,R01AR044883,FALSE,TRUE
Maria Trojanowska,R01AR080950,FALSE,TRUE
Maria Trojanowska,R01HL150638,FALSE,TRUE
Maria Trojanowska,R21AR050798,FALSE,TRUE
Maria Trojanowska,R56AR044883,FALSE,TRUE
Maria Trojanowska,S07RR005420,FALSE,TRUE
Marian DiFiglia,P01NS016367,TRUE,TRUE
Marian DiFiglia,P01NS031579,TRUE,TRUE
Marian DiFiglia,P50NS016367,TRUE,TRUE
Marian DiFiglia,R01NS035711,TRUE,TRUE
Marian DiFiglia,R01NS074381,TRUE,TRUE
Marian DiFiglia,S10RR023594,TRUE,TRUE
Marie G Gantz,R03HD092442,TRUE,TRUE
Marie G Gantz,U01DK115575,TRUE,TRUE
Marie G Gantz,U01HD031206,TRUE,TRUE
Marie G Gantz,U01HD069031,TRUE,TRUE
Marie G Gantz,U24HD069031,TRUE,TRUE
Marie G Gantz,U24HD107676,TRUE,TRUE
Marie G Gantz,U34DK109191,TRUE,TRUE
Marina R Picciotto,DP1DA050986,FALSE,TRUE
Marina R Picciotto,K02DA000436,FALSE,TRUE
Marina R Picciotto,P01AA027473,FALSE,TRUE
Marina R Picciotto,P01MH025642,FALSE,TRUE
Marina R Picciotto,P30DA018343,FALSE,TRUE
Marina R Picciotto,P50AA015632,FALSE,TRUE
Marina R Picciotto,P50DA013334,FALSE,TRUE
Marina R Picciotto,R01DA010455,FALSE,TRUE
Marina R Picciotto,R01DA014241,FALSE,TRUE
Marina R Picciotto,R01DA015425,FALSE,TRUE
Marina R Picciotto,R01DA037566,FALSE,TRUE
Marina R Picciotto,R01MH077681,FALSE,TRUE
Marina R Picciotto,R01MH105910,FALSE,TRUE
Marina R Picciotto,R03DA011733,FALSE,TRUE
Marina R Picciotto,R13DA060007,FALSE,TRUE
Marina R Picciotto,R29DA010455,FALSE,TRUE
Marina R Picciotto,R37DA014241,FALSE,TRUE
Marina R Picciotto,T32DA007290,FALSE,TRUE
Marina R Picciotto,T32MH014276,FALSE,TRUE
Marina R Picciotto,T32NS041228,FALSE,TRUE
Marina R Picciotto,U54AA027989,FALSE,TRUE
Mario Strazzabosco,F05TW004061,TRUE,TRUE
Mario Strazzabosco,P30DK034989,TRUE,TRUE
Mario Strazzabosco,R01DK079005,TRUE,TRUE
Mario Strazzabosco,R01DK096096,TRUE,TRUE
Mario Strazzabosco,R01DK101528,TRUE,TRUE
Mario Strazzabosco,R01DK142076,TRUE,TRUE
Mariusz A Wasik,R01CA089194,FALSE,TRUE
Mariusz A Wasik,R01CA096856,FALSE,TRUE
Mariusz A Wasik,R01CA228457,FALSE,TRUE
Mariusz A Wasik,R01CA268601,FALSE,TRUE
Mariusz A Wasik,R01DE017337,FALSE,TRUE
Mariusz A Wasik,R55CA076627,FALSE,TRUE
Marjorie F Lou,R01EY010595,FALSE,TRUE
Marjorie F Lou,R56EY010595,FALSE,TRUE
Marjorie R Grafe,K08NS001442,FALSE,TRUE
Mark A L Johnson,F32GM064960,TRUE,FALSE
Mark A L Johnson,T32GM136566,TRUE,FALSE
Mark A McGuire,P20RR015587,FALSE,TRUE
Mark A McGuire,P20RR016448,FALSE,TRUE
Mark A McGuire,R01HD092297,FALSE,TRUE
Mark A McGuire,R21HD118567,FALSE,TRUE
Mark Carl Miller,P41RR006009,FALSE,TRUE
Mark D Eisner,F32HL010054,FALSE,TRUE
Mark D Eisner,K23HL004201,FALSE,TRUE
Mark D Eisner,K24HL097245,FALSE,TRUE
Mark D Eisner,R01HL077618,FALSE,TRUE
Mark D Eisner,RC1ES018211,FALSE,TRUE
Mark D Hornstein,M01RR002635,FALSE,TRUE
Mark E Anderson,F32HL008501,FALSE,TRUE
Mark E Anderson,K08HL003727,FALSE,TRUE
Mark E Anderson,P01HL046681,FALSE,TRUE
Mark E Anderson,P41RR002301,FALSE,TRUE
Mark E Anderson,R01HL062494,FALSE,TRUE
Mark E Anderson,R01HL070250,FALSE,TRUE
Mark E Anderson,R01HL079031,FALSE,TRUE
Mark E Anderson,R01HL096652,FALSE,TRUE
Mark E Anderson,R01HL113001,FALSE,TRUE
Mark E Anderson,R13HL114209,FALSE,TRUE
Mark E Anderson,R13HL123063,FALSE,TRUE
Mark E Anderson,R35HL140034,FALSE,TRUE
Mark E Fortini,R01AG014583,FALSE,TRUE
Mark E Fortini,R01GM087650,FALSE,TRUE
Mark E Fortini,R03TW001336,FALSE,TRUE
Mark E Fortini,Z01BC010529,FALSE,TRUE
Mark E Fortini,Z01BC010912,FALSE,TRUE
Mark E Fortini,Z01BC010913,FALSE,TRUE
Mark E Fortini,ZIABC010912,FALSE,TRUE
Mark E Fortini,ZIABC010913,FALSE,TRUE
Mark E Hay,R21TW006662,FALSE,TRUE
Mark E Hay,U01TW007401,FALSE,TRUE
Mark E Hay,U19TW007401,FALSE,TRUE
Mark E Stearns,N01CN055137,TRUE,FALSE
Mark E Stearns,N01CN075122,TRUE,TRUE
Mark E Stearns,R01CA053813,TRUE,TRUE
Mark E Stearns,R01CA076639,TRUE,TRUE
Mark E Stearns,R01CA090397,TRUE,TRUE
Mark E Stearns,R29CA045425,TRUE,TRUE
Mark E Stearns,U01CA057180,TRUE,TRUE
Mark H Doolittle,P01HL028481,TRUE,TRUE
Mark J Landau,R01CA185378,FALSE,TRUE
Mark J Smyth,R01CA106377,FALSE,TRUE
Mark J Suto,U54ES030246,FALSE,TRUE
Mark L Hatzenbuehler,F31MH083401,FALSE,TRUE
Mark L Hatzenbuehler,K01DA032558,FALSE,TRUE
Mark L Hatzenbuehler,R01CE002913,FALSE,TRUE
Mark L Hatzenbuehler,R01DA037568,FALSE,TRUE
Mark L Hatzenbuehler,R01MH112384,FALSE,TRUE
Mark L Hatzenbuehler,R01MH118245,FALSE,TRUE
Mark M Rasenick,I01BX001149,FALSE,TRUE
Mark M Rasenick,IK6BX004475,FALSE,TRUE
Mark M Rasenick,K02MH000699,FALSE,TRUE
Mark M Rasenick,R01AG015482,FALSE,TRUE
Mark M Rasenick,R01AT009169,FALSE,TRUE
Mark M Rasenick,R01MH039595,FALSE,TRUE
Mark M Rasenick,R01MH057391,FALSE,TRUE
Mark M Rasenick,R01MH078200,FALSE,TRUE
Mark M Rasenick,R21DA020568,FALSE,TRUE
Mark M Rasenick,R41MH113398,FALSE,TRUE
Mark M Rasenick,S15AA008906,FALSE,TRUE
Mark M Rasenick,T32MH067631,FALSE,TRUE
Mark Marino,75N92020P00132,TRUE,FALSE
Mark Marino,75N92020P00171,TRUE,FALSE
Mark Marino,75N92021D00008,TRUE,FALSE
Mark Marino,75N92021P00116,TRUE,FALSE
Mark Marino,75N92021P00129,TRUE,FALSE
Mark Marino,75N92022D00013,TRUE,FALSE
Mark Mitchell Jones,R01CA038997,FALSE,TRUE
Mark Mitchell Jones,R01ES002638,FALSE,TRUE
Mark R Chance,P01AI074286,FALSE,TRUE
Mark R Chance,P01DE019759,FALSE,TRUE
Mark R Chance,P20DA026133,FALSE,TRUE
Mark R Chance,P30AI036219,FALSE,TRUE
Mark R Chance,P30CA013330,FALSE,TRUE
Mark R Chance,P30CA043703,FALSE,TRUE
Mark R Chance,P30DA054557,FALSE,TRUE
Mark R Chance,P30EB009998,FALSE,TRUE
Mark R Chance,P41EB001979,FALSE,TRUE
Mark R Chance,P41RR001633,FALSE,TRUE
Mark R Chance,P41RR006009,FALSE,TRUE
Mark R Chance,R01EB009688,FALSE,TRUE
Mark R Chance,R01GM052348,FALSE,TRUE
Mark R Chance,R01GM117208,FALSE,TRUE
Mark R Chance,R01HL106798,FALSE,TRUE
Mark R Chance,R21CA084713,FALSE,TRUE
Mark R Chance,R21DK069952,FALSE,TRUE
Mark R Chance,R21DK070229,FALSE,TRUE
Mark R Chance,R25GM075207,FALSE,TRUE
Mark R Chance,R25HL103152,FALSE,TRUE
Mark R Chance,R29HL045892,FALSE,TRUE
Mark R Chance,R33CA084713,FALSE,TRUE
Mark R Chance,S10OD026882,FALSE,TRUE
Mark R Chance,S10OD028614,FALSE,TRUE
Mark R Chance,S10RR013671,FALSE,TRUE
Mark R Chance,S10RR028927,FALSE,TRUE
Mark R Chance,T32GM008572,FALSE,TRUE
Mark R Chance,U01GM094612,FALSE,TRUE
Mark Steinberg,G12RR003060,TRUE,FALSE
Mark Steinberg,R01CA052915,TRUE,TRUE
Mark Wilson,P41RR007707,TRUE,FALSE
Mark Wilson,P50DE008240,TRUE,FALSE
Mark Wilson,T03OH008629,TRUE,FALSE
Mark Yarmarkovich,DP2CA301080,FALSE,TRUE
Mark Yarmarkovich,OT2CA290738,FALSE,TRUE
Marla B Bruns,F30AA015245,FALSE,TRUE
Marta Perego,R01AI052289,FALSE,TRUE
Marta Perego,R01GM055594,FALSE,TRUE
Martha H Mulks,R01AI021264,FALSE,TRUE
Martha S Jordan,K01AR052802,FALSE,TRUE
Martha S Jordan,R01AI047833,FALSE,TRUE
Martha S Jordan,R01AI143676,FALSE,TRUE
Martha S Jordan,R21AI105046,FALSE,TRUE
Martha S Jordan,R21AI117282,FALSE,TRUE
Martha S Jordan,R21AI144732,FALSE,TRUE
Martin Chalfie,P41RR000570,TRUE,TRUE
Martin Chalfie,P50AG008702,TRUE,TRUE
Martin Chalfie,R01AG014461,TRUE,TRUE
Martin Chalfie,R01GM030997,TRUE,TRUE
Martin Chalfie,R01GM034775,TRUE,TRUE
Martin Chalfie,R13DC005993,TRUE,TRUE
Martin Chalfie,R13HD081888,TRUE,TRUE
Martin Chalfie,R35GM122522,TRUE,TRUE
Martin Chalfie,R37GM030997,TRUE,TRUE
Martin Chalfie,T32GM007216,TRUE,TRUE
Martin Chalfie,T32GM008798,TRUE,TRUE
Martin R Prince,F32HL007377,FALSE,TRUE
Martin R Prince,R01HL046384,FALSE,TRUE
Martin R Prince,R13EB017627,FALSE,TRUE
Martin R Prince,T35EB006732,FALSE,TRUE
Martin R Prince,U54DK144866,FALSE,TRUE
Martin S Angst,R01DA023063,FALSE,TRUE
Marvin H Caruthers,R01GM021120,FALSE,TRUE
Marvin H Caruthers,R01GM025680,FALSE,TRUE
Marvin H Caruthers,R13CA053494,FALSE,TRUE
Mary A Dwyer,F32DK074307,FALSE,TRUE
Mary A Whooley,I50HX002756,FALSE,TRUE
Mary A Whooley,I50HX003266,FALSE,TRUE
Mary A Whooley,IP1HX002002,FALSE,TRUE
Mary A Whooley,P30HS029738,FALSE,TRUE
Mary A Whooley,R01HL079235,FALSE,TRUE
Mary A Whooley,TL1TR001871,FALSE,TRUE
Mary Ann Richardson,R01MH041802,TRUE,FALSE
Mary Ann Richardson,R01MH044153,TRUE,FALSE
Mary Ann Richardson,R03MH040629,TRUE,FALSE
Mary Ann Richardson,U24CA066826,TRUE,TRUE
Mary E Sunday,P01HL067669,FALSE,TRUE
Mary E Sunday,P41RR005959,FALSE,TRUE
Mary E Sunday,P50HL067669,FALSE,TRUE
Mary E Sunday,P50HL084917,FALSE,TRUE
Mary E Sunday,P51RR013986,FALSE,TRUE
Mary E Sunday,R01HL044984,FALSE,TRUE
Mary E Sunday,R01HL050045,FALSE,TRUE
Mary E Sunday,R10HL052638,FALSE,TRUE
Mary E Sunday,R23AM036036,FALSE,TRUE
Mary E Sunday,R23DK036036,FALSE,TRUE
Mary E Sunday,R29DK038401,FALSE,TRUE
Mary E Sunday,U01HL052638,FALSE,TRUE
Mary E Sunday,U10HL052638,FALSE,TRUE
Mary Ellen Lane,R01EY015305,FALSE,TRUE
Mary Frances Picciano,R01HD018689,FALSE,TRUE
Mary V Solanto,R01MH041180,FALSE,TRUE
Mary V Solanto,R03HD037803,FALSE,TRUE
Mary V Solanto,R21MH062945,FALSE,TRUE
Mary V Solanto,R34MH071721,FALSE,TRUE
Mary V Solanto,R34MH122219,FALSE,TRUE
Mary V Solanto,R55HD037803,FALSE,TRUE
Maryka Quik,R01NS042091,FALSE,TRUE
Maryka Quik,R01NS047162,FALSE,TRUE
Maryka Quik,R01NS059910,FALSE,TRUE
Maryka Quik,R21NS065851,FALSE,TRUE
Masuko Ushio-Fukai,P01HL160557,FALSE,TRUE
Masuko Ushio-Fukai,R01HL077524,FALSE,TRUE
Masuko Ushio-Fukai,R01HL116976,FALSE,TRUE
Masuko Ushio-Fukai,R01HL133613,FALSE,TRUE
Masuko Ushio-Fukai,R01HL135584,FALSE,TRUE
Masuko Ushio-Fukai,R01HL147550,FALSE,TRUE
Masuko Ushio-Fukai,R01HL160014,FALSE,TRUE
Masuko Ushio-Fukai,R01HL174014,FALSE,TRUE
Masuko Ushio-Fukai,R21HL112293,FALSE,TRUE
Mathew S Maurer,K23AG000966,FALSE,TRUE
Mathew S Maurer,K24AG036778,FALSE,TRUE
Mathew S Maurer,R01AG027518,FALSE,TRUE
Mathew S Maurer,R01AG081582,FALSE,TRUE
Mathew S Maurer,R01HL139671,FALSE,TRUE
Mathew S Maurer,R01HL177670,FALSE,TRUE
Mathew S Maurer,R21AG046703,FALSE,TRUE
Mathew S Maurer,R21AG047939,FALSE,TRUE
Mathew S Maurer,R21AG058348,FALSE,TRUE
Matthew B Dalva,R01DA022727,FALSE,TRUE
Matthew B Dalva,R01MH073357,FALSE,TRUE
Matthew B Dalva,R01MH086425,FALSE,TRUE
Matthew B Dalva,R01MH100093,FALSE,TRUE
Matthew B Dalva,R01MH138995,FALSE,TRUE
Matthew B Dalva,R01NS106906,FALSE,TRUE
Matthew B Dalva,R01NS110385,FALSE,TRUE
Matthew B Dalva,R01NS111976,FALSE,TRUE
Matthew B Dalva,R01NS115441,FALSE,TRUE
Matthew D MacManes,F32DK093227,FALSE,TRUE
Matthew D MacManes,R35GM128843,FALSE,TRUE
Matthew J Spindler,R43AI170407,FALSE,TRUE
Matthew J Spindler,R43CA232942,FALSE,TRUE
Matthew J Spindler,R43CA257260,FALSE,TRUE
Matthew J Spindler,R43CA265475,FALSE,TRUE
Matthew P DeLisa,R01GM137314,FALSE,TRUE
Matthew P DeLisa,R21CA132223,FALSE,TRUE
Matthew P DeLisa,R21CA167100,FALSE,TRUE
Matthew P DeLisa,R21DA031409,FALSE,TRUE
Matthew P DeLisa,R21NS056911,FALSE,TRUE
Matthew P DeLisa,R41AI063709,FALSE,TRUE
Matthew P DeLisa,R41GM090585,FALSE,TRUE
Matthew P DeLisa,S10OD032273,FALSE,TRUE
Matthew P Walker,M01RR001032,FALSE,TRUE
Matthew P Walker,R01AG031164,FALSE,TRUE
Matthew P Walker,R01MH093537,FALSE,TRUE
Matthew P Walker,R01MH126901,FALSE,TRUE
Matthew P Walker,R03MH069935,FALSE,TRUE
Matthew P Walker,R21DA031939,FALSE,TRUE
Matthew P Walker,RF1AG054019,FALSE,TRUE
Matthew P Walker,RF1AG054106,FALSE,TRUE
Matthew W Foster,R01HL107590,FALSE,TRUE
Matthew W Foster,R21GM146142,FALSE,TRUE
Matthew W Foster,R21HL106121,FALSE,TRUE
Matthew W Foster,R21OH010490,FALSE,TRUE
Matthew W Foster,R33GM146142,FALSE,TRUE
Matthew W Foster,R41HD105560,FALSE,TRUE
Matthew W Foster,RF1AG057895,FALSE,TRUE
Max E Gottesman,R01DK050702,FALSE,TRUE
Max E Gottesman,R01GM036554,FALSE,TRUE
Max E Gottesman,R01GM037219,FALSE,TRUE
Max E Gottesman,R56GM037219,FALSE,TRUE
Max E Gottesman,T32CA009503,FALSE,TRUE
Max E Gottesman,T32DK007328,FALSE,TRUE
Maxwell Boakye,I01RX000215,FALSE,TRUE
Maxwell Boakye,R21NS114982,FALSE,TRUE
Maxwell Boakye,UH3NS116238,FALSE,TRUE
Megan E Romano,P20GM104416,FALSE,TRUE
Megan E Romano,R03ES035140,FALSE,TRUE
Megan E Romano,R21ES032187,FALSE,TRUE
Mehdi Razavi,R01HL144683,FALSE,TRUE
Mehdi Razavi,R01HL162741,FALSE,TRUE
Mei Sun,F32NS010805,TRUE,FALSE
Mei Sun,K01AG020177,TRUE,FALSE
Mei Sun,N44CM077838,TRUE,FALSE
Melanie J Scott,R01AA030007,FALSE,TRUE
Melanie J Scott,R01GM102146,FALSE,TRUE
Melanie J Scott,R01HL141080,FALSE,TRUE
Melanie L Hart,F32DK067782,FALSE,TRUE
Melissa A Kacena,I01BX003751,FALSE,TRUE
Melissa A Kacena,I01BX006399,FALSE,TRUE
Melissa A Kacena,I01RX003552,FALSE,TRUE
Melissa A Kacena,IK6RX004809,FALSE,TRUE
Melissa A Kacena,IS1BX004801,FALSE,TRUE
Melissa A Kacena,R01AG046246,FALSE,TRUE
Melissa A Kacena,R01AG060621,FALSE,TRUE
Melissa A Kacena,R01AG082275,FALSE,TRUE
Melissa A Kacena,R01AR060332,FALSE,TRUE
Melissa A Kacena,R01AR060863,FALSE,TRUE
Melissa A Kacena,R01AR083130,FALSE,TRUE
Melissa A Kacena,R01DK108342,FALSE,TRUE
Melissa A Kacena,R01DK118782,FALSE,TRUE
Melissa A Kacena,R03AR055269,FALSE,TRUE
Melissa A Kacena,R56DK108342,FALSE,TRUE
Menashe Bar-Eli,P50CA091846,FALSE,TRUE
Menashe Bar-Eli,P50CA093459,FALSE,TRUE
Menashe Bar-Eli,R01CA041525,FALSE,TRUE
Menashe Bar-Eli,R01CA076098,FALSE,TRUE
Menashe Bar-Eli,R01CA138345,FALSE,TRUE
Menashe Bar-Eli,R21CA064137,FALSE,TRUE
Menashe Bar-Eli,R21CA219958,FALSE,TRUE
Meng Li,R01CA270243,FALSE,TRUE
Menq-Jer Lee,R01HL071071,FALSE,TRUE
Menq-Jer Lee,R21CA216650,FALSE,TRUE
Michael A Pereira,N01CN005121,TRUE,TRUE
Michael A Pereira,N01CN005123,TRUE,TRUE
Michael A Pereira,N01CN055151,TRUE,TRUE
Michael A Pereira,N01CN055174,TRUE,TRUE
Michael A Pereira,N01CN055175,TRUE,TRUE
Michael A Pereira,N01CN075102,TRUE,TRUE
Michael A Pereira,N01CN075104,TRUE,TRUE
Michael A Pereira,N01CN085096,TRUE,FALSE
Michael A Pereira,N01CN085146,TRUE,TRUE
Michael A Pereira,N01CN095107,TRUE,TRUE
Michael A Pereira,N01CN095118,TRUE,TRUE
Michael A Pereira,N01CN53301,TRUE,TRUE
Michael A Pereira,N01ES065167,TRUE,TRUE
Michael A Pereira,R01CA096129,TRUE,TRUE
Michael A Pereira,R03ES009772,TRUE,TRUE
Michael A Pereira,R21CA135335,TRUE,TRUE
Michael A Pereira,R43CA045110,TRUE,TRUE
Michael A Pereira,R44CA045110,TRUE,TRUE
Michael A Rudnicki,R01AR044031,FALSE,TRUE
Michael A Rudnicki,R01HL069134,FALSE,TRUE
Michael A Zimmerman,K08HL103900,FALSE,TRUE
Michael B Chancellor,K12DK002656,FALSE,TRUE
Michael B Chancellor,P01HD039768,FALSE,TRUE
Michael B Chancellor,P20DK127554,FALSE,TRUE
Michael B Chancellor,R01AR049398,FALSE,TRUE
Michael B Chancellor,R01DK055045,FALSE,TRUE
Michael B Chancellor,R01DK055387,FALSE,TRUE
Michael B Chancellor,R01DK083323,FALSE,TRUE
Michael B Chancellor,R01DK088836,FALSE,TRUE
Michael B Chancellor,R01HD030522,FALSE,TRUE
Michael B Chancellor,R13AG047010,FALSE,TRUE
Michael B Chancellor,R43AI134529,FALSE,TRUE
Michael B Chancellor,T32DK007774,FALSE,TRUE
Michael B Chancellor,U01DK058225,FALSE,TRUE
Michael B Sporn,R01CA078814,FALSE,TRUE
Michael B Sporn,R01CA101207,FALSE,TRUE
Michael B Sporn,R03TW001309,FALSE,TRUE
Michael B Sporn,R13CA112923,FALSE,TRUE
Michael B Sporn,R43CA243842,FALSE,TRUE
Michael B Sporn,R43CA254786,FALSE,TRUE
Michael C Carroll,P01AI042257,TRUE,TRUE
Michael C Carroll,P01AI052343,TRUE,TRUE
Michael C Carroll,P01AI078897,TRUE,TRUE
Michael C Carroll,P01HD017461,TRUE,TRUE
Michael C Carroll,P50GM052585,TRUE,TRUE
Michael C Carroll,P50MH112491,TRUE,TRUE
Michael C Carroll,R01AI022537,TRUE,TRUE
Michael C Carroll,R01AI032544,TRUE,TRUE
Michael C Carroll,R01AI036389,TRUE,TRUE
Michael C Carroll,R01AI039246,TRUE,TRUE
Michael C Carroll,R01AI053570,TRUE,TRUE
Michael C Carroll,R01AI067706,TRUE,TRUE
Michael C Carroll,R01AI130307,TRUE,TRUE
Michael C Carroll,R01AR072965,TRUE,TRUE
Michael C Carroll,R01AR074105,TRUE,TRUE
Michael C Carroll,R01HD038749,TRUE,TRUE
Michael C Carroll,R21AI063490,TRUE,TRUE
Michael C Carroll,R21AI110164,TRUE,TRUE
Michael C Carroll,R21AI113798,TRUE,TRUE
Michael C Carroll,R21AI117737,TRUE,TRUE
Michael C Carroll,R33AI110164,TRUE,TRUE
Michael C Carroll,R37AI054636,TRUE,TRUE
Michael C Carroll,T32AI007498,TRUE,TRUE
Michael C Sanguinetti,P50HL052338,TRUE,TRUE
Michael C Sanguinetti,R01HL055236,TRUE,TRUE
Michael C Sanguinetti,R01HL065299,TRUE,TRUE
Michael C Sanguinetti,R01HL103877,TRUE,TRUE
Michael C Sanguinetti,R01NS031519,TRUE,TRUE
Michael C Sanguinetti,R03TW001211,TRUE,TRUE
Michael D Best,R15GM120705,FALSE,TRUE
Michael D Best,R15GM146193,FALSE,TRUE
Michael E Berens,P01CA245705,TRUE,TRUE
Michael E Berens,R01CA204136,TRUE,TRUE
Michael E Berens,R01NS034437,TRUE,TRUE
Michael E Berens,R01NS038316,TRUE,TRUE
Michael E Berens,R01NS042262,TRUE,TRUE
Michael E Berens,R21NS043446,TRUE,TRUE
Michael E Berens,R29NS027030,TRUE,TRUE
Michael E Berens,R41NS110296,TRUE,TRUE
Michael E Berens,RC2MH090878,TRUE,TRUE
Michael E Berens,S07RR005404,TRUE,FALSE
Michael E Berens,S07RR005872,TRUE,TRUE
Michael E Berens,U01CA168397,TRUE,TRUE
Michael E Berens,U19CA264512,TRUE,TRUE
Michael E Boulton,R01EY012601,FALSE,TRUE
Michael E Boulton,R01EY018358,FALSE,TRUE
Michael E Boulton,R01EY019688,FALSE,TRUE
Michael E Boulton,R01EY023629,FALSE,TRUE
Michael E Boulton,R01EY025383,FALSE,TRUE
Michael E Boulton,R01EY028037,FALSE,TRUE
Michael E Boulton,R01EY028858,FALSE,TRUE
Michael E Boulton,R01EY028861,FALSE,TRUE
Michael E Boulton,R01EY032753,FALSE,TRUE
Michael E Boulton,R21EY021626,FALSE,TRUE
Michael E Charness,I01BX002374,FALSE,TRUE
Michael E Charness,K01AA000083,FALSE,TRUE
Michael E Charness,R01AA006662,FALSE,TRUE
Michael E Charness,R01AA009669,FALSE,TRUE
Michael E Charness,R01AA011297,FALSE,TRUE
Michael E Charness,R01AA012974,FALSE,TRUE
Michael E Charness,R37AA012974,FALSE,TRUE
Michael E Fromm,P41RR008605,FALSE,TRUE
Michael E Osband,M01RR000533,FALSE,TRUE
Michael F Holick,M01RR000533,TRUE,TRUE
Michael F Holick,P01AG004390,TRUE,TRUE
Michael F Holick,P41RR010888,TRUE,TRUE
Michael F Holick,R01AG004616,TRUE,TRUE
Michael F Holick,R01AG006079,TRUE,TRUE
Michael F Holick,R01AM036963,TRUE,TRUE
Michael F Holick,R01AR036963,TRUE,TRUE
Michael F Holick,R01DK043690,TRUE,TRUE
Michael F Holick,R01DK050102,TRUE,TRUE
Michael F Holick,R01ES004814,TRUE,TRUE
Michael F Holick,R37AG006079,TRUE,TRUE
Michael F Holick,R41CA071119,TRUE,TRUE
Michael F Holick,R41CA119802,TRUE,TRUE
Michael F Holick,R42CA071119,TRUE,TRUE
Michael F Holick,R43AR046653,TRUE,TRUE
Michael G Brattain,P50CA127297,FALSE,TRUE
Michael G Brattain,R01CA034432,FALSE,TRUE
Michael G Brattain,R01CA038173,FALSE,TRUE
Michael G Brattain,R01CA040449,FALSE,TRUE
Michael G Brattain,R01CA050457,FALSE,TRUE
Michael G Brattain,R01CA054807,FALSE,TRUE
Michael G Brattain,R01CA072001,FALSE,TRUE
Michael G Brattain,R37CA038173,FALSE,TRUE
Michael G Brattain,U01CA045967,FALSE,TRUE
Michael I Goran,M01RR000032,TRUE,TRUE
Michael I Goran,M01RR000043,TRUE,TRUE
Michael I Goran,M01RR000109,TRUE,TRUE
Michael I Goran,P30DK046188,TRUE,TRUE
Michael I Goran,P30DK056336,TRUE,TRUE
Michael I Goran,P50MD017344,TRUE,TRUE
Michael I Goran,P60MD002254,TRUE,TRUE
Michael I Goran,R01DK059211,TRUE,TRUE
Michael I Goran,R01DK109161,TRUE,TRUE
Michael I Goran,R01DK110793,TRUE,TRUE
Michael I Goran,R01HD032668,TRUE,TRUE
Michael I Goran,R01HD033064,TRUE,TRUE
Michael I Goran,R01MD010358,TRUE,TRUE
Michael I Goran,R29HD032668,TRUE,TRUE
Michael I Goran,R55HD028720,TRUE,TRUE
Michael I Goran,T32DK127977,TRUE,TRUE
Michael I Goran,U01DK134984,TRUE,TRUE
Michael I Goran,U54CA116848,TRUE,TRUE
Michael J Rybak,R01AI121400,FALSE,TRUE
Michael J Rybak,R21AI092055,FALSE,TRUE
Michael J Rybak,R21AI109266,FALSE,TRUE
Michael J Rybak,R21AI163726,FALSE,TRUE
Michael J Taylor,R01HD022786,TRUE,FALSE
Michael J Taylor,R01MH064920,TRUE,FALSE
Michael J Taylor,R21EB023031,TRUE,FALSE
Michael J Taylor,R41NS035153,TRUE,FALSE
Michael J Taylor,R43AI124835,TRUE,FALSE
Michael J Taylor,R43DK060280,TRUE,FALSE
Michael J Taylor,R43DK091065,TRUE,FALSE
Michael J Taylor,R43DK096773,TRUE,FALSE
Michael J Taylor,R43DK113537,TRUE,FALSE
Michael J Taylor,R43DK117801,TRUE,FALSE
Michael J Taylor,R43DK119043,TRUE,FALSE
Michael J Taylor,R43GM119918,TRUE,FALSE
Michael J Taylor,R43HD090888,TRUE,FALSE
Michael J Taylor,R43HL065833,TRUE,FALSE
Michael J Taylor,R43HL069218,TRUE,FALSE
Michael J Taylor,R43HL145934,TRUE,FALSE
Michael J Taylor,R43RR021286,TRUE,FALSE
Michael J Taylor,R44AI124835,TRUE,FALSE
Michael J Taylor,R44AI145782,TRUE,FALSE
Michael J Taylor,R44CA228758,TRUE,FALSE
Michael J Taylor,R44DK065508,TRUE,FALSE
Michael J Taylor,R44DK076326,TRUE,FALSE
Michael J Taylor,R44DK117801,TRUE,FALSE
Michael J Taylor,R44DK124053,TRUE,FALSE
Michael J Taylor,R44DK136457,TRUE,FALSE
Michael J Tolentino,K08EY013410,FALSE,TRUE
Michael K Scullin,F32AG041543,FALSE,TRUE
Michael K Scullin,R01AG082783,FALSE,TRUE
Michael K Scullin,R21AG053161,FALSE,TRUE
Michael K Skinner,P01CA064602,FALSE,TRUE
Michael K Skinner,P30HD011979,FALSE,TRUE
Michael K Skinner,R01DK045889,FALSE,TRUE
Michael K Skinner,R01ES012974,FALSE,TRUE
Michael K Skinner,R01HD020583,FALSE,TRUE
Michael K Skinner,R01HD020922,FALSE,TRUE
Michael K Skinner,R01HD034707,FALSE,TRUE
Michael K Skinner,R01HD035710,FALSE,TRUE
Michael K Skinner,R01HD043841,FALSE,TRUE
Michael K Skinner,R01HD048898,FALSE,TRUE
Michael K Skinner,R13HD061110,FALSE,TRUE
Michael K Skinner,R21ES017538,FALSE,TRUE
Michael K Skinner,S07RR005424,FALSE,TRUE
Michael M C Lai,P01CA123328,FALSE,TRUE
Michael M C Lai,P01NS018146,FALSE,TRUE
Michael M C Lai,R01AI019244,FALSE,TRUE
Michael M C Lai,R01AI026741,FALSE,TRUE
Michael M C Lai,R01AI047348,FALSE,TRUE
Michael M C Lai,R01CA108302,FALSE,TRUE
Michael M C Lai,R13AI023277,FALSE,TRUE
Michael M C Lai,T32AI007078,FALSE,TRUE
Michael M C Lai,U19AI040038,FALSE,TRUE
Michael M Gottesman,Z01BC005598,FALSE,TRUE
Michael N Pollak,R01CA101008,FALSE,TRUE
Michael P Andre,R01CA138536,FALSE,TRUE
Michael P Lisanti,P30CA056036,FALSE,TRUE
Michael P Lisanti,R01AR046792,FALSE,TRUE
Michael P Lisanti,R01CA080250,FALSE,TRUE
Michael P Lisanti,R01CA098779,FALSE,TRUE
Michael P Lisanti,R01CA120876,FALSE,TRUE
Michael P Lisanti,R29GM050443,FALSE,TRUE
Michael R Betts,K22AI066976,FALSE,TRUE
Michael R Betts,P01AI071739,FALSE,TRUE
Michael R Betts,P01AI131338,FALSE,TRUE
Michael R Betts,P01AI191610,FALSE,TRUE
Michael R Betts,P30DK047757,FALSE,TRUE
Michael R Betts,R01AI076066,FALSE,TRUE
Michael R Betts,R01AI108972,FALSE,TRUE
Michael R Betts,R01AI118694,FALSE,TRUE
Michael R Betts,R01AI176597,FALSE,TRUE
Michael R Betts,R01AI184285,FALSE,TRUE
Michael R Betts,R21AI100718,FALSE,TRUE
Michael R Betts,R21AI172629,FALSE,TRUE
Michael R Betts,R56AI106481,FALSE,TRUE
Michael R Betts,U19AI074078,FALSE,TRUE
Michael R Betts,UC4DK112217,FALSE,TRUE
Michael R Hamblin,P01CA084203,FALSE,TRUE
Michael R Hamblin,R01AI050875,FALSE,TRUE
Michael R Hamblin,R01CA083882,FALSE,TRUE
Michael R Hamblin,R21AI121700,FALSE,TRUE
Michael R Hamblin,R41AI069641,FALSE,TRUE
Michael R Lieber,P30CA014089,FALSE,TRUE
Michael R Lieber,R01CA051105,FALSE,TRUE
Michael R Lieber,R01CA100504,FALSE,TRUE
Michael R Lieber,R01CA196671,FALSE,TRUE
Michael R Lieber,R01GM043236,FALSE,TRUE
Michael R Lieber,R01GM056984,FALSE,TRUE
Michael R Lieber,R03MH095489,FALSE,TRUE
Michael R Lieber,R35GM118009,FALSE,TRUE
Michael R Lieber,R37CA051105,FALSE,TRUE
Michael R Lieber,T32CA009151,FALSE,TRUE
Michael R Lieber,T32CA009569,FALSE,TRUE
Michael R Sierks,R01AG017984,FALSE,TRUE
Michael R Sierks,R01AG054048,FALSE,TRUE
Michael R Sierks,R21AG038950,FALSE,TRUE
Michael R Sierks,R21AG041472,FALSE,TRUE
Michael R Sierks,R21AG042066,FALSE,TRUE
Michael R Sierks,R21AG079095,FALSE,TRUE
Michael R Sierks,R21NS061257,FALSE,TRUE
Michael Regnier,P30AR074990,FALSE,TRUE
Michael Regnier,P41RR008630,FALSE,TRUE
Michael Regnier,P50AR065139,FALSE,TRUE
Michael Regnier,R01AG081395,FALSE,TRUE
Michael Regnier,R01HL061683,FALSE,TRUE
Michael Regnier,R01HL065497,FALSE,TRUE
Michael Regnier,R01HL111197,FALSE,TRUE
Michael Regnier,R01HL128368,FALSE,TRUE
Michael Regnier,R21HL091368,FALSE,TRUE
Michael Regnier,R25GM089573,FALSE,TRUE
Michael Regnier,R56AG055594,FALSE,TRUE
Michael Regnier,RM1GM131981,FALSE,TRUE
Michael Regnier,T32EB001650,FALSE,TRUE
Michael Regnier,T32EB032787,FALSE,TRUE
Michael Regnier,U01HL122199,FALSE,TRUE
Michael Rosbash,P01GM033205,FALSE,TRUE
Michael Rosbash,P01NS044232,FALSE,TRUE
Michael Rosbash,P30NS045713,FALSE,TRUE
Michael Rosbash,R01DA037721,FALSE,TRUE
Michael Rosbash,R01GM023549,FALSE,TRUE
Michael Rosbash,R01HD008887,FALSE,TRUE
Michael Rosbash,R01NS130670,FALSE,TRUE
Michael Rosbash,R13AG039889,FALSE,TRUE
Michael Rosbash,R13GM040627,FALSE,TRUE
Michael Rosbash,R13NS083268,FALSE,TRUE
Michael S Donnenberg,F32AI008156,TRUE,TRUE
Michael S Donnenberg,P01DK049720,TRUE,TRUE
Michael S Donnenberg,R01AI032074,TRUE,TRUE
Michael S Donnenberg,R01AI037606,TRUE,TRUE
Michael S Donnenberg,R01DK047708,TRUE,TRUE
Michael S Donnenberg,R03AI054690,TRUE,TRUE
Michael S Donnenberg,R03AI097953,TRUE,TRUE
Michael S Donnenberg,R03AI180319,TRUE,TRUE
Michael S Donnenberg,R21AI105881,TRUE,TRUE
Michael S Donnenberg,R21AI119269,TRUE,TRUE
Michael S Donnenberg,R21AI123964,TRUE,TRUE
Michael S Donnenberg,R21CA141038,TRUE,TRUE
Michael S Donnenberg,R29AI032074,TRUE,TRUE
Michael S Donnenberg,R56AI032074,TRUE,TRUE
Michael S Donnenberg,R56AI111767,TRUE,TRUE
Michael S Donnenberg,T32GM092237,TRUE,TRUE
Michael S Donnenberg,T32GM144294,TRUE,TRUE
Michael S Donnenberg,U19AI090873,TRUE,TRUE
Michael S Goligorsky,M01RR010710,FALSE,TRUE
Michael S Goligorsky,R01DK045462,FALSE,TRUE
Michael S Goligorsky,R01DK045695,FALSE,TRUE
Michael S Goligorsky,R01DK052783,FALSE,TRUE
Michael S Goligorsky,R01DK054602,FALSE,TRUE
Michael S Goligorsky,R01DK084394,FALSE,TRUE
Michael S Goligorsky,R01HL144528,FALSE,TRUE
Michael S Goligorsky,R29DK041573,FALSE,TRUE
Michael S Kolodney,R41HG003959,FALSE,TRUE
Michael W Miller,F32GM016706,TRUE,FALSE
Michael W Miller,I01BX000371,TRUE,TRUE
Michael W Miller,P01DE007734,TRUE,FALSE
Michael W Miller,P50AA017823,TRUE,TRUE
Michael W Miller,R01AA006916,TRUE,TRUE
Michael W Miller,R01AA007568,TRUE,TRUE
Michael W Miller,R01AA009611,TRUE,TRUE
Michael W Miller,R37AA007568,TRUE,TRUE
Michal Szostak,R35GM133326,FALSE,TRUE
Michele Pagano,P30CA016087,FALSE,TRUE
Michele Pagano,R01CA076584,FALSE,TRUE
Michele Pagano,R01GM057587,FALSE,TRUE
Michele Pagano,R03TW009040,FALSE,TRUE
Michele Pagano,R13AI138530,FALSE,TRUE
Michele Pagano,R21CA125173,FALSE,TRUE
Michele Pagano,R21CA161108,FALSE,TRUE
Michele Pagano,R21CA202200,FALSE,TRUE
Michele Pagano,R35GM136250,FALSE,TRUE
Michele Pagano,R37CA076584,FALSE,TRUE
Michelle A Williams,R01CA064158,FALSE,TRUE
Michelle A Williams,R01ES014716,FALSE,TRUE
Michelle A Williams,R01HD032562,FALSE,TRUE
Michelle A Williams,R01HD034888,FALSE,TRUE
Michelle A Williams,R01HD055566,FALSE,TRUE
Michelle A Williams,R01HD059827,FALSE,TRUE
Michelle A Williams,R01HD059835,FALSE,TRUE
Michelle A Williams,R03TW000981,FALSE,TRUE
Michelle A Williams,R03TW001159,FALSE,TRUE
Michelle A Williams,R03TW007426,FALSE,TRUE
Michelle A Williams,R43LM010245,FALSE,TRUE
Michelle A Williams,T32HD052462,FALSE,TRUE
Michelle A Williams,T37MD001449,FALSE,TRUE
Michelle A Williams,T37TW000049,FALSE,TRUE
Michel A Slotman,R01AI085079,FALSE,TRUE
Michel A Slotman,R21AI115175,FALSE,TRUE
Michel A Slotman,R21AI149100,FALSE,TRUE
Miguel A De la Cruz,R01GM112806,FALSE,TRUE
Miguel A De la Cruz,R01HL072886,FALSE,TRUE
Miguel A De la Cruz,R01HL154688,FALSE,TRUE
Miguel A De la Cruz,R01NS094280,FALSE,TRUE
Miguel A De la Cruz,R41HL135942,FALSE,TRUE
Miguel A De la Cruz,T32HL139425,FALSE,TRUE
Mihaela S Stefan,K01HL114631,FALSE,TRUE
Mihaela S Stefan,R01HL146615,FALSE,TRUE
Mihai Gheorghiade,M01RR000048,FALSE,TRUE
Miklos Peterfy,P01HL028481,FALSE,TRUE
Miklos Peterfy,R01DK129877,FALSE,TRUE
Miklos Peterfy,R01HL127155,FALSE,TRUE
Miklos Peterfy,R15HL154071,FALSE,TRUE
Min Lee,R01AR060213,FALSE,TRUE
Min Lee,R01DE027332,FALSE,TRUE
Min Lee,R01DE031711,FALSE,TRUE
Min Lee,R21DE021819,FALSE,TRUE
Min Lu,F32GM015405,TRUE,FALSE
Min Lu,R01AI042382,TRUE,FALSE
Min Lu,R01AI068591,TRUE,FALSE
Min Lu,R01AI094599,TRUE,FALSE
Min Lu,R01GM094195,TRUE,FALSE
Min Lu,R01GM145642,TRUE,FALSE
Min Lu,R01NS041461,TRUE,FALSE
Min Lu,R21AI042382,TRUE,FALSE
Min Lu,R21AI048385,TRUE,FALSE
Min Lu,R21AI051151,TRUE,FALSE
Min Lu,R21AI062411,TRUE,FALSE
Min Lu,R21AI071979,TRUE,FALSE
Min Lu,R21AI074469,TRUE,FALSE
Min Lu,R21AI078466,TRUE,FALSE
Min Lu,R21AI079771,TRUE,FALSE
Min Lu,R21AI087472,TRUE,FALSE
Min Lu,R21AI094555,TRUE,FALSE
Min Lu,R33AI079771,TRUE,FALSE
Min Lu,R56AI042382,TRUE,FALSE
Min Lu,R56AI112010,TRUE,FALSE
Min Lu,U19AI109713,TRUE,FALSE
Min Wang,P01AG030004,TRUE,FALSE
Min Wang,R01HD048438,TRUE,FALSE
Min Wang,R01MH093354,TRUE,FALSE
Min Wang,RF1AG083090,TRUE,FALSE
Min Wu,P20GM113123,TRUE,TRUE
Min Wu,P20RR016471,TRUE,TRUE
Min Wu,P20RR017699,TRUE,TRUE
Min Wu,R01AI109317,TRUE,TRUE
Min Wu,R01AI138203,TRUE,TRUE
Min Wu,R01GM151344,TRUE,FALSE
Min Wu,R01GM157590,TRUE,FALSE
Min Wu,R03ES014690,TRUE,TRUE
Min Wu,R15AI101973,TRUE,TRUE
Min Yang,DP2HD121941,TRUE,FALSE
Min Yang,K99HD107219,TRUE,FALSE
Min Yang,R00HD107219,TRUE,FALSE
Min Yang,R43AI044575,TRUE,FALSE
Min Zhang,K99LM012874,TRUE,FALSE
Min Zhang,R01AG080917,TRUE,TRUE
Min Zhang,R01GM131491,TRUE,TRUE
Min Zhang,R03CA211831,TRUE,TRUE
Min Zhang,R25CA233429,TRUE,TRUE
Min Zhang,R25EB022368,TRUE,TRUE
Min Zhou,R01NS062784,FALSE,TRUE
Min Zhou,R01NS116059,FALSE,TRUE
Min Zhou,R21NS140788,FALSE,TRUE
Min Zhou,R56NS097672,FALSE,TRUE
Ming Cheng Liu,R21NS052322,FALSE,TRUE
Ming Li,F32NS010945,TRUE,FALSE
Ming Li,K01AR053595,TRUE,FALSE
Ming Li,K01HL140333,TRUE,FALSE
Ming Li,P01CA234228,TRUE,TRUE
Ming Li,P30CA014089,TRUE,FALSE
Ming Li,P30CA043703,TRUE,FALSE
Ming Li,P41RR003655,TRUE,FALSE
Ming Li,R01AI102888,TRUE,FALSE
Ming Li,R01AI122264,TRUE,FALSE
Ming Li,R01AR060723,TRUE,FALSE
Ming Li,R01CA198280,TRUE,FALSE
Ming Li,R01CA243904,TRUE,FALSE
Ming Li,R01CA272717,TRUE,FALSE
Ming Li,R01GM133873,TRUE,FALSE
Ming Li,R01HD109346,TRUE,FALSE
Ming Li,R01MH085635,TRUE,FALSE
Ming Li,R01MH097718,TRUE,FALSE
Ming Li,R03HD079870,TRUE,FALSE
Ming Li,R03HD092854,TRUE,FALSE
Ming Li,R03MH080822,TRUE,FALSE
Ming Li,R21AG075543,TRUE,FALSE
Ming Li,R21MH079894,TRUE,FALSE
Ming Li,R29DK050151,TRUE,FALSE
Ming Li,R35GM153356,TRUE,FALSE
Ming Li,R56AG083570,TRUE,FALSE
Ming Li,R56HL164477,TRUE,FALSE
Ming Li,T32AI134632,TRUE,FALSE
Ming Li,U54CA180905,TRUE,FALSE
Ming Luo,P01NS023349,TRUE,FALSE
Ming Luo,P41RR001209,TRUE,TRUE
Ming Luo,P41RR001646,TRUE,FALSE
Ming Luo,R01AI050066,TRUE,TRUE
Ming Luo,R01AI080669,TRUE,TRUE
Ming Luo,R01AI106307,TRUE,TRUE
Ming Luo,R01AI171426,TRUE,TRUE
Ming Luo,R21GM061632,TRUE,TRUE
Ming Luo,R29AI027518,TRUE,TRUE
Ming Luo,R56AI050066,TRUE,TRUE
Ming Luo,U01AI031888,TRUE,TRUE
Ming Luo,U19AI171954,TRUE,TRUE
Ming Luo,U41RR007707,TRUE,FALSE
Ming Luo,U54AI057157,TRUE,TRUE
Ming Sun,M01RR000095,TRUE,FALSE
Ming Sun,P30DK026657,TRUE,FALSE
Ming Sun,R01DK046084,TRUE,FALSE
Ming Sun,R43AI036736,TRUE,FALSE
Ming Sun,R44DK062587,TRUE,FALSE
Ming Tan,K02AI057563,TRUE,TRUE
Ming Tan,R01AI044198,TRUE,TRUE
Ming Tan,R01AI123998,TRUE,TRUE
Ming Tan,R01AI151212,TRUE,TRUE
Ming Tan,R01AI153410,TRUE,TRUE
Ming Tan,R01CA149646,TRUE,FALSE
Ming Tan,R13AI063796,TRUE,TRUE
Ming Tan,R21AI083851,TRUE,TRUE
Ming Tan,R21AI092434,TRUE,FALSE
Ming Tan,R21AI117463,TRUE,TRUE
Ming Tan,R21AI128723,TRUE,TRUE
Ming Tan,R21AI171927,TRUE,TRUE
Ming Tan,R21AI190243,TRUE,FALSE
Ming Tan,R21AI193895,TRUE,TRUE
Ming Tan,R56AI044198,TRUE,TRUE
Ming Tan,R56AI148426,TRUE,FALSE
Ming Zhang,R01CA079736,TRUE,FALSE
Ming Zhang,R01CA127477,TRUE,FALSE
Ming Zhang,R01EY006012,TRUE,FALSE
Ming Zhang,R01EY009169,TRUE,FALSE
Ming Zhang,R01EY026642,TRUE,FALSE
Ming Zhang,R01EY034844,TRUE,FALSE
Ming Zhang,R03AI104258,TRUE,FALSE
Ming Zhang,R03AI120203,TRUE,FALSE
Ming Zhang,R03AI138784,TRUE,FALSE
Ming Zhang,R21AI117695,TRUE,FALSE
Ming Zhang,R21AI165253,TRUE,FALSE
Ming Zhang,R21AI176947,TRUE,FALSE
Ming Zhang,R21HL088527,TRUE,FALSE
Ming Zhou,P41RR001646,TRUE,FALSE
Ming Zhou,P41RR012408,TRUE,FALSE
Ming Zhou,P41RR015301,TRUE,FALSE
Ming Zhou,R01DK088057,TRUE,FALSE
Ming Zhou,R01DK122784,TRUE,FALSE
Ming Zhou,R01GM098878,TRUE,FALSE
Ming Zhou,R01GM151548,TRUE,FALSE
Ming Zhou,R01HL086392,TRUE,FALSE
Ming Zhou,R03MH076402,TRUE,FALSE
Ming Zhou,RM1GM145416,TRUE,FALSE
Ming Zhou,U54GM075026,TRUE,FALSE
Ming Zhou,U54GM087519,TRUE,FALSE
Ming Zhou,U54GM095315,TRUE,FALSE
Ming-Hui Zou,R01AG047776,FALSE,TRUE
Ming-Hui Zou,R01CA213022,FALSE,TRUE
Ming-Hui Zou,R01HL074399,FALSE,TRUE
Ming-Hui Zou,R01HL079584,FALSE,TRUE
Ming-Hui Zou,R01HL080499,FALSE,TRUE
Ming-Hui Zou,R01HL089920,FALSE,TRUE
Ming-Hui Zou,R01HL096032,FALSE,TRUE
Ming-Hui Zou,R01HL105157,FALSE,TRUE
Ming-Hui Zou,R01HL110488,FALSE,TRUE
Ming-Hui Zou,R01HL128014,FALSE,TRUE
Ming-Hui Zou,R01HL132500,FALSE,TRUE
Ming-Hui Zou,R01HL137371,FALSE,TRUE
Ming-Hui Zou,R01HL140954,FALSE,TRUE
Ming-Hui Zou,R01HL142287,FALSE,TRUE
Ming-Te Wang,R03DA034151,FALSE,TRUE
Ming-Te Wang,R03HD074731,FALSE,TRUE
Minghui Wang,R01AG077828,FALSE,TRUE
Minghui Wang,R01AG093879,FALSE,TRUE
Minghui Wang,R21AG077168,FALSE,TRUE
Minghui Wang,RF1AG077828,FALSE,TRUE
Minghui Wang,U01AG046170,FALSE,TRUE
Mingli Liu,SC1GM144021,FALSE,TRUE
Mingli Liu,SC3GM121230,FALSE,TRUE
Minjie Wu,R01AG067018,FALSE,TRUE
Minjie Wu,R01AG085566,FALSE,TRUE
Minjie Wu,U24NS141780,FALSE,TRUE
Minsi Zhang,F30CA180680,FALSE,TRUE
Miriam S Hasson,P41RR007707,FALSE,TRUE
Miriam S Hasson,R01GM057056,FALSE,TRUE
Mitchell H Rosner,M01RR000847,TRUE,FALSE
Mitchell H Rosner,R01DK137937,TRUE,FALSE
Mitchell H Rosner,R21DK112105,TRUE,FALSE
Mitchell Haas,R01AT006330,FALSE,TRUE
Mitchell Haas,R18AH010002,FALSE,TRUE
Mitchell Haas,R21AT002324,FALSE,TRUE
Mitchell Haas,R25AT002880,FALSE,TRUE
Mitchell Haas,U01AT001908,FALSE,TRUE
Mohamed B Abou-Donia,R01ES002717,FALSE,TRUE
Mohamed B Abou-Donia,R01ES005071,FALSE,TRUE
Mohamed B Abou-Donia,R01ES005154,FALSE,TRUE
Mohamed B Abou-Donia,R01OH000823,FALSE,TRUE
Mohamed B Abou-Donia,R01OH002003,FALSE,TRUE
Mohammad Monirujjaman Khan,R03AG075597,FALSE,TRUE
Mohammad Monirujjaman Khan,R03NS114616,FALSE,TRUE
Mohammad Monirujjaman Khan,R21NS128519,FALSE,TRUE
Mohammad R K Mofrad,R03AI098594,FALSE,TRUE
Mohammad R K Mofrad,R41ES026541,FALSE,TRUE
Mohammad R K Mofrad,R41ES034979,FALSE,TRUE
Mohammad R K Mofrad,R41TR003571,FALSE,TRUE
Mohammad Sabri,P01NS019611,FALSE,TRUE
Mohammad Sabri,P42ES010338,FALSE,TRUE
Mohammed A S Khan,R21AA029925,FALSE,TRUE
Mohammed Maniruzzaman,R01FD007456,FALSE,TRUE
Mohan K Raizada,R01HD016722,FALSE,TRUE
Mohan K Raizada,R01HL033610,FALSE,TRUE
Mohan K Raizada,R01HL056921,FALSE,TRUE
Mohan K Raizada,R01HL102033,FALSE,TRUE
Mohan K Raizada,R01HL110170,FALSE,TRUE
Mohan K Raizada,R01HL132448,FALSE,TRUE
Mohan K Raizada,R13NS031144,FALSE,TRUE
Mohan K Raizada,R37HL033610,FALSE,TRUE
Mohan K Raizada,RC1HL099980,FALSE,TRUE
Mohan K Raizada,T35HL007489,FALSE,TRUE
Mohd W Nasser,R01CA218545,FALSE,TRUE
Mohd W Nasser,R01CA241752,FALSE,TRUE
Momin M Malik,R01HL171508,FALSE,TRUE
Mona Thiruchelvam,R01ES016277,FALSE,TRUE
Monica Gandhi,K12AR084219,FALSE,TRUE
Monica Gandhi,K23AI067065,FALSE,TRUE
Monica Gandhi,M01RR000079,FALSE,TRUE
Monica Gandhi,P30AI027763,FALSE,TRUE
Monica Gandhi,R01AI098472,FALSE,TRUE
Monica Gandhi,R01AI123024,FALSE,TRUE
Monica Gandhi,R01AI143340,FALSE,TRUE
Monica Gandhi,R01AI152119,FALSE,TRUE
Monica Gandhi,R01AI158013,FALSE,TRUE
Monica Gandhi,R01AI191753,FALSE,TRUE
Monica Gandhi,R01DA059291,FALSE,TRUE
Monica Gandhi,R01MH109310,FALSE,TRUE
Monica Gandhi,R03AI152773,FALSE,TRUE
Monica Gandhi,R13AI102630,FALSE,TRUE
Monica Gandhi,R21AI112362,FALSE,TRUE
Monica Gandhi,R21AI136657,FALSE,TRUE
Monica Gandhi,R21AI138618,FALSE,TRUE
Monica Gandhi,R21AI167648,FALSE,TRUE
Monica Gandhi,R24MH094274,FALSE,TRUE
Monica Gandhi,R25AI154589,FALSE,TRUE
Monica Gandhi,R37AI098472,FALSE,TRUE
Monica Gandhi,UG3DA058304,FALSE,TRUE
Monica Gandhi,UH3DA058304,FALSE,TRUE
Monica Kraft,K08HL003343,FALSE,TRUE
Monica Kraft,KL2TR001115,FALSE,TRUE
Monica Kraft,M01RR000051,FALSE,TRUE
Monica Kraft,OT2OD026549,FALSE,TRUE
Monica Kraft,OT2OD037643,FALSE,TRUE
Monica Kraft,P01AI081672,FALSE,TRUE
Monica Kraft,P01HL073907,FALSE,TRUE
Monica Kraft,P01HL108793,FALSE,TRUE
Monica Kraft,P50HL084917,FALSE,TRUE
Monica Kraft,R01HL064619,FALSE,TRUE
Monica Kraft,R13HL127976,FALSE,TRUE
Monica Kraft,R13HL168870,FALSE,TRUE
Monica Kraft,R38HL172261,FALSE,TRUE
Monica Kraft,R41HL152942,FALSE,TRUE
Monica Kraft,R42HL152942,FALSE,TRUE
Monica Kraft,R56HL126537,FALSE,TRUE
Monica Kraft,TL1TR001116,FALSE,TRUE
Monica Kraft,U10HL098112,FALSE,TRUE
Monica Kraft,U19AI125357,FALSE,TRUE
Monica Kraft,U54AG075936,FALSE,TRUE
Monica Kraft,UG1HL139054,FALSE,TRUE
Monica Kraft,UL1TR001117,FALSE,TRUE
Monica S Vavilala,K23HD044632,FALSE,TRUE
Monica S Vavilala,M01RR000037,FALSE,TRUE
Monica S Vavilala,R01NS072308,FALSE,TRUE
Monica S Vavilala,R01NS106560,FALSE,TRUE
Monica S Vavilala,R01NS130832,FALSE,TRUE
Monica S Vavilala,R21HD049832,FALSE,TRUE
Monica S Vavilala,R21LM012922,FALSE,TRUE
Monica S Vavilala,R21NS077444,FALSE,TRUE
Monica S Vavilala,R21NS095321,FALSE,TRUE
Monica S Vavilala,R25HD094336,FALSE,TRUE
Monica S Vavilala,R49CE003087,FALSE,TRUE
Monica S Vavilala,R49CE003565,FALSE,TRUE
Monica S Vavilala,T32HD057822,FALSE,TRUE
Monte S Willis,F30AA005487,FALSE,TRUE
Monte S Willis,R01HL104129,FALSE,TRUE
Morayma Reyes,F31GM020069,FALSE,TRUE
Morayma Reyes,R03AR054955,FALSE,TRUE
Moses Turkle Bility,R01AI152655,FALSE,TRUE
Moses Turkle Bility,R21AI135412,FALSE,TRUE
Moses Turkle Bility,R21OD024789,FALSE,TRUE
Moses Turkle Bility,R56AI126995,FALSE,TRUE
Mostafa Z Badr,R03AG018479,FALSE,TRUE
Mostafa Z Badr,R15CA074384,FALSE,TRUE
Mostafa Z Badr,R15ES004778,FALSE,TRUE
Muhammad Ashraf,R01AR070029,FALSE,TRUE
Muhammad Ashraf,R01HL023597,FALSE,TRUE
Muhammad Ashraf,R01HL041358,FALSE,TRUE
Muhammad Ashraf,R01HL055678,FALSE,TRUE
Muhammad Ashraf,R01HL070062,FALSE,TRUE
Muhammad Ashraf,R01HL080686,FALSE,TRUE
Muhammad Ashraf,R01HL087246,FALSE,TRUE
Muhammad Ashraf,R01HL091478,FALSE,TRUE
Muhammad Ashraf,R01HL095375,FALSE,TRUE
Muhammad Ashraf,R01HL105176,FALSE,TRUE
Muhammad Ashraf,R01HL107957,FALSE,TRUE
Muhammad Ashraf,R01HL110740,FALSE,TRUE
Muhammad Ashraf,R01HL114654,FALSE,TRUE
Muhammad Ashraf,R01HL126516,FALSE,TRUE
Muhammad Ashraf,R01HL134354,FALSE,TRUE
Muhammad Ashraf,R37HL074272,FALSE,TRUE
Muhammad Ashraf,S10RR002939,FALSE,TRUE
Munmun Chattopadhyay,R01DK134893,FALSE,TRUE
Murray Korc,P20RR023487,TRUE,TRUE
Murray Korc,P30CA082709,TRUE,TRUE
Murray Korc,R01AM032561,TRUE,TRUE
Murray Korc,R01CA040162,TRUE,TRUE
Murray Korc,R01CA075059,TRUE,TRUE
Murray Korc,R01CA101306,TRUE,TRUE
Murray Korc,R01CA102687,TRUE,TRUE
Murray Korc,R01DK032561,TRUE,TRUE
Murray Korc,R01DK044948,TRUE,TRUE
Murray Korc,R21CA133715,TRUE,TRUE
Murray Korc,R21CA135664,TRUE,TRUE
Murray Korc,R37CA075059,TRUE,TRUE
Murray Korc,S07RR005675,TRUE,FALSE
Muxiang Zhou,R01CA082323,FALSE,TRUE
Muxiang Zhou,R01CA123490,FALSE,TRUE
Muxiang Zhou,R01CA143107,FALSE,TRUE
Muxiang Zhou,R01CA180519,FALSE,TRUE
Muxiang Zhou,R01CA240447,FALSE,TRUE
Muxiang Zhou,R01CA276135,FALSE,TRUE
Na He,R01TW007298,FALSE,TRUE
Nabeel Bardeesy,K01CA104647,FALSE,TRUE
Nabil Ahmed,M01RR000188,FALSE,TRUE
Nabil G Seidah,R13DK061936,FALSE,TRUE
Nader G Abraham,K04AM000781,FALSE,TRUE
Nader G Abraham,P01HL034300,FALSE,TRUE
Nader G Abraham,R01AM029742,FALSE,TRUE
Nader G Abraham,R01DK029742,FALSE,TRUE
Nader G Abraham,R01DK056601,FALSE,TRUE
Nader G Abraham,R01DK068134,FALSE,TRUE
Nader G Abraham,R01HL054138,FALSE,TRUE
Nader G Abraham,R56HL139561,FALSE,TRUE
Nagireddy Putluri,P20CA284971,FALSE,TRUE
Nagireddy Putluri,P30CA125123,FALSE,TRUE
Nagireddy Putluri,P42ES027725,FALSE,TRUE
Nagireddy Putluri,R01CA216426,FALSE,TRUE
Nagireddy Putluri,R01CA220297,FALSE,TRUE
Nagireddy Putluri,R01CA282282,FALSE,TRUE
Nalini Raghavachari,F32EY006647,TRUE,TRUE
Nalini Raghavachari,ZICHL006018,TRUE,FALSE
Nan Jiang,K01MD014165,FALSE,TRUE
Nan Jiang,R21CA260423,FALSE,TRUE
Nan Li,R21AG088596,FALSE,TRUE
Nan Wang,K99EB035178,TRUE,FALSE
Nan Wang,P01HL087123,TRUE,FALSE
Nan Wang,P01HL172741,TRUE,FALSE
Nan Wang,R01HL118567,TRUE,FALSE
Nan Wang,R01HL148071,TRUE,FALSE
Nan Wang,R01HL168392,TRUE,FALSE
Nan Zhang,K99AI151198,FALSE,TRUE
Nan Zhang,P30CA010815,FALSE,TRUE
Nanduri R Prabhakar,K04HL002599,FALSE,TRUE
Nanduri R Prabhakar,P01HL025830,FALSE,TRUE
Nanduri R Prabhakar,P01HL090554,FALSE,TRUE
Nanduri R Prabhakar,P01HL144454,FALSE,TRUE
Nanduri R Prabhakar,R01HL045780,FALSE,TRUE
Nanduri R Prabhakar,R01HL052038,FALSE,TRUE
Nanduri R Prabhakar,R01HL066448,FALSE,TRUE
Nanduri R Prabhakar,R01HL076537,FALSE,TRUE
Nanduri R Prabhakar,R01HL086493,FALSE,TRUE
Nanduri R Prabhakar,R01HL174373,FALSE,TRUE
Nanduri R Prabhakar,R29HL038986,FALSE,TRUE
Nanduri R Prabhakar,T32HL007887,FALSE,TRUE
Nanduri R Prabhakar,T32HL094282,FALSE,TRUE
Nanduri R Prabhakar,UH2HL123610,FALSE,TRUE
Nanduri R Prabhakar,UH3HL123610,FALSE,TRUE
Narayan G Avadhani,R01AA017749,FALSE,TRUE
Narayan G Avadhani,R01AA022986,FALSE,TRUE
Narayan G Avadhani,R01AR067066,FALSE,TRUE
Narayan G Avadhani,R01CA022762,FALSE,TRUE
Narayan G Avadhani,R01GM029037,FALSE,TRUE
Narayan G Avadhani,R01GM034883,FALSE,TRUE
Narayan G Avadhani,R01GM049683,FALSE,TRUE
Narayan G Avadhani,R37CA022762,FALSE,TRUE
Narayan G Avadhani,S10RR005879,FALSE,TRUE
Narayan G Avadhani,S10RR009027,FALSE,TRUE
Narayan G Avadhani,S10RR013928,FALSE,TRUE
Narayan G Avadhani,S10RR016981,FALSE,TRUE
Narayan G Avadhani,S15AI032189,FALSE,TRUE
Narayanan K Narayanan,R03CA133929,FALSE,TRUE
Nasser Chegini,R01HD037432,FALSE,TRUE
Nasser Chegini,R01HD058664,FALSE,TRUE
Nasser Peyghambarian,R21EB004631,FALSE,TRUE
Natalia Jura,R01CA230263,FALSE,TRUE
Natalia Jura,R01GM109176,FALSE,TRUE
Natalia Jura,R01HL164581,FALSE,TRUE
Natalia Jura,R03TR003400,FALSE,TRUE
Natalia Jura,R13CA232438,FALSE,TRUE
Natalia Jura,R35GM139636,FALSE,TRUE
Natalia Jura,T32GM139786,FALSE,TRUE
Natalia Maltsev,P41RR006009,FALSE,TRUE
Natalia Shcherbik,R01GM114308,FALSE,TRUE
Nathan C Boles,R21GM140328,FALSE,TRUE
Nathan C Boles,R41ES026224,FALSE,TRUE
Nathaniel E Anderson,F32MH098532,FALSE,TRUE
Neal Rosen,P01CA094060,FALSE,TRUE
Neal Rosen,P01CA129243,FALSE,TRUE
Neal Rosen,P50CA086438,FALSE,TRUE
Neal Rosen,P50CA092629,FALSE,TRUE
Neal Rosen,R01CA050377,FALSE,TRUE
Neal Rosen,R01CA058706,FALSE,TRUE
Neal Rosen,R01CA169351,FALSE,TRUE
Neal Rosen,R03CA053396,FALSE,TRUE
Neal Rosen,R03CA057088,FALSE,TRUE
Neal Rosen,R35CA210085,FALSE,TRUE
Neal Rosen,U01CA091178,FALSE,TRUE
Neeraj Agarwal,R01CA281759,FALSE,TRUE
Neetu Sud,K99HL097153,FALSE,TRUE
Neil Johnson,P30CA006927,TRUE,FALSE
Neil Johnson,R01CA214799,TRUE,FALSE
Neil Johnson,R01CA262466,TRUE,FALSE
Neil Johnson,R01ES007665,TRUE,FALSE
Neil Johnson,R01GM135293,TRUE,FALSE
Neil Johnson,R01HL150190,TRUE,FALSE
Neil Johnson,R21CA191690,TRUE,FALSE
Nicole M Gatto,R13AG057087,FALSE,TRUE
Niles A Pierce,R01CA140759,FALSE,TRUE
Niles A Pierce,R01EB006192,FALSE,TRUE
Nima Aghaeepour,R35GM138353,FALSE,TRUE
Nima Aghaeepour,R42HD115517,FALSE,TRUE
Nima Aghaeepour,RF1AG077443,FALSE,TRUE
Nima Aghaeepour,T90HD118400,FALSE,TRUE
Nima Aghaeepour,UG3NS139943,FALSE,TRUE
Nina Isoherranen,P01DA032507,FALSE,TRUE
Nina Isoherranen,R01DK143511,FALSE,TRUE
Nina Isoherranen,R01GM081569,FALSE,TRUE
Nina Isoherranen,R01GM111772,FALSE,TRUE
Nina Isoherranen,R01GM147947,FALSE,TRUE
Ning Wang,K99AG039512,TRUE,FALSE
Ning Wang,R00AG039512,TRUE,FALSE
Ning Wang,R01AG096039,TRUE,FALSE
Ning Wang,R01DA024864,TRUE,FALSE
Ning Wang,R01GM072744,TRUE,TRUE
Ning Wang,R01GM157716,TRUE,FALSE
Ning Wang,R01HD103888,TRUE,FALSE
Ning Wang,R01HL065371,TRUE,TRUE
Ning Wang,R21DK074626,TRUE,FALSE
Ning Wang,R21HD072280,TRUE,FALSE
Ning Wang,R21HD087741,TRUE,FALSE
Ning Wang,R35GM159748,TRUE,FALSE
Ning Zhang,P20RR021949,TRUE,FALSE
Ning Zhang,R01AG083179,TRUE,FALSE
Ning Zhang,R01NS093985,TRUE,FALSE
Ning Zhang,R03AG065691,TRUE,FALSE
Nitya Alluri,UG1CA189953,FALSE,TRUE
Noah Robinson,R44MH132202,FALSE,TRUE
Noam Alperin,R01NS052122,FALSE,TRUE
Noam Alperin,R21RR014242,FALSE,TRUE
Noam Alperin,R41NS046185,FALSE,TRUE
Nobuto Yamamoto,R01AI032140,FALSE,TRUE
Norma B Coe,P30AG012836,FALSE,TRUE
Norma B Coe,P30AG059302,FALSE,TRUE
Norma B Coe,R01AG049815,FALSE,TRUE
Norma B Coe,R01AG057501,FALSE,TRUE
Norma B Coe,R01AG088901,FALSE,TRUE
Norma B Coe,R25AG069719,FALSE,TRUE
Norma B Coe,RF1AG062595,FALSE,TRUE
Nurul H Sarkar,R01CA017129,FALSE,TRUE
Nurul H Sarkar,R01CA025679,FALSE,TRUE
Nurul H Sarkar,R01CA045123,FALSE,TRUE
Nurul H Sarkar,R01CA045127,FALSE,TRUE
Olaf Stuve,I01BX001674,FALSE,TRUE
Olaf Stuve,I01BX005664,FALSE,TRUE
Olaf Stuve,R56AI188482,FALSE,TRUE
Oluwatoyin A Asojo,K01CA113486,FALSE,TRUE
Oluwatoyin A Asojo,P41RR007707,FALSE,TRUE
Oluwatoyin A Asojo,P41RR015301,FALSE,TRUE
Oluwatoyin A Asojo,R03AI065990,FALSE,TRUE
Oluwatoyin A Asojo,T34GM136489,FALSE,TRUE
Oluwatoyin A Asojo,U01GM138433,FALSE,TRUE
Omer Jamy,P30CA013148,FALSE,TRUE
Othman Ghribi,P20RR017699,FALSE,TRUE
Othman Ghribi,R01AG045264,FALSE,TRUE
Othman Ghribi,R01ES014826,FALSE,TRUE
Othman Ghribi,R56AG057307,FALSE,TRUE
Owen Pornillos,R01AI120956,FALSE,TRUE
Owen Pornillos,R01AI129678,FALSE,TRUE
Owen Pornillos,R01AI150479,FALSE,TRUE
Owen Pornillos,R01AI172818,FALSE,TRUE
Owen Pornillos,R01AI189411,FALSE,TRUE
Owen Pornillos,R01GM066087,FALSE,TRUE
Owen Pornillos,R01GM112508,FALSE,TRUE
Owen Pornillos,R21AI110184,FALSE,TRUE
Owen Pornillos,R21AI167756,FALSE,TRUE
Owen Pornillos,R37AI150479,FALSE,TRUE
Owen Pornillos,U54AI170856,FALSE,TRUE
PAUL D THOMPSON,M01RR002038,TRUE,FALSE
PAUL D THOMPSON,R01HL028467,TRUE,TRUE
PAUL D THOMPSON,R01HL081893,TRUE,TRUE
PAUL D THOMPSON,R03AG015651,TRUE,TRUE
PAUL D THOMPSON,RC1AT005836,TRUE,TRUE
Paige E Cervantes,R44MH138162,FALSE,TRUE
Pamela C Ronald,F32GM013836,FALSE,TRUE
Pamela C Ronald,R01GM055962,FALSE,TRUE
Pamela C Ronald,R01GM122968,FALSE,TRUE
Pamela C Ronald,R29GM047907,FALSE,TRUE
Pamela C Ronald,R35GM148173,FALSE,TRUE
Pamela J Bjorkman,DP1DA035082,FALSE,TRUE
Pamela J Bjorkman,DP1OD006961,FALSE,TRUE
Pamela J Bjorkman,P01AI100148,FALSE,TRUE
Pamela J Bjorkman,P01AI138938,FALSE,TRUE
Pamela J Bjorkman,P01AI165075,FALSE,TRUE
Pamela J Bjorkman,P01GM067166,FALSE,TRUE
Pamela J Bjorkman,P41RR000592,FALSE,TRUE
Pamela J Bjorkman,P41RR001209,FALSE,TRUE
Pamela J Bjorkman,P41RR001646,FALSE,TRUE
Pamela J Bjorkman,P50AI150464,FALSE,TRUE
Pamela J Bjorkman,P50GM082545,FALSE,TRUE
Pamela J Bjorkman,R01AI028931,FALSE,TRUE
Pamela J Bjorkman,R01AI041239,FALSE,TRUE
Pamela J Bjorkman,R01AI104434,FALSE,TRUE
Pamela J Bjorkman,R01AI129784,FALSE,TRUE
Pamela J Bjorkman,R01DK060770,FALSE,TRUE
Pamela J Bjorkman,R13GM072431,FALSE,TRUE
Pamela J Bjorkman,R37AI041239,FALSE,TRUE
Pamela J Bjorkman,U19AI159822,FALSE,TRUE
Pamela J Bjorkman,U54AI170856,FALSE,TRUE
Panteleimon Ekkekakis,R03MH069724,FALSE,TRUE
Paola Sebastiani,R01AG061844,FALSE,TRUE
Paola Sebastiani,R21AG056630,FALSE,TRUE
Paola Sebastiani,R21HL080463,FALSE,TRUE
Paola Sebastiani,R21HL114237,FALSE,TRUE
Paola Sebastiani,R21HL128871,FALSE,TRUE
Paola Sebastiani,T32GM074905,FALSE,TRUE
Paola Sebastiani,U19AG023122,FALSE,TRUE
Paola Sebastiani,U19AG063893,FALSE,TRUE
Paola Sebastiani,UH2AG064704,FALSE,TRUE
Paola Sebastiani,UH3AG064704,FALSE,TRUE
Paolo Casali,P41RR011823,FALSE,TRUE
Paolo Casali,R01AG013910,FALSE,TRUE
Paolo Casali,R01AI045011,FALSE,TRUE
Paolo Casali,R01AI079705,FALSE,TRUE
Paolo Casali,R01AI105813,FALSE,TRUE
Paolo Casali,R01AI167416,FALSE,TRUE
Paolo Casali,R01AR040908,FALSE,TRUE
Paolo Casali,R01CA068541,FALSE,TRUE
Paolo Casali,R13AI036255,FALSE,TRUE
Paolo Casali,R56AI045011,FALSE,TRUE
Paolo Casali,R56AI079705,FALSE,TRUE
Paolo Casali,R56AI105813,FALSE,TRUE
Paolo Casali,T32AI007621,FALSE,TRUE
Paolo Casali,T32AI060573,FALSE,TRUE
Paolo Casali,T32AI138944,FALSE,TRUE
Pascal Gagneux,R01GM095882,FALSE,TRUE
Pascal Gagneux,R21AI129894,FALSE,TRUE
Pascal J Goldschmidt-Clermont,P01HL073042,FALSE,TRUE
Pascal J Goldschmidt-Clermont,P50HL052315,FALSE,TRUE
Pascal J Goldschmidt-Clermont,R01AG023073,FALSE,TRUE
Pascal J Goldschmidt-Clermont,R01CA136387,FALSE,TRUE
Pascal J Goldschmidt-Clermont,R01GM053236,FALSE,TRUE
Pascal J Goldschmidt-Clermont,R01HL071536,FALSE,TRUE
Patricia A Arean,K24MH074717,FALSE,TRUE
Patricia A Arean,P50MH115837,FALSE,TRUE
Patricia A Arean,R01AG049424,FALSE,TRUE
Patricia A Arean,R01MH063982,FALSE,TRUE
Patricia A Arean,R01MH075900,FALSE,TRUE
Patricia A Arean,R01MH102304,FALSE,TRUE
Patricia A Arean,R01MH123484,FALSE,TRUE
Patricia A Arean,R01MH125179,FALSE,TRUE
Patricia A Arean,R24MH077192,FALSE,TRUE
Patricia A Arean,R25MH074500,FALSE,TRUE
Patricia A Arean,R29MH051956,FALSE,TRUE
Patricia A Arean,R33MH110509,FALSE,TRUE
Patricia A Arean,R34MH100466,FALSE,TRUE
Patricia A Arean,R34MH110583,FALSE,TRUE
Patricia A Arean,R61MH110509,FALSE,TRUE
Patricia A Arean,T32MH018261,FALSE,TRUE
Patricia A Reuter-Lorenz,R01AG018286,FALSE,TRUE
Patricia A Reuter-Lorenz,R21AG045460,FALSE,TRUE
Patricia A Reuter-Lorenz,R56AG043402,FALSE,TRUE
Patricia J LiWang,R01AI047832,FALSE,TRUE
Patricia J LiWang,R01AI112011,FALSE,TRUE
Patricia J LiWang,R21AI079777,FALSE,TRUE
Patricia J LiWang,R56AI070993,FALSE,TRUE
Patricia P Katz,P01HD037074,FALSE,TRUE
Patricia P Katz,P30AR070155,FALSE,TRUE
Patricia P Katz,P60AR020684,FALSE,TRUE
Patricia P Katz,P60AR053308,FALSE,TRUE
Patricia P Katz,R01AR050015,FALSE,TRUE
Patricia P Katz,R01AR072040,FALSE,TRUE
Patricia P Katz,R01HL067438,FALSE,TRUE
Patrick S Moore,P01CA087661,FALSE,TRUE
Patrick S Moore,P30CA047904,FALSE,TRUE
Patrick S Moore,R01CA073564,FALSE,TRUE
Patrick S Moore,R01CA076586,FALSE,TRUE
Patrick S Moore,R01CA121930,FALSE,TRUE
Patrick S Moore,R01CA136363,FALSE,TRUE
Patrick S Moore,R01CA136806,FALSE,TRUE
Patrick S Moore,R33CA120726,FALSE,TRUE
Patrick S Moore,R35CA197463,FALSE,TRUE
Patrick S Romano,R18HS010985,FALSE,TRUE
Patrick S Romano,R29HS008574,FALSE,TRUE
Patrick S Sullivan,P30AI050409,FALSE,TRUE
Patrick S Sullivan,P30MH136919,FALSE,TRUE
Patrick S Sullivan,R01AI094575,FALSE,TRUE
Patrick S Sullivan,R01AI112723,FALSE,TRUE
Patrick S Sullivan,R01AI143875,FALSE,TRUE
Patrick S Sullivan,R01AI181799,FALSE,TRUE
Patrick S Sullivan,R01DA038196,FALSE,TRUE
Patrick S Sullivan,R01DA045612,FALSE,TRUE
Patrick S Sullivan,R01HD067111,FALSE,TRUE
Patrick S Sullivan,R01MH085600,FALSE,TRUE
Patrick S Sullivan,R01MH122341,FALSE,TRUE
Patrick S Sullivan,R21HD074502,FALSE,TRUE
Patrick S Sullivan,R21MH103187,FALSE,TRUE
Patrick S Sullivan,R34MH086331,FALSE,TRUE
Patrick S Sullivan,R43HD078154,FALSE,TRUE
Patrick S Sullivan,R44HD078154,FALSE,TRUE
Patrick S Sullivan,RC1MD004370,FALSE,TRUE
Patrick S Sullivan,T32AI157855,FALSE,TRUE
Patrick S Sullivan,U01MD011274,FALSE,TRUE
Patrick S Sullivan,U01PS004977,FALSE,TRUE
Patrick S Sullivan,U01PS005181,FALSE,TRUE
Patrick S Sullivan,U01PS005244,FALSE,TRUE
Patrick S Sullivan,U19HD089881,FALSE,TRUE
Patrick S Sullivan,UG3AI176853,FALSE,TRUE
Paul B Fisher,K12GM093857,FALSE,TRUE
Paul B Fisher,P01CA104177,FALSE,TRUE
Paul B Fisher,P01CA275740,FALSE,TRUE
Paul B Fisher,P01NS031492,FALSE,TRUE
Paul B Fisher,R01CA035675,FALSE,TRUE
Paul B Fisher,R01CA043208,FALSE,TRUE
Paul B Fisher,R01CA074468,FALSE,TRUE
Paul B Fisher,R01CA097318,FALSE,TRUE
Paul B Fisher,R01CA098712,FALSE,TRUE
Paul B Fisher,R01CA127641,FALSE,TRUE
Paul B Fisher,R01CA134721,FALSE,TRUE
Paul B Fisher,R01CA244993,FALSE,TRUE
Paul B Fisher,R01CA259599,FALSE,TRUE
Paul B Fisher,R01CA280194,FALSE,TRUE
Paul B Fisher,R01GM068448,FALSE,TRUE
Paul B Fisher,R03MH093195,FALSE,TRUE
Paul B Fisher,R21CA087170,FALSE,TRUE
Paul B Fisher,R21CA191515,FALSE,TRUE
Paul C Kuo,F32HL007700,FALSE,TRUE
Paul C Kuo,R01AI044629,FALSE,TRUE
Paul C Kuo,R01GM065113,FALSE,TRUE
Paul C Kuo,R21CA155306,FALSE,TRUE
Paul C Kuo,R21DK070642,FALSE,TRUE
Paul C Kuo,R29AI044629,FALSE,TRUE
Paul C Kuo,R56GM065113,FALSE,TRUE
Paul C Kuo,T32GM008750,FALSE,TRUE
Paul C Kuo,T32GM069331,FALSE,TRUE
Paul C Kuo,T32GM144274,FALSE,TRUE
Paul D Blanc,G13LM010076,FALSE,TRUE
Paul D Blanc,I01CX001548,FALSE,TRUE
Paul D Blanc,K01OH000079,FALSE,TRUE
Paul D Blanc,K04HL003225,FALSE,TRUE
Paul D Blanc,R01AR047798,FALSE,TRUE
Paul D Blanc,R01ES010906,FALSE,TRUE
Paul D Blanc,R01HL056438,FALSE,TRUE
Paul D Blanc,R01HL067438,FALSE,TRUE
Paul D Blanc,R01HL077618,FALSE,TRUE
Paul D Blanc,R01OH003480,FALSE,TRUE
Paul D Blanc,R13OH009827,FALSE,TRUE
Paul D Blanc,R13OH010279,FALSE,TRUE
Paul D Blanc,R29HL048959,FALSE,TRUE
Paul D Blanc,RC1ES018211,FALSE,TRUE
Paul Dent,P01CA104177,FALSE,TRUE
Paul Dent,P01DK038030,FALSE,TRUE
Paul Dent,R01CA088906,FALSE,TRUE
Paul Dent,R01CA108520,FALSE,TRUE
Paul Dent,R01CA141703,FALSE,TRUE
Paul Dent,R01CA150214,FALSE,TRUE
Paul Dent,R01CA192613,FALSE,TRUE
Paul Dent,R01DK052825,FALSE,TRUE
Paul Dent,R21CA283138,FALSE,TRUE
Paul F Worley,K02MH001152,TRUE,TRUE
Paul F Worley,K11AG000256,TRUE,TRUE
Paul F Worley,P01AG009973,TRUE,TRUE
Paul F Worley,P30AG066507,TRUE,TRUE
Paul F Worley,P30NS050274,TRUE,TRUE
Paul F Worley,P50AG005146,TRUE,TRUE
Paul F Worley,P50DA000266,TRUE,TRUE
Paul F Worley,P50DA044123,TRUE,TRUE
Paul F Worley,P50MH068830,TRUE,TRUE
Paul F Worley,P50MH100024,TRUE,TRUE
Paul F Worley,R01AG048912,TRUE,TRUE
Paul F Worley,R01DA010309,TRUE,TRUE
Paul F Worley,R01DA011742,TRUE,TRUE
Paul F Worley,R01EY008900,TRUE,TRUE
Paul F Worley,R01EY009374,TRUE,TRUE
Paul F Worley,R01MH053608,TRUE,TRUE
Paul F Worley,R01NS039156,TRUE,TRUE
Paul F Worley,R01NS070301,TRUE,TRUE
Paul F Worley,R21AG085577,TRUE,TRUE
Paul F Worley,R21GM110265,TRUE,TRUE
Paul F Worley,R35NS097966,TRUE,TRUE
Paul F Worley,R37DA010309,TRUE,TRUE
Paul F Worley,R43AG074773,TRUE,TRUE
Paul F Worley,S07RR005378,TRUE,TRUE
Paul F Worley,U19AG033655,TRUE,TRUE
Paul F Worley,U19AG065169,TRUE,TRUE
Paul G Shekelle,R01HS007185,FALSE,TRUE
Paul G Shekelle,R03HS006920,FALSE,TRUE
Paul J Davis,R01AG007736,FALSE,TRUE
Paul J Meis,F06TW001625,FALSE,TRUE
Paul J Meis,M01RR007122,FALSE,TRUE
Paul J Meis,R13HD037809,FALSE,TRUE
Paul J Meis,R13HD042212,FALSE,TRUE
Paul J Meis,U10HD027860,FALSE,TRUE
Paul L Prather,R01DA013660,FALSE,TRUE
Paul L Prather,R01DA039143,FALSE,TRUE
Paul L Prather,R21NS058430,FALSE,TRUE
Paul L Prather,R29DA010936,FALSE,TRUE
Paul L Prather,T32GM106999,FALSE,TRUE
Paul L Prather,T32GM150536,FALSE,TRUE
Paul R Sanberg,R01NS025647,FALSE,TRUE
Paul R Sanberg,R01NS032067,FALSE,TRUE
Paul R Sanberg,R03MH040127,FALSE,TRUE
Paul R Sanberg,R13NS070364,FALSE,TRUE
Paul Spearman,272201300018I,FALSE,TRUE
Paul W Franks,U01HD072834,FALSE,TRUE
Paula Dore-Duffy,P01NS031287,TRUE,TRUE
Paula Dore-Duffy,P50NS031287,TRUE,TRUE
Paula Dore-Duffy,R01AI043627,TRUE,TRUE
Paula Dore-Duffy,R01NS014357,TRUE,TRUE
Paula Dore-Duffy,R01NS029763,TRUE,TRUE
Paula Dore-Duffy,R01NS047672,TRUE,TRUE
Pavlos Papasavas,R01DK113408,FALSE,TRUE
Pei Wang,R01CA138215,TRUE,FALSE
Pei Wang,R01CA237159,TRUE,FALSE
Pei Wang,R01CA237541,TRUE,FALSE
Pei Wang,R01DK110361,TRUE,FALSE
Pei Wang,R01GM082802,TRUE,FALSE
Pei Wang,R21CA218968,TRUE,FALSE
Pei Wang,R21CA245437,TRUE,FALSE
Pei Wang,T32CA148724,TRUE,FALSE
Pei Wang,U24CA210993,TRUE,FALSE
Pei Wang,U24CA271114,TRUE,FALSE
Pei Wang,U2CCA271873,TRUE,FALSE
Peixin Yang,R01DK083243,FALSE,TRUE
Peixin Yang,R01DK101972,FALSE,TRUE
Peixin Yang,R01DK103024,FALSE,TRUE
Peixin Yang,R01HD099843,FALSE,TRUE
Peixin Yang,R01HD100195,FALSE,TRUE
Peixin Yang,R01HD102206,FALSE,TRUE
Peixin Yang,R01HD108705,FALSE,TRUE
Peixin Yang,R01HD114794,FALSE,TRUE
Peixin Yang,R01HL131737,FALSE,TRUE
Peixin Yang,R01HL134368,FALSE,TRUE
Peixin Yang,R01HL139060,FALSE,TRUE
Peixin Yang,R01HL141922,FALSE,TRUE
Peixin Yang,R01HL151108,FALSE,TRUE
Peixin Yang,R01HL153141,FALSE,TRUE
Peixin Yang,R01HL160727,FALSE,TRUE
Peixin Yang,R56DK095380,FALSE,TRUE
Penelope A Boyden,P01HL030557,FALSE,TRUE
Penelope A Boyden,R01HL034477,FALSE,TRUE
Penelope A Boyden,R01HL058860,FALSE,TRUE
Penelope A Boyden,R01HL066140,FALSE,TRUE
Penelope A Boyden,R01HL114383,FALSE,TRUE
Peng Jiang,K99CA218900,TRUE,FALSE
Peng Jiang,R01AG073779,TRUE,FALSE
Peng Jiang,R01DA056906,TRUE,FALSE
Peng Jiang,R01NS102382,TRUE,FALSE
Peng Jiang,R01NS122108,TRUE,FALSE
Peng Jiang,R21HD091512,TRUE,FALSE
Peng Jiang,R21HD113311,TRUE,FALSE
Peng Jiang,ZIABC011889,TRUE,FALSE
Peng Jiang,ZIABC011890,TRUE,FALSE
Peng Yi,P30DK036836,FALSE,TRUE
Peng Yi,R01DK120445,FALSE,TRUE
Peng Yi,UG3DK142192,FALSE,TRUE
Peng Zhang,K01DK106296,TRUE,FALSE
Peng Zhang,P20GM103652,TRUE,FALSE
Peng Zhang,P30GM149398,TRUE,FALSE
Peng Zhang,R01HL169456,TRUE,FALSE
Peng Zhang,R01MH130476,TRUE,FALSE
Peng Zhang,R37CA266487,TRUE,FALSE
Peng Zhang,R41AI150075,TRUE,FALSE
Peng Zhang,R41HL160317,TRUE,FALSE
Peng Zhao,K99HL143277,FALSE,TRUE
Peng Zhao,R00HL143277,FALSE,TRUE
Peng Zhao,R01DK133304,FALSE,TRUE
Peter A Ward,M01RR000042,TRUE,TRUE
Peter A Ward,P01AI033189,TRUE,TRUE
Peter A Ward,P01HL031963,TRUE,TRUE
Peter A Ward,P50HL060289,TRUE,TRUE
Peter A Ward,R01GM028499,TRUE,TRUE
Peter A Ward,R01GM029507,TRUE,TRUE
Peter A Ward,R01GM061656,TRUE,TRUE
Peter A Ward,R01HL028442,TRUE,TRUE
Peter A Ward,R37GM029507,TRUE,TRUE
Peter A Ward,R56AG061207,TRUE,TRUE
Peter A Ward,S03RR003075,TRUE,TRUE
Peter A Ward,T32HL007517,TRUE,TRUE
Peter A Ward,T35HL007690,TRUE,TRUE
Peter A Ward,T35NS007197,TRUE,TRUE
Peter C Gordon,R01HD060440,FALSE,TRUE
Peter C Gordon,R01MH066271,FALSE,TRUE
Peter C Gordon,R21AG046562,FALSE,TRUE
Peter C Gordon,R21DC008551,FALSE,TRUE
Peter D Chantler,R01AR032858,TRUE,FALSE
Peter D Chantler,R23AM032858,TRUE,FALSE
Peter Daszak,R01AI079231,FALSE,TRUE
Peter Daszak,R01AI110964,FALSE,TRUE
Peter Daszak,R01AI163118,FALSE,TRUE
Peter Daszak,R01TW005869,FALSE,TRUE
Peter Daszak,R56TW009502,FALSE,TRUE
Peter Daszak,U01AI151797,FALSE,TRUE
Peter F Thall,P01CA049639,FALSE,TRUE
Peter F Thall,P01CA055164,FALSE,TRUE
Peter F Thall,P01CA148600,FALSE,TRUE
Peter F Thall,R01CA083932,FALSE,TRUE
Peter F Thall,R01CA261978,FALSE,TRUE
Peter F Thall,S15DK039420,FALSE,TRUE
Peter G Schultz,P01AG007996,FALSE,TRUE
Peter G Schultz,P41RR001614,FALSE,TRUE
Peter G Schultz,P41RR002231,FALSE,TRUE
Peter G Schultz,P41RR011823,FALSE,TRUE
Peter G Schultz,R01AI024695,FALSE,TRUE
Peter G Schultz,R01GM041679,FALSE,TRUE
Peter G Schultz,R01GM049220,FALSE,TRUE
Peter G Schultz,R01GM056528,FALSE,TRUE
Peter G Schultz,R01GM062159,FALSE,TRUE
Peter G Schultz,R01GM063014,FALSE,TRUE
Peter G Schultz,R01GM064403,FALSE,TRUE
Peter G Schultz,R01GM097206,FALSE,TRUE
Peter G Schultz,R01GM105826,FALSE,TRUE
Peter G Schultz,R01GM132071,FALSE,TRUE
Peter G Schultz,R01NS094721,FALSE,TRUE
Peter G Schultz,R35GM145323,FALSE,TRUE
Peter G Schultz,RC1AR058738,FALSE,TRUE
Peter G Schultz,RC2NS069521,FALSE,TRUE
Peter G Traber,P30DK050306,FALSE,TRUE
Peter G Traber,R01DK046704,FALSE,TRUE
Peter G Traber,R01DK047437,FALSE,TRUE
Peter G Traber,R01DK048833,FALSE,TRUE
Peter G Traber,R13DK052792,FALSE,TRUE
Peter G Traber,R29DK041393,FALSE,TRUE
Peter G Traber,T32DK007066,FALSE,TRUE
Peter H Lin,K08HL076345,FALSE,TRUE
Peter H U Lee,K08GM126315,TRUE,FALSE
Peter H U Lee,R41DA056334,TRUE,FALSE
Peter H U Lee,R43DA061725,TRUE,FALSE
Peter J Bradley,R01AI064616,FALSE,TRUE
Peter J Bradley,R01AI123360,FALSE,TRUE
Peter J Bradley,R03AI101749,FALSE,TRUE
Peter J Bradley,R21AI098070,FALSE,TRUE
Peter J Bradley,R21AI125106,FALSE,TRUE
Peter J Bradley,R21AI135661,FALSE,TRUE
Peter J Bradley,T32AI007323,FALSE,TRUE
Peter K Lindenauer,K12HL138049,FALSE,TRUE
Peter K Lindenauer,K24HL132008,FALSE,TRUE
Peter K Lindenauer,R01HL133046,FALSE,TRUE
Peter K Lindenauer,R01HS018723,FALSE,TRUE
Peter K Lindenauer,R18HL108810,FALSE,TRUE
Peter K Lindenauer,R18HS018645,FALSE,TRUE
Peter K Lindenauer,R21HL121613,FALSE,TRUE
Peter K Lindenauer,R33HL157847,FALSE,TRUE
Peter K Lindenauer,R34HL156920,FALSE,TRUE
Peter K Lindenauer,R61HL157847,FALSE,TRUE
Peter K Lindenauer,RC2HL101618,FALSE,TRUE
Peter M Loomer,R25DE032518,FALSE,TRUE
Peter M Steinert,Z01AR041084,FALSE,TRUE
Peter M Steinert,Z01AR041085,FALSE,TRUE
Peter M Steinert,Z01AR041086,FALSE,TRUE
Peter M Steinert,Z01AR041087,FALSE,TRUE
Peter M Steinert,Z01AR041093,FALSE,TRUE
Peter McCaffery,G20RR013211,FALSE,TRUE
Peter McCaffery,K02HD001179,FALSE,TRUE
Peter McCaffery,P30HD004147,FALSE,TRUE
Peter McCaffery,R21MH066037,FALSE,TRUE
Peter N Walsh,P01HL056914,FALSE,TRUE
Peter N Walsh,P01HL064943,FALSE,TRUE
Peter N Walsh,P01HL074124,FALSE,TRUE
Peter N Walsh,P41RR003155,FALSE,TRUE
Peter N Walsh,R01HL025661,FALSE,TRUE
Peter N Walsh,R01HL046213,FALSE,TRUE
Peter N Walsh,R01HL055407,FALSE,TRUE
Peter N Walsh,R01HL056153,FALSE,TRUE
Peter N Walsh,R01HL070683,FALSE,TRUE
Peter X Ma,R01AR075770,FALSE,TRUE
Peter X Ma,R01DE015384,FALSE,TRUE
Peter X Ma,R01DE017689,FALSE,TRUE
Peter X Ma,R01DE022327,FALSE,TRUE
Peter X Ma,R01DE027662,FALSE,TRUE
Peter X Ma,R01HL114038,FALSE,TRUE
Peter X Ma,R01HL136231,FALSE,TRUE
Peter X Ma,R01HL139735,FALSE,TRUE
Peter X Ma,R21DE014755,FALSE,TRUE
Peter X Ma,R21GM075840,FALSE,TRUE
Peter X Ma,R42TR001711,FALSE,TRUE
Philip A Berger,P50MH030854,TRUE,TRUE
Philip E Cryer,M01RR000036,TRUE,TRUE
Philip E Cryer,P01AG005562,TRUE,TRUE
Philip E Cryer,P01NS006833,TRUE,TRUE
Philip E Cryer,P50NS006833,TRUE,TRUE
Philip E Cryer,P60AM020579,TRUE,TRUE
Philip E Cryer,P60DK020579,TRUE,TRUE
Philip E Cryer,R01AM027085,TRUE,TRUE
Philip E Cryer,R01DK027085,TRUE,TRUE
Philip E Cryer,R01DK044235,TRUE,TRUE
Philip E Cryer,R37DK027085,TRUE,TRUE
Philip E Cryer,R55DK044235,TRUE,TRUE
Philip Felig,M01RR000125,TRUE,TRUE
Philip Felig,M01RR000645,TRUE,FALSE
Philip G Ashton-Rickardt,R01AI040608,FALSE,TRUE
Philip G Ashton-Rickardt,R01AI045108,FALSE,TRUE
Philip J Tofilon,P01CA006294,FALSE,TRUE
Philip N Tsichlis,R01CA038047,TRUE,TRUE
Philip N Tsichlis,R01CA051893,TRUE,TRUE
Philip N Tsichlis,R01CA056110,TRUE,TRUE
Philip N Tsichlis,R01CA057436,TRUE,TRUE
Philip N Tsichlis,R01CA080219,TRUE,TRUE
Philip N Tsichlis,R01CA095431,TRUE,TRUE
Philip N Tsichlis,R01CA109747,TRUE,TRUE
Philip N Tsichlis,R01CA124835,TRUE,TRUE
Philip N Tsichlis,R01CA186729,TRUE,TRUE
Philip N Tsichlis,R01CA198117,TRUE,TRUE
Philip N Tsichlis,R13CA054434,TRUE,TRUE
Philip N Tsichlis,R13CA064221,TRUE,TRUE
Philip N Tsichlis,S07RR005895,TRUE,TRUE
Philip N Tsichlis,T32CA009429,TRUE,TRUE
Philip W Tucker,P01AI031229,TRUE,TRUE
Philip W Tucker,P01CA044016,TRUE,TRUE
Philip W Tucker,P01GM031689,TRUE,TRUE
Philip W Tucker,R01AI018016,TRUE,TRUE
Philip W Tucker,R01AI018499,TRUE,TRUE
Philip W Tucker,R01AI047209,TRUE,TRUE
Philip W Tucker,R01AI064886,TRUE,TRUE
Philip W Tucker,R01CA031534,TRUE,TRUE
Philip W Tucker,R01CA092318,TRUE,TRUE
Philip W Tucker,R01GM041497,TRUE,TRUE
Philip W Tucker,R01HL071160,TRUE,TRUE
Philip W Tucker,R37AI018016,TRUE,TRUE
Philip Williams,P41GM094091,FALSE,TRUE
Philip Williams,R01AG039468,FALSE,TRUE
Philip Williams,R13TR001696,FALSE,TRUE
Philip Williams,R21AG032405,FALSE,TRUE
Philippe Gros,R01AI035237,FALSE,TRUE
Philippe Gros,R21AI035237,FALSE,TRUE
Philippe Gros,R21GM075939,FALSE,TRUE
Philippe R J Bois,R01GM085079,FALSE,TRUE
Piero Anversa,P01AG023071,TRUE,TRUE
Piero Anversa,P01AG043353,TRUE,TRUE
Piero Anversa,P01HL043023,TRUE,TRUE
Piero Anversa,P01HL078825,TRUE,TRUE
Piero Anversa,P01HL092868,TRUE,TRUE
Piero Anversa,R01AG015756,TRUE,TRUE
Piero Anversa,R01AG017042,TRUE,TRUE
Piero Anversa,R01AG037495,TRUE,TRUE
Piero Anversa,R01HL038132,TRUE,TRUE
Piero Anversa,R01HL039902,TRUE,TRUE
Piero Anversa,R01HL040561,TRUE,TRUE
Piero Anversa,R01HL066923,TRUE,TRUE
Piero Anversa,R01HL105532,TRUE,TRUE
Piero Anversa,R37HL081737,TRUE,TRUE
Piero Anversa,S07RR005398,TRUE,TRUE
Ping He,F30CA206240,TRUE,FALSE
Ping He,F32DK145139,TRUE,FALSE
Ping He,R01GM092893,TRUE,FALSE
Ping He,R35GM149197,TRUE,FALSE
Ping Song,R01HL140954,FALSE,TRUE
Ping Xie,R01CA158402,FALSE,TRUE
Ping Xie,R01CA293055,FALSE,TRUE
Ping Xie,R21AI128264,FALSE,TRUE
Plamen Ch Ivanov,R01HL098437,FALSE,TRUE
Pradip Raychaudhuri,I01BX000131,FALSE,TRUE
Pradip Raychaudhuri,R01AG024138,FALSE,TRUE
Pradip Raychaudhuri,R01CA055279,FALSE,TRUE
Pradip Raychaudhuri,R01CA076276,FALSE,TRUE
Pradip Raychaudhuri,R01CA077637,FALSE,TRUE
Pradip Raychaudhuri,R01CA088863,FALSE,TRUE
Pradip Raychaudhuri,R01CA100035,FALSE,TRUE
Pradip Raychaudhuri,R01CA124488,FALSE,TRUE
Pradip Raychaudhuri,R01CA156164,FALSE,TRUE
Pradip Raychaudhuri,R01CA175380,FALSE,TRUE
Pradip Raychaudhuri,R01CA177655,FALSE,TRUE
Pradip Raychaudhuri,R01CA243247,FALSE,TRUE
Pradip Raychaudhuri,R01GM043241,FALSE,TRUE
Prajwal Boddu,K08DK140636,FALSE,TRUE
Prasadarao V Nemani,R01AI040567,FALSE,TRUE
Prasadarao V Nemani,R01NS073115,FALSE,TRUE
Prasadarao V Nemani,R03HD041525,FALSE,TRUE
Prasadarao V Nemani,R29AI040567,FALSE,TRUE
Prashanth Vallabhajosyula,F32AI066699,TRUE,TRUE
Prashanth Vallabhajosyula,K08HL132099,TRUE,TRUE
Prashanth Vallabhajosyula,R21AI111010,TRUE,TRUE
Priscilla K Cooper,P01CA092584,TRUE,TRUE
Priscilla K Cooper,R01CA032986,TRUE,TRUE
Priscilla K Cooper,R01CA063503,TRUE,TRUE
Priscilla K Cooper,R01CA080207,TRUE,TRUE
Priscilla K Cooper,R01ES019935,TRUE,TRUE
Priscilla K Cooper,R13CA100087,TRUE,TRUE
Priscilla K Cooper,R13ES017216,TRUE,TRUE
Priscilla K Cooper,R13ES028627,TRUE,TRUE
Priscilla K Cooper,R21CA187765,TRUE,TRUE
Priscilla K Cooper,S07RR005918,TRUE,TRUE
Priya Bhardwaj,F31CA236306,FALSE,TRUE
Puran S Bora,R01AA008247,FALSE,TRUE
Puran S Bora,R01EY014623,FALSE,TRUE
Puran S Bora,R41EY017473,FALSE,TRUE
Qi Chen,F32NS045476,TRUE,FALSE
Qi Chen,P41RR001081,TRUE,FALSE
Qi Chen,R01ES032024,TRUE,TRUE
Qi Chen,R01ES036923,TRUE,TRUE
Qi Chen,R01HD092431,TRUE,TRUE
Qi Chen,R21CA198265,TRUE,FALSE
Qi Fu,F31HD081892,TRUE,FALSE
Qi Fu,K23HL075283,TRUE,TRUE
Qi Fu,M01RR000633,TRUE,TRUE
Qi Fu,P01HL137630,TRUE,TRUE
Qi Fu,R01AG059314,TRUE,TRUE
Qi Fu,R01HL091078,TRUE,TRUE
Qi Fu,R01HL142605,TRUE,TRUE
Qi Fu,R01HL172349,TRUE,TRUE
Qi Fu,R21HL088184,TRUE,TRUE
Qi Li,P51RR000168,FALSE,TRUE
Qian Sun,K01MH117444,FALSE,TRUE
Qian Sun,R01MH129294,FALSE,TRUE
Qian Sun,R01MH130367,FALSE,TRUE
Qian Zhang,R01AI088364,FALSE,TRUE
Qian Zhang,R01AI163029,FALSE,TRUE
Qiang Liu,R21CA138359,TRUE,FALSE
Qiang Liu,R43AI044491,TRUE,FALSE
Qin Huang,F32NS009349,FALSE,TRUE
Qin Yang,K08DK090149,TRUE,FALSE
Qin Yang,R01CA129440,TRUE,TRUE
Qin Yang,R01DK100385,TRUE,FALSE
Qin Yang,R01DK121146,TRUE,FALSE
Qin Yang,R01DK136940,TRUE,FALSE
Qin Yang,R01NS100950,TRUE,TRUE
Qing-Bai She,R01CA175105,FALSE,TRUE
Qing-Bai She,R01CA203257,FALSE,TRUE
Qing-Bai She,R21ES031712,FALSE,TRUE
Qing-Sheng Mi,R01AI119041,FALSE,TRUE
Qing-Sheng Mi,R01AI123258,FALSE,TRUE
Qing-Sheng Mi,R01AR063611,FALSE,TRUE
Qing-Sheng Mi,R01AR069681,FALSE,TRUE
Qing-Sheng Mi,R01AR078688,FALSE,TRUE
Qing-Sheng Mi,R01AR083553,FALSE,TRUE
Qing-Sheng Mi,R01CA284740,FALSE,TRUE
Qing-Sheng Mi,R01DE033797,FALSE,TRUE
Qing-Sheng Mi,R21AR059976,FALSE,TRUE
Qing-Sheng Mi,R21AR079089,FALSE,TRUE
Qing-Sheng Mi,R21CA170535,FALSE,TRUE
Qing-Sheng Mi,R33AR076803,FALSE,TRUE
Qing-Sheng Mi,R56AI119041,FALSE,TRUE
Qing-Sheng Mi,R56AI165991,FALSE,TRUE
Qing-Sheng Mi,R61AR076803,FALSE,TRUE
Qing-Sheng Mi,UG3AR085895,FALSE,TRUE
Qinghong Zhang,I01BX002370,FALSE,TRUE
Qinghong Zhang,K01CA096561,FALSE,TRUE
Qinghong Zhang,R01CA115468,FALSE,TRUE
Qinghong Zhang,R01HL125827,FALSE,TRUE
Qinghong Zhang,R03DA033982,FALSE,TRUE
Qingyu Zhang,P41RR002250,FALSE,TRUE
Qingyu Zhang,R01GM082978,FALSE,TRUE
Qingyu Zhang,R03DC003355,FALSE,TRUE
Qingyu Zhang,R25ES034923,FALSE,TRUE
Qiu-Xing Jiang,P41RR002250,FALSE,TRUE
Qiu-Xing Jiang,R01GM088745,FALSE,TRUE
Qiu-Xing Jiang,R01GM093271,FALSE,TRUE
Qiu-Xing Jiang,R01GM111367,FALSE,TRUE
Qiu-Xing Jiang,R21GM131231,FALSE,TRUE
Qiu-Xing Jiang,S10RR027972,FALSE,TRUE
Qiu-Xing Jiang,U24GM116788,FALSE,TRUE
Qiu-Xing Jiang,U24GM116789,FALSE,TRUE
Quan Dong Nguyen,K23EY013552,FALSE,TRUE
Quan Dong Nguyen,R01EY017577,FALSE,TRUE
Quan Dong Nguyen,R24DK084949,FALSE,TRUE
Quan Wang,ZIADK075171,FALSE,TRUE
Quan Wang,ZIADK075183,FALSE,TRUE
Quan Wang,ZIADK075199,FALSE,TRUE
Qun Liu,S10OD038241,FALSE,TRUE
R D Schramm,P51RR000167,FALSE,TRUE
R Douglas Shytle,R21AG031037,FALSE,TRUE
R Evans,R18HS006028,FALSE,TRUE
R Michael Roberts,R01ES025547,FALSE,TRUE
R Michael Roberts,R01HD021896,FALSE,TRUE
R Michael Roberts,R01HD044042,FALSE,TRUE
R Michael Roberts,R01HD067759,FALSE,TRUE
R Michael Roberts,R01HD069979,FALSE,TRUE
R Michael Roberts,R01HD094937,FALSE,TRUE
R Stephen Berry,P41RR006009,FALSE,TRUE
R Stephen Lloyd,P01CA160032,TRUE,TRUE
R Stephen Lloyd,P01ES005355,TRUE,TRUE
R Stephen Lloyd,P30ES000267,TRUE,FALSE
R Stephen Lloyd,P30ES006676,TRUE,TRUE
R Stephen Lloyd,R01CA060056,TRUE,TRUE
R Stephen Lloyd,R01CA106858,TRUE,TRUE
R Stephen Lloyd,R01DK075974,TRUE,TRUE
R Stephen Lloyd,R01ES004091,TRUE,TRUE
R Stephen Lloyd,R01ES007955,TRUE,TRUE
R Stephen Lloyd,R01ES031086,TRUE,TRUE
R Stephen Lloyd,R01GM059237,TRUE,TRUE
R Stephen Lloyd,R03MH094179,TRUE,TRUE
R Stephen Lloyd,R21CA216551,TRUE,TRUE
R Stephen Lloyd,R56DK075974,TRUE,TRUE
R Stephen Lloyd,R56ES027632,TRUE,TRUE
R Stephen Lloyd,S07RR005424,TRUE,FALSE
R Stephen Lloyd,S11ES010018,TRUE,TRUE
R Wayne Alexander,P01HL048667,FALSE,TRUE
R Wayne Alexander,R01HL034874,FALSE,TRUE
R Wayne Alexander,R01HL047557,FALSE,TRUE
R Wayne Alexander,R01HL060728,FALSE,TRUE
R Wayne Alexander,R13HL052846,FALSE,TRUE
R Wayne Alexander,T32HL007745,FALSE,TRUE
R Wayne Alexander,U09RG011664,FALSE,TRUE
R Yang,Z01ES021108,FALSE,TRUE
Rachel A LaCasse,F32AI010640,FALSE,TRUE
Rachel E Patzer,R01DK114891,FALSE,TRUE
Rachel E Patzer,R01DK122701,FALSE,TRUE
Rachel E Patzer,R01DK136283,FALSE,TRUE
Rachel E Patzer,R01MD010290,FALSE,TRUE
Rachel E Patzer,R01MD011682,FALSE,TRUE
Rachel E Patzer,R01MD017080,FALSE,TRUE
Rachel E Patzer,R21NR014544,FALSE,TRUE
Rachel E Patzer,R24MD008077,FALSE,TRUE
Rachel E Patzer,U01MD010611,FALSE,TRUE
Rachel M A Linger,F31AA014301,FALSE,TRUE
Rachel Wu,F32HD070537,FALSE,TRUE
Rafael Lozano,D43TW009135,FALSE,TRUE
Raghu Kalluri,M01RR001032,FALSE,TRUE
Raghu Kalluri,P01CA117969,FALSE,TRUE
Raghu Kalluri,R01AA013913,FALSE,TRUE
Raghu Kalluri,R01CA125550,FALSE,TRUE
Raghu Kalluri,R01CA155370,FALSE,TRUE
Raghu Kalluri,R01CA195733,FALSE,TRUE
Raghu Kalluri,R01CA213233,FALSE,TRUE
Raghu Kalluri,R01CA231465,FALSE,TRUE
Raghu Kalluri,R01CA252729,FALSE,TRUE
Raghu Kalluri,R01DK051711,FALSE,TRUE
Raghu Kalluri,R01DK055001,FALSE,TRUE
Raghu Kalluri,R01DK061688,FALSE,TRUE
Raghu Kalluri,R01DK062987,FALSE,TRUE
Raghu Kalluri,R01DK081576,FALSE,TRUE
Raghu Kalluri,R13CA117785,FALSE,TRUE
Raghu Kalluri,R13CA162266,FALSE,TRUE
Raghu Kalluri,R21AA026462,FALSE,TRUE
Raghu Kalluri,R35CA263815,FALSE,TRUE
Raghu Kalluri,T32CA186892,FALSE,TRUE
Raghu Kalluri,U01CA151925,FALSE,TRUE
Raghu Kalluri,U54CA163191,FALSE,TRUE
Raghu R Krishnamoorthy,R01EY019952,FALSE,TRUE
Raghu R Krishnamoorthy,R01EY028179,FALSE,TRUE
Raghu S Pandurangi,R43CA183353,FALSE,TRUE
Raghu S Pandurangi,R43CA214223,FALSE,TRUE
Raghuveer Parthasarathy,P01GM125576,FALSE,TRUE
Raghuveer Parthasarathy,P01HD022486,FALSE,TRUE
Raghuveer Parthasarathy,P50GM098911,FALSE,TRUE
Raghuveer Parthasarathy,R01GM149827,FALSE,TRUE
Raghuveer Parthasarathy,RM1GM158513,FALSE,TRUE
Rahul N Kanadia,K99EY019547,FALSE,TRUE
Rahul N Kanadia,R00EY019547,FALSE,TRUE
Rahul N Kanadia,R01NS102538,FALSE,TRUE
Rahul N Kanadia,R21NS096684,FALSE,TRUE
Rahul N Kanadia,R21NS101616,FALSE,TRUE
Raj Kumar,R01CA263574,TRUE,FALSE
Raj Kumar,R01DK058829,TRUE,FALSE
Raj Kumar,R03NS108074,TRUE,FALSE
Rajeev S Samant,I01BX003374,FALSE,TRUE
Rajeev S Samant,R01CA140472,FALSE,TRUE
Rajeev S Samant,R01CA194048,FALSE,TRUE
Rajeev S Samant,R03CA267216,FALSE,TRUE
Rajiv Ranganathan,R03HD069806,FALSE,TRUE
Raju C Reddy,I01BX001102,FALSE,TRUE
Raju C Reddy,I01BX004844,FALSE,TRUE
Raju C Reddy,K08HL070068,FALSE,TRUE
Raju C Reddy,R01AI125338,FALSE,TRUE
Raju C Reddy,R01HL093196,FALSE,TRUE
Raju C Reddy,R01HL137842,FALSE,TRUE
Raju C Reddy,R21AI079539,FALSE,TRUE
Rajvir Dahiya,I01BX001123,FALSE,TRUE
Rajvir Dahiya,IK6BX004473,FALSE,TRUE
Rajvir Dahiya,IP1BX001604,FALSE,TRUE
Rajvir Dahiya,R01AG016870,FALSE,TRUE
Rajvir Dahiya,R01AG021418,FALSE,TRUE
Rajvir Dahiya,R01CA064872,FALSE,TRUE
Rajvir Dahiya,R01CA101844,FALSE,TRUE
Rajvir Dahiya,R01CA108612,FALSE,TRUE
Rajvir Dahiya,R01CA111470,FALSE,TRUE
Rajvir Dahiya,R01CA130860,FALSE,TRUE
Rajvir Dahiya,R01CA138642,FALSE,TRUE
Rajvir Dahiya,R01CA160079,FALSE,TRUE
Rajvir Dahiya,R01CA199694,FALSE,TRUE
Rajvir Dahiya,R01DK045861,FALSE,TRUE
Rajvir Dahiya,R01DK047517,FALSE,TRUE
Rajvir Dahiya,R01DK055040,FALSE,TRUE
Rajvir Dahiya,R01DK075524,FALSE,TRUE
Rajvir Dahiya,T32DK007790,FALSE,TRUE
Rajvir Dahiya,U01CA184966,FALSE,TRUE
Rakesh K Srivastava,R01AA024698,TRUE,FALSE
Rakesh K Srivastava,R01CA114469,TRUE,TRUE
Rakesh K Srivastava,R01CA125262,TRUE,FALSE
Rakesh K Srivastava,R03CA286643,TRUE,FALSE
Rakesh K Srivastava,R44MD019234,TRUE,FALSE
Rakesh Kumar,K12CA001712,TRUE,TRUE
Rakesh Kumar,P50CA097007,TRUE,TRUE
Rakesh Kumar,R01CA042060,TRUE,TRUE
Rakesh Kumar,R01CA056564,TRUE,TRUE
Rakesh Kumar,R01CA065746,TRUE,TRUE
Rakesh Kumar,R01CA080066,TRUE,TRUE
Rakesh Kumar,R01CA088923,TRUE,TRUE
Rakesh Kumar,R01CA090970,TRUE,TRUE
Rakesh Kumar,R01CA098823,TRUE,TRUE
Rakesh Kumar,R01CA109379,TRUE,TRUE
Rakesh Kumar,R01CA139573,TRUE,TRUE
Rakesh Kumar,R37CA042060,TRUE,TRUE
Rakesh Kumar,T32CA009207,TRUE,TRUE
Rakesh Kumar,U01CA037641,TRUE,TRUE
Rakesh Kumar,U01CA065746,TRUE,TRUE
Ralph A DeFronzo,I01CX001389,TRUE,TRUE
Ralph A DeFronzo,M01RR000125,TRUE,TRUE
Ralph A DeFronzo,M01RR001346,TRUE,TRUE
Ralph A DeFronzo,P01AM017433,TRUE,TRUE
Ralph A DeFronzo,R01AM024092,TRUE,TRUE
Ralph A DeFronzo,R01DK024092,TRUE,TRUE
Ralph A DeFronzo,R01DK103841,TRUE,TRUE
Ralph A DeFronzo,R01DK107680,TRUE,TRUE
Ralph A DeFronzo,R01DK129676,TRUE,TRUE
Ralph A DeFronzo,R44DK085809,TRUE,TRUE
Ralph A DeFronzo,R56DK024092,TRUE,TRUE
Ralph A DeFronzo,U01DK085524,TRUE,TRUE
Ralph A DeFronzo,U19AG057758,TRUE,TRUE
Ralph R Miller,R01MH033881,FALSE,TRUE
Ralph S Baric,M01RR000046,FALSE,TRUE
Ralph S Baric,P01AI059443,FALSE,TRUE
Ralph S Baric,P01AI106695,FALSE,TRUE
Ralph S Baric,P01AI167966,FALSE,TRUE
Ralph S Baric,R01AI023946,FALSE,TRUE
Ralph S Baric,R01AI056351,FALSE,TRUE
Ralph S Baric,R01AI059136,FALSE,TRUE
Ralph S Baric,R01AI061819,FALSE,TRUE
Ralph S Baric,R01AI075297,FALSE,TRUE
Ralph S Baric,R01AI108197,FALSE,TRUE
Ralph S Baric,R01AI110700,FALSE,TRUE
Ralph S Baric,R01AI132178,FALSE,TRUE
Ralph S Baric,R01AI148260,FALSE,TRUE
Ralph S Baric,R01AI157155,FALSE,TRUE
Ralph S Baric,R01AI157253,FALSE,TRUE
Ralph S Baric,R01GM063228,FALSE,TRUE
Ralph S Baric,R21AI135682,FALSE,TRUE
Ralph S Baric,R21NS063854,FALSE,TRUE
Ralph S Baric,R56AI106006,FALSE,TRUE
Ralph S Baric,U01AI149644,FALSE,TRUE
Ralph S Baric,U19AI100625,FALSE,TRUE
Ralph S Baric,U19AI107810,FALSE,TRUE
Ralph S Baric,U19AI109761,FALSE,TRUE
Ralph S Baric,U19AI116484,FALSE,TRUE
Ralph S Baric,U19AI171292,FALSE,TRUE
Ralph S Baric,U54AI081680,FALSE,TRUE
Ralph S Baric,U54CA260543,FALSE,TRUE
Ram R Miller,K23AG027746,FALSE,TRUE
Rama Natarajan,DP3DK106917,TRUE,TRUE
Rama Natarajan,M01RR000043,TRUE,TRUE
Rama Natarajan,P01HL055798,TRUE,TRUE
Rama Natarajan,R01DK058191,TRUE,TRUE
Rama Natarajan,R01DK065073,TRUE,TRUE
Rama Natarajan,R01DK081705,TRUE,TRUE
Rama Natarajan,R01DK143577,TRUE,TRUE
Rama Natarajan,R01HL087864,TRUE,TRUE
Rama Natarajan,R01HL106089,TRUE,TRUE
Rama Natarajan,R21DK076669,TRUE,TRUE
Rama Natarajan,R29HL048920,TRUE,TRUE
Rama Natarajan,T32DK131943,TRUE,TRUE
Ramakrishna Vankayalapati,R01AI054629,FALSE,TRUE
Ramakrishna Vankayalapati,R01AI088201,FALSE,TRUE
Ramakrishna Vankayalapati,R01AI123310,FALSE,TRUE
Ramakrishna Vankayalapati,R01AI142672,FALSE,TRUE
Ramakrishna Vankayalapati,R21AI073612,FALSE,TRUE
Ramakrishna Vankayalapati,R21AI094692,FALSE,TRUE
Ramakrishna Vankayalapati,R21AI120257,FALSE,TRUE
Ramakrishna Vankayalapati,R21AI127178,FALSE,TRUE
Ramakrishna Vankayalapati,R56AI085135,FALSE,TRUE
Ramzi M Mohammad,R01CA079837,FALSE,TRUE
Ramzi M Mohammad,R01CA109389,FALSE,TRUE
Ramzi M Mohammad,R21CA169848,FALSE,TRUE
Ramzi M Mohammad,R21CA175974,FALSE,TRUE
Ramzi M Mohammad,R21CA188818,FALSE,TRUE
Ranadip Pal,R01GM122084,FALSE,TRUE
Randall H Kramer,P01DE013904,FALSE,TRUE
Randall H Kramer,P30CA082103,FALSE,TRUE
Randall H Kramer,P50DE010306,FALSE,TRUE
Randall H Kramer,P50DE011912,FALSE,TRUE
Randall H Kramer,P60DE013058,FALSE,TRUE
Randall H Kramer,R01CA033834,FALSE,TRUE
Randall H Kramer,R01CA051884,FALSE,TRUE
Randall H Kramer,R01DE010564,FALSE,TRUE
Randall H Kramer,R01DE011436,FALSE,TRUE
Randall H Kramer,R01DE013479,FALSE,TRUE
Randall H Kramer,R01DE015404,FALSE,TRUE
Randall H Kramer,R01DE022565,FALSE,TRUE
Randall H Kramer,R56DE011436,FALSE,TRUE
Randolph S Watnick,R01CA135417,FALSE,TRUE
Rao Muralikrishna Adibhatla,R01NS042008,FALSE,TRUE
Rao Muralikrishna Adibhatla,R01NS063959,FALSE,TRUE
Raphael B Stricker,R01AI024288,FALSE,TRUE
Raphael Pinaud,R01DC010181,FALSE,TRUE
Raphael Pinaud,R21DC010033,FALSE,TRUE
Ravi Dhar,Z01BC005643,FALSE,TRUE
Ravi Dhar,ZIABC005643,FALSE,TRUE
Ravi Kumar Birla,R01EB011516,FALSE,TRUE
Ravi Radhakrishnan,P41RR006009,FALSE,TRUE
Ravi Radhakrishnan,R01CA244660,FALSE,TRUE
Ravi Radhakrishnan,U01CA227550,FALSE,TRUE
Ravi Radhakrishnan,U01CA250044,FALSE,TRUE
Ravi Radhakrishnan,U01EB016027,FALSE,TRUE
Ravi Radhakrishnan,U54CA193417,FALSE,TRUE
Raymond C Stevens,F32GM013501,TRUE,TRUE
Raymond C Stevens,P01DA017259,TRUE,TRUE
Raymond C Stevens,P01DA035764,TRUE,TRUE
Raymond C Stevens,P01GM051487,TRUE,TRUE
Raymond C Stevens,P41RR001209,TRUE,TRUE
Raymond C Stevens,P41RR017573,TRUE,TRUE
Raymond C Stevens,P50GM062411,TRUE,TRUE
Raymond C Stevens,P50GM073197,TRUE,TRUE
Raymond C Stevens,R01AI039089,TRUE,TRUE
Raymond C Stevens,R01DA041435,TRUE,TRUE
Raymond C Stevens,R01DA045020,TRUE,TRUE
Raymond C Stevens,R01HD038718,TRUE,TRUE
Raymond C Stevens,R13GM082172,TRUE,TRUE
Raymond C Stevens,R21AI039089,TRUE,TRUE
Raymond C Stevens,R21CA192029,TRUE,TRUE
Raymond C Stevens,S10RR019293,TRUE,TRUE
Raymond C Stevens,U01NS051353,TRUE,TRUE
Raymond C Stevens,U54AI065359,TRUE,TRUE
Raymond C Stevens,U54GM074898,TRUE,TRUE
Raymond C Stevens,U54GM094618,TRUE,TRUE
Raymond Niaura,P50CA084719,FALSE,TRUE
Raymond Niaura,R01DA018079,FALSE,TRUE
Raymond Niaura,R21CA260423,FALSE,TRUE
Raymond Niaura,U54CA189222,FALSE,TRUE
Rebecca G Rogers,M01RR000997,FALSE,TRUE
Rebecca G Rogers,R01HD049819,FALSE,TRUE
Rebecca G Rogers,U10HD069025,FALSE,TRUE
Rebekah Levine Coley,R01MD015729,FALSE,TRUE
Rebekah Levine Coley,R03HD042073,FALSE,TRUE
Rebekah Levine Coley,R03HD055229,FALSE,TRUE
Rebekah Levine Coley,R03HD057294,FALSE,TRUE
Reed B Wickner,Z01DK024940,FALSE,TRUE
Reed B Wickner,Z01DK024943,FALSE,TRUE
Reed B Wickner,Z01DK024948,FALSE,TRUE
Reed B Wickner,Z01DK024949,FALSE,TRUE
Reed B Wickner,Z01DK024950,FALSE,TRUE
Reed B Wickner,Z01DK024951,FALSE,TRUE
Reed B Wickner,ZIADK024948,FALSE,TRUE
Reed B Wickner,ZIADK024949,FALSE,TRUE
Reed B Wickner,ZIADK024950,FALSE,TRUE
Reed B Wickner,ZIADK024951,FALSE,TRUE
Reed B Wickner,ZIADK024964,FALSE,TRUE
Reed B Wickner,ZIADK075018,FALSE,TRUE
Reema S Wahdan-Alaswad,F31CA142311,FALSE,TRUE
Renuka M Prasad,R01NS031816,FALSE,TRUE
Renuka M Prasad,R01NS034264,FALSE,TRUE
Renuka M Prasad,R55NS031816,FALSE,TRUE
Reza Mehvar,R01GM069869,FALSE,TRUE
Reza Mehvar,R15GM049385,FALSE,TRUE
Reza Mehvar,R15GM057611,FALSE,TRUE
Richard A Cohen,M01RR002635,TRUE,TRUE
Richard A Cohen,P01HL055854,TRUE,TRUE
Richard A Cohen,P01HL068758,TRUE,TRUE
Richard A Cohen,P01HL081587,TRUE,TRUE
Richard A Cohen,P41RR010888,TRUE,TRUE
Richard A Cohen,P50HL055993,TRUE,TRUE
Richard A Cohen,R01AG027080,TRUE,TRUE
Richard A Cohen,R01HL030668,TRUE,TRUE
Richard A Cohen,R01HL031607,TRUE,TRUE
Richard A Cohen,R01HL038731,TRUE,TRUE
Richard A Cohen,R01HL055620,TRUE,TRUE
Richard A Cohen,R01HL068812,TRUE,TRUE
Richard A Cohen,R01HL105287,TRUE,TRUE
Richard A Cohen,R21DK084390,TRUE,TRUE
Richard A Cohen,R37HL104017,TRUE,TRUE
Richard A Cohen,S07RR005487,TRUE,TRUE
Richard A Cohen,X98SM003397,TRUE,FALSE
Richard A Flavell,P01AI030548,TRUE,TRUE
Richard A Flavell,P01AI036529,TRUE,TRUE
Richard A Flavell,P01DK053015,TRUE,TRUE
Richard A Flavell,P01HL056389,TRUE,TRUE
Richard A Flavell,P30DK045735,TRUE,TRUE
Richard A Flavell,P50CA121974,TRUE,TRUE
Richard A Flavell,P50HL056389,TRUE,TRUE
Richard A Flavell,R01AA031489,TRUE,TRUE
Richard A Flavell,R01AI024562,TRUE,TRUE
Richard A Flavell,R01AI029902,TRUE,TRUE
Richard A Flavell,R01AI053279,TRUE,TRUE
Richard A Flavell,R01AI082030,TRUE,TRUE
Richard A Flavell,R01AI127865,TRUE,TRUE
Richard A Flavell,R01CA156689,TRUE,TRUE
Richard A Flavell,R01CA195712,TRUE,TRUE
Richard A Flavell,R01CA204115,TRUE,TRUE
Richard A Flavell,R01CA224023,TRUE,TRUE
Richard A Flavell,R01CA248277,TRUE,TRUE
Richard A Flavell,R01DK051665,TRUE,TRUE
Richard A Flavell,R01DK064312,TRUE,TRUE
Richard A Flavell,R01DK066338,TRUE,TRUE
Richard A Flavell,R03AI159275,TRUE,TRUE
Richard A Flavell,R03TW006833,TRUE,TRUE
Richard A Flavell,R21AA029206,TRUE,TRUE
Richard A Flavell,R21AA031889,TRUE,TRUE
Richard A Flavell,R21AI110776,TRUE,TRUE
Richard A Flavell,R21AI178249,TRUE,TRUE
Richard A Flavell,R21AI180408,TRUE,TRUE
Richard A Flavell,R33AR073048,TRUE,TRUE
Richard A Flavell,R43AI024990,TRUE,TRUE
Richard A Flavell,R61AR073048,TRUE,TRUE
Richard A Flavell,RC1HL100738,TRUE,TRUE
Richard A Flavell,U54DK106857,TRUE,TRUE
Richard A Flavell,UG3CA290302,TRUE,TRUE
Richard B Rothman,Z01DA000119,FALSE,TRUE
Richard B Rothman,Z01DA000120,FALSE,TRUE
Richard B Rothman,Z01DA000121,FALSE,TRUE
Richard Baldwin,261200900077C,TRUE,FALSE
Richard Baldwin,272201700074C,TRUE,FALSE
Richard Baldwin,75N93019C00020,TRUE,FALSE
Richard Baldwin,75N93019C00030,TRUE,FALSE
Richard Baldwin,D32PE016028,TRUE,FALSE
Richard D Schulick,K23CA104160,FALSE,TRUE
Richard D Schulick,P30CA046934,FALSE,TRUE
Richard D Schulick,R01CA112160,FALSE,TRUE
Richard D Vierstra,R01GM124452,FALSE,TRUE
Richard D Vierstra,R01GM127892,FALSE,TRUE
Richard Essner,R01CA120228,FALSE,TRUE
Richard F Seegal,P01ES011263,TRUE,TRUE
Richard F Seegal,P42ES004913,TRUE,TRUE
Richard F Seegal,R01ES003884,TRUE,TRUE
Richard F Seegal,R01ES007921,TRUE,TRUE
Richard F Seegal,R01ES014675,TRUE,TRUE
Richard F Seegal,R01ES015688,TRUE,TRUE
Richard F Seegal,R21ES013269,TRUE,TRUE
Richard H Goodman,P01DK044239,FALSE,TRUE
Richard H Goodman,P30DK034928,FALSE,TRUE
Richard H Goodman,P30NS069305,FALSE,TRUE
Richard H Goodman,R01AG055431,FALSE,TRUE
Richard H Goodman,R01AM031400,FALSE,TRUE
Richard H Goodman,R01CA037370,FALSE,TRUE
Richard H Goodman,R01DA019456,FALSE,TRUE
Richard H Goodman,R01DK031400,FALSE,TRUE
Richard H Goodman,R01DK050014,FALSE,TRUE
Richard H Goodman,R01HL038940,FALSE,TRUE
Richard H Goodman,R01MH094416,FALSE,TRUE
Richard H Goodman,R01MH099099,FALSE,TRUE
Richard H Goodman,R01NS054742,FALSE,TRUE
Richard H Goodman,R01NS080979,FALSE,TRUE
Richard H Goodman,R03DK039717,FALSE,TRUE
Richard H Goodman,R21HL111397,FALSE,TRUE
Richard H Goodman,R21NS079317,FALSE,TRUE
Richard H Goodman,R37DK045423,FALSE,TRUE
Richard H Goodman,RC1NS067811,FALSE,TRUE
Richard H Goodman,S07RR007238,FALSE,TRUE
Richard H Goodman,S15DK043445,FALSE,TRUE
Richard H Goodman,S15DK044707,FALSE,TRUE
Richard H Goodman,T32DK007680,FALSE,TRUE
Richard J Kovacs,K08HL002004,FALSE,TRUE
Richard J Kovacs,T35HL007806,FALSE,TRUE
Richard J Youle,Z01NS002674,TRUE,TRUE
Richard J Youle,Z01NS002859,TRUE,TRUE
Richard J Youle,ZIANS002674,TRUE,TRUE
Richard J Youle,ZIANS002859,TRUE,TRUE
Richard J Youle,ZIANS003051,TRUE,TRUE
Richard J Youle,ZIANS003052,TRUE,TRUE
Richard J Youle,ZIANS003053,TRUE,TRUE
Richard J Youle,ZIANS003123,TRUE,TRUE
Richard J Youle,ZIANS003127,TRUE,TRUE
Richard J Youle,ZIANS009464,TRUE,TRUE
Richard L Auten,P60DE013079,FALSE,TRUE
Richard L Auten,R01HL067021,FALSE,TRUE
Richard L Eckert,P30AR039750,FALSE,TRUE
Richard L Eckert,R01AR041456,FALSE,TRUE
Richard L Eckert,R01AR045357,FALSE,TRUE
Richard L Eckert,R01AR046494,FALSE,TRUE
Richard L Eckert,R01AR049713,FALSE,TRUE
Richard L Eckert,R01AR053851,FALSE,TRUE
Richard L Eckert,R01CA092201,FALSE,TRUE
Richard L Eckert,R01CA131074,FALSE,TRUE
Richard L Eckert,R01CA184027,FALSE,TRUE
Richard L Eckert,R01CA211909,FALSE,TRUE
Richard L Eckert,R01GM043751,FALSE,TRUE
Richard L Eckert,R21AR065266,FALSE,TRUE
Richard L Eckert,R55AR041456,FALSE,TRUE
Richard R Neubig,M01RR000042,FALSE,TRUE
Richard R Neubig,R01DA023252,FALSE,TRUE
Richard R Neubig,R01GM039561,FALSE,TRUE
Richard R Neubig,R01GM110195,FALSE,TRUE
Richard R Neubig,R01GM115459,FALSE,TRUE
Richard R Neubig,R01HL037551,FALSE,TRUE
Richard R Neubig,R01HL046417,FALSE,TRUE
Richard R Neubig,R03MH087441,FALSE,TRUE
Richard R Neubig,R21GM059462,FALSE,TRUE
Richard R Neubig,R21NS057014,FALSE,TRUE
Richard R Neubig,R21NS067617,FALSE,TRUE
Richard R Neubig,R33NS111347,FALSE,TRUE
Richard R Neubig,R61NS111347,FALSE,TRUE
Richard R Neubig,T32GM092715,FALSE,TRUE
Richard R Neubig,T32GM142521,FALSE,TRUE
Rob Knight,DP1AT010885,FALSE,TRUE
Rob Knight,P01DK078669,FALSE,TRUE
Rob Knight,P30DK120515,FALSE,TRUE
Rob Knight,P30MH062512,FALSE,TRUE
Rob Knight,R01AI192662,FALSE,TRUE
Rob Knight,R01CA241728,FALSE,TRUE
Rob Knight,R01HG004872,FALSE,TRUE
Rob Knight,R01HL140976,FALSE,TRUE
Rob Knight,R01MD011389,FALSE,TRUE
Rob Knight,U19AG063744,FALSE,TRUE
Rob Knight,U24DK131617,FALSE,TRUE
Rob MacLeod,U54EB005149,FALSE,TRUE
Robert A Clark,I01BX000117,TRUE,FALSE
Robert A Clark,I01BX003157,TRUE,FALSE
Robert A Clark,IP1CX000875,TRUE,FALSE
Robert A Clark,K12DK001295,TRUE,FALSE
Robert A Clark,KL2RR025766,TRUE,FALSE
Robert A Clark,KL2TR000118,TRUE,FALSE
Robert A Clark,KL2TR001118,TRUE,FALSE
Robert A Clark,M01RR001346,TRUE,FALSE
Robert A Clark,P01AI028412,TRUE,FALSE
Robert A Clark,P30AG044271,TRUE,FALSE
Robert A Clark,R01AG019519,TRUE,FALSE
Robert A Clark,R01AI020866,TRUE,FALSE
Robert A Clark,R13AI041537,TRUE,FALSE
Robert A Clark,R13AI091295,TRUE,FALSE
Robert A Clark,R13AI124455,TRUE,FALSE
Robert A Clark,R13HL102898,TRUE,FALSE
Robert A Clark,R13HL114232,TRUE,FALSE
Robert A Clark,R37AI020866,TRUE,FALSE
Robert A Clark,T32AI007343,TRUE,FALSE
Robert A Clark,TL1TR001119,TRUE,FALSE
Robert A Clark,UL1RR025767,TRUE,FALSE
Robert A Clark,UL1TR000149,TRUE,FALSE
Robert A Clark,UL1TR001120,TRUE,FALSE
Robert A Clark,UL1TR002645,TRUE,FALSE
Robert A Clark,UM1TR004538,TRUE,FALSE
Robert A Hegele,M01RR000102,TRUE,FALSE
Robert A Hegele,R13HL093789,TRUE,FALSE
Robert A Kloner,R01AG063857,TRUE,FALSE
Robert A Kloner,R01HL061488,TRUE,FALSE
Robert A Kloner,R01HL073709,TRUE,FALSE
Robert A Kloner,R01HL144258,TRUE,FALSE
Robert A Kloner,R03AA012258,TRUE,FALSE
Robert A Kloner,R21HL071965,TRUE,FALSE
Robert A Rissman,F32AG023433,FALSE,TRUE
Robert A Soslow,P01CA052477,FALSE,TRUE
Robert A Weinberg,P01CA038497,TRUE,TRUE
Robert A Weinberg,P01CA080111,TRUE,TRUE
Robert A Weinberg,R01CA039963,TRUE,TRUE
Robert A Weinberg,R01CA039964,TRUE,TRUE
Robert A Weinberg,R01CA078461,TRUE,TRUE
Robert A Weinberg,R13CA055385,TRUE,TRUE
Robert A Weinberg,R21CA087081,TRUE,TRUE
Robert A Weinberg,R21CA096689,TRUE,TRUE
Robert A Weinberg,R35CA039826,TRUE,TRUE
Robert A Weinberg,R35CA220487,TRUE,TRUE
Robert A Weinberg,RC1DE020817,TRUE,TRUE
Robert A Weinberg,S10RR009053,TRUE,TRUE
Robert A Weinberg,S10RR016895,TRUE,TRUE
Robert A Weinberg,T32CA009541,TRUE,TRUE
Robert A Weinberg,U01CA184897,TRUE,TRUE
Robert A Weinberg,U54CA126515,TRUE,TRUE
Robert A Weinberg,U54CA163109,TRUE,TRUE
Robert A Wise,K08HL000914,FALSE,TRUE
Robert A Wise,M01RR002719,FALSE,TRUE
Robert A Wise,N01HR046021,FALSE,TRUE
Robert A Wise,P50HL084945,FALSE,TRUE
Robert A Wise,P50HL107169,FALSE,TRUE
Robert A Wise,R01HL073494,FALSE,TRUE
Robert A Wise,R34HL132369,FALSE,TRUE
Robert A Wise,T32HL007534,FALSE,TRUE
Robert A Wise,U01HL050286,FALSE,TRUE
Robert A Wise,U01HL060597,FALSE,TRUE
Robert A Wise,U01HL072968,FALSE,TRUE
Robert A Wise,U01HL088367,FALSE,TRUE
Robert A Wise,U01HL089510,FALSE,TRUE
Robert A Wise,U01HL105569,FALSE,TRUE
Robert A Wise,U01HL108730,FALSE,TRUE
Robert A Wise,U01HL128951,FALSE,TRUE
Robert A Wise,U09HL013094,FALSE,TRUE
Robert A Wise,U10HL059274,FALSE,TRUE
Robert B Cameron,F30DK104550,FALSE,TRUE
Robert B Fogel,F32HL010246,FALSE,TRUE
Robert B Fogel,K23HL004400,FALSE,TRUE
Robert B Mellins,M01RR000645,TRUE,TRUE
Robert B Mellins,N01HR096043,TRUE,TRUE
Robert B Mellins,P30ES009089,TRUE,TRUE
Robert B Mellins,P50HL014218,TRUE,TRUE
Robert B Mellins,R01HL028907,TRUE,TRUE
Robert B Mellins,R01HL045304,TRUE,TRUE
Robert B Mellins,R01HL056348,TRUE,TRUE
Robert B Mellins,R18HL028907,TRUE,TRUE
Robert B Mellins,T32HL007421,TRUE,TRUE
Robert Brunner,N01WH42113,TRUE,FALSE
Robert Brunner,P41RR005969,TRUE,FALSE
Robert C Schlant,N01HC065049,FALSE,TRUE
Robert C Young,C06CA077875,TRUE,FALSE
Robert C Young,K02MH001192,TRUE,FALSE
Robert C Young,K02MH067028,TRUE,FALSE
Robert C Young,P20MH049762,TRUE,FALSE
Robert C Young,P30CA006927,TRUE,FALSE
Robert C Young,P30MH049762,TRUE,FALSE
Robert C Young,P50CA083638,TRUE,FALSE
Robert C Young,R01MH040726,TRUE,FALSE
Robert C Young,R01MH042522,TRUE,FALSE
Robert C Young,R01MH052763,TRUE,FALSE
Robert C Young,R01MH065653,TRUE,FALSE
Robert C Young,R13CA057413,TRUE,FALSE
Robert C Young,R13CA062887,TRUE,FALSE
Robert C Young,S07RR005539,TRUE,FALSE
Robert C Young,S07RR005895,TRUE,FALSE
Robert C Young,S07RR018121,TRUE,FALSE
Robert C Young,S15AI030709,TRUE,FALSE
Robert C Young,S15AI032175,TRUE,FALSE
Robert C Young,S15CA053692,TRUE,FALSE
Robert C Young,S15CA056024,TRUE,FALSE
Robert C Young,U01MH068847,TRUE,FALSE
Robert C Young,U01MH074511,TRUE,FALSE
Robert C Young,U01MH086122,TRUE,FALSE
Robert D Hoeldtke,R01AG006481,FALSE,TRUE
Robert D Hoeldtke,R01AM032239,FALSE,TRUE
Robert D Hoeldtke,R01DK032239,FALSE,TRUE
Robert DeMars,P01AI034617,FALSE,TRUE
Robert E Akins,P20RR016472,TRUE,TRUE
Robert E Akins,R01HL108110,TRUE,TRUE
Robert E Akins,R03HD051738,TRUE,TRUE
Robert E Akins,U54GM104941,TRUE,TRUE
Robert E Akins,UG1OD024958,TRUE,TRUE
Robert F Phalen,R01HL039682,FALSE,TRUE
Robert F Phalen,R09OH000568,FALSE,TRUE
Robert F Phalen,R13ES012428,FALSE,TRUE
Robert F Phalen,T09OH007082,FALSE,TRUE
Robert G Webster,K23HL130554,TRUE,TRUE
Robert G Webster,N01AI002649,TRUE,TRUE
Robert G Webster,N01AI052586,TRUE,TRUE
Robert G Webster,N01AI095357,TRUE,TRUE
Robert G Webster,P01AI045142,TRUE,TRUE
Robert G Webster,R01AI008831,TRUE,TRUE
Robert G Webster,R01AI020591,TRUE,TRUE
Robert G Webster,R01AI029680,TRUE,TRUE
Robert G Webster,R01HL164773,TRUE,TRUE
Robert G Webster,R13AI048535,TRUE,TRUE
Robert G Webster,R21AI057570,TRUE,TRUE
Robert G Webster,R37AI008831,TRUE,TRUE
Robert G Webster,T32AI007372,TRUE,TRUE
Robert H Chiu,F32CA007972,FALSE,TRUE
Robert H Chiu,R01CA066746,FALSE,TRUE
Robert H Chiu,R29CA054381,FALSE,TRUE
Robert H Getzenberg,P01HD039768,FALSE,TRUE
Robert H Getzenberg,P30CA047904,FALSE,TRUE
Robert H Getzenberg,P50DK082998,FALSE,TRUE
Robert H Getzenberg,R01CA082522,FALSE,TRUE
Robert H Getzenberg,R01CA096105,FALSE,TRUE
Robert H Getzenberg,R01DK052697,FALSE,TRUE
Robert H Getzenberg,R03HD035878,FALSE,TRUE
Robert H Getzenberg,R13CA097015,FALSE,TRUE
Robert H Getzenberg,R29CA065463,FALSE,TRUE
Robert H Getzenberg,R55CA065463,FALSE,TRUE
Robert H Getzenberg,U01CA152753,FALSE,TRUE
Robert H Getzenberg,U01DK063593,FALSE,TRUE
Robert H Getzenberg,U54CA143803,FALSE,TRUE
Robert H Mealey,K02AI073101,FALSE,TRUE
Robert H Mealey,K08AI001575,FALSE,TRUE
Robert H Mealey,R21AI058787,FALSE,TRUE
Robert H Mealey,R21AI060395,FALSE,TRUE
Robert H Mealey,R21AI067125,FALSE,TRUE
Robert H Mealey,R21AI126304,FALSE,TRUE
Robert H Pietrzak,I01CX001538,FALSE,TRUE
Robert H Pietrzak,R01MH110674,FALSE,TRUE
Robert H Pietrzak,R01MH118728,FALSE,TRUE
Robert H Pietrzak,R01MH132137,FALSE,TRUE
Robert H Pietrzak,U01OH010407,FALSE,TRUE
Robert H Pietrzak,U01OH010729,FALSE,TRUE
Robert H Pietrzak,U01OH010986,FALSE,TRUE
Robert H Pietrzak,U01OH011473,FALSE,TRUE
Robert H Schiestl,K02ES000299,FALSE,TRUE
Robert H Schiestl,R01CA082473,FALSE,TRUE
Robert H Schiestl,R01ES006593,FALSE,TRUE
Robert H Schiestl,R01ES007694,FALSE,TRUE
Robert H Schiestl,R01ES009519,FALSE,TRUE
Robert H Schiestl,R03RR008112,FALSE,TRUE
Robert H Schiestl,R03TW007166,FALSE,TRUE
Robert H Schiestl,R21ES013547,FALSE,TRUE
Robert H Schiestl,R21ES013713,FALSE,TRUE
Robert H Schiestl,R41ES009038,FALSE,TRUE
Robert H Schiestl,R56AI094756,FALSE,TRUE
Robert H Schiestl,U19AI067769,FALSE,TRUE
Robert J Goldberg,R01HL032821,FALSE,TRUE
Robert J Goldberg,R01HL035434,FALSE,TRUE
Robert J Goldberg,R01HL070283,FALSE,TRUE
Robert J Goldberg,R01HL077248,FALSE,TRUE
Robert J Goldberg,R01HL135219,FALSE,TRUE
Robert J Goldberg,R03HS009830,FALSE,TRUE
Robert J Goldberg,R37HL069874,FALSE,TRUE
Robert J Goldberg,R56HL035434,FALSE,TRUE
Robert J Goldberg,U01HL054517,FALSE,TRUE
Robert J Motzer,K24CA082431,FALSE,TRUE
Robert J Motzer,R01CA121327,FALSE,TRUE
Robert J North,R01AI037844,TRUE,TRUE
Robert J North,R01AI040071,TRUE,TRUE
Robert J North,R01AI069161,TRUE,TRUE
Robert J North,R01CA016642,TRUE,TRUE
Robert J North,R01CA027794,TRUE,TRUE
Robert J North,R01HL051960,TRUE,TRUE
Robert J North,R01HL064565,TRUE,TRUE
Robert J North,R13AI022432,TRUE,TRUE
Robert J North,R21AI059557,TRUE,TRUE
Robert J North,S07RR005705,TRUE,TRUE
Robert J North,S10RR004088,TRUE,TRUE
Robert J North,S15AI025387,TRUE,TRUE
Robert J North,S15AI027343,TRUE,TRUE
Robert J North,S15AI029025,TRUE,TRUE
Robert J North,S15AI030683,TRUE,TRUE
Robert J North,S15AI032194,TRUE,TRUE
Robert J North,S15CA058792,TRUE,TRUE
Robert J Wechsler-Reya,P30CA030199,FALSE,TRUE
Robert J Wechsler-Reya,P41RR005959,FALSE,TRUE
Robert J Wechsler-Reya,R01CA122759,FALSE,TRUE
Robert J Wechsler-Reya,R01CA159859,FALSE,TRUE
Robert J Wechsler-Reya,R01MH067916,FALSE,TRUE
Robert J Wechsler-Reya,R01NS052323,FALSE,TRUE
Robert J Wechsler-Reya,R01NS096368,FALSE,TRUE
Robert J Wechsler-Reya,R03NS067362,FALSE,TRUE
Robert J Wechsler-Reya,R35NS122339,FALSE,TRUE
Robert J Wechsler-Reya,R61NS116191,FALSE,TRUE
Robert L Hendricks,P30EY001792,TRUE,TRUE
Robert L Hendricks,P30EY008098,TRUE,TRUE
Robert L Hendricks,R01EY005945,TRUE,TRUE
Robert L Hendricks,R01EY010359,TRUE,TRUE
Robert L Hendricks,T32EY017271,TRUE,TRUE
Robert Levenson,P20DA025995,FALSE,TRUE
Robert Levenson,P50MH068789,FALSE,TRUE
Robert Levenson,R01CA038992,FALSE,TRUE
Robert Levenson,R01GM049023,FALSE,TRUE
Robert Levenson,R01HL039263,FALSE,TRUE
Robert Levenson,R21DA035608,FALSE,TRUE
Robert Levenson,T32ES007312,FALSE,TRUE
Robert Levenson,T32GM118294,FALSE,TRUE
Robert Levenson,T32GM149380,FALSE,TRUE
Robert M Russell,R01CA049195,FALSE,TRUE
Robert M Russell,T32AG000209,FALSE,TRUE
Robert M Russell,T32DK062032,FALSE,TRUE
Robert P Ryan,R01FD005093,FALSE,TRUE
Robert S DiPaola,P30CA072720,FALSE,TRUE
Robert S DiPaola,R01CA228236,FALSE,TRUE
Robert S DiPaola,R03CA077135,FALSE,TRUE
Robert S DiPaola,R03CA080654,FALSE,TRUE
Robert S DiPaola,U01CA132194,FALSE,TRUE
Robert S DiPaola,UM1CA186712,FALSE,TRUE
Robert S DiPaola,UM1CA186716,FALSE,TRUE
Robert S Sherwin,KL2RR024138,TRUE,TRUE
Robert S Sherwin,KL2TR000140,TRUE,TRUE
Robert S Sherwin,M01RR000125,TRUE,TRUE
Robert S Sherwin,M01RR006022,TRUE,TRUE
Robert S Sherwin,P01DK053015,TRUE,TRUE
Robert S Sherwin,P30DK045735,TRUE,TRUE
Robert S Sherwin,R01AM020495,TRUE,TRUE
Robert S Sherwin,R01DK020495,TRUE,TRUE
Robert S Sherwin,R01DK072409,TRUE,TRUE
Robert S Sherwin,R01DK085577,TRUE,TRUE
Robert S Sherwin,R21DK090764,TRUE,TRUE
Robert S Sherwin,R37DK020495,TRUE,TRUE
Robert S Sherwin,T32AM007058,TRUE,TRUE
Robert S Sherwin,T32DK007058,TRUE,TRUE
Robert S Sherwin,TL1RR024137,TRUE,TRUE
Robert S Sherwin,TL1TR000141,TRUE,TRUE
Robert S Sherwin,U13RR025975,TRUE,TRUE
Robert S Sherwin,U13TR000059,TRUE,TRUE
Robert S Sherwin,UL1RR024139,TRUE,TRUE
Robert S Sherwin,UL1TR000142,TRUE,TRUE
Robert S Sherwin,UL1TR001863,TRUE,TRUE
Robert T Clubb,R01AI052217,FALSE,TRUE
Robert T Clubb,R01AI121360,FALSE,TRUE
Robert T Clubb,R01AI161828,FALSE,TRUE
Robert T Clubb,R01GM057487,FALSE,TRUE
Robert T Clubb,S10OD011994,FALSE,TRUE
Robert T Clubb,S10OD016336,FALSE,TRUE
Robert T Clubb,S10OD038284,FALSE,TRUE
Robert T Clubb,S10RR022471,FALSE,TRUE
Robert T Kennedy,P41EB002030,FALSE,TRUE
Robert T Kennedy,R01DK046960,FALSE,TRUE
Robert T Kennedy,R01DK101473,FALSE,TRUE
Robert T Kennedy,R01EB003320,FALSE,TRUE
Robert T Kennedy,R01GM102236,FALSE,TRUE
Robert T Kennedy,R01GM150948,FALSE,TRUE
Robert T Kennedy,R01NS038476,FALSE,TRUE
Robert T Kennedy,R21DA057617,FALSE,TRUE
Robert T Kennedy,R37DK046960,FALSE,TRUE
Robert T Kennedy,R37EB003320,FALSE,TRUE
Robert T Kennedy,RF1NS128522,FALSE,TRUE
Robert T Kennedy,T32EB005582,FALSE,TRUE
Robert T Russell,F32DK077482,FALSE,TRUE
Robert T Russell,R13HD102128,FALSE,TRUE
Robert Tarran,P50HL084934,FALSE,TRUE
Robert Tarran,P50HL120100,FALSE,TRUE
Robert Tarran,R01HL074158,FALSE,TRUE
Robert Tarran,R01HL108927,FALSE,TRUE
Robert Tarran,R01HL135642,FALSE,TRUE
Robert Tarran,R21HL153698,FALSE,TRUE
Robert Tarran,R33HL173911,FALSE,TRUE
Robert Tarran,R41AI162083,FALSE,TRUE
Robert Tarran,R42AI155107,FALSE,TRUE
Robert Tarran,R61HL173911,FALSE,TRUE
Robert Tjian,R01AI020868,FALSE,TRUE
Robert Tjian,R01CA025417,FALSE,TRUE
Robert Tjian,R01CA034724,FALSE,TRUE
Robert Tjian,R01GM032856,FALSE,TRUE
Robert Tjian,R13GM047813,FALSE,TRUE
Robert Tjian,R37CA025417,FALSE,TRUE
Robert Weiss,N01ES35501,TRUE,FALSE
Robert Weiss,P30CA042014,TRUE,FALSE
Robert Weiss,R01AM023082,TRUE,FALSE
Robert Weiss,R01DK023082,TRUE,FALSE
Roberto Bolli,H75DP424252,TRUE,TRUE
Roberto Bolli,M01RR000350,TRUE,FALSE
Roberto Bolli,P01HL078825,TRUE,TRUE
Roberto Bolli,P50HL042267,TRUE,FALSE
Roberto Bolli,R01HL043151,TRUE,TRUE
Roberto Bolli,R01HL055757,TRUE,TRUE
Roberto Bolli,R01HL068088,TRUE,TRUE
Roberto Bolli,R01HL070897,TRUE,TRUE
Roberto Bolli,R01HL076794,TRUE,TRUE
Roberto Bolli,R37HL055757,TRUE,TRUE
Roberto Bolli,U24HL094373,TRUE,TRUE
Roberto Bolli,UM1HL113530,TRUE,TRUE
Roger J Colbran,P01NS044282,FALSE,TRUE
Roger J Colbran,R01MH063232,FALSE,TRUE
Roger J Colbran,R01MH107254,FALSE,TRUE
Roger J Colbran,R01NS037508,FALSE,TRUE
Roger J Colbran,R01NS078291,FALSE,TRUE
Roger J Colbran,R29GM047973,FALSE,TRUE
Roger J Colbran,T32MH065215,FALSE,TRUE
Roland Baron,P01HD019767,FALSE,TRUE
Roland Kupka,U58DP006253,FALSE,TRUE
Roman Perez-Soler,K12CA132783,FALSE,TRUE
Roman Perez-Soler,K24CA084119,FALSE,TRUE
Roman Perez-Soler,R01CA045423,FALSE,TRUE
Roman Perez-Soler,R01CA050270,FALSE,TRUE
Roman Perez-Soler,R01CA060496,FALSE,TRUE
Roman Perez-Soler,R01CA086845,FALSE,TRUE
Roman Perez-Soler,R01CA096515,FALSE,TRUE
Roman Perez-Soler,R01CA113630,FALSE,TRUE
Roman Perez-Soler,R01CA154755,FALSE,TRUE
Roman Perez-Soler,R03CA058342,FALSE,TRUE
Roman Perez-Soler,R42CA075761,FALSE,TRUE
Ron R Kopito,R01DK043994,FALSE,TRUE
Ron R Kopito,R01DK052795,FALSE,TRUE
Ron R Kopito,R01GM038543,FALSE,TRUE
Ron R Kopito,R01GM074874,FALSE,TRUE
Ron R Kopito,R01GM148477,FALSE,TRUE
Ron R Kopito,R01HL172845,FALSE,TRUE
Ron R Kopito,R01NS042842,FALSE,TRUE
Ron R Kopito,R13AG020544,FALSE,TRUE
Ron R Kopito,R13DK050174,FALSE,TRUE
Ron R Kopito,R21AG023608,FALSE,TRUE
Ron R Kopito,R21DK067640,FALSE,TRUE
Ron R Kopito,R56NS042842,FALSE,TRUE
Ronald A Ghossein,K08CA078611,FALSE,TRUE
Ronald A Ghossein,K22CA088812,FALSE,TRUE
Ronald A Ghossein,P50CA172012,FALSE,TRUE
Ronald Breslow,R01GM018754,FALSE,TRUE
Ronald C Kessler,K02MH000507,FALSE,TRUE
Ronald C Kessler,K05MH000507,FALSE,TRUE
Ronald C Kessler,R01DA011121,FALSE,TRUE
Ronald C Kessler,R01DA012058,FALSE,TRUE
Ronald C Kessler,R01DP000091,FALSE,TRUE
Ronald C Kessler,R01MH040136,FALSE,TRUE
Ronald C Kessler,R01MH041135,FALSE,TRUE
Ronald C Kessler,R01MH042714,FALSE,TRUE
Ronald C Kessler,R01MH046376,FALSE,TRUE
Ronald C Kessler,R01MH049098,FALSE,TRUE
Ronald C Kessler,R01MH052861,FALSE,TRUE
Ronald C Kessler,R01MH061941,FALSE,TRUE
Ronald C Kessler,R01MH070884,FALSE,TRUE
Ronald C Kessler,R01MH081832,FALSE,TRUE
Ronald C Kessler,R01MH101227,FALSE,TRUE
Ronald C Kessler,R01MH120648,FALSE,TRUE
Ronald C Kessler,R01MH121478,FALSE,TRUE
Ronald C Kessler,R03TW006481,FALSE,TRUE
Ronald C Kessler,R37MH042714,FALSE,TRUE
Ronald C Kessler,T32MH016806,FALSE,TRUE
Ronald C Kessler,U01MH054280,FALSE,TRUE
Ronald C Kessler,U01MH060220,FALSE,TRUE
Ronald C Kessler,U01MH110925,FALSE,TRUE
Ronald D Vale,P01AR042895,FALSE,TRUE
Ronald D Vale,P41RR001614,FALSE,TRUE
Ronald D Vale,R01EB007187,FALSE,TRUE
Ronald D Vale,R01GM038499,FALSE,TRUE
Ronald D Vale,R01GM049752,FALSE,TRUE
Ronald D Vale,R01GM097312,FALSE,TRUE
Ronald D Vale,R13DK069546,FALSE,TRUE
Ronald D Vale,R13GM085967,FALSE,TRUE
Ronald D Vale,R25GM116704,FALSE,TRUE
Ronald D Vale,R35GM118106,FALSE,TRUE
Ronald D Vale,R37GM038499,FALSE,TRUE
Ronald D Vale,U54GM064346,FALSE,TRUE
Ronald G Schwartz,K08HL001823,TRUE,TRUE
Ronald G Schwartz,M01RR000044,TRUE,TRUE
Ronald G Schwartz,S07RR005403,TRUE,TRUE
Ronald J Lukas,R01AI052463,TRUE,FALSE
Ronald J Lukas,R01DA007319,TRUE,FALSE
Ronald J Lukas,R01DA015389,TRUE,FALSE
Ronald J Lukas,R01NS016821,TRUE,FALSE
Ronald J Lukas,R01NS040417,TRUE,FALSE
Ronald J Lukas,R03AG005555,TRUE,FALSE
Ronald J Lukas,R21AG067029,TRUE,FALSE
Ronald J Lukas,R21NS082902,TRUE,FALSE
Ronald J Lukas,S07RR005872,TRUE,FALSE
Ronald J Lukas,U19DA019377,TRUE,FALSE
Ronald L Moy,R01CA056860,FALSE,TRUE
Ronald Levy,F06TW001116,TRUE,TRUE
Ronald Levy,K04DK001071,TRUE,TRUE
Ronald Levy,M01RR000070,TRUE,TRUE
Ronald Levy,P01CA034233,TRUE,TRUE
Ronald Levy,P01CA049605,TRUE,TRUE
Ronald Levy,P01HL057443,TRUE,TRUE
Ronald Levy,P20GM064375,TRUE,TRUE
Ronald Levy,P30CA124435,TRUE,TRUE
Ronald Levy,P41RR004293,TRUE,TRUE
Ronald Levy,P41RR006009,TRUE,TRUE
Ronald Levy,P41RR006892,TRUE,TRUE
Ronald Levy,P50GM103368,TRUE,TRUE
Ronald Levy,R01AI178849,TRUE,TRUE
Ronald Levy,R01CA033399,TRUE,TRUE
Ronald Levy,R01CA069521,TRUE,TRUE
Ronald Levy,R01CA151748,TRUE,TRUE
Ronald Levy,R01CA153248,TRUE,TRUE
Ronald Levy,R01CA188005,TRUE,TRUE
Ronald Levy,R01CA245533,TRUE,TRUE
Ronald Levy,R01CA250557,TRUE,TRUE
Ronald Levy,R01GM030580,TRUE,TRUE
Ronald Levy,R01GM052210,TRUE,TRUE
Ronald Levy,R01GM087012,TRUE,TRUE
Ronald Levy,R01HD031956,TRUE,TRUE
Ronald Levy,R35CA197353,TRUE,TRUE
Ronald Levy,R35GM132090,TRUE,TRUE
Ronald Levy,R37CA033399,TRUE,TRUE
Ronald Levy,R90DK071502,TRUE,TRUE
Ronald Levy,S10OD020095,TRUE,TRUE
Ronald Levy,S10RR002815,TRUE,TRUE
Ronald Levy,S10RR011420,TRUE,TRUE
Ronald Levy,S10RR022375,TRUE,TRUE
Ronald Levy,T32CA009287,TRUE,TRUE
Ronald Levy,T90DK070135,TRUE,TRUE
Ronald Levy,U01CA194389,TRUE,TRUE
Ronald Levy,U19CA072103,TRUE,TRUE
Ronald Levy,U54AI150472,TRUE,TRUE
Ronald Levy,U54CA149145,TRUE,TRUE
Ronald Levy,U54GM103368,TRUE,TRUE
Ronald R Bach,P01HL029019,FALSE,TRUE
Rong Zhang,K01MH096148,TRUE,FALSE
Rong Zhang,M01RR001346,TRUE,FALSE
Rong Zhang,P30AG092752,TRUE,FALSE
Rong Zhang,R01AG033106,TRUE,FALSE
Rong Zhang,R01AG049749,TRUE,FALSE
Rong Zhang,R01AG057571,TRUE,FALSE
Rong Zhang,R01AG058162,TRUE,FALSE
Rong Zhang,R01AG076660,TRUE,FALSE
Rong Zhang,R01HL102457,TRUE,FALSE
Rong Zhang,R01NS129934,TRUE,FALSE
Rong Zhang,R34AG061304,TRUE,FALSE
Rong Zhang,R56AG074613,TRUE,FALSE
Rong Zhang,RF1AG084134,TRUE,FALSE
Ross I Berbeco,R01CA188446,FALSE,TRUE
Ross I Berbeco,R01CA240804,FALSE,TRUE
Ross I Berbeco,R03CA164645,FALSE,TRUE
Ross I Berbeco,R21CA156068,FALSE,TRUE
Ross I Berbeco,R21CA188833,FALSE,TRUE
Ross I Berbeco,U54CA274516,FALSE,TRUE
Ross Zafonte,U01HD042678,FALSE,TRUE
Roy W Beck,K11EY000316,FALSE,TRUE
Roy W Beck,R01DK085591,FALSE,TRUE
Roy W Beck,R21EY011762,FALSE,TRUE
Roy W Beck,U01EY007212,FALSE,TRUE
Roy W Beck,U01HD041890,FALSE,TRUE
Roy W Beck,U09EY007085,FALSE,TRUE
Roy W Beck,U10EY007212,FALSE,TRUE
Roy W Beck,U10EY009435,FALSE,TRUE
Roy W Beck,U10EY009687,FALSE,TRUE
Roy W Beck,U10EY011751,FALSE,TRUE
Roy W Beck,U10EY012358,FALSE,TRUE
Roy W Beck,U10EY014231,FALSE,TRUE
Roy W Beck,U10HD041890,FALSE,TRUE
Roy W Beck,U24DK123768,FALSE,TRUE
Roy W Beck,UC4DK108612,FALSE,TRUE
Roza I Nurieva,R01AI083761,FALSE,TRUE
Roza I Nurieva,R01AI183604,FALSE,TRUE
Roza I Nurieva,R01CA284684,FALSE,TRUE
Roza I Nurieva,R01HL141966,FALSE,TRUE
Roza I Nurieva,R01HL143520,FALSE,TRUE
Roza I Nurieva,R03AI120027,FALSE,TRUE
Roza I Nurieva,R03CA219760,FALSE,TRUE
Roza I Nurieva,R03CA235009,FALSE,TRUE
Roza I Nurieva,R03CA286624,FALSE,TRUE
Roza I Nurieva,R21AI120012,FALSE,TRUE
Roza I Nurieva,R56AI125269,FALSE,TRUE
Rui Cao,K99EB034298,FALSE,TRUE
Rui Cao,R00EB034298,FALSE,TRUE
Rui Guo,K99DE031016,FALSE,TRUE
Rui Guo,R00DE031016,FALSE,TRUE
Rui Zhang,K22CA204464,TRUE,FALSE
Rui Zhang,R00AA030031,TRUE,FALSE
Rui Zhang,R01AG078154,TRUE,FALSE
Rui Zhang,R01AI179885,TRUE,FALSE
Rui Zhang,R01AT009457,TRUE,FALSE
Rui Zhang,R01CA287413,TRUE,FALSE
Rui Zhang,R01DK115629,TRUE,FALSE
Rui Zhang,R01GM138854,TRUE,FALSE
Rui Zhang,R21MD019134,TRUE,FALSE
Rui Zhang,R43GM103049,TRUE,FALSE
Rui Zhang,U01AT012871,TRUE,FALSE
Rui Zhang,U01FD008720,TRUE,FALSE
Russell A Brown,K11CA001607,FALSE,TRUE
Russell H Wiesner,M01RR000585,TRUE,TRUE
Russell H Wiesner,N01DK002253,TRUE,TRUE
Russell O Pieper,F32CA008685,FALSE,TRUE
Russell O Pieper,P01CA118816,FALSE,TRUE
Russell O Pieper,P50CA097257,FALSE,TRUE
Russell O Pieper,R01CA055064,FALSE,TRUE
Russell O Pieper,R01CA062389,FALSE,TRUE
Russell O Pieper,R01CA079496,FALSE,TRUE
Russell O Pieper,R01CA085352,FALSE,TRUE
Russell O Pieper,R01CA094989,FALSE,TRUE
Russell O Pieper,R01CA100011,FALSE,TRUE
Russell O Pieper,R01CA115638,FALSE,TRUE
Russell O Pieper,R01CA136774,FALSE,TRUE
Russell O Pieper,R01CA171610,FALSE,TRUE
Russell O Pieper,R01CA265983,FALSE,TRUE
Russell O Pieper,R01NS105087,FALSE,TRUE
Russell O Pieper,R29CA055064,FALSE,TRUE
Russell O Pieper,T32CA151022,FALSE,TRUE
Russell S Taichman,P01CA093900,FALSE,TRUE
Russell S Taichman,P30AR046024,FALSE,TRUE
Russell S Taichman,R01DE013701,FALSE,TRUE
Russell S Taichman,R01DK067688,FALSE,TRUE
Russell S Taichman,R01DK082481,FALSE,TRUE
Russell S Taichman,R03DE012122,FALSE,TRUE
Russell S Taichman,R29DE011283,FALSE,TRUE
Russell S Taichman,R43AR056893,FALSE,TRUE
Russell S Taichman,R44DE022493,FALSE,TRUE
Russell S Taichman,RC1DE020721,FALSE,TRUE
Russell S Taichman,U54CA163124,FALSE,TRUE
Ruth B Caldwell,I01BX001233,FALSE,TRUE
Ruth B Caldwell,I01BX003221,FALSE,TRUE
Ruth B Caldwell,IK6BX005228,FALSE,TRUE
Ruth B Caldwell,R01EY004618,FALSE,TRUE
Ruth B Caldwell,R01EY011766,FALSE,TRUE
Ruth B Caldwell,R01EY030500,FALSE,TRUE
Ruth B Caldwell,R01EY033369,FALSE,TRUE
Ruth B Caldwell,R01EY033737,FALSE,TRUE
Ruth B Caldwell,R01EY035683,FALSE,TRUE
Ruth B Caldwell,R21EY032265,FALSE,TRUE
Ruth B Caldwell,R24DK094765,FALSE,TRUE
Ruth B Caldwell,R43HL072700,FALSE,TRUE
Ruth Gabizon,P01AG002132,TRUE,FALSE
Ruth J Muschel,P01CA075138,FALSE,TRUE
Ruth J Muschel,R01CA046830,FALSE,TRUE
Ruth J Muschel,R01CA064805,FALSE,TRUE
Ruth J Muschel,R01CA089188,FALSE,TRUE
Ruth J Muschel,R01GM047439,FALSE,TRUE
Ruth J Muschel,U54CA105008,FALSE,TRUE
Ruth Lehmann,R01HD041900,FALSE,TRUE
Ruth Lehmann,R01HD110546,FALSE,TRUE
Ruth Lehmann,R37HD041900,FALSE,TRUE
Ruth Lehmann,T32CA160002,FALSE,TRUE
Ruth Lehmann,T32HD007520,FALSE,TRUE
Ryan C Hunter,K99HL114862,FALSE,TRUE
Ryan C Hunter,R00HL114862,FALSE,TRUE
Ryan C Hunter,R01AI177613,FALSE,TRUE
Ryan C Hunter,R01HL136919,FALSE,TRUE
Ryan C Hunter,R61CA291168,FALSE,TRUE
Ryuji Yamaguchi,P41RR004050,FALSE,TRUE
S. Li,Z01ES060099,TRUE,FALSE
S. Li,Z01ES061019,TRUE,FALSE
S. Li,Z01ES061032,TRUE,FALSE
Saad B Omer,D43TW007585,FALSE,TRUE
Saad B Omer,R01AI110482,FALSE,TRUE
Saad B Omer,R01AI125405,FALSE,TRUE
Saad B Omer,R01AI161399,FALSE,TRUE
Saad B Omer,R01HD097175,FALSE,TRUE
Saad B Omer,R01MD016853,FALSE,TRUE
Saad B Omer,R34AI091437,FALSE,TRUE
Saad B Omer,U01CK000572,FALSE,TRUE
Saad B Omer,U01IP001110,FALSE,TRUE
Sabina Signoretti,P30CA006516,FALSE,TRUE
Sabina Signoretti,P50CA101942,FALSE,TRUE
Sabina Signoretti,R01CA266424,FALSE,TRUE
Sabina Signoretti,R01DK089975,FALSE,TRUE
Sabina Signoretti,R21CA238053,FALSE,TRUE
Sabina Signoretti,R21DK072152,FALSE,TRUE
Sabzali Javadov,R16GM145390,FALSE,TRUE
Sabzali Javadov,SC1GM128210,FALSE,TRUE
Sabzali Javadov,SC1HL118669,FALSE,TRUE
Sailen Barik,R01AI045803,FALSE,TRUE
Sailen Barik,R01AI059267,FALSE,TRUE
Sailen Barik,R01EY013826,FALSE,TRUE
Sailen Barik,R15AI109569,FALSE,TRUE
Sailen Barik,R29AI037938,FALSE,TRUE
Sailen Barik,S10OD010381,FALSE,TRUE
Saima Riazuddin,R01DC011748,FALSE,TRUE
Saima Riazuddin,R01DC011803,FALSE,TRUE
Saima Riazuddin,R01NS107428,FALSE,TRUE
Saima Riazuddin,R56DC011803,FALSE,TRUE
Sally C Stearns,R01AG025801,FALSE,TRUE
Sally C Stearns,R03DE017350,FALSE,TRUE
Sally Temple,R01AG041861,FALSE,TRUE
Sally Temple,R01AG056293,FALSE,TRUE
Sally Temple,R01EY022079,FALSE,TRUE
Sally Temple,R01EY032138,FALSE,TRUE
Sally Temple,R01NS033529,FALSE,TRUE
Sally Temple,R01NS051531,FALSE,TRUE
Sally Temple,R01NS072434,FALSE,TRUE
Sally Temple,R01NS074047,FALSE,TRUE
Sally Temple,R01NS123568,FALSE,TRUE
Sally Temple,R21NS077045,FALSE,TRUE
Sally Temple,R35NS097277,FALSE,TRUE
Sally Temple,R37NS033529,FALSE,TRUE
Sally Temple,R61NS138655,FALSE,TRUE
Sally Temple,RF1AG042932,FALSE,TRUE
Sally Temple,RF1NS123568,FALSE,TRUE
Sally Temple,RF1NS142335,FALSE,TRUE
Sally Temple,U01AG072464,FALSE,TRUE
Salvatore Oddo,K99AG029729,FALSE,TRUE
Salvatore Oddo,R00AG029729,FALSE,TRUE
Salvatore Oddo,R01AG037637,FALSE,TRUE
Salvatore Oddo,R01AG057596,FALSE,TRUE
Salvatore Oddo,R21NS096375,FALSE,TRUE
Salvatore Oddo,RF1AG037637,FALSE,TRUE
Salvatore Oddo,RF1AG063409,FALSE,TRUE
Salvatore Oddo,RF1AG063454,FALSE,TRUE
Salvatore V Pizzo,P30CA014236,TRUE,TRUE
Salvatore V Pizzo,P50NS020023,TRUE,TRUE
Salvatore V Pizzo,R01CA086344,TRUE,TRUE
Salvatore V Pizzo,R01CA131235,TRUE,TRUE
Salvatore V Pizzo,R01HL024066,TRUE,TRUE
Salvatore V Pizzo,R01HL031932,TRUE,TRUE
Salvatore V Pizzo,R01HL043339,TRUE,TRUE
Salvatore V Pizzo,R13HL048578,TRUE,TRUE
Salvatore V Pizzo,R21AI053292,TRUE,TRUE
Salvatore V Pizzo,R37HL024066,TRUE,TRUE
Salvatore V Pizzo,T32GM007171,TRUE,TRUE
Salvatore V Pizzo,U01AI189426,TRUE,TRUE
Salvatore V Pizzo,U09HL020609,TRUE,TRUE
Salvatore Vincent Pizzo,P30CA014236,TRUE,TRUE
Salvatore Vincent Pizzo,P50NS020023,TRUE,TRUE
Salvatore Vincent Pizzo,R01CA086344,TRUE,TRUE
Salvatore Vincent Pizzo,R01CA131235,TRUE,TRUE
Salvatore Vincent Pizzo,R01HL024066,TRUE,TRUE
Salvatore Vincent Pizzo,R01HL031932,TRUE,TRUE
Salvatore Vincent Pizzo,R01HL043339,TRUE,TRUE
Salvatore Vincent Pizzo,R13HL048578,TRUE,TRUE
Salvatore Vincent Pizzo,R21AI053292,TRUE,TRUE
Salvatore Vincent Pizzo,R37HL024066,TRUE,TRUE
Salvatore Vincent Pizzo,T32GM007171,TRUE,TRUE
Salvatore Vincent Pizzo,U01AI189426,TRUE,TRUE
Salvatore Vincent Pizzo,U09HL020609,TRUE,TRUE
Sam S Yoon,R01CA158301,FALSE,TRUE
Sam S Yoon,R21CA117128,FALSE,TRUE
Sam W Lee,P30AG013314,FALSE,TRUE
Sam W Lee,R01CA066271,FALSE,TRUE
Sam W Lee,R01CA078356,FALSE,TRUE
Sam W Lee,R01CA082211,FALSE,TRUE
Sam W Lee,R01CA085681,FALSE,TRUE
Sam W Lee,R01CA097216,FALSE,TRUE
Sam W Lee,R01CA127247,FALSE,TRUE
Sam W Lee,R01CA142805,FALSE,TRUE
Sam W Lee,R01CA149477,FALSE,TRUE
Sam W Lee,R01CA195534,FALSE,TRUE
Sam W Lee,R01CA203552,FALSE,TRUE
Sam W Lee,R01CA210560,FALSE,TRUE
Sam W Lee,R03AG014174,FALSE,TRUE
Samara L Reck-Peterson,DP2OD004268,FALSE,TRUE
Samara L Reck-Peterson,F32GM067403,FALSE,TRUE
Samara L Reck-Peterson,R01GM100947,FALSE,TRUE
Samara L Reck-Peterson,R01GM107214,FALSE,TRUE
Samara L Reck-Peterson,R01GM121772,FALSE,TRUE
Samara L Reck-Peterson,R35GM141825,FALSE,TRUE
Samarjit Das,U18TR003780,FALSE,TRUE
Samina Salim,R15MH093918,FALSE,TRUE
Samithamby Jeyaseelan,P20GM130555,FALSE,TRUE
Samithamby Jeyaseelan,P20RR020159,FALSE,TRUE
Samithamby Jeyaseelan,R01AI113720,FALSE,TRUE
Samithamby Jeyaseelan,R01AI140500,FALSE,TRUE
Samithamby Jeyaseelan,R01AI157353,FALSE,TRUE
Samithamby Jeyaseelan,R01AI180123,FALSE,TRUE
Samithamby Jeyaseelan,R01HL091958,FALSE,TRUE
Samithamby Jeyaseelan,R21AI133681,FALSE,TRUE
Samson T Jacob,P01CA101956,FALSE,TRUE
Samson T Jacob,R01CA025078,FALSE,TRUE
Samson T Jacob,R01CA031894,FALSE,TRUE
Samson T Jacob,R01CA061321,FALSE,TRUE
Samson T Jacob,R01CA081024,FALSE,TRUE
Samson T Jacob,R01CA086978,FALSE,TRUE
Samson T Jacob,R01ES010874,FALSE,TRUE
Samson T Jacob,R21AA016677,FALSE,TRUE
Samson T Jacob,R21CA122523,FALSE,TRUE
Samson T Jacob,R21CA152969,FALSE,TRUE
Samson T Jacob,S15CA053665,FALSE,TRUE
Samuel A Lee,I01BX001130,FALSE,TRUE
Samuel A Lee,I01BX004128,FALSE,TRUE
Samuel A Lee,R21AI141089,FALSE,TRUE
Samuel B Ho,I01HX001284,TRUE,TRUE
Samuel B Ho,R21CA081558,TRUE,FALSE
Samuel B Ho,T32DK007202,TRUE,TRUE
Samuel Chung,F32HL140729,FALSE,TRUE
Samuel H Wilson,P01GM052982,TRUE,FALSE
Samuel H Wilson,R01ES006492,TRUE,FALSE
Samuel H Wilson,R01ES006839,TRUE,FALSE
Samuel H Wilson,Z01ES050158,TRUE,FALSE
Samuel H Wilson,Z01ES050159,TRUE,FALSE
Samuel H Wilson,Z01ES050161,TRUE,FALSE
Samuel H Wilson,ZIAES050158,TRUE,FALSE
Samuel H Wilson,ZIAES050159,TRUE,FALSE
Samuel H Wilson,ZIAES050161,TRUE,FALSE
Sanaz Memarzadeh,I01BX004651,FALSE,TRUE
Sanaz Memarzadeh,I01BX006019,FALSE,TRUE
Sanaz Memarzadeh,I01BX006411,FALSE,TRUE
Sanaz Memarzadeh,IK2BX001305,FALSE,TRUE
Sanaz Memarzadeh,R01CA183877,FALSE,TRUE
Sanaz Memarzadeh,R01CA287673,FALSE,TRUE
Sanaz Memarzadeh,U54CA143930,FALSE,TRUE
Sanaz Memarzadeh,U54CA143931,FALSE,TRUE
Sandra Cascio,R01CA238315,FALSE,TRUE
Sandra Cascio,R01CA276279,FALSE,TRUE
Sandra E Reznik,K08HD001209,FALSE,TRUE
Sandra E Reznik,R16GM145586,FALSE,TRUE
Sanford I Bernstein,R01AR043396,FALSE,TRUE
Sanford I Bernstein,R01AR055958,FALSE,TRUE
Sanford I Bernstein,R01GM032443,FALSE,TRUE
Sanford I Bernstein,R21AR074407,FALSE,TRUE
Sanford I Bernstein,R21OD010561,FALSE,TRUE
Sanford I Bernstein,R25GM058906,FALSE,TRUE
Sanford I Bernstein,R37GM032443,FALSE,TRUE
Sanford I Bernstein,S06GM045765,FALSE,TRUE
Sanford I Bernstein,S10RR004121,FALSE,TRUE
Sanford I Bernstein,U54CA132384,FALSE,TRUE
Sang-Won Lee,R01CA258867,FALSE,TRUE
Sang-Won Lee,R21AG093265,FALSE,TRUE
Sanguthevar Rajasekaran,R01LM010101,FALSE,TRUE
Sanjay Basu,DP2MD010478,FALSE,TRUE
Sanjay Basu,K08HL121056,FALSE,TRUE
Sanjay Basu,R01DK116852,FALSE,TRUE
Sanjay Basu,R01HL132814,FALSE,TRUE
Sanjay Basu,R21MD012867,FALSE,TRUE
Sanjay Basu,R36CI000607,FALSE,TRUE
Sanjay Basu,U54MD010724,FALSE,TRUE
Sanjay R Mehta,K23AI093163,FALSE,TRUE
Sanjeeva Mohanam,R01CA138466,FALSE,TRUE
Sanjeeva Mohanam,R01NS051625,FALSE,TRUE
Santiago Munne,R43HD035010,FALSE,TRUE
Santiago Munne,R44HD044313,FALSE,TRUE
Santosh K Katiyar,I01BX001410,TRUE,TRUE
Santosh K Katiyar,P30AR050948,TRUE,TRUE
Santosh K Katiyar,R01AT002536,TRUE,TRUE
Santosh K Katiyar,R01CA140197,TRUE,TRUE
Santosh K Katiyar,R01CA183869,TRUE,TRUE
Santosh K Katiyar,R03AI054289,TRUE,TRUE
Santosh K Katiyar,R03CA089738,TRUE,TRUE
Santosh K Katiyar,R03CA094593,TRUE,TRUE
Santosh K Katiyar,R03CA105368,TRUE,TRUE
Santosh K Katiyar,R03ES011421,TRUE,TRUE
Santosh K Katiyar,R21AI121821,TRUE,FALSE
Santosh K Katiyar,R21CA104428,TRUE,TRUE
Santosh K Katiyar,R21CA140832,TRUE,TRUE
Santosh K Katiyar,R21CA166883,TRUE,TRUE
Santosh K Katiyar,R56AI100580,TRUE,FALSE
Sapan S Desai,F30DC005451,FALSE,TRUE
Sara M Witcraft,K23DA062794,FALSE,TRUE
Sarah J Benbow,K99AG073455,FALSE,TRUE
Sarah J Benbow,R00AG073455,FALSE,TRUE
Sarah L Karalunas,F31MH086206,FALSE,TRUE
Sarah L Karalunas,F32MH098632,FALSE,TRUE
Sarah L Karalunas,K23MH108656,FALSE,TRUE
Sarah L Karalunas,R01MH120109,FALSE,TRUE
Sarah L Karalunas,U01MH135970,FALSE,TRUE
Sarah M Assmann,R01GM126079,FALSE,TRUE
Sarah M Assmann,R35GM153492,FALSE,TRUE
Sarmila Majumder,R21CA137567,FALSE,TRUE
Sathyamangla V Naga Prasad,R01HL089473,FALSE,TRUE
Sathyamangla V Naga Prasad,R01HL115008,FALSE,TRUE
Sathyamangla V Naga Prasad,R01HL127602,FALSE,TRUE
Sathyamangla V Naga Prasad,R01HL128382,FALSE,TRUE
Sathyamangla V Naga Prasad,R01HL133721,FALSE,TRUE
Sathyamangla V Naga Prasad,R01HL162772,FALSE,TRUE
Sathyamangla V Naga Prasad,R01HL173543,FALSE,TRUE
Sathyamangla V Naga Prasad,R61HL171717,FALSE,TRUE
Sathyamangla V Naga Prasad,S10OD021561,FALSE,TRUE
Satoru Eguchi,R01AG077780,FALSE,TRUE
Satoru Eguchi,R01DK111042,FALSE,TRUE
Satoru Eguchi,R01HL076770,FALSE,TRUE
Satoru Eguchi,R01HL128324,FALSE,TRUE
Satoru Eguchi,R01HL133248,FALSE,TRUE
Satoru Eguchi,R01HL174004,FALSE,TRUE
Satoru Eguchi,R01NS109382,FALSE,TRUE
Saul Shiffman,R01DA004281,FALSE,TRUE
Saul Shiffman,R01DA006084,FALSE,TRUE
Saul Shiffman,R01DA020742,FALSE,TRUE
Saul Shiffman,R01DA033303,FALSE,TRUE
Saul Shiffman,R01HL039234,FALSE,TRUE
Savio L C Woo,P01DK044080,TRUE,TRUE
Savio L C Woo,P01HD021452,TRUE,FALSE
Savio L C Woo,P01HL050422,TRUE,TRUE
Savio L C Woo,P20GM075019,TRUE,TRUE
Savio L C Woo,P30HD007495,TRUE,TRUE
Savio L C Woo,P41RR006009,TRUE,FALSE
Savio L C Woo,R01AR039683,TRUE,FALSE
Savio L C Woo,R01AR041820,TRUE,FALSE
Savio L C Woo,R01CA100830,TRUE,TRUE
Savio L C Woo,R01CA120372,TRUE,TRUE
Savio L C Woo,R01CA130897,TRUE,TRUE
Savio L C Woo,R01DK036920,TRUE,TRUE
Savio L C Woo,R01DK054377,TRUE,TRUE
Savio L C Woo,R01DK059892,TRUE,TRUE
Savio L C Woo,R01DK062972,TRUE,TRUE
Savio L C Woo,R01HD017711,TRUE,TRUE
Savio L C Woo,R01HL027509,TRUE,TRUE
Savio L C Woo,R01HL037188,TRUE,TRUE
Savio L C Woo,R01HL040162,TRUE,TRUE
Savio L C Woo,R13AR038755,TRUE,TRUE
Savio L C Woo,R13CA088352,TRUE,TRUE
Savio L C Woo,R13DK049520,TRUE,TRUE
Savio L C Woo,R13GM035234,TRUE,TRUE
Savio L C Woo,R21CA089887,TRUE,TRUE
Savio L C Woo,R21CA120017,TRUE,TRUE
Savio L C Woo,R24CA095833,TRUE,TRUE
Savio L C Woo,R37HD017711,TRUE,TRUE
Savio L C Woo,R56AR039683,TRUE,FALSE
Savio L C Woo,T32EB003392,TRUE,FALSE
Savio L C Woo,T32GM008231,TRUE,TRUE
Savio L C Woo,U54HD007495,TRUE,TRUE
Scott J Brodie,R01DE014149,FALSE,TRUE
Scott J Brodie,R01DE014827,FALSE,TRUE
Scott M Lippman,N01CN035112,TRUE,TRUE
Scott M Lippman,N01CN035159,TRUE,TRUE
Scott M Lippman,N01CN065004,TRUE,TRUE
Scott M Lippman,N01CN35159,TRUE,TRUE
Scott M Lippman,P01CA052051,TRUE,TRUE
Scott M Lippman,P01CA068233,TRUE,TRUE
Scott M Lippman,P01CA106451,TRUE,TRUE
Scott M Lippman,P01CA108964,TRUE,TRUE
Scott M Lippman,P30CA023100,TRUE,TRUE
Scott M Lippman,P50CA097007,TRUE,TRUE
Scott M Lippman,R01DE026644,TRUE,TRUE
Scott M Lippman,U01CA077150,TRUE,TRUE
Scott M Lippman,U01CA290479,TRUE,TRUE
Scott M Lippman,U10CA105409,TRUE,TRUE
Scott M Thompson,F31MH009133,FALSE,TRUE
Scott M Thompson,F32NS008306,FALSE,TRUE
Scott M Thompson,R01MH065488,FALSE,TRUE
Scott M Thompson,R01MH086828,FALSE,TRUE
Scott M Thompson,R01NS040338,FALSE,TRUE
Scott M Thompson,R21NS055896,FALSE,TRUE
Scott M Thompson,T32GM008181,FALSE,TRUE
Scott Trappe,R01AG018409,FALSE,TRUE
Scott Trappe,R01AG038576,FALSE,TRUE
Scott Trappe,R13AR078574,FALSE,TRUE
Scott Trappe,R15AG015486,FALSE,TRUE
Scott Trappe,U01AR071133,FALSE,TRUE
Scott V Edwards,R01HG011485,FALSE,TRUE
Scott V Edwards,R13GM087752,FALSE,TRUE
Seong Kyun Kim,P20RR018724,FALSE,TRUE
Seppo T Rinne,F30ES013373,FALSE,TRUE
Seppo T Rinne,I01HX003624,FALSE,TRUE
Seppo T Rinne,I50HX003186,FALSE,TRUE
Seppo T Rinne,I50HX003528,FALSE,TRUE
Seppo T Rinne,IK2HX002248,FALSE,TRUE
Seth M Cohen,F32CA083330,FALSE,TRUE
Seth M Cohen,R01AI149444,FALSE,TRUE
Seth M Cohen,R01CA164803,FALSE,TRUE
Seth M Cohen,R01GM098435,FALSE,TRUE
Seth M Cohen,R01GM111926,FALSE,TRUE
Seth M Cohen,R01HL080049,FALSE,TRUE
Seth M Cohen,R03AI070651,FALSE,TRUE
Seth M Cohen,R21AA030630,FALSE,TRUE
Seth M Cohen,R21AI138934,FALSE,TRUE
Seth M Cohen,R21AI180103,FALSE,TRUE
Seth M Cohen,R21CA273632,FALSE,TRUE
Seth M Cohen,R21HL094571,FALSE,TRUE
Seth Rakoff-Nahoum,DP2GM136652,FALSE,TRUE
Seth Rakoff-Nahoum,K08AI130392,FALSE,TRUE
Seth Rakoff-Nahoum,R01AI126915,FALSE,TRUE
Seth Rakoff-Nahoum,R01AI158814,FALSE,TRUE
Seth Rakoff-Nahoum,R01AI171100,FALSE,TRUE
Seth Rakoff-Nahoum,R01DK138023,FALSE,TRUE
Seyung S Chung,SC2CA235066,FALSE,TRUE
Shahab A Akhter,F32HL009436,FALSE,TRUE
Shahab A Akhter,K08HL081472,FALSE,TRUE
Shahab A Akhter,R01HL107949,FALSE,TRUE
Shahriar Koochekpour,P20RR021970,FALSE,TRUE
Shahriar Koochekpour,R01MD005824,FALSE,TRUE
Shahriar Koochekpour,R21CA120625,FALSE,TRUE
Shahriar Koochekpour,R21CA143589,FALSE,TRUE
Shahriar Koochekpour,R21CA149137,FALSE,TRUE
Shahriar Koochekpour,R21CA181152,FALSE,TRUE
Shahriar Koochekpour,R21CA183892,FALSE,TRUE
Shaker A Mousa,R01HL059901,FALSE,TRUE
Shaker A Mousa,R21CA124931,FALSE,TRUE
Shaker A Mousa,R21CA135245,FALSE,TRUE
Shaker A Mousa,R41CA128152,FALSE,TRUE
Shaker A Mousa,R41CA153973,FALSE,TRUE
Shaker A Mousa,R41HL147737,FALSE,TRUE
Shaker A Mousa,R43AT010432,FALSE,TRUE
Shaker A Mousa,R44HL137449,FALSE,TRUE
Shaker A Mousa,R44HL150923,FALSE,TRUE
Shalom Avraham,F05TW003727,FALSE,TRUE
Shalom Avraham,R01HL055445,FALSE,TRUE
Shalom Avraham,R01HL080699,FALSE,TRUE
Shalom Avraham,R01NS039558,FALSE,TRUE
Sharon Rozovsky,P20RR015588,FALSE,TRUE
Sharon Rozovsky,P30RR031160,FALSE,TRUE
Sharon Rozovsky,R01GM121607,FALSE,TRUE
Sharon Rozovsky,R35GM153494,FALSE,TRUE
Sheila A Lukehart,P01AI034616,FALSE,TRUE
Sheila A Lukehart,R01AI018988,FALSE,TRUE
Sheila A Lukehart,R01AI042143,FALSE,TRUE
Sheila A Lukehart,R01AI063940,FALSE,TRUE
Sheila A Lukehart,R01AI123196,FALSE,TRUE
Sheila A Lukehart,R01DE015354,FALSE,TRUE
Sheila A Lukehart,R01NS023677,FALSE,TRUE
Sheila A Lukehart,R03AI094122,FALSE,TRUE
Sheila A Lukehart,R13AI036297,FALSE,TRUE
Sheila A Lukehart,R13AI038405,FALSE,TRUE
Sheila A Lukehart,R13NS037596,FALSE,TRUE
Sheila A Lukehart,T32AI007140,FALSE,TRUE
Sheila A Lukehart,U09AI022198,FALSE,TRUE
Sheila A Lukehart,U19AI031448,FALSE,TRUE
Shelby Kutty,R33HD105591,FALSE,TRUE
Shelby Kutty,R41HD089823,FALSE,TRUE
Shelby Kutty,R61HD105591,FALSE,TRUE
Sheldon Weinbaum,R01AR044211,FALSE,TRUE
Sheldon Weinbaum,R01AR048699,FALSE,TRUE
Sheldon Weinbaum,R01AR057139,FALSE,TRUE
Sheldon Weinbaum,R01HL026090,FALSE,TRUE
Sheldon Weinbaum,R25HL069537,FALSE,TRUE
Sheldon Weinbaum,RC1HL101157,FALSE,TRUE
Shelley E Taylor,K01MH000311,FALSE,TRUE
Shelley E Taylor,K02MH000311,FALSE,TRUE
Shelley E Taylor,M01RR000865,FALSE,TRUE
Shelley E Taylor,R01AG030309,FALSE,TRUE
Shelley E Taylor,R01AG034416,FALSE,TRUE
Shelley E Taylor,R01HL032171,FALSE,TRUE
Shelley E Taylor,R01MH042258,FALSE,TRUE
Shelley E Taylor,R01MH042918,FALSE,TRUE
Shelley E Taylor,R01MH056880,FALSE,TRUE
Shelley E Taylor,R37MH042152,FALSE,TRUE
Shelley E Taylor,T32MH015750,FALSE,TRUE
Shelly C Lu,P01CA233452,FALSE,TRUE
Shelly C Lu,P30DK048522,FALSE,TRUE
Shelly C Lu,R01AA012677,FALSE,TRUE
Shelly C Lu,R01AA013847,FALSE,TRUE
Shelly C Lu,R01AA026759,FALSE,TRUE
Shelly C Lu,R01AA032010,FALSE,TRUE
Shelly C Lu,R01AT001576,FALSE,TRUE
Shelly C Lu,R01AT004896,FALSE,TRUE
Shelly C Lu,R01CA172086,FALSE,TRUE
Shelly C Lu,R01DK045334,FALSE,TRUE
Shelly C Lu,R01DK051719,FALSE,TRUE
Shelly C Lu,R01DK092407,FALSE,TRUE
Shelly C Lu,R01DK107288,FALSE,TRUE
Shelly C Lu,R01DK123763,FALSE,TRUE
Shelly C Lu,R29DK045334,FALSE,TRUE
Shelly C Lu,R56DK045334,FALSE,TRUE
Shelly C Lu,S07RR005468,FALSE,TRUE
Shelly C Lu,U01AA026817,FALSE,TRUE
Sheng Wang,R01HG013321,TRUE,FALSE
Sheng Wang,R03CA102940,TRUE,TRUE
Sheng Wang,R21CA129046,TRUE,TRUE
Sheng Wang,R21EB036205,TRUE,FALSE
Shi-Yuan Cheng,F32HL009391,FALSE,TRUE
Shi-Yuan Cheng,P50CA221747,FALSE,TRUE
Shi-Yuan Cheng,R01CA102011,FALSE,TRUE
Shi-Yuan Cheng,R01CA130966,FALSE,TRUE
Shi-Yuan Cheng,R01CA159811,FALSE,TRUE
Shi-Yuan Cheng,R01NS093843,FALSE,TRUE
Shi-Yuan Cheng,R01NS095634,FALSE,TRUE
Shi-Yuan Cheng,R01NS115403,FALSE,TRUE
Shi-Yuan Cheng,R01NS125318,FALSE,TRUE
Shi-Yuan Cheng,R01NS133160,FALSE,TRUE
Shi-Yuan Cheng,R21CA209345,FALSE,TRUE
Shi-Yuan Cheng,R21NS122375,FALSE,TRUE
Shi-Yuan Cheng,R21NS126810,FALSE,TRUE
Shigemi Matsuyama,R01AG031903,FALSE,TRUE
Shih-Ying Wu,K99CA276895,FALSE,TRUE
Shirish Shenolikar,R01DK036466,FALSE,TRUE
Shirish Shenolikar,R01DK052054,FALSE,TRUE
Shirish Shenolikar,R01NS041063,FALSE,TRUE
Shirish Shenolikar,R03DK041190,FALSE,TRUE
Shirish Shenolikar,R13DK044913,FALSE,TRUE
ShouWei Han,K22CA123104,FALSE,TRUE
Shrikant Anant,R01CA109269,FALSE,TRUE
Shrikant Anant,R01CA135559,FALSE,TRUE
Shrikant Anant,R01CA182872,FALSE,TRUE
Shrikant Anant,R01CA190291,FALSE,TRUE
Shrikant Anant,R01DK062265,FALSE,TRUE
Shrikant Anant,R13CA247227,FALSE,TRUE
Shuang Liu,R01CA115883,FALSE,TRUE
Shuang Liu,R21EB003419,FALSE,TRUE
Shuang Liu,R21EB017237,FALSE,TRUE
Shuang Liu,R21HL083961,FALSE,TRUE
Shulin Chen,R01MH100298,FALSE,TRUE
Shulin Chen,R01TW008699,FALSE,TRUE
Shuo Chen,DP1DA048968,TRUE,TRUE
Shuo Chen,DP2MH143919,TRUE,FALSE
Shuo Chen,K99AG073507,TRUE,FALSE
Shuo Chen,R00AG073507,TRUE,FALSE
Shuo Chen,R01DE019802,TRUE,TRUE
Shuo Chen,R03DE014484,TRUE,TRUE
Shuo Chen,R61MH128390,TRUE,TRUE
Shuping Zhong,R01AA024169,FALSE,TRUE
Shuping Zhong,R21AA017288,FALSE,TRUE
Shuping Zhong,R21AA021114,FALSE,TRUE
Shuping Zhong,R21AA023247,FALSE,TRUE
Shyam Biswal,F32ES005896,FALSE,TRUE
Shyam Biswal,P01ES018176,FALSE,TRUE
Shyam Biswal,P50CA058184,FALSE,TRUE
Shyam Biswal,P50ES015903,FALSE,TRUE
Shyam Biswal,P50HL084945,FALSE,TRUE
Shyam Biswal,P50HL107169,FALSE,TRUE
Shyam Biswal,R01AT008108,FALSE,TRUE
Shyam Biswal,R01CA140492,FALSE,TRUE
Shyam Biswal,R01CA206155,FALSE,TRUE
Shyam Biswal,R01DE026031,FALSE,TRUE
Shyam Biswal,R01GM079239,FALSE,TRUE
Shyam Biswal,R01HL081205,FALSE,TRUE
Shyam Biswal,R01HL134149,FALSE,TRUE
Shyam Biswal,R01NS130672,FALSE,TRUE
Shyam Biswal,R03HL095420,FALSE,TRUE
Shyam Biswal,R03MH092170,FALSE,TRUE
Shyam Biswal,R03MH095513,FALSE,TRUE
Shyam Biswal,R03TW008741,FALSE,TRUE
Shyam Biswal,R21AI080541,FALSE,TRUE
Shyam Biswal,R33AI080541,FALSE,TRUE
Shyam Biswal,RF1NS130672,FALSE,TRUE
Shyam Biswal,U01ES026721,FALSE,TRUE
Shyam Biswal,U01HL105569,FALSE,TRUE
Shyh-Ching Lo,R01AI031830,FALSE,TRUE
Siba K Samal,R21AI093198,FALSE,TRUE
Siba K Samal,R21AI100195,FALSE,TRUE
Siba K Samal,R21AI106059,FALSE,TRUE
SonBinh T Nguyen,R21AG062999,FALSE,TRUE
Songtao Shi,R01DE017449,FALSE,TRUE
Songtao Shi,R01DE019413,FALSE,TRUE
Songtao Shi,R01DE019932,FALSE,TRUE
Songtao Shi,R21DE017632,FALSE,TRUE
Songtao Shi,R34DE025587,FALSE,TRUE
Songtao Shi,Z01DE000705,FALSE,TRUE
Sonia Berrih-Aknin,R01NS039869,FALSE,TRUE
Sonia Michail,R01HD081197,FALSE,TRUE
Sonia Michail,R21AT003400,FALSE,TRUE
Sreejayan Nair,R41DK125213,FALSE,TRUE
Srikanta Dash,I01BX004516,FALSE,TRUE
Srikanta Dash,P51RR000164,FALSE,TRUE
Srikanta Dash,R01AI103106,FALSE,TRUE
Srikanta Dash,R01CA054576,FALSE,TRUE
Srikanta Dash,R01CA089121,FALSE,TRUE
Srikanta Dash,R01CA127481,FALSE,TRUE
Srikanta Dash,R21CA129776,FALSE,TRUE
Stanley Isaac Rapoport,P41RR000954,FALSE,TRUE
Stanley Isaac Rapoport,Z01AG000130,FALSE,TRUE
Stanley Isaac Rapoport,Z01AG000132,FALSE,TRUE
Stanley Isaac Rapoport,Z01AG000134,FALSE,TRUE
Stanley Isaac Rapoport,Z01AG000135,FALSE,TRUE
Stanley Isaac Rapoport,Z01AG000139,FALSE,TRUE
Stanley Isaac Rapoport,Z01AG000144,FALSE,TRUE
Stanley Isaac Rapoport,Z01AG000145,FALSE,TRUE
Stanley Isaac Rapoport,Z01AG000147,FALSE,TRUE
Stanley Isaac Rapoport,Z01AG000148,FALSE,TRUE
Stanley Isaac Rapoport,Z01AG000150,FALSE,TRUE
Stanley Isaac Rapoport,Z01AG000151,FALSE,TRUE
Stanley Isaac Rapoport,Z01AG000399,FALSE,TRUE
Stanley Isaac Rapoport,Z01AG000406,FALSE,TRUE
Stanley Isaac Rapoport,Z01AG000421,FALSE,TRUE
Stanley Isaac Rapoport,Z01AG000428,FALSE,TRUE
Stanley Isaac Rapoport,ZIAAG000134,FALSE,TRUE
Stanley Isaac Rapoport,ZIAAG000145,FALSE,TRUE
Stanley Isaac Rapoport,ZIAAG000148,FALSE,TRUE
Stanley Isaac Rapoport,ZIAAG000150,FALSE,TRUE
Stanley Isaac Rapoport,ZIAAG000151,FALSE,TRUE
Stanley Isaac Rapoport,ZIAAG000399,FALSE,TRUE
Stanley Isaac Rapoport,ZIAAG000428,FALSE,TRUE
Stanley Isaac Rapoport,ZIAAG000431,FALSE,TRUE
Stanley J Korsmeyer,P01CA049712,TRUE,TRUE
Stanley J Korsmeyer,P01CA068484,TRUE,TRUE
Stanley J Korsmeyer,P01CA092625,TRUE,TRUE
Stanley J Korsmeyer,P01HG000306,TRUE,FALSE
Stanley J Korsmeyer,R01CA050239,TRUE,TRUE
Stanley J Korsmeyer,R37CA050239,TRUE,TRUE
Stanley J Korsmeyer,U01CA105423,TRUE,TRUE
Stanley N Cohen,P01AG002132,FALSE,TRUE
Stanley N Cohen,P30HD005797,FALSE,TRUE
Stanley N Cohen,R01AI008619,FALSE,TRUE
Stanley N Cohen,R01GM026355,FALSE,TRUE
Stanley N Cohen,R01GM027241,FALSE,TRUE
Stanley N Cohen,R01GM042930,FALSE,TRUE
Stanley N Cohen,R01GM054158,FALSE,TRUE
Stanley N Cohen,R01HG000325,FALSE,TRUE
Stanley N Cohen,R01NS085812,FALSE,TRUE
Stanley N Cohen,R37AI008619,FALSE,TRUE
Stanley N Cohen,T32EY007106,FALSE,TRUE
Stanley N Cohen,T32GM007790,FALSE,TRUE
Stanton A Glantz,P01HL025847,TRUE,TRUE
Stanton A Glantz,P50CA180890,TRUE,TRUE
Stanton A Glantz,R01CA061021,TRUE,TRUE
Stanton A Glantz,R01CA087472,TRUE,TRUE
Stanton A Glantz,R01DA043950,TRUE,TRUE
Stanton A Glantz,R01HL025869,TRUE,TRUE
Stanton A Glantz,R25CA113710,TRUE,TRUE
Stanton A Glantz,S10RR003355,TRUE,TRUE
Stanton A Glantz,U54CA180890,TRUE,TRUE
Stanton A Glantz,U54HL147127,TRUE,TRUE
Stefan G Hofmann,R01AT007257,FALSE,TRUE
Stefan G Hofmann,R01MH078308,FALSE,TRUE
Stefan G Hofmann,R01MH128377,FALSE,TRUE
Stefan G Hofmann,R29MH057326,FALSE,TRUE
Stefan G Hofmann,R34MH099311,FALSE,TRUE
Stefan W Ryter,P01HL070807,FALSE,TRUE
Stefan W Ryter,R01HL060234,FALSE,TRUE
Stephanie C Tjen-A-Looi,R01AT011306,FALSE,TRUE
Stephanie C Tjen-A-Looi,R01HL072125,FALSE,TRUE
Stephanie J Frisbee,P20GM109098,FALSE,TRUE
Stephanie J Frisbee,R21ES019236,FALSE,TRUE
Stephanie K Watkins,R00CA151294,FALSE,TRUE
Stephen B Shears,Z01ES080046,FALSE,TRUE
Stephen B Shears,ZIAES080046,FALSE,TRUE
Stephen Boorjian,R01CA160816,FALSE,TRUE
Stephen F Badylak,R01AR053603,FALSE,TRUE
Stephen F Badylak,R01AR054940,FALSE,TRUE
Stephen F Badylak,R01AR073527,FALSE,TRUE
Stephen F Badylak,R01DE022055,FALSE,TRUE
Stephen F Badylak,R01EB000261,FALSE,TRUE
Stephen F Badylak,R01EB000506,FALSE,TRUE
Stephen F Badylak,R01EB008051,FALSE,TRUE
Stephen F Badylak,R01FD006582,FALSE,TRUE
Stephen F Badylak,R01GM060691,FALSE,TRUE
Stephen F Badylak,R01HD031425,FALSE,TRUE
Stephen F Badylak,R01HL039724,FALSE,TRUE
Stephen F Badylak,R01HL045883,FALSE,TRUE
Stephen F Badylak,R01HL136494,FALSE,TRUE
Stephen F Badylak,R13EB018671,FALSE,TRUE
Stephen F Badylak,R13EB025704,FALSE,TRUE
Stephen F Badylak,R21EB017184,FALSE,TRUE
Stephen F Badylak,R21HD090679,FALSE,TRUE
Stephen F Badylak,R56HL136494,FALSE,TRUE
Stephen J Gould,P01HD010981,FALSE,TRUE
Stephen J Gould,R01DK045787,FALSE,TRUE
Stephen J Gould,R01DK059479,FALSE,TRUE
Stephen J Gould,R21AI062479,FALSE,TRUE
Stephen J Gould,R21NS128599,FALSE,TRUE
Stephen J Gould,U19CA179563,FALSE,TRUE
Stephen J Salipante,F30AG030316,FALSE,TRUE
Stephen J Salipante,P30DK089507,FALSE,TRUE
Stephen J Salipante,R21AI184484,FALSE,TRUE
Stephen J Salipante,R21CA272014,FALSE,TRUE
Stephen J Salipante,R21HG009652,FALSE,TRUE
Stephen J Salipante,R33CA192980,FALSE,TRUE
Stephen J Salipante,R33CA222344,FALSE,TRUE
Stephen J Salipante,R33CA302385,FALSE,TRUE
Stephen M Black,P01HL101902,FALSE,TRUE
Stephen M Black,P01HL134610,FALSE,TRUE
Stephen M Black,P01HL146369,FALSE,TRUE
Stephen M Black,R01HD039110,FALSE,TRUE
Stephen M Black,R01HL060190,FALSE,TRUE
Stephen M Black,R01HL067841,FALSE,TRUE
Stephen M Black,R01HL070061,FALSE,TRUE
Stephen M Black,R01HL072123,FALSE,TRUE
Stephen M Black,R01HL084739,FALSE,TRUE
Stephen M Black,R01HL137282,FALSE,TRUE
Stephen M Black,R01HL142212,FALSE,TRUE
Stephen M Black,R01HL175502,FALSE,TRUE
Stephen M Black,R21HD057406,FALSE,TRUE
Stephen M Black,R61HL171783,FALSE,TRUE
Stephen M Black,UG3HG013615,FALSE,TRUE
Stephen M Stahl,M01RR000827,TRUE,TRUE
Stephen M Stahl,P50MH030854,TRUE,TRUE
Stephen M Stahl,R01MH045787,TRUE,TRUE
Stephen Richardson,M01RR000096,TRUE,FALSE
Stephen Richardson,S07RR005399,TRUE,FALSE
Stephen V Frye,P30CA016086,FALSE,TRUE
Stephen V Frye,R01CA218392,FALSE,TRUE
Stephen V Frye,R01GM100919,FALSE,TRUE
Stephen V Frye,R21AI111667,FALSE,TRUE
Stephen V Frye,R21CA216673,FALSE,TRUE
Stephen V Frye,R35GM139514,FALSE,TRUE
Stephen V Frye,R41CA200189,FALSE,TRUE
Stephen V Frye,R41TR001330,FALSE,TRUE
Stephen V Frye,RC1GM090732,FALSE,TRUE
Stephen V Frye,U54AG065187,FALSE,TRUE
Stephen V Gliske,K01ES026839,FALSE,TRUE
Stephen V Gliske,R33HL154095,FALSE,TRUE
Stephen V Gliske,R61HL154095,FALSE,TRUE
Stephen W Ragsdale,F32GM010523,TRUE,TRUE
Stephen W Ragsdale,P20RR017675,TRUE,TRUE
Stephen W Ragsdale,R01GM039451,TRUE,TRUE
Stephen W Ragsdale,R01GM123513,TRUE,TRUE
Stephen W Ragsdale,R01GM124174,TRUE,TRUE
Stephen W Ragsdale,R01HL102662,TRUE,TRUE
Stephen W Ragsdale,R01HL163530,TRUE,TRUE
Stephen W Ragsdale,R21HL089837,TRUE,TRUE
Stephen W Ragsdale,R29GM039451,TRUE,TRUE
Stephen W Ragsdale,R35GM141758,TRUE,TRUE
Stephen W Ragsdale,R37GM039451,TRUE,TRUE
Stephen W Ragsdale,R41GM064297,TRUE,TRUE
Stephen W Ragsdale,R41GM067952,TRUE,TRUE
Stephen W Ragsdale,S07RR007181,TRUE,FALSE
Stephen W Ragsdale,S15ES005529,TRUE,TRUE
Steven A Farber,F32NS010326,FALSE,TRUE
Steven A Farber,R01DK060369,FALSE,TRUE
Steven A Farber,R01DK093399,FALSE,TRUE
Steven A Farber,R01DK116079,FALSE,TRUE
Steven A Farber,R01DK138195,FALSE,TRUE
Steven A Farber,R01HL158054,FALSE,TRUE
Steven A Farber,R56DK093399,FALSE,TRUE
Steven Anthony Leadon,R01CA040453,TRUE,TRUE
Steven Anthony Leadon,R01CA062059,TRUE,TRUE
Steven Anthony Leadon,R13CA081178,TRUE,TRUE
Steven Anthony Leadon,S07RR005918,TRUE,TRUE
Steven B Heymsfield,M01RR000039,TRUE,TRUE
Steven B Heymsfield,M01RR000645,TRUE,FALSE
Steven B Heymsfield,P01DK042618,TRUE,FALSE
Steven B Heymsfield,R01AG013021,TRUE,FALSE
Steven B Heymsfield,R01DK041000,TRUE,FALSE
Steven B Heymsfield,R21DK066360,TRUE,FALSE
Steven Brem,R01NS096606,FALSE,TRUE
Steven Brem,R55CA057781,FALSE,TRUE
Steven Brem,U01CA076614,FALSE,TRUE
Steven C Huber,P41RR000480,TRUE,FALSE
Steven C Huber,P41RR003155,TRUE,TRUE
Steven C. Huber,P41RR000480,TRUE,FALSE
Steven C. Huber,P41RR003155,TRUE,TRUE
Steven D Goodman,R01AI155501,FALSE,TRUE
Steven D Goodman,R01DC011818,FALSE,TRUE
Steven D Goodman,R01DE013965,FALSE,TRUE
Steven D Goodman,R01GM055392,FALSE,TRUE
Steven D Goodman,R01GM123482,FALSE,TRUE
Steven D Goodman,R01HD116839,FALSE,TRUE
Steven D Goodman,R03DE011875,FALSE,TRUE
Steven D Goodman,R41GM122130,FALSE,TRUE
Steven D Goodman,R44GM122130,FALSE,TRUE
Steven D Goodman,U54HL070588,FALSE,TRUE
Steven D Munger,R01DC005633,FALSE,TRUE
Steven D Munger,R01DC005786,FALSE,TRUE
Steven D Munger,R01DC010110,FALSE,TRUE
Steven D Munger,R01DC012819,FALSE,TRUE
Steven D Munger,R01DC021604,FALSE,TRUE
Steven D Munger,R03DC004779,FALSE,TRUE
Steven D Munger,R13DC017387,FALSE,TRUE
Steven D Munger,R13DC021114,FALSE,TRUE
Steven D Munger,R21DC012501,FALSE,TRUE
Steven D Munger,R41DC020415,FALSE,TRUE
Steven D Munger,T32DC015994,FALSE,TRUE
Steven D Munger,U01DC019573,FALSE,TRUE
Steven D Shapiro,M01RR000036,FALSE,TRUE
Steven D Shapiro,P01HL029594,FALSE,TRUE
Steven D Shapiro,P01HL083069,FALSE,TRUE
Steven D Shapiro,P50CA090440,FALSE,TRUE
Steven D Shapiro,P50HL056419,FALSE,TRUE
Steven D Shapiro,R01HL050472,FALSE,TRUE
Steven D Shapiro,R01HL054853,FALSE,TRUE
Steven D Shapiro,R01HL055160,FALSE,TRUE
Steven D Shapiro,R01HL062859,FALSE,TRUE
Steven D Shapiro,R01HL070321,FALSE,TRUE
Steven D Shapiro,R01HL082541,FALSE,TRUE
Steven D Shapiro,R01HL095397,FALSE,TRUE
Steven D Shapiro,R01HL107883,FALSE,TRUE
Steven D Shapiro,R13HL071935,FALSE,TRUE
Steven D Shapiro,R13HL074414,FALSE,TRUE
Steven D Shapiro,T32HL007563,FALSE,TRUE
Steven D Shapiro,T32HL007633,FALSE,TRUE
Steven E Clark,R01GM062962,FALSE,TRUE
Steven Grant,M01RR000065,TRUE,TRUE
Steven Grant,P01CA072955,TRUE,TRUE
Steven Grant,P30CA016059,TRUE,TRUE
Steven Grant,P50CA142509,TRUE,FALSE
Steven Grant,R01CA035601,TRUE,TRUE
Steven Grant,R01CA063753,TRUE,TRUE
Steven Grant,R01CA083705,TRUE,TRUE
Steven Grant,R01CA093738,TRUE,TRUE
Steven Grant,R01CA100866,TRUE,TRUE
Steven Grant,R01CA167708,TRUE,TRUE
Steven Grant,R01CA205607,TRUE,TRUE
Steven Grant,R03CA066990,TRUE,TRUE
Steven Grant,R03CA077141,TRUE,TRUE
Steven Grant,R21CA087056,TRUE,TRUE
Steven Grant,R21CA092950,TRUE,TRUE
Steven Grant,R21CA106139,TRUE,TRUE
Steven Grant,R21CA110953,TRUE,TRUE
Steven Grant,R21CA115260,TRUE,TRUE
Steven Grant,R21CA137823,TRUE,TRUE
Steven Grant,RC2CA148431,TRUE,TRUE
Steven Grant,S07RR007016,TRUE,FALSE
Steven Grant,T32CA009564,TRUE,TRUE
Steven Grant,UH2TR001373,TRUE,TRUE
Steven Grant,UM1CA186644,TRUE,TRUE
Steven N Hochwald,K08CA113766,FALSE,TRUE
Steven P Roose,R01MH055716,FALSE,TRUE
Steven P Roose,T32MH015144,FALSE,TRUE
Steven P Roose,T32MH020004,FALSE,TRUE
Steven S Gross,P01HD067244,FALSE,TRUE
Steven S Gross,P01HL046403,FALSE,TRUE
Steven S Gross,R01HL050656,FALSE,TRUE
Steven S Gross,R01HL080702,FALSE,TRUE
Steven S Gross,R01NS093872,FALSE,TRUE
Steven S Gross,R01NS131322,FALSE,TRUE
Steven S Gross,R13HL054563,FALSE,TRUE
Steven S Gross,R21NS125466,FALSE,TRUE
Steven S Gross,R37HL087062,FALSE,TRUE
Steven S Gross,R44HL074702,FALSE,TRUE
Steven S Gross,S10OD023652,FALSE,TRUE
Steven S Gross,S10RR011360,FALSE,TRUE
Steven S Gross,S10RR015909,FALSE,TRUE
Steven S Gross,S10RR019355,FALSE,TRUE
Steven S Gross,S10RR022615,FALSE,TRUE
Steven S Gross,S10RR027305,FALSE,TRUE
Steven S Gross,T32GM073546,FALSE,TRUE
Steven S Gross,T32GM141949,FALSE,TRUE
Steven S Gross,U01HL121828,FALSE,TRUE
Steven S Witkin,R01HD021909,FALSE,TRUE
Steven S Witkin,R01HD033194,FALSE,TRUE
Steven S Witkin,R01HD041676,FALSE,TRUE
Steven S Witkin,R03CA089700,FALSE,TRUE
Stewart A Shankman,F31MH067309,FALSE,TRUE
Stewart A Shankman,R01MH098093,FALSE,TRUE
Stewart A Shankman,R01MH118741,FALSE,TRUE
Stewart A Shankman,R01MH119771,FALSE,TRUE
Stewart A Shankman,R01MH134369,FALSE,TRUE
Stewart A Shankman,R21DA045285,FALSE,TRUE
Stewart A Shankman,R21MH080689,FALSE,TRUE
Stewart A Shankman,R21MH112330,FALSE,TRUE
Stewart A Shankman,R42MH127971,FALSE,TRUE
Stewart A Shankman,T32MH126368,FALSE,TRUE
Stuart B Levy,R01AI016756,TRUE,TRUE
Stuart B Levy,R01AI020268,TRUE,TRUE
Stuart B Levy,R01AI030646,TRUE,TRUE
Stuart B Levy,R01AI056021,TRUE,TRUE
Stuart B Levy,R01CA059341,TRUE,TRUE
Stuart B Levy,R01GM051661,TRUE,TRUE
Stuart B Levy,R01GM055430,TRUE,TRUE
Stuart B Levy,R56AI068389,TRUE,TRUE
Stuart B Levy,S07RR005382,TRUE,TRUE
Stuart B Levy,T32CA009429,TRUE,TRUE
Stuart B Levy,U24AI050139,TRUE,TRUE
Stuart E Dryer,F32NS007776,FALSE,TRUE
Stuart E Dryer,R01DC004857,FALSE,TRUE
Stuart E Dryer,R01DK082529,FALSE,TRUE
Stuart E Dryer,R01DK104708,FALSE,TRUE
Stuart E Dryer,R01EY011973,FALSE,TRUE
Stuart E Dryer,R01NS032748,FALSE,TRUE
Stuart E Dryer,R29NS027013,FALSE,TRUE
Stuart Licht,P41RR002583,FALSE,TRUE
Subha Sen,P01HL006835,TRUE,TRUE
Subha Sen,P50HL033713,TRUE,TRUE
Subha Sen,R01HL027838,TRUE,TRUE
Subha Sen,R01HL030370,TRUE,TRUE
Subha Sen,R01HL047794,TRUE,TRUE
Subimal Datta,R01MH059839,FALSE,TRUE
Subimal Datta,R01MH115470,FALSE,TRUE
Subimal Datta,R01NS034004,FALSE,TRUE
Subimal Datta,R29NS034004,FALSE,TRUE
Sue Levkoff,P60AG008812,FALSE,TRUE
Sumanta Goswami,R01CA170507,FALSE,TRUE
Sun Joo (Grace) Ahn,P2CES033430,FALSE,TRUE
Sun Joo (Grace) Ahn,R01HL135359,FALSE,TRUE
Suneet P Chauhan,U10HD040545,FALSE,TRUE
Suneet P Chauhan,UG1HD040545,FALSE,TRUE
Sunila Mahavadi,R01DK124269,FALSE,TRUE
Susan A Jansen,R25GM062011,FALSE,TRUE
Susan C Frost,R01CA165284,FALSE,TRUE
Susan C Frost,R01DK045035,FALSE,TRUE
Susan C Frost,R29DK039135,FALSE,TRUE
Susan Goldin-Meadow,S07RR007029,FALSE,TRUE
Susan J Fisher,N01HD082903,TRUE,TRUE
Susan J Fisher,P01ES022841,TRUE,TRUE
Susan J Fisher,P01HD026732,TRUE,TRUE
Susan J Fisher,P01HD030367,TRUE,TRUE
Susan J Fisher,P01HD106414,TRUE,TRUE
Susan J Fisher,P30CA082103,TRUE,TRUE
Susan J Fisher,P41RR001614,TRUE,TRUE
Susan J Fisher,P50HD055764,TRUE,TRUE
Susan J Fisher,P60DE013058,TRUE,TRUE
Susan J Fisher,R01DE007244,TRUE,TRUE
Susan J Fisher,R01DE011350,TRUE,TRUE
Susan J Fisher,R01DE021041,TRUE,TRUE
Susan J Fisher,R01DE022031,TRUE,TRUE
Susan J Fisher,R01HD022518,TRUE,TRUE
Susan J Fisher,R01HD046744,TRUE,TRUE
Susan J Fisher,R01HL064597,TRUE,TRUE
Susan J Fisher,R13ES021699,TRUE,TRUE
Susan J Fisher,R13HD039168,TRUE,TRUE
Susan J Fisher,R21AI079329,TRUE,TRUE
Susan J Fisher,R21DA042951,TRUE,TRUE
Susan J Fisher,R21ES019944,TRUE,TRUE
Susan J Fisher,R21HD055638,TRUE,TRUE
Susan J Fisher,R37DE007244,TRUE,TRUE
Susan J Fisher,R37HD076253,TRUE,TRUE
Susan J Fisher,U01DE016274,TRUE,TRUE
Susan J Fisher,U01HD042283,TRUE,TRUE
Susan J Fisher,U24CA126477,TRUE,TRUE
Susan J Fisher,U54HD055764,TRUE,TRUE
Susan M Kiene,F31MH072547,FALSE,TRUE
Susan M Kiene,K01MH083536,FALSE,TRUE
Susan M Kiene,OT2HD108112,FALSE,TRUE
Susan M Kiene,R01AA031650,FALSE,TRUE
Susan M Kiene,R01HD113806,FALSE,TRUE
Susan M Kiene,R01MH106391,FALSE,TRUE
Susan M Kiene,R21HD098523,FALSE,TRUE
Susan M Kiene,R34AA025891,FALSE,TRUE
Susan M Kiene,R34AA030489,FALSE,TRUE
Susan M Kiene,R34MH132479,FALSE,TRUE
Susan M Kiene,U54CA132384,FALSE,TRUE
Susan T Howard,R21AI063229,FALSE,TRUE
Suvranu De,R01CA197491,FALSE,TRUE
Suvranu De,R01EB005807,FALSE,TRUE
Suvranu De,R01EB009362,FALSE,TRUE
Suvranu De,R01EB010037,FALSE,TRUE
Suvranu De,R01EB014305,FALSE,TRUE
Suvranu De,R01EB025241,FALSE,TRUE
Suvranu De,R01EB032820,FALSE,TRUE
Suvranu De,R01EB033674,FALSE,TRUE
Suvranu De,R01HL119248,FALSE,TRUE
Suvranu De,R21EB003547,FALSE,TRUE
Suvranu De,R44OD018334,FALSE,TRUE
Suvranu De,R56EB026490,FALSE,TRUE
Suvranu De,R56EB030053,FALSE,TRUE
Suzanne E Fenton,F32CA063775,FALSE,TRUE
Suzanne M J Fleiszig,R01AI079192,FALSE,TRUE
Suzanne M J Fleiszig,R01EY011221,FALSE,TRUE
Suzanne M J Fleiszig,R01EY024060,FALSE,TRUE
Suzanne M J Fleiszig,R01EY030350,FALSE,TRUE
Suzanne M J Fleiszig,R13EY022231,FALSE,TRUE
Suzanne M J Fleiszig,T32EY007043,FALSE,TRUE
Suzanne RL Young,F32AR056188,FALSE,TRUE
Suzanne T Ildstad,R01AI030615,FALSE,TRUE
Suzanne T Ildstad,R01AI045486,FALSE,TRUE
Suzanne T Ildstad,R01DK043901,FALSE,TRUE
Suzanne T Ildstad,R01DK046874,FALSE,TRUE
Suzanne T Ildstad,R01DK052294,FALSE,TRUE
Suzanne T Ildstad,R01DK069766,FALSE,TRUE
Suzanne T Ildstad,R01HL063442,FALSE,TRUE
Suzanne T Ildstad,R01HL064978,FALSE,TRUE
Suzanne T Ildstad,R41AI098336,FALSE,TRUE
Suzanne T Ildstad,R41EY015336,FALSE,TRUE
Suzanne T Ildstad,R41HL074579,FALSE,TRUE
Suzanne T Ildstad,R42DK074331,FALSE,TRUE
Suzanne T Ildstad,R42HL074579,FALSE,TRUE
Suzanne T Ildstad,R55DK043901,FALSE,TRUE
Suzanne T Ildstad,T32HL076138,FALSE,TRUE
Syed Mohammad Naqvi,S06GM008025,TRUE,FALSE
Syed Mohammad Naqvi,S06RR008025,TRUE,FALSE
T V RajanBabu,R01GM075107,FALSE,TRUE
T V RajanBabu,R01GM108762,FALSE,TRUE
T V RajanBabu,R35GM139545,FALSE,TRUE
Tadhg P Begley,R01DK044083,FALSE,TRUE
Tadhg P Begley,R01GM040498,FALSE,TRUE
Tadhg P Begley,R01GM069618,FALSE,TRUE
Tadhg P Begley,R01GM144755,FALSE,TRUE
Tadhg P Begley,R29CA045251,FALSE,TRUE
Tadhg P Begley,R37DK044083,FALSE,TRUE
Tadhg P Begley,R56DK044083,FALSE,TRUE
Tadhg P Begley,T32GM008500,FALSE,TRUE
Tadhg P Begley,U13GM070824,FALSE,TRUE
Tae Kim,R01AG082700,FALSE,TRUE
Taiping Chen,R01AI121403,TRUE,FALSE
Taiping Chen,R01DK106418,TRUE,FALSE
Taiping Chen,R01HD112473,TRUE,FALSE
Taiping Chen,R01HL149751,TRUE,FALSE
Taiping Chen,R03CA096447,TRUE,FALSE
Taiping Chen,R21CA277152,TRUE,FALSE
Tanya L Chartrand,R03MH065250,FALSE,TRUE
Tao Liu,P01AA019072,TRUE,FALSE
Tao Liu,R01MH114843,TRUE,FALSE
Tao Liu,R03CA128075,TRUE,FALSE
Tao Liu,R03CA141973,TRUE,FALSE
Tao Liu,R03CA251976,TRUE,FALSE
Tao Liu,R21CA226959,TRUE,FALSE
Tao Liu,U24CA210955,TRUE,FALSE
Tao Liu,U24CA271012,TRUE,FALSE
Tao Lu,F32NS011097,TRUE,FALSE
Tao Lu,R01GM120156,TRUE,FALSE
Tao Lu,R03CA223906,TRUE,FALSE
Tao Lu,R03CA283225,TRUE,FALSE
Tao Lu,U54CA163069,TRUE,FALSE
Tao Wang,K23HD044789,TRUE,FALSE
Tao Wang,P41RR003655,TRUE,FALSE
Tao Wang,R01AI190103,TRUE,FALSE
Tao Wang,R01AI192499,TRUE,FALSE
Tao Wang,R01CA258584,TRUE,FALSE
Tao Wang,R01HD052680,TRUE,FALSE
Tao Wang,R01MH112808,TRUE,FALSE
Tao Wang,R01NS073854,TRUE,FALSE
Tao Wang,R03ES026397,TRUE,FALSE
Tao Wang,R21CA202529,TRUE,FALSE
Tao Wang,R21GM110265,TRUE,FALSE
Tao Wang,R21HG006150,TRUE,FALSE
Tao Wang,R21HL118637,TRUE,FALSE
Tao Wang,R21NS085358,TRUE,FALSE
Tao Wang,R41CA302099,TRUE,FALSE
Tao Wang,T32GM007471,TRUE,FALSE
Tao Zhang,F32GM016624,TRUE,TRUE
Tao Zhang,R21HD115866,TRUE,FALSE
Tao Zhang,R41NS137860,TRUE,FALSE
Tao Zhang,R44EB027560,TRUE,FALSE
Ted M Ross,R01AI068507,FALSE,TRUE
Ted M Ross,R21AI044325,FALSE,TRUE
Ted M Ross,R21AI049061,FALSE,TRUE
Ted M Ross,R21AI051213,FALSE,TRUE
Ted M Ross,R56AI093930,FALSE,TRUE
Ted M Ross,U01AI077771,FALSE,TRUE
Teizo Yoshimura,Z01BC010258,FALSE,TRUE
Terence S Herman,P01CA031303,FALSE,TRUE
Terence S Herman,R01CA047379,FALSE,TRUE
Terence S Herman,R01CA050174,FALSE,TRUE
Teresa A Powrozek,F32AA016263,FALSE,TRUE
Teresita L Briones,F31NR007085,FALSE,TRUE
Teresita L Briones,F32NS010801,FALSE,TRUE
Teresita L Briones,R01NR005260,FALSE,TRUE
Teresita L Briones,R01NR007666,FALSE,TRUE
Terry S Elton,R01CA226906,FALSE,TRUE
Terry S Elton,R01HL048848,FALSE,TRUE
Terry S Elton,R21HD058997,FALSE,TRUE
Terry S Elton,R29HL048848,FALSE,TRUE
Terry S Elton,T32HL098039,FALSE,TRUE
Thereza Imanishi-Kari,P01CA028900,TRUE,TRUE
Thereza Imanishi-Kari,R01AI019248,TRUE,TRUE
Thereza Imanishi-Kari,R01AI022632,TRUE,TRUE
Thereza Imanishi-Kari,R01AI024628,TRUE,TRUE
Thereza Imanishi-Kari,R01AI024629,TRUE,TRUE
Thereza Imanishi-Kari,R01AI045104,TRUE,TRUE
Thereza Imanishi-Kari,R01AI076409,TRUE,TRUE
Thereza Imanishi-Kari,R21AI045793,TRUE,TRUE
Thereza Imanishi-Kari,R56AI076409,TRUE,TRUE
Thomas G Spiro,P41RR000954,TRUE,FALSE
Thomas G Spiro,P41RR001348,TRUE,TRUE
Thomas G Spiro,P41RR001614,TRUE,FALSE
Thomas G Spiro,P41RR002231,TRUE,FALSE
Thomas G Spiro,R01GM013498,TRUE,TRUE
Thomas G Spiro,R01GM025158,TRUE,TRUE
Thomas G Spiro,R01GM033576,TRUE,TRUE
Thomas G Spiro,R37GM013498,TRUE,TRUE
Thomas G Spiro,S10RR002779,TRUE,TRUE
Thomas G Spiro,S10RR004018,TRUE,TRUE
Thomas G Spiro,S10RR004732,TRUE,TRUE
Thomas Hill,U45ES006167,FALSE,TRUE
Thomas Hill,UH4ES009759,FALSE,TRUE
Thomas J Webster,P20RR024484,FALSE,TRUE
Thomas J Webster,R21AG027521,FALSE,TRUE
Thomas L Kash,F32AA016025,FALSE,TRUE
Thomas L Kash,K99AA017668,FALSE,TRUE
Thomas L Kash,P60AA011605,FALSE,TRUE
Thomas L Kash,R00AA017668,FALSE,TRUE
Thomas L Kash,R01AA019454,FALSE,TRUE
Thomas L Kash,R01AA022048,FALSE,TRUE
Thomas L Kash,R01AA025582,FALSE,TRUE
Thomas L Kash,R01AA031450,FALSE,TRUE
Thomas L Kash,R01NS122230,FALSE,TRUE
Thomas L Kash,R13DA048591,FALSE,TRUE
Thomas L Kash,R21AA027460,FALSE,TRUE
Thomas L Kash,R25GM055336,FALSE,TRUE
Thomas L Kash,T32AA007573,FALSE,TRUE
Thomas L Kash,T32GM152779,FALSE,TRUE
Thomas L Kash,U01AA020911,FALSE,TRUE
Thomas L Kash,U01MH105892,FALSE,TRUE
Thomas L Kash,U24AA025475,FALSE,TRUE
Thomas L Ortel,K24AI001603,TRUE,TRUE
Thomas L Ortel,M01RR000030,TRUE,TRUE
Thomas L Ortel,U01DD000014,TRUE,TRUE
Thomas L Ortel,U01HL072289,TRUE,TRUE
Thomas L Ortel,U01HL087229,TRUE,TRUE
Thomas L Ortel,U18DD000014,TRUE,TRUE
Thomas L Ortel,U27DD000553,TRUE,TRUE
Thomas L Ortel,U2CDK133491,TRUE,TRUE
Thomas L Ortel,U34HL123499,TRUE,TRUE
Thomas L Ortel,U50DD000897,TRUE,TRUE
Thomas L Ortel,U54HL077878,TRUE,TRUE
Thomas M Murphy,R01HL048376,FALSE,TRUE
Thomas M Murphy,R01HL061899,FALSE,TRUE
Thomas M Murphy,R01HL075307,FALSE,TRUE
Thomas Maciag,P01HL054710,FALSE,TRUE
Thomas Maciag,P20RR015555,FALSE,TRUE
Thomas Maciag,R01AG004807,FALSE,TRUE
Thomas Maciag,R01AG007450,FALSE,TRUE
Thomas Maciag,R01HL032348,FALSE,TRUE
Thomas Maciag,R01HL035627,FALSE,TRUE
Thomas Maciag,R01HL037519,FALSE,TRUE
Thomas Maciag,R13HL052184,FALSE,TRUE
Thomas McAllister,R01CE001254,FALSE,TRUE
Thomas McAllister,R01HD047242,FALSE,TRUE
Thomas McAllister,R01HD048176,FALSE,TRUE
Thomas McAllister,R01NS040472,FALSE,TRUE
Thomas McAllister,R01NS055020,FALSE,TRUE
Thomas McAllister,R21NS075791,FALSE,TRUE
Thomas N Seyfried,P41RR010888,FALSE,TRUE
Thomas N Seyfried,R01CA102135,FALSE,TRUE
Thomas N Seyfried,R01HD039722,FALSE,TRUE
Thomas N Seyfried,R01NS023355,FALSE,TRUE
Thomas N Seyfried,R01NS024826,FALSE,TRUE
Thomas N Seyfried,R01NS033640,FALSE,TRUE
Thomas N Seyfried,R01NS055195,FALSE,TRUE
Thomas N Seyfried,R56NS055195,FALSE,TRUE
Thomas Novack,U01HD042687,FALSE,TRUE
Thomas P Quinn,F32GM012719,FALSE,TRUE
Thomas P Quinn,R01EB019036,FALSE,TRUE
Thomas P Quinn,R21CA159002,FALSE,TRUE
Thomas P Quinn,R21CA177526,FALSE,TRUE
Thomas P Quinn,R41CA085106,FALSE,TRUE
Thomas P Quinn,R41CA126072,FALSE,TRUE
Thomas P Quinn,R42CA085106,FALSE,TRUE
Thomas P Quinn,U54CA199081,FALSE,TRUE
Thomas T Perls,K24AG025727,FALSE,TRUE
Thomas T Perls,R01AG018721,FALSE,TRUE
Thomas T Perls,R01AG061844,FALSE,TRUE
Thomas T Perls,R03AG015565,FALSE,TRUE
Thomas T Perls,R21AG016916,FALSE,TRUE
Thomas T Perls,U01AG023755,FALSE,TRUE
Thomas T Perls,U19AG023122,FALSE,TRUE
Thomas T Perls,U19AG063893,FALSE,TRUE
Thomas T Perls,U19AG073172,FALSE,TRUE
Thomas T Perls,UH2AG064704,FALSE,TRUE
Thomas T Perls,UH3AG064704,FALSE,TRUE
Thomas Walz,P01GM062580,FALSE,TRUE
Thomas Walz,R01EY015107,FALSE,TRUE
Thomas Walz,R01EY031462,FALSE,TRUE
Thomas Walz,R01GM082927,FALSE,TRUE
Thomas Walz,R01GM144581,FALSE,TRUE
Thressa C Stadtman,Z01HL000205,TRUE,TRUE
Tiffany L Weir,R01HL144611,FALSE,TRUE
Tiffany L Weir,R21CA161472,FALSE,TRUE
Tiffany L Weir,RM1AT013318,FALSE,TRUE
Timothy C Elston,R01GM078994,FALSE,TRUE
Timothy C Elston,R01GM079271,FALSE,TRUE
Timothy C Elston,R01GM084071,FALSE,TRUE
Timothy C Elston,R01GM103870,FALSE,TRUE
Timothy C Elston,R01GM114136,FALSE,TRUE
Timothy C Elston,R35GM127145,FALSE,TRUE
Timothy C Elston,T32GM067553,FALSE,TRUE
Timothy C Elston,T32GM135123,FALSE,TRUE
Timothy C Elston,U01CA238475,FALSE,TRUE
Timothy E O'Sullivan,R01AI145997,FALSE,TRUE
Timothy E O'Sullivan,R01AI174519,FALSE,TRUE
Timothy E O'Sullivan,R01AI186079,FALSE,TRUE
Timothy Elliott,S07RR007204,FALSE,TRUE
Timothy J Sullivan,R01AI019801,FALSE,TRUE
Timothy J Sullivan,R01AI026646,FALSE,TRUE
Timothy L Smith,R01DC005805,FALSE,TRUE
Timothy L Smith,U01AI181696,FALSE,TRUE
Timothy P O’Brien,M01RR000080,FALSE,TRUE
Timothy P O’Brien,R01HD041066,FALSE,TRUE
Timothy R Rebbeck,D43CA260640,FALSE,TRUE
Timothy R Rebbeck,K07CA060798,FALSE,TRUE
Timothy R Rebbeck,P01CA075434,FALSE,TRUE
Timothy R Rebbeck,P01CA077596,FALSE,TRUE
Timothy R Rebbeck,P01CA082707,FALSE,TRUE
Timothy R Rebbeck,P20CA233255,FALSE,TRUE
Timothy R Rebbeck,P30CA006516,FALSE,TRUE
Timothy R Rebbeck,P30ES013508,FALSE,TRUE
Timothy R Rebbeck,P50CA083638,FALSE,TRUE
Timothy R Rebbeck,P50CA093372,FALSE,TRUE
Timothy R Rebbeck,P50CA105641,FALSE,TRUE
Timothy R Rebbeck,P60MD006900,FALSE,TRUE
Timothy R Rebbeck,R01CA073730,FALSE,TRUE
Timothy R Rebbeck,R01CA083855,FALSE,TRUE
Timothy R Rebbeck,R01CA085074,FALSE,TRUE
Timothy R Rebbeck,R01CA092428,FALSE,TRUE
Timothy R Rebbeck,R01CA102776,FALSE,TRUE
Timothy R Rebbeck,R01CA207365,FALSE,TRUE
Timothy R Rebbeck,R01CA259200,FALSE,TRUE
Timothy R Rebbeck,R21ES011658,FALSE,TRUE
Timothy R Rebbeck,R29ES008031,FALSE,TRUE
Timothy R Rebbeck,U01CA184374,FALSE,TRUE
Timothy Smith,261200900006C,TRUE,FALSE
Timothy Smith,316201200038W,TRUE,FALSE
Timothy Smith,N01CM027724,TRUE,FALSE
Timothy Smith,N02CM37005,TRUE,FALSE
Timothy Smith,U09RG000141,TRUE,FALSE
Ting Wang,P01HL134610,TRUE,FALSE
Ting Wang,P01HL146369,TRUE,FALSE
Ting Wang,R01AG078958,TRUE,FALSE
Ting Wang,R01AG078964,TRUE,FALSE
Ting Wang,R01AG083568,TRUE,FALSE
Ting Wang,R01ES024992,TRUE,FALSE
Ting Wang,R01HG007175,TRUE,FALSE
Ting Wang,R01HG007354,TRUE,FALSE
Ting Wang,R01HL091889,TRUE,FALSE
Ting Wang,R13CA281326,TRUE,FALSE
Ting Wang,R15GM134479,TRUE,FALSE
Ting Wang,R25DA027995,TRUE,FALSE
Ting Wang,U01CA200060,TRUE,FALSE
Ting Wang,U01HG009391,TRUE,FALSE
Ting Wang,U01HG010971,TRUE,FALSE
Ting Wang,U01HG013227,TRUE,FALSE
Ting Wang,U24ES026699,TRUE,FALSE
Ting Wang,U24HG012070,TRUE,FALSE
Ting Wang,U24NS132103,TRUE,FALSE
Ting Wang,U41HG010972,TRUE,FALSE
Ting Wang,UM1DA058219,TRUE,FALSE
Ting Wang,UM1HG010971,TRUE,FALSE
Ting Wang,UM1HG011585,TRUE,FALSE
Ting Wang,UM1MH130994,TRUE,FALSE
Ting Xu,P50MH109429,TRUE,FALSE
Ting Xu,R01MH139349,TRUE,FALSE
Ting Xu,R21EB016947,TRUE,FALSE
Ting Xu,RF1MH128696,TRUE,FALSE
Tingyu Li,R01GM060637,FALSE,TRUE
Tingyu Li,R01GM063812,FALSE,TRUE
Tobin J Dickerson,F31DA015973,FALSE,TRUE
Tobin J Dickerson,R01AI109208,FALSE,TRUE
Tobin J Dickerson,R01DA042211,FALSE,TRUE
Tobin J Dickerson,R21AI083936,FALSE,TRUE
Tobin J Dickerson,U01AI082190,FALSE,TRUE
Todd D Krauss,R21GM141622,FALSE,TRUE
Todd D Krauss,R21NS128502,FALSE,TRUE
Todd F Roberts,F32DC008258,FALSE,TRUE
Todd F Roberts,R01DC014364,FALSE,TRUE
Todd F Roberts,R01DC020333,FALSE,TRUE
Todd F Roberts,R01NS102488,FALSE,TRUE
Todd F Roberts,R01NS108424,FALSE,TRUE
Todd F Roberts,R01NS134574,FALSE,TRUE
Todd F Roberts,R03MH111319,FALSE,TRUE
Todd F Roberts,R21DC016340,FALSE,TRUE
Todd F Roberts,UF1NS115821,FALSE,TRUE
Todd S Braver,R01AG043461,FALSE,TRUE
Todd S Braver,R01MH066078,FALSE,TRUE
Todd S Braver,R13AG042291,FALSE,TRUE
Todd S Braver,R13AT011981,FALSE,TRUE
Todd S Braver,R21AG030795,FALSE,TRUE
Todd S Braver,R21AG058206,FALSE,TRUE
Todd S Braver,R21AG067295,FALSE,TRUE
Todd S Braver,R21AG075590,FALSE,TRUE
Todd S Braver,R21AT009483,FALSE,TRUE
Todd S Braver,R21DA027821,FALSE,TRUE
Todd S Braver,R21MH097260,FALSE,TRUE
Todd S Braver,R21MH105800,FALSE,TRUE
Todd S Braver,R21MH132240,FALSE,TRUE
Todd S Braver,R37MH066078,FALSE,TRUE
Todd S Braver,R56MH066078,FALSE,TRUE
Todd S Braver,R61AG087037,FALSE,TRUE
Todd S Braver,T32NS115672,FALSE,TRUE
Tom K Hei,P01CA049062,FALSE,TRUE
Tom K Hei,P30ES009089,FALSE,TRUE
Tom K Hei,P41RR011623,FALSE,TRUE
Tom K Hei,P42ES010349,FALSE,TRUE
Tom K Hei,R01CA075384,FALSE,TRUE
Tom K Hei,R01ES005786,FALSE,TRUE
Tom K Hei,R01ES007890,FALSE,TRUE
Tom K Hei,R01ES008821,FALSE,TRUE
Tom K Hei,R01ES011804,FALSE,TRUE
Tom K Hei,R01ES012888,FALSE,TRUE
Tom K Hei,R03ES008926,FALSE,TRUE
Tom K Hei,R29ES005801,FALSE,TRUE
Tom K Kerppola,R01DA030339,FALSE,TRUE
Tom K Kerppola,R01GM086213,FALSE,TRUE
Tomas Ganz,M01RR000865,FALSE,TRUE
Tomas Ganz,P01AI037945,FALSE,TRUE
Tomas Ganz,P01HL067665,FALSE,TRUE
Tomas Ganz,P50HL067665,FALSE,TRUE
Tomas Ganz,R01AI021931,FALSE,TRUE
Tomas Ganz,R01AI038567,FALSE,TRUE
Tomas Ganz,R01AI040248,FALSE,TRUE
Tomas Ganz,R01AI046514,FALSE,TRUE
Tomas Ganz,R01DK065029,FALSE,TRUE
Tomas Ganz,R01DK090554,FALSE,TRUE
Tomas Ganz,R01DK126680,FALSE,TRUE
Tomas Ganz,R01HL035640,FALSE,TRUE
Tomas Ganz,R01HL046809,FALSE,TRUE
Tomas Ganz,R01HL091531,FALSE,TRUE
Tomas Ganz,R13AI040440,FALSE,TRUE
Tomas Ganz,R13DK092102,FALSE,TRUE
Tomas Ganz,R13DK098971,FALSE,TRUE
Tomas Ganz,R21AI048167,FALSE,TRUE
Tomas Ganz,R21DK073226,FALSE,TRUE
Tomas Ganz,T32HL072752,FALSE,TRUE
Tomas Ganz,U2CDK129496,FALSE,TRUE
Tomasz A Timek,F32HL010452,FALSE,TRUE
Tong Heng Lee,R01DA006519,FALSE,TRUE
Tong Heng Lee,R01DA012768,FALSE,TRUE
Tong Heng Lee,R01NS042124,FALSE,TRUE
Tong Heng Lee,RC2DA028905,FALSE,TRUE
Tong Wu,R01CA102325,FALSE,TRUE
Tong Wu,R01CA106280,FALSE,TRUE
Tong Wu,R01CA134568,FALSE,TRUE
Tong Wu,R01CA219541,FALSE,TRUE
Tong Wu,R01CA226281,FALSE,TRUE
Tong Wu,R01DK077776,FALSE,TRUE
Tong Wu,R56DK077776,FALSE,TRUE
Tongtan Chantarat,R03HD111802,FALSE,TRUE
Tonse N K Raju,S10RR002528,FALSE,TRUE
Tony Hunter,P30CA014195,FALSE,TRUE
Toren Finkel,P30AG024827,FALSE,TRUE
Toren Finkel,R01AG065229,FALSE,TRUE
Toren Finkel,R01HL142589,FALSE,TRUE
Toren Finkel,R01HL142663,FALSE,TRUE
Toren Finkel,U01AG077923,FALSE,TRUE
Toren Finkel,U01HL145550,FALSE,TRUE
Toren Finkel,U54AG075931,FALSE,TRUE
Toren Finkel,Z01HL005012,FALSE,TRUE
Toren Finkel,Z01HL005905,FALSE,TRUE
Toren Finkel,ZIAHL005012,FALSE,TRUE
Toren Finkel,ZIAHL006036,FALSE,TRUE
Toren Finkel,ZIAHL006037,FALSE,TRUE
Toren Finkel,ZIAHL006038,FALSE,TRUE
Toren Finkel,ZIAHL006185,FALSE,TRUE
Toren Finkel,ZICHL005907,FALSE,TRUE
Toren Finkel,ZICHL006145,FALSE,TRUE
Toru Hosoda,R21HL094894,FALSE,TRUE
Toru Ouchi,R01CA079892,FALSE,TRUE
Toru Ouchi,R01CA090631,FALSE,TRUE
Toru Ouchi,U01CA090631,FALSE,TRUE
Tracy K McIntosh,P01NS008803,FALSE,TRUE
Tracy K McIntosh,P50NS008803,FALSE,TRUE
Tracy K McIntosh,R01GM034690,FALSE,TRUE
Tracy K McIntosh,R01NS026818,FALSE,TRUE
Tracy K McIntosh,R01NS040978,FALSE,TRUE
Tracy K McIntosh,R55NS026818,FALSE,TRUE
Tracy K McIntosh,T32NS043126,FALSE,TRUE
Tracy Vargo-Gogola,K99CA127361,FALSE,TRUE
Tracy Vargo-Gogola,R00CA127361,FALSE,TRUE
Tyrone D Cannon,F31MH009929,FALSE,TRUE
Tyrone D Cannon,M01RR000865,FALSE,TRUE
Tyrone D Cannon,P41RR013642,FALSE,TRUE
Tyrone D Cannon,P50MH066286,FALSE,TRUE
Tyrone D Cannon,R01MH052857,FALSE,TRUE
Tyrone D Cannon,R01MH065079,FALSE,TRUE
Tyrone D Cannon,R29MH048207,FALSE,TRUE
Tyrone D Cannon,RC1MH088546,FALSE,TRUE
Tyrone D Cannon,RL1MH083269,FALSE,TRUE
Tyrone D Cannon,T32MH082719,FALSE,TRUE
Tyrone D Cannon,U01MH081902,FALSE,TRUE
Uday B Kompella,R01DK064172,FALSE,TRUE
Uday B Kompella,R01EY017533,FALSE,TRUE
Uday B Kompella,R01EY018940,FALSE,TRUE
Uday B Kompella,R01EY022097,FALSE,TRUE
Uday B Kompella,R01EY024072,FALSE,TRUE
Uday B Kompella,R01EY034477,FALSE,TRUE
Uday B Kompella,R01HL119533,FALSE,TRUE
Uday B Kompella,R03EY013842,FALSE,TRUE
Uday B Kompella,R13EY021956,FALSE,TRUE
Uday B Kompella,R15EY011777,FALSE,TRUE
Uday B Kompella,R21EY017360,FALSE,TRUE
Uday B Kompella,R21EY029887,FALSE,TRUE
Uday B Kompella,R21EY035764,FALSE,TRUE
Uday B Kompella,R21EY036178,FALSE,TRUE
Uday B Kompella,R41EY020097,FALSE,TRUE
Uday B Kompella,U01FD004719,FALSE,TRUE
Uday B Kompella,U01FD004929,FALSE,TRUE
Una D McCann,M01RR002719,FALSE,TRUE
Una D McCann,R01DA010217,FALSE,TRUE
Una D McCann,R01DA016563,FALSE,TRUE
Una D McCann,R01DA025686,FALSE,TRUE
Urs Christen,R21DK071577,FALSE,TRUE
Urvashi Surti,R01CA043331,FALSE,TRUE
Urvashi Surti,R01CA043882,FALSE,TRUE
Urvashi Surti,R23HD017572,FALSE,TRUE
Urvashi Surti,S15CA048882,FALSE,TRUE
V Craig Jordan,P01CA020432,TRUE,FALSE
V Craig Jordan,P30CA014520,TRUE,FALSE
Vaidehi R Chowdhary,K23AR057815,FALSE,TRUE
Valerie M Weaver,R01CA078731,FALSE,TRUE
Valerie M Weaver,R01CA085492,FALSE,TRUE
Valerie M Weaver,R01CA138818,FALSE,TRUE
Valerie M Weaver,R01CA174929,FALSE,TRUE
Valerie M Weaver,R01CA192914,FALSE,TRUE
Valerie M Weaver,R01CA222508,FALSE,TRUE
Valerie M Weaver,R01CA227942,FALSE,TRUE
Valerie M Weaver,R01NS109911,FALSE,TRUE
Valerie M Weaver,R13AR068188,FALSE,TRUE
Valerie M Weaver,R13CA174204,FALSE,TRUE
Valerie M Weaver,R21AR069495,FALSE,TRUE
Valerie M Weaver,R33CA183685,FALSE,TRUE
Valerie M Weaver,R35CA242447,FALSE,TRUE
Valerie M Weaver,U01CA151925,FALSE,TRUE
Valerie M Weaver,U01CA202241,FALSE,TRUE
Valerie M Weaver,U01CA250044,FALSE,TRUE
Valerie M Weaver,U01CA300847,FALSE,TRUE
Valerie M Weaver,U54CA143836,FALSE,TRUE
Valerie M Weaver,U54CA163155,FALSE,TRUE
Valluvan Jeevanandam,P01AI040160,FALSE,TRUE
Velpandi Ayyavoo,D43TW010039,FALSE,TRUE
Velpandi Ayyavoo,P50GM082251,FALSE,TRUE
Velpandi Ayyavoo,R01AI050463,FALSE,TRUE
Velpandi Ayyavoo,R01MH087247,FALSE,TRUE
Velpandi Ayyavoo,R01MH136952,FALSE,TRUE
Velpandi Ayyavoo,R21AI049649,FALSE,TRUE
Velpandi Ayyavoo,R56AI050463,FALSE,TRUE
Velpandi Ayyavoo,R56NS122567,FALSE,TRUE
Vered Stearns,M01RR000052,FALSE,TRUE
Vered Stearns,P30CA006973,FALSE,TRUE
Vered Stearns,U58DP005410,FALSE,TRUE
Victor L Perez,K08EY014912,TRUE,TRUE
Victor L Perez,P30EY014801,TRUE,TRUE
Victor L Perez,R01EY018624,TRUE,TRUE
Victor L Perez,R01EY024484,TRUE,TRUE
Victor L Perez,R01EY030283,TRUE,TRUE
Victor L Perez,R41EY029185,TRUE,TRUE
Victor L Perez,U01EY034687,TRUE,TRUE
Vincent C Lombardi,R01AI078234,FALSE,TRUE
Vincent C Lombardi,R21AI183042,FALSE,TRUE
Vincent J Venditto,F32AI095062,FALSE,TRUE
Vincent J Venditto,P20GM130456,FALSE,TRUE
Vincent J Venditto,R01HL152081,FALSE,TRUE
Vincent J Venditto,R56HL145051,FALSE,TRUE
Vincent J Venditto,R61HL177474,FALSE,TRUE
Vincent M Rotello,R01AI134770,FALSE,TRUE
Vincent M Rotello,R01AI186027,FALSE,TRUE
Vincent M Rotello,R01DK121351,FALSE,TRUE
Vincent M Rotello,R01EB014277,FALSE,TRUE
Vincent M Rotello,R01EB022641,FALSE,TRUE
Vincent M Rotello,R01GM059249,FALSE,TRUE
Vincent M Rotello,R01GM062998,FALSE,TRUE
Vincent M Rotello,R01GM077173,FALSE,TRUE
Vincent M Rotello,R21AI073425,FALSE,TRUE
Vincent M Rotello,R21CA140036,FALSE,TRUE
Vincent M Rotello,R21CA155866,FALSE,TRUE
Vincent M Rotello,R21EB004503,FALSE,TRUE
Vincent M Rotello,R21EB012246,FALSE,TRUE
Vincent M Rotello,R21EB023369,FALSE,TRUE
Vincent M Rotello,R21ES017871,FALSE,TRUE
Vincent M Rotello,R56CA207932,FALSE,TRUE
Vincent P Ferrera,F32NS008658,FALSE,TRUE
Vincent P Ferrera,R01MH059244,FALSE,TRUE
Vincent P Ferrera,R01MH081153,FALSE,TRUE
Vincent P Ferrera,R01MH111703,FALSE,TRUE
Vincent P Ferrera,R01MH112142,FALSE,TRUE
Vincent P Ferrera,R01MH133020,FALSE,TRUE
Vincent P Ferrera,R21EY035068,FALSE,TRUE
Vincent P Ferrera,R21MH073821,FALSE,TRUE
Vincent P Ferrera,R34NS137420,FALSE,TRUE
Vincent Sezibera,R01MH136200,TRUE,TRUE
Vineet Bhandari,K08HL074195,FALSE,TRUE
Vineet Bhandari,M01RR000125,FALSE,TRUE
Vineet Bhandari,R01HL085103,FALSE,TRUE
Vineet Bhandari,R56HL149733,FALSE,TRUE
Vinit B Mahajan,K08EY015237,TRUE,TRUE
Vinit B Mahajan,K08EY020530,TRUE,TRUE
Vinit B Mahajan,R01EY024665,TRUE,TRUE
Vinit B Mahajan,R01EY024698,TRUE,TRUE
Vinit B Mahajan,R01EY025225,TRUE,TRUE
Vinit B Mahajan,R01EY026682,TRUE,TRUE
Vinit B Mahajan,R01EY030151,TRUE,TRUE
Vinit B Mahajan,R01EY031952,TRUE,TRUE
Vinit B Mahajan,R01EY037830,TRUE,TRUE
Vinit B Mahajan,R13EY033982,TRUE,TRUE
Vinit B Mahajan,R21AG050437,TRUE,TRUE
Vinod Menon,K25HD040761,FALSE,TRUE
Vinod Menon,P41RR009784,FALSE,TRUE
Vinod Menon,R01EB022907,FALSE,TRUE
Vinod Menon,R01HD047520,FALSE,TRUE
Vinod Menon,R01HD057610,FALSE,TRUE
Vinod Menon,R01HD059205,FALSE,TRUE
Vinod Menon,R01MH084164,FALSE,TRUE
Vinod Menon,R01MH121069,FALSE,TRUE
Vinod Menon,R01MH126518,FALSE,TRUE
Vinod Menon,R01MH137325,FALSE,TRUE
Vinod Menon,R01NS086085,FALSE,TRUE
Vinod Menon,R03MH062430,FALSE,TRUE
Vinod Menon,R21DC011095,FALSE,TRUE
Vinod Menon,R21DC017950,FALSE,TRUE
Vinod Menon,R21NS058899,FALSE,TRUE
Vinod Menon,R21NS071221,FALSE,TRUE
Vinod Menon,R37HD094623,FALSE,TRUE
Vinod Menon,RF1NS086085,FALSE,TRUE
Vipin Kumar,R01AA020864,FALSE,TRUE
Vipin Kumar,R01AI052227,FALSE,TRUE
Vipin Kumar,R01CA100660,FALSE,TRUE
Vipin Kumar,R21CA098958,FALSE,TRUE
Vipin Kumar,R56AI146071,FALSE,TRUE
Viqar Syed,R03CA091250,FALSE,TRUE
Viqar Syed,R03CA123558,FALSE,TRUE
Viqar Syed,R03CA198822,FALSE,TRUE
Viravuth P Yin,P20GM104318,FALSE,TRUE
Viravuth P Yin,P20RR016463,FALSE,TRUE
Viravuth P Yin,R44HL139161,FALSE,TRUE
Vishal Patel,K08DK084311,FALSE,TRUE
Vishal Patel,R01DK102572,FALSE,TRUE
Vishal Patel,R01DK133186,FALSE,TRUE
Vishal Patel,R03DK099568,FALSE,TRUE
Vivian W Sung,K23HD060665,FALSE,TRUE
Vivian W Sung,R21HD069962,FALSE,TRUE
Vivian W Sung,U10HD069013,FALSE,TRUE
Vivian W Sung,UG1HD069013,FALSE,TRUE
Vivian Y H Hook,K02DA000228,FALSE,TRUE
Vivian Y H Hook,P01HL058120,FALSE,TRUE
Vivian Y H Hook,R01DA004271,FALSE,TRUE
Vivian Y H Hook,R01DA008825,FALSE,TRUE
Vivian Y H Hook,R01MH077305,FALSE,TRUE
Vivian Y H Hook,R01NS024553,FALSE,TRUE
Vivian Y H Hook,R01NS094597,FALSE,TRUE
Vivian Y H Hook,R01NS109075,FALSE,TRUE
Vivian Y H Hook,R21AG038772,FALSE,TRUE
Vivian Y H Hook,R21AG042828,FALSE,TRUE
Vivian Y H Hook,R21DA015532,FALSE,TRUE
Vivian Y H Hook,R21DA044515,FALSE,TRUE
Vivian Y H Hook,R21NS063064,FALSE,TRUE
Vivian Y H Hook,R56AG057469,FALSE,TRUE
Vivian Y H Hook,RF1AG095193,FALSE,TRUE
Vivian Y H Hook,S10RR016614,FALSE,TRUE
Vivian Y H Hook,T32DA007315,FALSE,TRUE
Vladimir L Tsibulsky,R21DA014189,FALSE,TRUE
Vladimir Mouraviev,P41RR005959,FALSE,TRUE
Vladimir S Spiegelman,R01AR063361,FALSE,TRUE
Vladimir S Spiegelman,R01CA121851,FALSE,TRUE
Vladimir S Spiegelman,R01CA243167,FALSE,TRUE
Vladimir S Spiegelman,R01CA288849,FALSE,TRUE
Vladimir S Spiegelman,R01CA304343,FALSE,TRUE
Vladimir S Spiegelman,R21CA191550,FALSE,TRUE
Volker Hartenstein,R01GM087373,FALSE,TRUE
Volker Hartenstein,R01NS029367,FALSE,TRUE
Volker Hartenstein,R01NS054814,FALSE,TRUE
Volker Hartenstein,R01NS096290,FALSE,TRUE
Volker Hartenstein,R56NS029367,FALSE,TRUE
Volker Hartenstein,R56NS054814,FALSE,TRUE
W Davis Parker,M01RR000069,TRUE,FALSE
W Davis Parker,P01AG009417,TRUE,FALSE
W Davis Parker,S07RR005357,TRUE,FALSE
W K Alfred Yung,P01CA055261,TRUE,TRUE
W K Alfred Yung,P50CA127001,TRUE,TRUE
W K Alfred Yung,R01CA033027,TRUE,TRUE
W K Alfred Yung,R01CA051148,TRUE,TRUE
W K Alfred Yung,R01CA056041,TRUE,TRUE
W K Alfred Yung,R01CA083127,TRUE,TRUE
W K Alfred Yung,R01CA123304,TRUE,TRUE
W K Alfred Yung,U01CA062412,TRUE,TRUE
W K Alfred Yung,U01CA062431,TRUE,TRUE
W K Alfred Yung,U24CA143883,TRUE,TRUE
Wade G Regehr,P01NS038312,FALSE,TRUE
Wade G Regehr,P30NS072030,FALSE,TRUE
Wade G Regehr,R01DA024090,FALSE,TRUE
Wade G Regehr,R01MH122570,FALSE,TRUE
Wade G Regehr,R01NS032405,FALSE,TRUE
Wade G Regehr,R01NS044396,FALSE,TRUE
Wade G Regehr,R01NS092707,FALSE,TRUE
Wade G Regehr,R21NS093498,FALSE,TRUE
Wade G Regehr,R35NS097284,FALSE,TRUE
Wade G Regehr,R35NS142971,FALSE,TRUE
Wade G Regehr,R37NS032405,FALSE,TRUE
Wade G Regehr,S10RR027547,FALSE,TRUE
Wade G Regehr,T32NS007484,FALSE,TRUE
Wade G Regehr,UF1NS108177,FALSE,TRUE
Waldemar Karwowski,R01OH002568,FALSE,TRUE
Walter C Low,P01HD032652,FALSE,TRUE
Walter C Low,R01AG077772,FALSE,TRUE
Walter C Low,R01AI173804,FALSE,TRUE
Walter C Low,R01DK117286,FALSE,TRUE
Walter C Low,R01NS024464,FALSE,TRUE
Walter C Low,R01NS040831,FALSE,TRUE
Walter C Low,R03AG005575,FALSE,TRUE
Walter C Low,R03NS060059,FALSE,TRUE
Walter C Low,R21NS087887,FALSE,TRUE
Walter C Low,R24HD030511,FALSE,TRUE
Walter C Low,R41NS050889,FALSE,TRUE
Walter C Low,R41NS113732,FALSE,TRUE
Walter C Low,R42AG083665,FALSE,TRUE
Walter C Low,R42NS112070,FALSE,TRUE
Walter C Low,RF1AG077772,FALSE,TRUE
Walter C Low,T32DA022616,FALSE,TRUE
Walter J Lukiw,R01AG018031,FALSE,TRUE
Walter J Lukiw,R01AG038834,FALSE,TRUE
Walter J Lukiw,R01EY006311,FALSE,TRUE
Warner C Greene,DP1DA036502,TRUE,TRUE
Warner C Greene,M01RR000083,TRUE,TRUE
Warner C Greene,P01AI058708,TRUE,TRUE
Warner C Greene,P01AI083050,TRUE,TRUE
Warner C Greene,P01AI131374,TRUE,TRUE
Warner C Greene,P01HD040543,TRUE,TRUE
Warner C Greene,R01AI028240,TRUE,TRUE
Warner C Greene,R01AI029117,TRUE,TRUE
Warner C Greene,R01AI036452,TRUE,TRUE
Warner C Greene,R01AI045324,TRUE,TRUE
Warner C Greene,R01AI065329,TRUE,TRUE
Warner C Greene,R01CA086814,TRUE,TRUE
Warner C Greene,R01CA089001,TRUE,TRUE
Warner C Greene,R01DA044605,TRUE,TRUE
Warner C Greene,R01DA049525,TRUE,TRUE
Warner C Greene,R01GM054351,TRUE,TRUE
Warner C Greene,R01MH064396,TRUE,TRUE
Warner C Greene,R13AI037515,TRUE,TRUE
Warner C Greene,R21AI080409,TRUE,TRUE
Warner C Greene,R21AI102782,TRUE,TRUE
Warner C Greene,R56AI065329,TRUE,TRUE
Warner C Greene,R56AI118574,TRUE,TRUE
Warner C Greene,S10RR008263,TRUE,TRUE
Warner C Greene,U19AI096113,TRUE,TRUE
Wayne I Lencer,P30DK034854,FALSE,TRUE
Wayne I Lencer,P41RR010888,FALSE,TRUE
Wayne I Lencer,R01DK048106,FALSE,TRUE
Wayne I Lencer,R01DK084424,FALSE,TRUE
Wayne I Lencer,R01DK104868,FALSE,TRUE
Wayne I Lencer,R01DK122953,FALSE,TRUE
Wayne I Lencer,R13DK083127,FALSE,TRUE
Wayne I Lencer,R21DK090603,FALSE,TRUE
Wayne I Lencer,R37DK048106,FALSE,TRUE
Wayne I Lencer,RC2DK118640,FALSE,TRUE
Wayne I Lencer,T32DK007477,FALSE,TRUE
Wayne L Nicholson,R29GM047461,FALSE,TRUE
Wayne L Nicholson,R55GM047461,FALSE,TRUE
Wei Bao,R03HD100708,FALSE,TRUE
Wei Bao,R21HD091458,FALSE,TRUE
Wei Cai,R01GM083600,FALSE,TRUE
Wei Cao,P20RR017703,TRUE,FALSE
Wei Cao,R01AG074283,TRUE,FALSE
Wei Cao,R01AI074809,TRUE,FALSE
Wei Cao,R01DK122708,TRUE,FALSE
Wei Cao,R01HL154720,TRUE,FALSE
Wei Cao,R03EY014427,TRUE,FALSE
Wei Cao,RF1AG057587,TRUE,FALSE
Wei Chen,F32GM068272,TRUE,FALSE
Wei Chen,K23DK114476,TRUE,FALSE
Wei Chen,P01AI106684,TRUE,FALSE
Wei Chen,P41RR008079,TRUE,FALSE
Wei Chen,R01AG016592,TRUE,FALSE
Wei Chen,R01AG056438,TRUE,FALSE
Wei Chen,R01AR070135,TRUE,FALSE
Wei Chen,R01AR086434,TRUE,FALSE
Wei Chen,R01CA085922,TRUE,FALSE
Wei Chen,R01CA113656,TRUE,FALSE
Wei Chen,R01CA172570,TRUE,FALSE
Wei Chen,R01CA240953,TRUE,FALSE
Wei Chen,R01CA276301,TRUE,FALSE
Wei Chen,R01DK138092,TRUE,FALSE
Wei Chen,R01DK138458,TRUE,FALSE
Wei Chen,R01EB000329,TRUE,FALSE
Wei Chen,R01EB000513,TRUE,FALSE
Wei Chen,R01EB002632,TRUE,FALSE
Wei Chen,R01EB034116,TRUE,FALSE
Wei Chen,R01ES021724,TRUE,FALSE
Wei Chen,R01EY024226,TRUE,FALSE
Wei Chen,R01GM050785,TRUE,FALSE
Wei Chen,R01HG007358,TRUE,FALSE
Wei Chen,R01HL121230,TRUE,FALSE
Wei Chen,R01HL172073,TRUE,FALSE
Wei Chen,R01MH111413,TRUE,FALSE
Wei Chen,R01NS038070,TRUE,FALSE
Wei Chen,R01NS039043,TRUE,FALSE
Wei Chen,R01NS041262,TRUE,FALSE
Wei Chen,R01NS057560,TRUE,FALSE
Wei Chen,R01NS118330,TRUE,FALSE
Wei Chen,R01NS133006,TRUE,FALSE
Wei Chen,R03AG060619,TRUE,FALSE
Wei Chen,R03DE024259,TRUE,TRUE
Wei Chen,R03DK131246,TRUE,FALSE
Wei Chen,R03HD047247,TRUE,FALSE
Wei Chen,R03HD061437,TRUE,FALSE
Wei Chen,R03HD062783,TRUE,FALSE
Wei Chen,R15EB000139,TRUE,FALSE
Wei Chen,R15GM126509,TRUE,FALSE
Wei Chen,R21DE031074,TRUE,TRUE
Wei Chen,R21EY030488,TRUE,FALSE
Wei Chen,R21HL150431,TRUE,FALSE
Wei Chen,R24MH106049,TRUE,FALSE
Wei Chen,R29GM050785,TRUE,FALSE
Wei Chen,R41AI038602,TRUE,FALSE
Wei Chen,R41DK130764,TRUE,FALSE
Wei Chen,R41HL165958,TRUE,FALSE
Wei Chen,R42DK130764,TRUE,FALSE
Wei Chen,R43CA094403,TRUE,FALSE
Wei Chen,R43CA110091,TRUE,FALSE
Wei Chen,R43CA112756,TRUE,FALSE
Wei Chen,R56AG056438,TRUE,FALSE
Wei Chen,S10OD032192,TRUE,FALSE
Wei Chen,T32EB008389,TRUE,FALSE
Wei Chen,U01EB026978,TRUE,FALSE
Wei Li,F32AI009614,TRUE,FALSE
Wei Li,F32EY017257,TRUE,TRUE
Wei Li,K22CA190440,TRUE,FALSE
Wei Li,R01AG072703,TRUE,FALSE
Wei Li,R01AR059853,TRUE,TRUE
Wei Li,R01CA065567,TRUE,TRUE
Wei Li,R01CA148706,TRUE,FALSE
Wei Li,R01CA193466,TRUE,FALSE
Wei Li,R01CA193609,TRUE,FALSE
Wei Li,R01CA228140,TRUE,FALSE
Wei Li,R01CA228921,TRUE,TRUE
Wei Li,R01CA240447,TRUE,FALSE
Wei Li,R01CA276152,TRUE,FALSE
Wei Li,R01CA290720,TRUE,FALSE
Wei Li,R01CA295996,TRUE,FALSE
Wei Li,R01EY016211,TRUE,FALSE
Wei Li,R01EY027749,TRUE,FALSE
Wei Li,R01EY036417,TRUE,FALSE
Wei Li,R01EY037242,TRUE,FALSE
Wei Li,R01GM066193,TRUE,TRUE
Wei Li,R01GM067100,TRUE,TRUE
Wei Li,R01GM094449,TRUE,FALSE
Wei Li,R01HG007538,TRUE,FALSE
Wei Li,R01HG010753,TRUE,FALSE
Wei Li,R01HL168174,TRUE,FALSE
Wei Li,R01HL177493,TRUE,FALSE
Wei Li,R01NS109147,TRUE,FALSE
Wei Li,R01NS119547,TRUE,FALSE
Wei Li,R01NS121542,TRUE,FALSE
Wei Li,R01OD026594,TRUE,FALSE
Wei Li,R03EY013698,TRUE,FALSE
Wei Li,R03HS024633,TRUE,FALSE
Wei Li,R03OH003491,TRUE,TRUE
Wei Li,R15CA125623,TRUE,FALSE
Wei Li,R15GM139156,TRUE,FALSE
Wei Li,R15HL145573,TRUE,FALSE
Wei Li,R21AR063242,TRUE,FALSE
Wei Li,R21CA240185,TRUE,TRUE
Wei Li,R21EB008573,TRUE,TRUE
Wei Li,R21ES035885,TRUE,FALSE
Wei Li,R21EY027065,TRUE,FALSE
Wei Li,R21EY035421,TRUE,FALSE
Wei Li,R21HD075372,TRUE,FALSE
Wei Li,R21NS097913,TRUE,FALSE
Wei Li,R21NS108508,TRUE,FALSE
Wei Li,R21NS120315,TRUE,FALSE
Wei Li,R24EY028764,TRUE,FALSE
Wei Li,R33NS124923,TRUE,FALSE
Wei Li,R41CA310186,TRUE,FALSE
Wei Li,R41EY027665,TRUE,FALSE
Wei Li,R41NS135658,TRUE,FALSE
Wei Li,R43CA257324,TRUE,FALSE
Wei Li,R43EY031238,TRUE,FALSE
Wei Li,R43EY032827,TRUE,FALSE
Wei Li,R44EY027665,TRUE,FALSE
Wei Li,R61NS124923,TRUE,FALSE
Wei Li,RF1AG072703,TRUE,FALSE
Wei Li,S10OD010678,TRUE,FALSE
Wei Li,S10RR026377,TRUE,FALSE
Wei Li,Z01EY000448,TRUE,FALSE
Wei Li,ZIAEY000448,TRUE,FALSE
Wei Li,ZIAEY000488,TRUE,FALSE
Wei Li,ZIAEY000502,TRUE,FALSE
Wei Li,ZIAEY000508,TRUE,FALSE
Wei Li,ZIAEY000548,TRUE,FALSE
Wei Li,ZIAEY000567,TRUE,FALSE
Wei Ren,R03DE011418,FALSE,TRUE
Wei Shi,P20GM152326,TRUE,FALSE
Wei Shi,R01HL061286,TRUE,FALSE
Wei Shi,R01HL068597,TRUE,FALSE
Wei Shi,R01HL141352,TRUE,FALSE
Wei Shi,R01HL146541,TRUE,FALSE
Wei Shi,R01HL151699,TRUE,FALSE
Wei Shi,R03HD090309,TRUE,FALSE
Wei Shi,R15GM116032,TRUE,FALSE
Wei Shi,R21HL109932,TRUE,FALSE
Wei Tan,K25HL097246,FALSE,TRUE
Wei Tan,R01HL119371,FALSE,TRUE
Wei Wu,F32NS009989,TRUE,FALSE
Wei Wu,R01DC002035,TRUE,FALSE
Wei Wu,R01GM087694,TRUE,FALSE
Wei Wu,R01GM114311,TRUE,FALSE
Wei Wu,R01NS103481,TRUE,FALSE
Wei Wu,R01NS111776,TRUE,FALSE
Wei Wu,R01NS131489,TRUE,FALSE
Wei Yan,P20RR018751,FALSE,TRUE
Wei Yan,P30GM110767,FALSE,TRUE
Wei Yan,P50HD098593,FALSE,TRUE
Wei Yan,R01HD050281,FALSE,TRUE
Wei Yan,R01HD060858,FALSE,TRUE
Wei Yan,R01HD085506,FALSE,TRUE
Wei Yan,R01HD099924,FALSE,TRUE
Wei Yan,R03HD048855,FALSE,TRUE
Wei Yan,R03HD074573,FALSE,TRUE
Wei Yan,R13HD105415,FALSE,TRUE
Wei Yan,R13HD115366,FALSE,TRUE
Wei Yan,R21HD071736,FALSE,TRUE
Wei Yan,R61HD114186,FALSE,TRUE
Wei Yao,P50AR063043,FALSE,TRUE
Wei Yao,R01AR061366,FALSE,TRUE
Wei Yao,R21AR057515,FALSE,TRUE
Wei Yu,F32HG000169,FALSE,TRUE
Wei Zhang,F32AI114132,TRUE,FALSE
Wei Zhang,K99GM141269,TRUE,FALSE
Wei Zhang,P30CA012197,TRUE,FALSE
Wei Zhang,P41RR000954,TRUE,FALSE
Wei Zhang,P41RR006009,TRUE,FALSE
Wei Zhang,R00GM141269,TRUE,FALSE
Wei Zhang,R01AI162699,TRUE,FALSE
Wei Zhang,R01CA098503,TRUE,FALSE
Wei Zhang,R01CA098570,TRUE,FALSE
Wei Zhang,R01CA141432,TRUE,FALSE
Wei Zhang,R01CA183153,TRUE,FALSE
Wei Zhang,R01CA223662,TRUE,FALSE
Wei Zhang,R01CA272627,TRUE,FALSE
Wei Zhang,R01CA280637,TRUE,FALSE
Wei Zhang,R01GM151775,TRUE,FALSE
Wei Zhang,R03CA256100,TRUE,FALSE
Wei Zhang,R03MH138838,TRUE,FALSE
Wei Zhang,R03NS056237,TRUE,FALSE
Wei Zhang,R13GM096683,TRUE,FALSE
Wei Zhang,R21AI079473,TRUE,FALSE
Wei Zhang,R21AI119896,TRUE,FALSE
Wei Zhang,R21AI148328,TRUE,FALSE
Wei Zhang,R21CA150654,TRUE,FALSE
Wei Zhang,R21CA187869,TRUE,FALSE
Wei Zhang,R21CA209345,TRUE,FALSE
Wei Zhang,R21CA253362,TRUE,FALSE
Wei Zhang,R21CA283588,TRUE,FALSE
Wei Zhang,R21HG006367,TRUE,FALSE
Wei Zhang,R21MD011439,TRUE,FALSE
Wei Zhang,R21NS096531,TRUE,FALSE
Wei Zhang,R29CA067987,TRUE,FALSE
Wei Zhang,R33CA269100,TRUE,FALSE
Wei Zhang,R43ES026254,TRUE,FALSE
Wei Zhang,R43GM062717,TRUE,FALSE
Wei Zhang,R43GM130223,TRUE,FALSE
Wei Zhang,R43GM136063,TRUE,FALSE
Wei Zhang,R43GM140605,TRUE,FALSE
Wei Zhang,R43GM144020,TRUE,FALSE
Wei Zhang,R43MH109189,TRUE,FALSE
Wei Zhang,R43MH111348,TRUE,FALSE
Wei Zhang,R43MH112475,TRUE,FALSE
Wei Zhang,R44GM062717,TRUE,FALSE
Wei Zhang,R44GM067326,TRUE,FALSE
Wei Zhang,R56CA098503,TRUE,FALSE
Wei Zhang,R56CA282891,TRUE,FALSE
Wei Zhang,S10RR026429,TRUE,FALSE
Wei Zhang,U01CA217078,TRUE,FALSE
Wei Zhang,U01CA297685,TRUE,FALSE
Wei Zhang,U19AI068021,TRUE,FALSE
Wei Zhang,U24GM116788,TRUE,FALSE
Wei Zhang,U24GM116789,TRUE,FALSE
Wei Zhang,U24GM116792,TRUE,FALSE
Wei Zhang,U54CA156734,TRUE,FALSE
Wei Zhao,F32DA014164,TRUE,FALSE
Wei Zhao,I21RX003453,TRUE,FALSE
Wei Zhao,K08AI057357,TRUE,FALSE
Wei Zhao,R01CA148053,TRUE,FALSE
Wei Zhao,R01EB002655,TRUE,FALSE
Wei Zhao,R01EB026267,TRUE,FALSE
Wei Zhao,R01EB030413,TRUE,FALSE
Wei Zhao,R01EB035551,TRUE,FALSE
Wei Zhao,R01HD052646,TRUE,FALSE
Wei Zhao,R03HD114686,TRUE,FALSE
Wei Zhao,R21EB019526,TRUE,FALSE
Wei Zhao,U19AI077435,TRUE,FALSE
Wei Zheng,P30CA068485,TRUE,TRUE
Wei Zheng,P50CA090949,TRUE,TRUE
Wei Zheng,P50CA095103,TRUE,TRUE
Wei Zheng,R01CA064277,TRUE,TRUE
Wei Zheng,R01CA070867,TRUE,TRUE
Wei Zheng,R01CA072784,TRUE,TRUE
Wei Zheng,R01CA090899,TRUE,TRUE
Wei Zheng,R01CA092447,TRUE,TRUE
Wei Zheng,R01CA097386,TRUE,TRUE
Wei Zheng,R01CA100374,TRUE,TRUE
Wei Zheng,R01CA124558,TRUE,TRUE
Wei Zheng,R01CA148667,TRUE,TRUE
Wei Zheng,R01CA158473,TRUE,TRUE
Wei Zheng,R01CA188214,TRUE,TRUE
Wei Zheng,R01CA202981,TRUE,TRUE
Wei Zheng,R01CA228156,TRUE,TRUE
Wei Zheng,R01CA235553,TRUE,TRUE
Wei Zheng,R01CA269589,TRUE,TRUE
Wei Zheng,R01ES007042,TRUE,FALSE
Wei Zheng,R01ES008146,TRUE,FALSE
Wei Zheng,R01ES027078,TRUE,FALSE
Wei Zheng,R03CA064219,TRUE,TRUE
Wei Zheng,R03CA070554,TRUE,TRUE
Wei Zheng,R03CA080655,TRUE,TRUE
Wei Zheng,R03CA090989,TRUE,TRUE
Wei Zheng,R03CA090990,TRUE,TRUE
Wei Zheng,R03CA153116,TRUE,TRUE
Wei Zheng,R03MH096573,TRUE,TRUE
Wei Zheng,R13ES012495,TRUE,FALSE
Wei Zheng,R13ES020094,TRUE,FALSE
Wei Zheng,R13ES030964,TRUE,FALSE
Wei Zheng,R21ES013118,TRUE,FALSE
Wei Zheng,R21ES017055,TRUE,FALSE
Wei Zheng,R37CA070867,TRUE,TRUE
Wei Zheng,R56ES008146,TRUE,FALSE
Wei Zheng,U01CA202979,TRUE,TRUE
Wei Zheng,U01CA262678,TRUE,TRUE
Wei Zheng,U19CA148065,TRUE,TRUE
Wei Zheng,U54CA163072,TRUE,TRUE
Wei Zheng,UG3CA265846,TRUE,TRUE
Wei Zheng,UH3CA265846,TRUE,TRUE
Wei Zheng,UM1CA182910,TRUE,TRUE
Wei Zheng,ZIATR000018,TRUE,FALSE
Wei Zheng,ZIATR000269,TRUE,FALSE
Wei Zheng,ZIATR000570,TRUE,FALSE
Wei Zheng,ZIATR000571,TRUE,FALSE
Wei Zhou,I01BX001398,TRUE,FALSE
Wei Zhou,I01CX002260,TRUE,FALSE
Wei Zhou,K08GM138981,TRUE,FALSE
Wei Zhou,K99HG012222,TRUE,FALSE
Wei Zhou,P01CA116676,TRUE,FALSE
Wei Zhou,P30CA138292,TRUE,FALSE
Wei Zhou,R00HG012222,TRUE,FALSE
Wei Zhou,R01CA140571,TRUE,FALSE
Wei Zhou,R01CA194027,TRUE,FALSE
Wei Zhou,R01CA203928,TRUE,FALSE
Wei Zhou,R01CA284648,TRUE,FALSE
Wei Zhou,R01HG014518,TRUE,FALSE
Wei Zhou,R01NS070308,TRUE,FALSE
Wei Zhou,R21AT005136,TRUE,FALSE
Wei Zhou,R21NS081416,TRUE,FALSE
Wei Zhou,T35HL007479,TRUE,FALSE
Wei Zhou,U01DK119094,TRUE,FALSE
Weidong Cai,K01MH105625,FALSE,TRUE
Weidong Cai,R01MH124816,FALSE,TRUE
Weifei Zhu,R01HL150537,FALSE,TRUE
Weishui Y Weiser,R01AI022801,TRUE,TRUE
Weishui Y Weiser,R23AI022801,TRUE,TRUE
Wen-Ming Chu,R01AI054128,FALSE,TRUE
Wenbin Lin,R01CA216436,FALSE,TRUE
Wenbin Lin,R01CA223184,FALSE,TRUE
Wenbin Lin,R01CA253655,FALSE,TRUE
Wenbin Lin,R01CA276307,FALSE,TRUE
Wenbin Lin,R01CA279802,FALSE,TRUE
Wenbin Lin,U01CA151455,FALSE,TRUE
Wenbin Lin,U01CA198989,FALSE,TRUE
Wenbin Lin,U54CA119343,FALSE,TRUE
Wendie A Robbins,K01NR007654,FALSE,TRUE
Wendie A Robbins,P30NR005041,FALSE,TRUE
Wendie A Robbins,R01OH007575,FALSE,TRUE
Wendy F Boss,P41RR000480,FALSE,TRUE
William A Calo,R21CA290500,FALSE,TRUE
William A Calo,R37CA253279,FALSE,TRUE
William A Gahl,U01HD082806,FALSE,TRUE
William A Gahl,U54HD061939,FALSE,TRUE
William A Gahl,Z01HD000131,FALSE,TRUE
William A Gahl,Z01HG000100,FALSE,TRUE
William A Gahl,Z01HG000215,FALSE,TRUE
William A Gahl,Z01HG200322,FALSE,TRUE
William A Mitch,R13ES028076,FALSE,TRUE
William A Zoghbi,M01RR000350,FALSE,TRUE
William B Campbell,K04HL000801,FALSE,TRUE
William B Campbell,R01DA009155,FALSE,TRUE
William B Campbell,R01DK058145,FALSE,TRUE
William B Campbell,R01HL021066,FALSE,TRUE
William B Campbell,R01HL025471,FALSE,TRUE
William B Campbell,R01HL031581,FALSE,TRUE
William B Campbell,R01HL037981,FALSE,TRUE
William B Campbell,R01HL051055,FALSE,TRUE
William B Campbell,R01HL052159,FALSE,TRUE
William B Campbell,R01HL083297,FALSE,TRUE
William B Campbell,R01HL103673,FALSE,TRUE
William B Campbell,R01HL132908,FALSE,TRUE
William B Campbell,R01HL144516,FALSE,TRUE
William B Campbell,S10RR017824,FALSE,TRUE
William B Campbell,U01DK142329,FALSE,TRUE
William C Hahn,K01CA094223,FALSE,TRUE
William C Hahn,P01CA050661,FALSE,TRUE
William C Hahn,P01CA142536,FALSE,TRUE
William C Hahn,P01CA154303,FALSE,TRUE
William C Hahn,P01CA203655,FALSE,TRUE
William C Hahn,P50CA127003,FALSE,TRUE
William C Hahn,R01AG023145,FALSE,TRUE
William C Hahn,R01CA130988,FALSE,TRUE
William C Hahn,R01CA140545,FALSE,TRUE
William C Hahn,R01CA266642,FALSE,TRUE
William C Hahn,R01CA285582,FALSE,TRUE
William C Hahn,R03MH097485,FALSE,TRUE
William C Hahn,R03TR003343,FALSE,TRUE
William C Hahn,R33CA128625,FALSE,TRUE
William C Hahn,RC2CA148268,FALSE,TRUE
William C Hahn,U01CA176058,FALSE,TRUE
William C Hahn,U01CA199253,FALSE,TRUE
William C Hahn,U01CA224146,FALSE,TRUE
William C Hahn,U01CA250549,FALSE,TRUE
William C Hahn,U01CA274276,FALSE,TRUE
William Hart,R41HL082024,FALSE,TRUE
William J Burlingham,K02AI001452,FALSE,TRUE
William J Burlingham,P01AI084853,FALSE,TRUE
William J Burlingham,R01AI026941,FALSE,TRUE
William J Burlingham,R01AI044077,FALSE,TRUE
William J Burlingham,R01AI048624,FALSE,TRUE
William J Burlingham,R01AI066219,FALSE,TRUE
William J Burlingham,R01AI119140,FALSE,TRUE
William J Burlingham,R01DK050954,FALSE,TRUE
William J Burlingham,R13AI036488,FALSE,TRUE
William J Burlingham,R13AI039626,FALSE,TRUE
William J Burlingham,R13AI047252,FALSE,TRUE
William J Burlingham,R21AI049900,FALSE,TRUE
William J Burlingham,R21DK077354,FALSE,TRUE
William J Burlingham,R56AI066219,FALSE,TRUE
William J Gradishar,P50CA089018,FALSE,TRUE
William J Gradishar,R21CA064487,FALSE,TRUE
William M Armstead,R01HD057355,FALSE,TRUE
William M Armstead,R01NS034932,FALSE,TRUE
William M Armstead,R01NS036983,FALSE,TRUE
William M Armstead,R01NS053410,FALSE,TRUE
William M Armstead,R01NS090998,FALSE,TRUE
William M Armstead,R29HL042939,FALSE,TRUE
William Michael Foster,U19ES012496,FALSE,TRUE
William O Hancock,R01GM076476,FALSE,TRUE
William O Hancock,R01GM100076,FALSE,TRUE
William O Hancock,R01GM121679,FALSE,TRUE
William O Hancock,R21ES037200,FALSE,TRUE
William O Hancock,R21GM083297,FALSE,TRUE
William O Hancock,R35GM139568,FALSE,TRUE
William O Hancock,T32GM149417,FALSE,TRUE
William Perry,M01RR000827,TRUE,TRUE
William Perry,R01DA043535,TRUE,TRUE
William Perry,R01MH071916,TRUE,TRUE
William Perry,R21MH097112,TRUE,TRUE
William Thomson,D37AH000076,FALSE,TRUE
William Thomson,S03RR003169,FALSE,TRUE
William W Cruikshank,P01AI050516,FALSE,TRUE
William W Cruikshank,R01AI037368,FALSE,TRUE
William W Cruikshank,R01CA122737,FALSE,TRUE
William W Cruikshank,R01HL101390,FALSE,TRUE
William W Cruikshank,R25HL118693,FALSE,TRUE
William W Cruikshank,U19AI041994,FALSE,TRUE
William Walker,R21HD089097,FALSE,TRUE
Wolfgang C Winkelmayer,R01DK090181,FALSE,TRUE
Wolfgang C Winkelmayer,R01DK095024,FALSE,TRUE
Wolfgang C Winkelmayer,R13DK098020,FALSE,TRUE
Wolfgang C Winkelmayer,R21DK077336,FALSE,TRUE
Wolfgang J Weise,S07RR005487,FALSE,TRUE
Wolfram Ruf,P01HL016411,FALSE,TRUE
Wolfram Ruf,P01HL031950,FALSE,TRUE
Wolfram Ruf,R01HL048752,FALSE,TRUE
Wolfram Ruf,R01HL060742,FALSE,TRUE
Wolfram Ruf,R01HL077753,FALSE,TRUE
Wolfram Ruf,R01HL078614,FALSE,TRUE
Wolfram Ruf,R01HL097387,FALSE,TRUE
Wolfram Ruf,R13HL096299,FALSE,TRUE
Wolfram Ruf,RC1HL100115,FALSE,TRUE
Wolfram Ruf,T32HL007195,FALSE,TRUE
Woo Shik Shin,R03NS135326,FALSE,TRUE
Xian Chen,P41RR002231,TRUE,FALSE
Xian Chen,R01AI064806,TRUE,FALSE
Xian Chen,R01GM133107,TRUE,FALSE
Xian Chen,R21AG071229,TRUE,FALSE
Xian Chen,R21DC008160,TRUE,FALSE
Xian Chen,R21DK082706,TRUE,FALSE
Xian Chen,R41AG085859,TRUE,FALSE
Xian Chen,R41DK133051,TRUE,FALSE
Xian Chen,RC2HG005591,TRUE,FALSE
Xian Chen,U19AI109965,TRUE,FALSE
Xian Chen,U24CA160035,TRUE,FALSE
Xiang Chen,R01CA262790,FALSE,TRUE
Xiang Chen,R01CA266600,FALSE,TRUE
Xiang He,R21MH126260,FALSE,TRUE
Xiang Li,R01HL150007,TRUE,FALSE
Xiang Li,R03AG078625,TRUE,FALSE
Xiang Wang,R01GM098390,FALSE,TRUE
Xiang Wang,R21AI121365,FALSE,TRUE
Xiang Wang,R21AI121581,FALSE,TRUE
Xiang Wang,R33AI121365,FALSE,TRUE
Xiang Wang,R33AI121581,FALSE,TRUE
Xiang Wang,R41CA291231,FALSE,TRUE
Xiang-Dong Fu,P41RR008605,FALSE,TRUE
Xiang-Dong Fu,R01DK098808,FALSE,TRUE
Xiang-Dong Fu,R01GM049369,FALSE,TRUE
Xiang-Dong Fu,R01GM052872,FALSE,TRUE
Xiang-Dong Fu,R01HG003119,FALSE,TRUE
Xiang-Dong Fu,R01HG004659,FALSE,TRUE
Xiang-Dong Fu,R21CA088351,FALSE,TRUE
Xiang-Dong Fu,R33CA088351,FALSE,TRUE
Xiang-Dong Fu,R33CA114184,FALSE,TRUE
Xiang-Dong Fu,R56DK098808,FALSE,TRUE
Xiang-Dong Fu,S10RR025547,FALSE,TRUE
Xiang-Jin Meng,K22AI001653,FALSE,TRUE
Xiang-Jin Meng,R01AI046505,FALSE,TRUE
Xiang-Jin Meng,R01AI050611,FALSE,TRUE
Xiang-Jin Meng,R01AI074667,FALSE,TRUE
Xiang-Jin Meng,R03AI177361,FALSE,TRUE
Xiang-Jin Meng,R21AI141677,FALSE,TRUE
Xiang-Jin Meng,R37AI179614,FALSE,TRUE
Xiang-Jin Meng,R56AI065546,FALSE,TRUE
Xiang-Jin Meng,T32OD010430,FALSE,TRUE
Xiang-Jin Meng,T32OD028239,FALSE,TRUE
Xiang-Jin Meng,T32RR021819,FALSE,TRUE
Xiangdong Wang,R01AA012628,FALSE,TRUE
Xiangdong Wang,R01CA104932,FALSE,TRUE
Xiangdong Wang,R03ES011537,FALSE,TRUE
Xiangdong Wang,R21CA176256,FALSE,TRUE
Xianglin Shi,P30ES026529,FALSE,TRUE
Xianglin Shi,P41RR011602,FALSE,TRUE
Xianglin Shi,R01AA015407,FALSE,TRUE
Xianglin Shi,R01CA116697,FALSE,TRUE
Xianglin Shi,R01CA119028,FALSE,TRUE
Xianglin Shi,R01ES015375,FALSE,TRUE
Xianglin Shi,R01ES015518,FALSE,TRUE
Xianglin Shi,R01ES017244,FALSE,TRUE
Xianglin Shi,R01ES020870,FALSE,TRUE
Xianglin Shi,R01ES021771,FALSE,TRUE
Xianglin Shi,R01ES025515,FALSE,TRUE
Xianglin Shi,R01ES028984,FALSE,TRUE
Xianglin Shi,R01ES029378,FALSE,TRUE
Xianglin Shi,R01ES029838,FALSE,TRUE
Xianglin Shi,R13ES019778,FALSE,TRUE
Xianglin Shi,R13ES022127,FALSE,TRUE
Xianglin Shi,R13ES024646,FALSE,TRUE
Xianglin Shi,R13ES027336,FALSE,TRUE
Xianglin Shi,R21ES019249,FALSE,TRUE
Xianglin Shi,R21ES025669,FALSE,TRUE
Xiangning Chen,F32HG000156,FALSE,TRUE
Xiangning Chen,K01DA019498,FALSE,TRUE
Xiangning Chen,P20GM121325,FALSE,TRUE
Xiangning Chen,R01MH101054,FALSE,TRUE
Xiangning Chen,R03DA027619,FALSE,TRUE
Xiangning Chen,R21DA027070,FALSE,TRUE
Xiao Tan,K08DK132516,FALSE,TRUE
Xiao Wu,K01ES036202,FALSE,TRUE
Xiao-Cheng Wu,261201300016I,TRUE,FALSE
Xiao-Cheng Wu,261201800007I,TRUE,FALSE
Xiao-Cheng Wu,U01DP000253,TRUE,TRUE
Xiao-Wei Zhang,P41RR005959,FALSE,TRUE
Xiaobo Zhou,R01AA032723,FALSE,TRUE
Xiaobo Zhou,R01CA241930,FALSE,TRUE
Xiaobo Zhou,R01DE021863,FALSE,TRUE
Xiaobo Zhou,R01DE022676,FALSE,TRUE
Xiaobo Zhou,R01DE027027,FALSE,TRUE
Xiaobo Zhou,R01GM123037,FALSE,TRUE
Xiaobo Zhou,R01GM153822,FALSE,TRUE
Xiaobo Zhou,R01LM010185,FALSE,TRUE
Xiaobo Zhou,R01LM014156,FALSE,TRUE
Xiaobo Zhou,U01AR069395,FALSE,TRUE
Xiaobo Zhou,U01CA166886,FALSE,TRUE
Xiaobo Zhou,U01HL111560,FALSE,TRUE
Xiaodong Wang,P01CA095471,TRUE,TRUE
Xiaodong Wang,R01CA249190,TRUE,FALSE
Xiaodong Wang,R01CA259077,TRUE,FALSE
Xiaodong Wang,R01DK137824,TRUE,FALSE
Xiaodong Wang,R01GM057158,TRUE,TRUE
Xiaofeng Yang,K08AI054514,TRUE,FALSE
Xiaofeng Yang,R01CA215718,TRUE,FALSE
Xiaofeng Yang,R01CA272991,TRUE,FALSE
Xiaofeng Yang,R01DE033512,TRUE,FALSE
Xiaofeng Yang,R01EB032680,TRUE,FALSE
Xiaofeng Yang,R01HL094451,TRUE,FALSE
Xiaofeng Yang,R01HL108910,TRUE,FALSE
Xiaofeng Yang,R01HL116917,TRUE,FALSE
Xiaofeng Yang,R01HL131460,TRUE,FALSE
Xiaofeng Yang,R01HL132399,TRUE,FALSE
Xiaofeng Yang,R01HL138749,TRUE,FALSE
Xiaofeng Yang,R01HL147565,TRUE,FALSE
Xiaofeng Yang,R01HL163570,TRUE,FALSE
Xiaofeng Yang,R56EB033332,TRUE,FALSE
Xiaohong Li,F32DK010130,TRUE,FALSE
Xiaohong Li,R01CA179949,TRUE,FALSE
Xiaohong Li,R01CA230744,TRUE,FALSE
Xiaojiang S Chen,P41RR007707,FALSE,TRUE
Xiaojiang S Chen,R01AI048747,FALSE,TRUE
Xiaojiang S Chen,R01AI050096,FALSE,TRUE
Xiaojiang S Chen,R01AI055926,FALSE,TRUE
Xiaojiang S Chen,R01AI150524,FALSE,TRUE
Xiaojiang S Chen,R01GM080338,FALSE,TRUE
Xiaojiang S Chen,R01GM087986,FALSE,TRUE
Xiaojun Ren,R01GM135286,FALSE,TRUE
Xiaojun Ren,R03CA191443,FALSE,TRUE
Xiaoming He,R01AI123661,FALSE,TRUE
Xiaoming He,R01AI172086,FALSE,TRUE
Xiaoming He,R01CA206366,FALSE,TRUE
Xiaoming He,R01CA243023,FALSE,TRUE
Xiaoming He,R01CA279810,FALSE,TRUE
Xiaoming He,R01CA279815,FALSE,TRUE
Xiaoming He,R01EB012108,FALSE,TRUE
Xiaoming He,R01EB023632,FALSE,TRUE
Xiaoming Li,R01AA018090,FALSE,TRUE
Xiaoming Li,R01AI127203,FALSE,TRUE
Xiaoming Li,R01HD074221,FALSE,TRUE
Xiaoming Li,R01MH064878,FALSE,TRUE
Xiaoming Li,R01MH076488,FALSE,TRUE
Xiaoming Li,R01MH112376,FALSE,TRUE
Xiaoming Li,R01MH127961,FALSE,TRUE
Xiaoming Li,R01NR010498,FALSE,TRUE
Xiaoming Li,R01NR013466,FALSE,TRUE
Xiaoming Li,R13LM014347,FALSE,TRUE
Xiaoming Li,R21AI169139,FALSE,TRUE
Xiaoming Li,R21AI170171,FALSE,TRUE
Xiaoming Li,R21HD087108,FALSE,TRUE
Xiaoming Li,R21TW006375,FALSE,TRUE
Xiaoming Li,R24MH092271,FALSE,TRUE
Xiaoming Li,R25AI164581,FALSE,TRUE
Xiaoming Li,R25AI172761,FALSE,TRUE
Xiaoming Li,R25NR013160,FALSE,TRUE
Xiaoming Li,R56AI174896,FALSE,TRUE
Xiaoming Li,U01HD110062,FALSE,TRUE
Xiaoming Li,U19HD089875,FALSE,TRUE
Xiaoping Luo,R03HD058779,FALSE,TRUE
Xiaowei Chen,R21CA186853,FALSE,TRUE
Xiaoxiao Liu,R41CA167907,FALSE,TRUE
Xiaoyang Xu,F32CA168163,FALSE,TRUE
Xiaoyu Zhang,K99CA248715,TRUE,FALSE
Xiaoyu Zhang,R00CA248715,TRUE,FALSE
Xiaoyu Zhang,R35GM154945,TRUE,FALSE
Xiaoyu Zhang,SC3GM092765,TRUE,FALSE
Xiaoyu Zhang,SC3GM122659,TRUE,FALSE
Xiaoyun Fu,R01HL075381,FALSE,TRUE
Xin Jiang,R41EB022439,TRUE,FALSE
Xin Jiang,R41NS102026,TRUE,FALSE
Xin Jiang,R43CA133979,TRUE,FALSE
Xin Jiang,R43GM070200,TRUE,FALSE
Xin Jiang,R43GM073240,TRUE,FALSE
Xin Jiang,R43HL170918,TRUE,FALSE
Xin Jiang,R43TR002436,TRUE,FALSE
Xin Jiang,U44NS114151,TRUE,FALSE
Xin Li,DP2AI192036,TRUE,FALSE
Xin Li,K99HD078482,TRUE,FALSE
Xin Li,K99HL157691,TRUE,FALSE
Xin Li,R00HD078482,TRUE,FALSE
Xin Li,R00HL157691,TRUE,FALSE
Xin Li,R01AG068857,TRUE,FALSE
Xin Li,R01AG080696,TRUE,FALSE
Xin Li,R01AI103173,TRUE,FALSE
Xin Li,R01CA180277,TRUE,FALSE
Xin Li,R01DE025992,TRUE,FALSE
Xin Li,R01DE027074,TRUE,FALSE
Xin Li,R01DE035179,TRUE,FALSE
Xin Li,R01EY026965,TRUE,FALSE
Xin Li,R03AI193192,TRUE,FALSE
Xin Li,R03CA172894,TRUE,FALSE
Xin Li,R21AG055787,TRUE,FALSE
Xin Li,R35GM128782,TRUE,FALSE
Xin Li,R41CA250892,TRUE,FALSE
Xin Li,R41DE028212,TRUE,FALSE
Xin Li,R41DE034627,TRUE,FALSE
Xin Li,R42DE028212,TRUE,FALSE
Xin Yan,R35GM143047,FALSE,TRUE
Xin Zhao,R43HL140686,FALSE,TRUE
Xing Fang,F32DK138685,FALSE,TRUE
Xinzhu Wei,R35GM150579,FALSE,TRUE
Xiongbin Lu,P20RR017698,FALSE,TRUE
Xiongbin Lu,R01CA136549,FALSE,TRUE
Xiongbin Lu,R01CA203737,FALSE,TRUE
Xiongbin Lu,R01CA206366,FALSE,TRUE
Xiongbin Lu,R01CA222251,FALSE,TRUE
Xiongbin Lu,R01CA243023,FALSE,TRUE
Xiongbin Lu,R01CA260274,FALSE,TRUE
Xiongbin Lu,R03CA142605,FALSE,TRUE
Xiongbin Lu,R21CA185742,FALSE,TRUE
Xiongbin Lu,R21CA213535,FALSE,TRUE
Xu Feng,F32AR008502,FALSE,TRUE
Xu Feng,R01AR047830,FALSE,TRUE
Xu Feng,R21AR074569,FALSE,TRUE
Xu Feng,R21CA222763,FALSE,TRUE
Xu Feng,R21CA296500,FALSE,TRUE
Xu Feng,R21NS061677,FALSE,TRUE
Xu Li,75N91019C00015,TRUE,FALSE
Xu Li,75N93021C00025,TRUE,FALSE
Xu Li,R01AG063842,TRUE,FALSE
Xu Li,R03AG065527,TRUE,FALSE
Xu Li,R21AG061668,TRUE,FALSE
Xu Li,R21MH132532,TRUE,FALSE
Xu Li,R56AG063842,TRUE,FALSE
Xu Wu,R01CA181537,FALSE,TRUE
Xu Wu,R01CA219814,FALSE,TRUE
Xu Wu,R01CA238270,FALSE,TRUE
Xu Wu,R01CA290785,FALSE,TRUE
Xu Wu,R01DK107651,FALSE,TRUE
Xu Wu,UG3CA290375,FALSE,TRUE
Xuan Liu,K15DE000371,TRUE,FALSE
Xuan Liu,K23DE000430,TRUE,FALSE
Xuan Liu,R01AA013562,TRUE,FALSE
Xuan Liu,R01CA075180,TRUE,FALSE
Xuan Liu,R15CA213092,TRUE,FALSE
Xuan Liu,R15GM148990,TRUE,FALSE
Xuan Liu,R21AA013153,TRUE,FALSE
Xuan Liu,R21GM140438,TRUE,FALSE
Xuan Liu,R29CA075180,TRUE,FALSE
Xuan Zhang,R03HD055249,FALSE,TRUE
Xue Wang,P20RR016479,TRUE,FALSE
Xue Wang,R01GM148971,TRUE,FALSE
Xueying Yang,R21AI170159,FALSE,TRUE
Xueying Yang,R21HD114204,FALSE,TRUE
Xueying Yang,R21NR021079,FALSE,TRUE
Y Chen,Z01DK029028,TRUE,FALSE
Y Chen,Z01DK036101,TRUE,FALSE
Y Chen,Z01DK036102,TRUE,FALSE
Y Sun,Z01CP005382,FALSE,TRUE
YIng Zhang,75N92019D00027,TRUE,FALSE
YIng Zhang,K99CA255841,TRUE,FALSE
YIng Zhang,R01AI040584,TRUE,TRUE
YIng Zhang,R01AI044063,TRUE,TRUE
YIng Zhang,R01AI049485,TRUE,TRUE
YIng Zhang,R01AI099512,TRUE,TRUE
YIng Zhang,R01NS103475,TRUE,FALSE
YIng Zhang,R21AI108535,TRUE,TRUE
YIng Zhang,T32AI007417,TRUE,TRUE
YIng Zhang,U54GM115458,TRUE,FALSE
YIng Zhang,Z01BC010419,TRUE,TRUE
Ya Wang,R01CA186129,FALSE,TRUE
Ya Wang,R01GM080771,FALSE,TRUE
Ya Wang,R21CA185882,FALSE,TRUE
Ya Wang,R29CA076203,FALSE,TRUE
Ya-Lin Chiu,K22AI076139,FALSE,TRUE
Yajuan Li,R43CA199826,FALSE,TRUE
Yajuan Li,R44CA199826,FALSE,TRUE
Yajuan Li,R44CA265626,FALSE,TRUE
Yaling Yang,F31MH079592,TRUE,FALSE
Yaling Yang,K99MH093388,TRUE,FALSE
Yaling Yang,R00MH093388,TRUE,FALSE
Yan Chen,F32GM020853,TRUE,FALSE
Yan Chen,K99EY019706,TRUE,TRUE
Yan Chen,P41RR003155,TRUE,FALSE
Yan Chen,R00EY019706,TRUE,TRUE
Yan Chen,R01DK055991,TRUE,FALSE
Yan Chen,R01EY026999,TRUE,TRUE
Yan Chen,R03HD049556,TRUE,FALSE
Yan Chen,R21CA122764,TRUE,FALSE
Yan Chen,R44CA076901,TRUE,FALSE
Yan Cui,P20RR021970,TRUE,FALSE
Yan Cui,R01CA112065,TRUE,FALSE
Yan Cui,R01CA169133,TRUE,FALSE
Yan Cui,R01CA262296,TRUE,FALSE
Yan Cui,R01DE032178,TRUE,FALSE
Yan Cui,R21DE028716,TRUE,FALSE
Yan Ding,N44DA088584,TRUE,FALSE
Yan Ding,N44DA68858,TRUE,FALSE
Yan Jessie Zhang,R01CA281106,FALSE,TRUE
Yan Jessie Zhang,R01GM104896,FALSE,TRUE
Yan Jessie Zhang,R01GM125882,FALSE,TRUE
Yan Jessie Zhang,R03DA030556,FALSE,TRUE
Yan Jessie Zhang,R35GM148356,FALSE,TRUE
Yan Jin Zhang,R01CA281106,FALSE,TRUE
Yan Jin Zhang,R01GM104896,FALSE,TRUE
Yan Jin Zhang,R01GM125882,FALSE,TRUE
Yan Jin Zhang,R03DA030556,FALSE,TRUE
Yan Jin Zhang,R35GM148356,FALSE,TRUE
Yan Li,261201600684P,TRUE,FALSE
Yan Li,261201700511P,TRUE,FALSE
Yan Li,K25AG032296,TRUE,FALSE
Yan Li,P01CA118816,TRUE,TRUE
Yan Li,P20GM113226,TRUE,FALSE
Yan Li,R01AG087159,TRUE,TRUE
Yan Li,R01CA127612,TRUE,TRUE
Yan Li,R01CA262630,TRUE,TRUE
Yan Li,R01CA273028,TRUE,TRUE
Yan Li,R01DC019167,TRUE,TRUE
Yan Li,R01DK113185,TRUE,FALSE
Yan Li,R01DK131437,TRUE,FALSE
Yan Li,R01EY029023,TRUE,FALSE
Yan Li,R01HG012384,TRUE,FALSE
Yan Li,R01HL141427,TRUE,FALSE
Yan Li,R01NS125016,TRUE,FALSE
Yan Li,R03CA171064,TRUE,FALSE
Yan Li,R03CA252782,TRUE,FALSE
Yan Li,R03EB020770,TRUE,FALSE
Yan Li,R03NS102640,TRUE,FALSE
Yan Li,R21EY036563,TRUE,FALSE
Yan Li,R21HD092660,TRUE,TRUE
Yan Li,R21MH130817,TRUE,TRUE
Yan Li,R43RR021239,TRUE,FALSE
Yan Li,U01CA159424,TRUE,FALSE
Yan Li,U01DP003178,TRUE,FALSE
Yan Li,UG3NS132061,TRUE,FALSE
Yan Li,UR6DP000508,TRUE,FALSE
Yan Li,ZICNS009442,TRUE,FALSE
Yan Liu,P51RR000166,TRUE,FALSE
Yan Liu,R01AI185558,TRUE,FALSE
Yan Liu,R01CA298152,TRUE,FALSE
Yan Liu,R01HL150624,TRUE,FALSE
Yan Liu,R56AG052501,TRUE,FALSE
Yan Liu,R56DK119524,TRUE,FALSE
Yan Shu,R01DK133421,FALSE,TRUE
Yan Shu,R01ES033301,FALSE,TRUE
Yan Shu,R01GM099742,FALSE,TRUE
Yan Shu,U01AG081450,FALSE,TRUE
Yan Wang,K01DE032775,TRUE,FALSE
Yan Wang,K23HL173831,TRUE,FALSE
Yan Wang,P01AA029547,TRUE,FALSE
Yan Wang,R01AA030481,TRUE,FALSE
Yan Wang,R01AG071729,TRUE,FALSE
Yan Wang,R03DE033631,TRUE,FALSE
Yan Wang,R03HD077156,TRUE,FALSE
Yan Wang,R03HD095080,TRUE,FALSE
Yan Wang,R21AA027191,TRUE,FALSE
Yan Wang,R21AG088603,TRUE,FALSE
Yan Wang,R21AR082999,TRUE,FALSE
Yan Wang,R21CA292195,TRUE,FALSE
Yan Wang,R21HL161799,TRUE,FALSE
Yan Wang,U01CA286810,TRUE,FALSE
Yan Wang,ZIADE000751,TRUE,FALSE
Yan Wang,ZICDE000751,TRUE,FALSE
Yan Xu,P01GM055876,TRUE,TRUE
Yan Xu,P01HL061646,TRUE,TRUE
Yan Xu,P41RR000954,TRUE,TRUE
Yan Xu,P41RR006009,TRUE,TRUE
Yan Xu,R01CA089228,TRUE,TRUE
Yan Xu,R01CA095042,TRUE,TRUE
Yan Xu,R01CA155145,TRUE,TRUE
Yan Xu,R01DK117383,TRUE,TRUE
Yan Xu,R01GM049202,TRUE,TRUE
Yan Xu,R01GM069766,TRUE,TRUE
Yan Xu,R01GM114851,TRUE,TRUE
Yan Xu,R01HL068804,TRUE,TRUE
Yan Xu,R01HL105433,TRUE,FALSE
Yan Xu,R01HL153045,TRUE,FALSE
Yan Xu,R01HL172914,TRUE,FALSE
Yan Xu,R01NS036124,TRUE,TRUE
Yan Xu,R01NS122830,TRUE,TRUE
Yan Xu,R21CA084038,TRUE,TRUE
Yan Xu,R21CA133744,TRUE,TRUE
Yan Xu,R29GM049202,TRUE,TRUE
Yan Xu,R37GM049202,TRUE,TRUE
Yan Xu,R55GM049202,TRUE,TRUE
Yan Xu,T32GM075770,TRUE,TRUE
Yan Xu,U01HL148856,TRUE,FALSE
Yan Xu,U01HL175383,TRUE,FALSE
Yan Xu,UG3NS108978,TRUE,TRUE
Yan Zhang,F32AR008607,TRUE,FALSE
Yan Zhang,F99CA212436,TRUE,FALSE
Yan Zhang,K00CA212436,TRUE,FALSE
Yan Zhang,K08EY023609,TRUE,FALSE
Yan Zhang,K99EB036553,TRUE,FALSE
Yan Zhang,K99GM117268,TRUE,FALSE
Yan Zhang,P41RR001209,TRUE,FALSE
Yan Zhang,R00GM117268,TRUE,FALSE
Yan Zhang,R01AI134681,TRUE,FALSE
Yan Zhang,R01DA024022,TRUE,FALSE
Yan Zhang,R01DA044855,TRUE,FALSE
Yan Zhang,R01DE027076,TRUE,FALSE
Yan Zhang,R03AI069975,TRUE,FALSE
Yan Zhang,R03DE019507,TRUE,FALSE
Yan Zhang,R15DK137195,TRUE,FALSE
Yan Zhang,R21AI074461,TRUE,FALSE
Yan Zhang,R21DA037096,TRUE,FALSE
Yan Zhang,R21DE033833,TRUE,FALSE
Yan Zhang,R21EY029107,TRUE,FALSE
Yan Zhang,R35GM137883,TRUE,FALSE
Yan Zhang,R56DE027076,TRUE,FALSE
Yan Zhang,U18FD004622,TRUE,FALSE
Yan Zhang,U18FD005143,TRUE,FALSE
Yan Zhang,U18FD006167,TRUE,FALSE
Yan Zhang,U18FD006223,TRUE,FALSE
Yan Zhang,U18FD006447,TRUE,FALSE
Yan Zhang,U18FD006555,TRUE,FALSE
Yan Zhang,U18FD006657,TRUE,FALSE
Yan Zhang,U18FD006712,TRUE,FALSE
Yan Zhang,U18FD006756,TRUE,FALSE
Yan Zhang,U18FD006858,TRUE,FALSE
Yan Zhang,U18FD007900,TRUE,FALSE
Yan Zhang,U18FD008634,TRUE,FALSE
Yan Zhang,U19FD007087,TRUE,FALSE
Yan Zhang,UG3DA050311,TRUE,FALSE
Yan Zhang,UG3DA054785,TRUE,FALSE
Yan Zhang,UH3DA050311,TRUE,FALSE
Yana Cen,R01GM143176,FALSE,TRUE
Yang Li,R01GM130738,TRUE,FALSE
Yang Li,R01HG011067,TRUE,FALSE
Yang Li,R35GM153249,TRUE,FALSE
Yang Li,R43OD021986,TRUE,FALSE
Yang Li,R44OD021986,TRUE,FALSE
Yang Xiao,K01DK138281,TRUE,FALSE
Yang Xiao,P51RR000169,TRUE,FALSE
Yang Yang,F32GM133126,TRUE,FALSE
Yang Yang,R01AG071675,TRUE,FALSE
Yang Yang,R01CA151538,TRUE,FALSE
Yang Yang,R01CA212403,TRUE,FALSE
Yang Yang,R01EB036084,TRUE,FALSE
Yang Yang,R01EB037669,TRUE,FALSE
Yang Yang,R01NS117585,TRUE,FALSE
Yang Yang,R01NS123154,TRUE,FALSE
Yang Yang,R03EB033521,TRUE,FALSE
Yang Yang,R21AI119773,TRUE,TRUE
Yang Yang,R35GM147387,TRUE,FALSE
Yang Yang,R35GM150607,TRUE,FALSE
Yang Yang,RF1AG071675,TRUE,FALSE
Yang Yang,U01AI169375,TRUE,TRUE
Yang Yang,U01CK000670,TRUE,TRUE
Yang Yang,U01CK000696,TRUE,TRUE
Yang Yu,75N93023C00037,FALSE,TRUE
Yang Zhang,P41RR000995,TRUE,FALSE
Yang Zhang,R01AI134678,TRUE,FALSE
Yang Zhang,R01GM083107,TRUE,FALSE
Yang Zhang,R01GM084222,TRUE,FALSE
Yang Zhang,R01GM116960,TRUE,FALSE
Yang Zhang,R01HL122769,TRUE,FALSE
Yang Zhang,R01HL122937,TRUE,FALSE
Yang Zhang,R21GM141675,TRUE,FALSE
Yang Zhang,R35GM136422,TRUE,FALSE
Yang Zhang,R35GM155241,TRUE,FALSE
Yanling Zhang,R43AI033309,FALSE,TRUE
Yanyuan Wu,U54CA143930,FALSE,TRUE
Yanyuan Wu,U54CA143931,FALSE,TRUE
Yanyuan Wu,U54MD007598,FALSE,TRUE
Yash B Joshi,IK2RX003395,FALSE,TRUE
Yashpal S Kanwar,K04AM001018,FALSE,TRUE
Yashpal S Kanwar,K04DK001018,FALSE,TRUE
Yashpal S Kanwar,R01AM028492,FALSE,TRUE
Yashpal S Kanwar,R01DK028492,FALSE,TRUE
Yashpal S Kanwar,R01DK060635,FALSE,TRUE
Yashpal S Kanwar,R01DK064106,FALSE,TRUE
Yashpal S Kanwar,R37DK028492,FALSE,TRUE
Yasmin H Said,F32AA015876,FALSE,TRUE
Ye Sun,F32AI194859,TRUE,TRUE
Ye Sun,R01EY029238,TRUE,TRUE
Ye Sun,R01EY030140,TRUE,TRUE
Ye Sun,R43CA126647,TRUE,FALSE
Ye Sun,R43GM074311,TRUE,FALSE
Ye Sun,R44CA126647,TRUE,FALSE
Ye Sun,R44GM074311,TRUE,FALSE
Yi Wang,K01DK134840,TRUE,FALSE
Yi Wang,P41RR005969,TRUE,FALSE
Yi Wang,R01AG080011,TRUE,FALSE
Yi Wang,R01CA178007,TRUE,FALSE
Yi Wang,R01DK116126,TRUE,FALSE
Yi Wang,R01EB013443,TRUE,FALSE
Yi Wang,R01EB025018,TRUE,FALSE
Yi Wang,R01EB034755,TRUE,FALSE
Yi Wang,R01GM080703,TRUE,FALSE
Yi Wang,R01HL060879,TRUE,FALSE
Yi Wang,R01HL062994,TRUE,FALSE
Yi Wang,R01HL064647,TRUE,FALSE
Yi Wang,R01HL171624,TRUE,FALSE
Yi Wang,R01NS072370,TRUE,FALSE
Yi Wang,R01NS090464,TRUE,FALSE
Yi Wang,R01NS095562,TRUE,FALSE
Yi Wang,R01NS105144,TRUE,FALSE
Yi Wang,R01NS135205,TRUE,FALSE
Yi Wang,R13EB017627,TRUE,FALSE
Yi Wang,R13NS079016,TRUE,FALSE
Yi Wang,R21AG067466,TRUE,FALSE
Yi Wang,R21EB024366,TRUE,FALSE
Yi Wang,R21EY027568,TRUE,FALSE
Yi Wang,R41NS122675,TRUE,FALSE
Yi Wang,R43AI096563,TRUE,FALSE
Yi Wang,R43EB015293,TRUE,FALSE
Yi Wang,R43NS076092,TRUE,FALSE
Yi Wang,R44AI096563,TRUE,FALSE
Yi Wang,R44HG004290,TRUE,FALSE
Yi Wang,S10OD021782,TRUE,FALSE
Yi Wang,S10OD027039,TRUE,FALSE
Yi Wang,S10RR025145,TRUE,FALSE
Yi Wang,T35EB006732,TRUE,FALSE
Yi Wang,U41RR007707,TRUE,FALSE
Yi Xiao,K99CA277576,TRUE,FALSE
Yi Xiao,R01NS134365,TRUE,TRUE
Yi Xiao,R15DA036821,TRUE,TRUE
Yi Xiao,R21CA286318,TRUE,FALSE
Yi Xiao,R21DA045334,TRUE,TRUE
Yi Zhang,F32GM019515,TRUE,FALSE
Yi Zhang,K99CA241301,TRUE,FALSE
Yi Zhang,R00CA241301,TRUE,FALSE
Yi Zhang,R01AI143256,TRUE,FALSE
Yi Zhang,R01CA102464,TRUE,FALSE
Yi Zhang,R01CA119133,TRUE,FALSE
Yi Zhang,R01CA172106,TRUE,FALSE
Yi Zhang,R01CA290808,TRUE,FALSE
Yi Zhang,R01DA042283,TRUE,FALSE
Yi Zhang,R01DA050589,TRUE,FALSE
Yi Zhang,R01GM063067,TRUE,FALSE
Yi Zhang,R01GM068804,TRUE,FALSE
Yi Zhang,R01HD092465,TRUE,FALSE
Yi Zhang,R01HD116750,TRUE,FALSE
Yi Zhang,R01HL127351,TRUE,FALSE
Yi Zhang,R01HL154757,TRUE,FALSE
Yi Zhang,R01MH128721,TRUE,FALSE
Yi Zhang,R03HS018697,TRUE,FALSE
Yi Zhang,R03HS020243,TRUE,FALSE
Yi Zhang,R03HS022931,TRUE,FALSE
Yi Zhang,R21CA256419,TRUE,FALSE
Yi Zhang,R21DK128714,TRUE,FALSE
Yi Zhang,R21NS082548,TRUE,TRUE
Yi Zhang,R35GM150678,TRUE,FALSE
Yi Zhang,R56AI143256,TRUE,FALSE
Yi Zhang,RF1NS118287,TRUE,FALSE
Yi Zhang,U01DK089565,TRUE,FALSE
Yi Zhang,U01GM094588,TRUE,FALSE
Yi Zhang,U01MH105960,TRUE,FALSE
Yi Zheng,F32MH075223,TRUE,FALSE
Yi Zheng,P30DK090971,TRUE,FALSE
Yi Zheng,R01AG040118,TRUE,FALSE
Yi Zheng,R01AG063967,TRUE,FALSE
Yi Zheng,R01CA105117,TRUE,FALSE
Yi Zheng,R01CA125658,TRUE,FALSE
Yi Zheng,R01CA141341,TRUE,FALSE
Yi Zheng,R01CA150547,TRUE,FALSE
Yi Zheng,R01CA193350,TRUE,FALSE
Yi Zheng,R01CA204895,TRUE,FALSE
Yi Zheng,R01CA234038,TRUE,FALSE
Yi Zheng,R01CA278756,TRUE,FALSE
Yi Zheng,R01DK104814,TRUE,FALSE
Yi Zheng,R01GM053943,TRUE,FALSE
Yi Zheng,R01GM060523,TRUE,FALSE
Yi Zheng,R01HL085362,TRUE,FALSE
Yi Zheng,R01HL134617,TRUE,FALSE
Yi Zheng,R01HL147536,TRUE,FALSE
Yi Zheng,R03CA125830,TRUE,FALSE
Yi Zheng,R03TW001501,TRUE,FALSE
Yi Zheng,R21HD105192,TRUE,FALSE
Yi Zheng,R21HD114581,TRUE,FALSE
Yi Zheng,R35GM159918,TRUE,FALSE
Yi Zheng,R43AG042986,TRUE,FALSE
Yi Zheng,R43AI127065,TRUE,FALSE
Yi Zheng,R43HL117576,TRUE,FALSE
Yi Zheng,R43HL123103,TRUE,FALSE
Yi Zheng,R43HL172285,TRUE,FALSE
Yi Zheng,R44HL123103,TRUE,FALSE
Yi Zheng,R56AG050650,TRUE,FALSE
Yi Zheng,S10RR029406,TRUE,FALSE
Yi Zheng,T32HL091805,TRUE,FALSE
Yi Zheng,U54DK126108,TRUE,FALSE
Yi Zhu,K99DK114498,TRUE,FALSE
Yi Zhu,R00DK114498,TRUE,FALSE
Yi Zhu,R01AG087387,TRUE,FALSE
Yi Zhu,R01DK136532,TRUE,FALSE
Yi Zhu,R01DK136619,TRUE,FALSE
Yi Zhu,R01DK142668,TRUE,FALSE
Yi Zhu,R21AG087361,TRUE,FALSE
Yi Zhu,R56AG068047,TRUE,FALSE
Yihong Wan,R01CA229487,FALSE,TRUE
Yihong Wan,R01CA236802,FALSE,TRUE
Yihong Wan,R01DK089113,FALSE,TRUE
Yin Chen,P42ES004940,TRUE,TRUE
Yin Chen,R01AI061695,TRUE,TRUE
Yin Chen,R01AI149754,TRUE,TRUE
Yin Chen,R01AI188584,TRUE,TRUE
Yin Chen,R01ES027013,TRUE,TRUE
Yin Chen,R21AI113526,TRUE,TRUE
Yin Chen,R21AI139439,TRUE,TRUE
Yin Chen,R21DE015845,TRUE,TRUE
Yin Chen,R21ES028889,TRUE,TRUE
Yin Chen,R25ES025494,TRUE,TRUE
Yin Chen,R41HD041823,TRUE,FALSE
Yin Chen,R43CA105627,TRUE,FALSE
Ying He,K99HL133590,FALSE,TRUE
Ying He,R00HL133590,FALSE,TRUE
Ying He,RF1NS143697,FALSE,TRUE
Ying Jiang,P41RR003155,FALSE,TRUE
Ying Li,F32GM065746,TRUE,FALSE
Ying Li,P41RR000954,TRUE,TRUE
Ying Li,R01CA129311,TRUE,FALSE
Ying Li,R01DK051717,TRUE,TRUE
Ying Li,R01NS051466,TRUE,TRUE
Ying Li,R15GM123391,TRUE,FALSE
Ying Li,R15NS116601,TRUE,FALSE
Ying Li,R43AI078592,TRUE,FALSE
Ying Li,S10OD036388,TRUE,FALSE
Ying Wang,K99AT010012,TRUE,FALSE
Ying Wang,K99HG013969,TRUE,FALSE
Ying Wang,P41RR001209,TRUE,FALSE
Ying Wang,R00AT010012,TRUE,FALSE
Ying Wang,R01AT012909,TRUE,FALSE
Ying Wang,R01DK117910,TRUE,FALSE
Ying Wang,R01HL148339,TRUE,FALSE
Ying Wang,R03AI062276,TRUE,FALSE
Ying Wang,R15GM135893,TRUE,FALSE
Ying Wang,R41AG085701,TRUE,FALSE
Ying Wang,U50DD000474,TRUE,FALSE
Ying Yan,R01GM143329,FALSE,TRUE
Yinsheng Wan,P20RR016457,FALSE,TRUE
Yinsheng Wan,P20RR018757,FALSE,TRUE
Yoke Peng Loh,Z01HD000056,TRUE,TRUE
Yoke Peng Loh,Z01HD008804,TRUE,TRUE
Yoke Peng Loh,ZIAHD000056,TRUE,TRUE
Yoke Peng Loh,ZIAHD008804,TRUE,TRUE
Yoke W Kow,P01ES011163,FALSE,TRUE
Yoke W Kow,R01CA090860,FALSE,TRUE
Yoke W Kow,R01GM037216,FALSE,TRUE
Yoke W Kow,R01GM054163,FALSE,TRUE
Yoke W Kow,R56CA090860,FALSE,TRUE
Yong Jiang,R01CA272760,TRUE,FALSE
Yong Jiang,R43CA072271,TRUE,FALSE
Yong Wan,R01CA115943,FALSE,TRUE
Yong Wan,R01CA154695,FALSE,TRUE
Yong Wan,R01CA202948,FALSE,TRUE
Yong Wan,R01CA202963,FALSE,TRUE
Yong Wan,R01CA250110,FALSE,TRUE
Yong Wan,R01CA258765,FALSE,TRUE
Yong Wan,R01CA258857,FALSE,TRUE
Yong Wan,R21GM070681,FALSE,TRUE
Yong Wu,SC1CA200517,FALSE,TRUE
Yong Wu,SC1GM135050,FALSE,TRUE
Yong Wu,U54MD007598,FALSE,TRUE
Yong Xia,K08AG000835,FALSE,TRUE
Yong Xia,R01HL077575,FALSE,TRUE
Yong Xia,R01HL086965,FALSE,TRUE
Yong Yang,R03DA048460,TRUE,FALSE
Yong Yang,R15EY033967,TRUE,FALSE
Yong Yang,R15GM122953,TRUE,FALSE
Yong Yang,R21HL106467,TRUE,FALSE
Yong Zhang,P20GM103650,TRUE,FALSE
Yong Zhang,R01CA276240,TRUE,FALSE
Yong Zhang,R01DA029147,TRUE,FALSE
Yong Zhang,R01EB031830,TRUE,FALSE
Yong Zhang,R15ES030548,TRUE,FALSE
Yong Zhang,R15GM085774,TRUE,FALSE
Yong Zhang,R35GM137901,TRUE,FALSE
Yong Zhang,U19AI070489,TRUE,FALSE
Yonghe Li,R01AG027924,FALSE,TRUE
Yonghe Li,R01AG078615,FALSE,TRUE
Yonghe Li,R01CA124531,FALSE,TRUE
Yonghe Li,R21AG065653,FALSE,TRUE
Yonghe Li,R21CA182056,FALSE,TRUE
Yoshihiko Yamada,Z01DE000483,FALSE,TRUE
Yoshihiko Yamada,Z01DE000485,FALSE,TRUE
Yoshihiko Yamada,Z01DE000720,FALSE,TRUE
Yoshihiko Yamada,ZIADE000483,FALSE,TRUE
Yoshihiko Yamada,ZIADE000485,FALSE,TRUE
Yoshihiko Yamada,ZIADE000720,FALSE,TRUE
Youcef M Rustum,C06RR012089,TRUE,TRUE
Youcef M Rustum,C06RR016577,TRUE,TRUE
Youcef M Rustum,G20RR019710,TRUE,TRUE
Youcef M Rustum,P01CA013038,TRUE,TRUE
Youcef M Rustum,P01CA021071,TRUE,TRUE
Youcef M Rustum,P30CA016056,TRUE,TRUE
Youcef M Rustum,R01CA018420,TRUE,TRUE
Youcef M Rustum,R01CA065761,TRUE,TRUE
Youcef M Rustum,R21CA101326,TRUE,TRUE
Youcef M Rustum,S10RR002347,TRUE,TRUE
Young Jun Kim,F30HL137326,TRUE,FALSE
Young Jun Kim,K23DE018464,TRUE,FALSE
Young Jun Kim,P50CA098131,TRUE,FALSE
Young Jun Kim,R01CA178613,TRUE,FALSE
Young Jun Kim,R01DE027749,TRUE,FALSE
Young Jun Kim,R01EB032895,TRUE,FALSE
Young Jun Kim,R01HD019145,TRUE,FALSE
Young Jun Kim,R01HD028443,TRUE,FALSE
Young Jun Kim,R21EB032134,TRUE,FALSE
Young S Hahn,R01AI057591,FALSE,TRUE
Young S Hahn,R01AI098126,FALSE,TRUE
Young S Hahn,R01AI136297,FALSE,TRUE
Young S Hahn,R01DK063222,FALSE,TRUE
Young S Hahn,R01DK066754,FALSE,TRUE
Young S Hahn,R01DK122737,FALSE,TRUE
Young S Hahn,R21AI037569,FALSE,TRUE
Young S Hahn,R21DK057939,FALSE,TRUE
Young S Hahn,U19AI066328,FALSE,TRUE
Young S Hahn,U19AI083024,FALSE,TRUE
Young S Oh,R29NS034877,FALSE,TRUE
Youssef Sari,R01AA019458,FALSE,TRUE
Youssef Sari,R01AA029674,FALSE,TRUE
Youssef Sari,R21AA016115,FALSE,TRUE
Youssef Sari,R21AA017735,FALSE,TRUE
Yu Sun,R21NR018756,FALSE,TRUE
Yu Sun,R41HD109086,FALSE,TRUE
Yu Sun,UG3NS138882,FALSE,TRUE
Yuan Tian,R43TR004754,FALSE,TRUE
Yuchen Wang,K99EY030554,FALSE,TRUE
Yuchen Wang,R00EY030554,FALSE,TRUE
Yue Zhang,F31DA059261,TRUE,FALSE
Yue Zhang,R03AR057546,TRUE,FALSE
Yue Zhang,R21AI173788,TRUE,FALSE
Yue Zhang,U01CK000675,TRUE,FALSE
Yuehe Lin,R01OH011023,FALSE,TRUE
Yuehe Lin,U01NS058161,FALSE,TRUE
Yuehe Lin,U54ES016015,FALSE,TRUE
Yuhchyau Chen,M01RR000044,FALSE,TRUE
Yuhchyau Chen,R43AI082851,FALSE,TRUE
Yuhchyau Chen,R43AI098276,FALSE,TRUE
Yuhchyau Chen,U19AI067733,FALSE,TRUE
Yuhchyau Chen,U19AI091036,FALSE,TRUE
Yuji Mishina,K12DE027826,FALSE,TRUE
Yuji Mishina,R01DE020843,FALSE,TRUE
Yuji Mishina,R01DE023538,FALSE,TRUE
Yuji Mishina,R01DE027662,FALSE,TRUE
Yuji Mishina,R01HL162939,FALSE,TRUE
Yuji Mishina,R21DE033500,FALSE,TRUE
Yuji Mishina,R21HD119475,FALSE,TRUE
Yuji Mishina,R33AR078073,FALSE,TRUE
Yuji Mishina,R34DE033630,FALSE,TRUE
Yuji Mishina,R61AR078073,FALSE,TRUE
Yuji Mishina,U54DE035412,FALSE,TRUE
Yuji Mishina,Z01ES071003,FALSE,TRUE
Yuji Mishina,Z01ES071004,FALSE,TRUE
Yumin Li,R15GM131324,FALSE,TRUE
Yun Liu,F32CA069738,FALSE,TRUE
Yun Lu,R15GM148951,FALSE,TRUE
Yun Wang,K99HD103912,TRUE,FALSE
Yun Wang,R00HD103912,TRUE,FALSE
Yun Wang,R01MH133313,TRUE,FALSE
Yun Wang,R43DA041760,TRUE,FALSE
Yun Wang,R44DA041760,TRUE,FALSE
Yun Wang,Z01BC010379,TRUE,FALSE
Yun Wang,Z01DA000429,TRUE,FALSE
Yun Wang,Z01DA000438,TRUE,FALSE
Yun Wang,Z01DA000442,TRUE,FALSE
Yun Wang,Z01DA000443,TRUE,FALSE
Yun Wang,Z01DA000461,TRUE,FALSE
Yun Wang,ZIADA000429,TRUE,FALSE
Yun Wang,ZIADA000461,TRUE,FALSE
Yun Wang,ZIADA000576,TRUE,FALSE
Yunzhen Cao,U19AI051915,FALSE,TRUE
Yuqing Huo,R01EY030500,FALSE,TRUE
Yuqing Huo,R01EY033369,FALSE,TRUE
Yuqing Huo,R01EY033737,FALSE,TRUE
Yuqing Huo,R01HL078679,FALSE,TRUE
Yuqing Huo,R01HL080569,FALSE,TRUE
Yuqing Huo,R01HL095556,FALSE,TRUE
Yuqing Huo,R01HL134934,FALSE,TRUE
Yuqing Huo,R21HL108922,FALSE,TRUE
Zachary J Williams,F30DC019510,FALSE,TRUE
Zachary M Soler,R01DC005805,FALSE,TRUE
Zachary M Soler,R03DC013651,FALSE,TRUE
Zachary M Soler,U01AI181696,FALSE,TRUE
Zachary N Warnken,R41AI186644,FALSE,TRUE
Zachary N Warnken,R41AI195038,FALSE,TRUE
Zachary N Warnken,R41AI195081,FALSE,TRUE
Zachary N Warnken,R43AI162348,FALSE,TRUE
Zeev N Kain,M01RR000125,TRUE,TRUE
Zeev N Kain,M01RR006022,TRUE,TRUE
Zeev N Kain,R01HD037007,TRUE,TRUE
Zeev N Kain,R01HD048935,TRUE,TRUE
Zhan Zhang,R15LM014556,FALSE,TRUE
Zhan Zhang,R21HS028104,FALSE,TRUE
Zhao Zhang,DP5OD021355,TRUE,FALSE
Zhao Zhang,K99DK115766,TRUE,FALSE
Zhao Zhang,P01AI165026,TRUE,FALSE
Zhao Zhang,R00DK115766,TRUE,FALSE
Zhao Zhang,R01DK130959,TRUE,FALSE
Zhao Zhang,R01GM141018,TRUE,FALSE
Zhao Zhang,R01GM152423,TRUE,FALSE
Zhao Zhang,R21HD117154,TRUE,FALSE
Zhao Zhang,R21NS123257,TRUE,FALSE
Zhaohui Shao,F32GM018314,FALSE,TRUE
Zhaoping Li,I01BX005796,TRUE,TRUE
Zhaoping Li,I01CX000164,TRUE,TRUE
Zhaoping Li,I01CX001171,TRUE,TRUE
Zhaoping Li,M01RR000865,TRUE,TRUE
Zhaoping Li,R01HL140116,TRUE,TRUE
Zhaoping Li,UG1HD107711,TRUE,TRUE
Zhen Chen,P41RR006009,TRUE,FALSE
Zhen Chen,U19CA121503,TRUE,FALSE
Zhen Chen,ZIAHD008829,TRUE,FALSE
Zhen Chen,ZIAHD008876,TRUE,FALSE
Zhen Chen,ZIAHD008905,TRUE,FALSE
Zhen Chen,ZIAHD008907,TRUE,FALSE
Zhen Chen,ZIAHD008929,TRUE,FALSE
Zhen Chen,ZIAHD008936,TRUE,FALSE
Zhen Chen,ZIAHD008963,TRUE,FALSE
Zhen Chen,ZIAHD008965,TRUE,FALSE
Zhen Chen,ZIAHD008999,TRUE,FALSE
Zhen Chen,ZIAHD009011,TRUE,FALSE
Zhen Chen,ZIAHD009013,TRUE,FALSE
Zhen Chen,ZIAHD009014,TRUE,FALSE
Zhenfeng Duan,U01CA151452,FALSE,TRUE
Zheng Chen,K22CA255424,TRUE,FALSE
Zheng Chen,R01AG045828,TRUE,TRUE
Zheng Chen,R01AG065984,TRUE,TRUE
Zheng Chen,R01AG089967,TRUE,TRUE
Zheng Chen,R56AG063746,TRUE,TRUE
Zheng Chen,R56AG076144,TRUE,TRUE
Zheng Chen,R56AG082808,TRUE,TRUE
Zheng Chen,RF1AG061901,TRUE,TRUE
Zhengping Zhuang,ZIABC011773,FALSE,TRUE
Zhi Qiang Yao,I01BX002670,FALSE,TRUE
Zhi Qiang Yao,I01BX004281,FALSE,TRUE
Zhi Qiang Yao,IS1BX003540,FALSE,TRUE
Zhi Qiang Yao,IS1BX004778,FALSE,TRUE
Zhi Qiang Yao,IS1BX005519,FALSE,TRUE
Zhi Qiang Yao,R01AI114748,FALSE,TRUE
Zhi Qiang Yao,R01AI177624,FALSE,TRUE
Zhi Qiang Yao,R01DK093526,FALSE,TRUE
Zhi Qiang Yao,R15AG069544,FALSE,TRUE
Zhi Qiang Yao,R15AI084057,FALSE,TRUE
Zhi Qiang Yao,R21AI138598,FALSE,TRUE
Zhi Qiang Yao,R21AI157909,FALSE,TRUE
Zhi Qiang Yao,R21AI179794,FALSE,TRUE
Zhi-Liang Zheng,R16GM145531,FALSE,TRUE
Zhi-Liang Zheng,S06GM008225,FALSE,TRUE
Zhi-Qing Zhao,R01HL064886,FALSE,TRUE
Zhihua Zou,R03DC008700,FALSE,TRUE
Zhihua Zou,R21DC008628,FALSE,TRUE
Zhiming Liu,P20RR016480,FALSE,TRUE
Zhiwen Zhang,F32GM066494,FALSE,TRUE
Zhiyu Li,R15GM081296,FALSE,TRUE
Zhizhuang Joe Zhao,P30AR041943,FALSE,TRUE
Zhizhuang Joe Zhao,R01CA075218,FALSE,TRUE
Zhizhuang Joe Zhao,R01HL057393,FALSE,TRUE
Zhizhuang Joe Zhao,R01HL076309,FALSE,TRUE
Zhizhuang Joe Zhao,R01HL079441,FALSE,TRUE
Zhizhuang Joe Zhao,R01HL094591,FALSE,TRUE
Zhong Wang,R01HL109054,FALSE,TRUE
Zhong Wang,R01HL139735,FALSE,TRUE
Zhong Wang,R01HL163672,FALSE,TRUE
Zhong Wang,U54CA119338,FALSE,TRUE
Zhonglin Xie,P20RR024215,FALSE,TRUE
Zhonglin Xie,R01HL128014,FALSE,TRUE
Zhonglin Xie,R01HL132500,FALSE,TRUE
Zhonglin Xie,R01HL137371,FALSE,TRUE
Zhonglin Xie,R01HL142287,FALSE,TRUE
Zhonglin Xie,R01HL142291,FALSE,TRUE
Zhuo Zhang,R01CA228236,FALSE,TRUE
Zhuo Zhang,R01ES018883,FALSE,TRUE
Zhuo Zhang,R01ES021771,FALSE,TRUE
Zhuo Zhang,R01ES025515,FALSE,TRUE
Zhuo Zhang,R01ES028321,FALSE,TRUE
Zhuo Zhang,R01ES028984,FALSE,TRUE
Zhuo Zhang,R01ES029838,FALSE,TRUE
Zhuo Zhang,R03CA171604,FALSE,TRUE
Zhuo Zhang,R21ES019249,FALSE,TRUE
Zongwei Wang,R01DK140473,FALSE,TRUE
Zoran Rankovic,U54CA243124,FALSE,TRUE
Zorina S Galis,P01HL075209,TRUE,FALSE
Zorina S Galis,R01HL064689,TRUE,FALSE
Zorina S Galis,R01HL071061,TRUE,FALSE
Zorina S Galis,R21HL072039,TRUE,FALSE
Zulfiqar Ahmad,R15GM085771,FALSE,TRUE
