cache_key,query_doi,query_pmid,PubMed_ID,Study_Design,Funding_Info,fetched_at
doi:10.1161/circulationaha.106.684795,10.1161/circulationaha.106.684795,176796170,17679617,"Journal Article; Research Support, N.I.H., Extramural; Research Support, Non-U.S. Gov't; Retracted Publication",NHLBI NIH HHS (HL074399); NHLBI NIH HHS (HL079584); NHLBI NIH HHS (HL080499),2026-04-29T05:51:56Z
doi:10.1371/journal.ppat.1009557,10.1371/journal.ppat.1009557,339568740,33956874,"Journal Article; Research Support, N.I.H., Extramural; Research Support, Non-U.S. Gov't; Retracted Publication",NCCIH NIH HHS (DP2 AT009499); NIAID NIH HHS (R01 AI130019); NEI NIH HHS (R01 EY022054),2026-04-29T05:51:56Z
doi:10.1371/journal.pone.0049219,10.1371/journal.pone.0049219,231451270,23145127,"Journal Article; Research Support, N.I.H., Extramural; Research Support, Non-U.S. Gov't; Retracted Publication",NCI NIH HHS (R01 CA138922); NINDS NIH HHS (R01 NS071197); NCI NIH HHS (CA138922); NINDS NIH HHS (NS071197),2026-04-29T05:51:56Z
doi:10.1371/journal.pone.0075025,10.1371/journal.pone.0075025,240732340,24073234,"Journal Article; Research Support, N.I.H., Extramural; Research Support, Non-U.S. Gov't; Retracted Publication",NIA NIH HHS (P50 AG005131); NIA NIH HHS (R01 AG028108); PHS HHS (R01AGO28108),2026-04-29T05:51:56Z
doi:10.1371/journal.pone.0031884,10.1371/journal.pone.0031884,223481360,22348136,"Journal Article; Research Support, Non-U.S. Gov't; Retracted Publication",,2026-04-29T05:51:56Z
doi:10.1371/journal.pone.0078700,10.1371/journal.pone.0078700,242443430,24244343,"Clinical Trial; Journal Article; Research Support, Non-U.S. Gov't; Retracted Publication",,2026-04-29T05:51:56Z
doi:10.1371/journal.pone.0123478,10.1371/journal.pone.0123478,259549740,25954974,"Journal Article; Research Support, Non-U.S. Gov't; Retracted Publication",,2026-04-29T05:51:56Z
doi:10.3390/ani15050664,10.3390/ani15050664,400759470,40075947,Journal Article; Retracted Publication,,2026-04-29T05:51:56Z
doi:10.1186/s12974-016-0585-8,10.1186/s12974-016-0585-8,272205360,27220536,"Journal Article; Research Support, Non-U.S. Gov't; Retracted Publication",NIMH NIH HHS (R01 MH105319); NIMH NIH HHS (U24 MH100928); NIMH NIH HHS (R01 MH062962); NINDS NIH HHS (F32 NS083426); NIMH NIH HHS (P30 MH062512); NIMH NIH HHS (U01 MH083506); NIA NIH HHS (P50 AG005131); NIA NIH HHS (R01 AG043384),2026-04-29T05:51:56Z
doi:10.1371/journal.pone.0073175,10.1371/journal.pone.0073175,239911790,23991179,"Journal Article; Research Support, N.I.H., Extramural; Retracted Publication",NCI NIH HHS (R01 CA129687); NCI NIH HHS (CA129687),2026-04-29T05:51:56Z
doi:10.1111/srt.13818,10.1111/srt.13818,389241310,38924131,Journal Article; Retracted Publication,,2026-04-29T05:51:56Z
doi:10.1371/journal.pone.0010532,10.1371/journal.pone.0010532,204798830,20479883,"Journal Article; Research Support, N.I.H., Extramural; Research Support, Non-U.S. Gov't; Retracted Publication",NCI NIH HHS (CA098402); NIGMS NIH HHS (P01 GM062580); NINDS NIH HHS (R37 NS026084); NINDS NIH HHS (R01 NS026084); NCI NIH HHS (R01 CA098402); NIGMS NIH HHS (GM062580); NINDS NIH HHS (NS26084); Howard Hughes Medical Institute (No ID); NIGMS NIH HHS (R01 GM084983),2026-04-29T05:51:56Z
doi:10.1371/journal.pgen.0030110,10.1371/journal.pgen.0030110,176169780,17616978,"Journal Article; Research Support, Non-U.S. Gov't; Retracted Publication",,2026-04-29T05:51:56Z
doi:10.1158/1535-7163.mct-08-0398,10.1158/1535-7163.mct-08-0398,188521270,18852127,"Journal Article; Research Support, Non-U.S. Gov't; Retracted Publication",NCI NIH HHS (R01 CA024487); Cancer Research UK (No ID),2026-04-29T05:51:56Z
doi:10.1371/journal.pone.0212177,10.1371/journal.pone.0212177,308406570,30840657,"Journal Article; Research Support, Non-U.S. Gov't; Retracted Publication",,2026-04-29T05:51:56Z
doi:10.1371/journal.pone.0264093,10.1371/journal.pone.0264093,352024190,35202419,"Journal Article; Research Support, Non-U.S. Gov't; Retracted Publication",,2026-04-29T05:51:56Z
doi:10.1371/journal.ppat.1006973,10.1371/journal.ppat.1006973,296529230,29652923,"Journal Article; Research Support, N.I.H., Extramural; Research Support, Non-U.S. Gov't; Retracted Publication",NIAID NIH HHS (UM1 AI126620); NIH HHS (AI126620); NIH HHS (AI106481); NIAID NIH HHS (R01 AI108972); NIH HHS (AI118694); NIAID NIH HHS (R01 AI118694); NIAID NIH HHS (P30 AI045008); NIAID NIH HHS (R56 AI106481); NIH HHS (A127966); NIAID NIH HHS (P30 AI027763); NIAID NIH HHS (R01 AI076066); NIH HHS (AI076066); NIAID NIH HHS (U19 AI096109); NIH HHS (P30 AI027763); NIH HHS (AI096109); NIAID NIH HHS (P30 AI036219),2026-04-29T05:51:56Z
doi:10.1038/s41374-020-0469-5,10.1038/s41374-020-0469-5,327098880,32709888,"Journal Article; Research Support, Non-U.S. Gov't; Retracted Publication",,2026-04-29T05:51:56Z
doi:10.1371/journal.pone.0096211,10.1371/journal.pone.0096211,251199890,25119989,"Journal Article; Research Support, Non-U.S. Gov't; Retracted Publication",,2026-04-29T05:51:56Z
doi:10.1158/0008-5472.can-20-0506,10.1158/0008-5472.can-20-0506,323664800,32366480,"Journal Article; Research Support, Non-U.S. Gov't; Research Support, U.S. Gov't, Non-P.H.S.; Comment; Retracted Publication",Cancer Research UK (12011); Biotechnology and Biological Sciences Research Council (BBS/B/03785); Medical Research Council (MR/N012097/1),2026-04-29T05:51:56Z
doi:10.1371/journal.pone.0285804,10.1371/journal.pone.0285804,373846500,37384650,"Journal Article; Research Support, N.I.H., Extramural; Research Support, Non-U.S. Gov't; Retracted Publication",NCI NIH HHS (P30 CA016058); NIGMS NIH HHS (T32 GM139784); NCI NIH HHS (UM1 CA186712),2026-04-29T05:51:56Z
doi:10.1371/journal.pone.0031430,10.1371/journal.pone.0031430,223840210,22384021,"Journal Article; Research Support, Non-U.S. Gov't; Retracted Publication",,2026-04-29T05:51:56Z
doi:10.1371/journal.pone.0277706,10.1371/journal.pone.0277706,363786710,36378671,"Randomized Controlled Trial; Multicenter Study; Journal Article; Research Support, Non-U.S. Gov't; Retracted Publication",,2026-04-29T05:51:56Z
doi:10.1371/journal.pone.0170032,10.1371/journal.pone.0170032,280609300,28060930,Journal Article; Retracted Publication,NIMH NIH HHS (R01 MH059839),2026-04-29T05:51:56Z
doi:10.1371/journal.ppat.1004136,10.1371/journal.ppat.1004136,248304560,24830456,"Journal Article; Research Support, N.I.H., Extramural; Research Support, Non-U.S. Gov't; Retracted Publication",NCI NIH HHS (R01 CA109747),2026-04-29T05:51:56Z
doi:10.1371/journal.pone.0111720,10.1371/journal.pone.0111720,253690510,25369051,"Journal Article; Research Support, N.I.H., Extramural; Retracted Publication",NCI NIH HHS (N01 CN043302); NCI NIH HHS (R01CA13945402); NCI NIH HHS (1N01CN43302WA22),2026-04-29T05:51:56Z
doi:10.1371/journal.pone.0003065,10.1371/journal.pone.0003065,187259740,18725974,"Journal Article; Research Support, N.I.H., Extramural; Research Support, Non-U.S. Gov't; Retracted Publication",NCI NIH HHS (P01 CA094060); NCI NIH HHS (P01CA94060),2026-04-29T05:51:56Z
doi:10.1371/journal.pone.0192790,10.1371/journal.pone.0192790,294744340,29474434,"Journal Article; Research Support, Non-U.S. Gov't; Retracted Publication",,2026-04-29T05:51:56Z
doi:10.1371/journal.pone.0046720,10.1371/journal.pone.0046720,230564210,23056421,"Journal Article; Research Support, N.I.H., Extramural; Research Support, Non-U.S. Gov't; Retracted Publication",American Heart Association-American Stroke Association (10SDG2600164); NCRR NIH HHS (P20 RR 024215-05); NIGMS NIH HHS (P20 GM104934); NCRR NIH HHS (P20 RR024215); American Heart Association-American Stroke Association (14BGIA20030027),2026-04-29T05:51:56Z
doi:10.1038/s41598-024-59223-z,10.1038/s41598-024-59223-z,389427720,38942772,Journal Article; Retracted Publication,,2026-04-29T05:51:56Z
doi:10.1371/journal.pone.0019771,10.1371/journal.pone.0019771,215730750,21573075,"Journal Article; Research Support, N.I.H., Extramural; Research Support, Non-U.S. Gov't; Retracted Publication",NCI NIH HHS (R01 CA039481); NCI NIH HHS (R01 CA120975); NCI NIH HHS (R01 CA047282); NCI NIH HHS (R01 CA47282); NCI NIH HHS (R01 CA39481); NIDDK NIH HHS (R01 DK068419),2026-04-29T05:51:56Z
doi:10.1371/journal.pone.0319840,10.1371/journal.pone.0319840,409290820,40929082,Journal Article; Retracted Publication,,2026-04-29T05:51:56Z
doi:10.1371/journal.pone.0328347,10.1371/journal.pone.0328347,407684030,40768403,Journal Article; Retracted Publication,,2026-04-29T05:51:56Z
doi:10.1371/journal.pone.0098486,10.1371/journal.pone.0098486,248530930,24853093,"Journal Article; Research Support, N.I.H., Extramural; Research Support, Non-U.S. Gov't; Retracted Publication",American Heart Association-American Stroke Association (10SDG2600164); NCRR NIH HHS (P20 RR 024215-05); NIGMS NIH HHS (P20 GM104934); NCRR NIH HHS (P20 RR024215); American Heart Association-American Stroke Association (14BGIA20030027); NIGMS NIH HHS (9P20GM104934-06),2026-04-29T05:51:56Z
doi:10.1002/jgf2.606,10.1002/jgf2.606,372610390,37261039,Journal Article; Retracted Publication,,2026-04-29T05:51:56Z
doi:10.1111/xen.70023,10.1111/xen.70023,399603550,39960355,"Journal Article; Research Support, N.I.H., Extramural; Research Support, Non-U.S. Gov't; Retracted Publication",NIH HHS (R01HL089221); NIH HHS (R01AI166969); NIH HHS (R01AI170064); NIH HHS (U19AI131471); NIH HHS (R21AI151398); NIH HHS (R01 AI1175411); NIH HHS (R38AI140297); NIH HHS (F32AI174651); American Society of Transplant Surgeons (No ID); Jon Fryer Resident Research Scholarship (No ID),2026-04-29T05:51:56Z
doi:10.1208/s12249-023-02551-6,10.1208/s12249-023-02551-6,369778410,36977841,Journal Article; Retracted Publication,,2026-04-29T05:51:56Z
doi:10.1038/84254,10.1038/84254,111758130,11175813,"Journal Article; Research Support, Non-U.S. Gov't; Research Support, U.S. Gov't, P.H.S.; Retracted Publication",NIAMS NIH HHS (AR40908); NIAMS NIH HHS (R01 AR040908); NIAID NIH HHS (T32 AI 07621); NIAID NIH HHS (T32 AI007621); NIAID NIH HHS (R56 AI045011); NIA NIH HHS (AG 13910); NIAID NIH HHS (R01 AI045011); NIAID NIH HHS (AI 45011),2026-04-29T05:51:56Z
doi:10.1016/j.heliyon.2024.e29766,10.1016/j.heliyon.2024.e29766,388283600,38828360,Journal Article; Review; Retracted Publication,,2026-04-29T05:51:56Z
doi:10.1016/j.heliyon.2023.e23092,10.1016/j.heliyon.2023.e23092,381873290,38187329,Journal Article; Retracted Publication,,2026-04-29T05:51:56Z
doi:10.1016/j.heliyon.2023.e22156,10.1016/j.heliyon.2023.e22156,380348080,38034808,Journal Article; Retracted Publication,,2026-04-29T05:51:56Z
doi:10.3892/ijo.2015.2878,10.3892/ijo.2015.2878,256522550,25652255,"Journal Article; Research Support, N.I.H., Extramural; Research Support, U.S. Gov't, Non-P.H.S.; Research Support, U.S. Gov't, P.H.S.; Retracted Publication",NCI NIH HHS (BC043180); NIMHD NIH HHS (U54MD007598); NIMHD NIH HHS (NIH/NIMHD CRECD R25 MD007610); NIDDK NIH HHS (R25 DK067015); NCI NIH HHS (CA15083-25S3); NCI NIH HHS (U56 CA101599); NIMHD NIH HHS (U54 MD007598); NIMHD NIH HHS (R25 MD007610); NCATS NIH HHS (UL1 TR000124); NCI NIH HHS (U56 CA101599-01); NCI NIH HHS (NIH/NCI 1U54CA14393); NIDDK NIH HHS (R25DK067015-01); NCI NIH HHS (P30 CA015083); NCI NIH HHS (U54 CA143931); NCATS NIH HHS (NIH/NCATS CTSI UL1TR000124); NCI NIH HHS (N01 CA015083),2026-04-29T05:51:56Z
doi:10.3892/ijo.2023.5486,10.3892/ijo.2023.5486,367991650,36799165,Journal Article; Retracted Publication,NCI NIH HHS (R01 CA096534); NCI NIH HHS (R56 CA096534),2026-04-29T05:51:56Z
doi:10.3892/ijo.2013.1850,10.3892/ijo.2013.1850,234832400,23483240,"Journal Article; Research Support, Non-U.S. Gov't; Retracted Publication",,2026-04-29T05:51:56Z
doi:10.1111/srt.13522,10.1111/srt.13522,380090230,38009023,Randomized Controlled Trial; Journal Article; Retracted Publication,,2026-04-29T05:51:56Z
doi:10.3390/neurolint14020037,10.3390/neurolint14020037,357366180,35736618,Journal Article; Retracted Publication,,2026-04-29T05:51:56Z
doi:10.3892/ol.2013.1385,10.3892/ol.2013.1385,241373270,24137327,Journal Article; Retracted Publication,,2026-04-29T05:51:56Z
doi:10.1016/j.envres.2022.114714,10.1016/j.envres.2022.114714,363348340,36334834,"Journal Article; Research Support, Non-U.S. Gov't; Retracted Publication",,2026-04-29T05:51:56Z
doi:10.1016/j.envres.2022.114455,10.1016/j.envres.2022.114455,362022420,36202242,"Journal Article; Research Support, Non-U.S. Gov't; Retracted Publication",,2026-04-29T05:51:56Z
doi:10.1016/j.envres.2022.112721,10.1016/j.envres.2022.112721,350313370,35031337,"Journal Article; Research Support, Non-U.S. Gov't; Retracted Publication",,2026-04-29T05:51:56Z
doi:10.1038/s41586-023-05771-9,10.1038/s41586-023-05771-9,370460940,37046094,"Journal Article; Research Support, Non-U.S. Gov't; Retracted Publication",Wellcome Trust (CC2097); Cancer Research UK (21999); Cancer Research UK (CTRNBC-2022/100001); Cancer Research UK (24956); Cancer Research UK (17786); Cancer Research UK (30025); Cancer Research UK (29911); Wellcome Trust (CC2044); Medical Research Council (MR/P014712/1); Wellcome Trust (CC2088); Wellcome Trust (CC2041); Medical Research Council (MR/V033077/1); Cancer Research UK (29569),2026-04-29T05:51:56Z
doi:10.1155/2017/5958429,10.1155/2017/5958429,286767320,28676732,Journal Article; Retracted Publication,NIMHD NIH HHS (U54 MD007598); NCI NIH HHS (SC1 CA200517); NCI NIH HHS (U54 CA143931); NIMHD NIH HHS (S21 MD000103); NIMHD NIH HHS (R25 MD007610); NCATS NIH HHS (UL1 TR000124),2026-04-29T05:51:56Z
doi:10.3892/or.2015.4143,10.3892/or.2015.4143,262390190,26239019,"Journal Article; Research Support, Non-U.S. Gov't; Retracted Publication",,2026-04-29T05:51:56Z
doi:10.7759/cureus.50212,10.7759/cureus.50212,380899430,38089943,Journal Article; Retracted Publication,,2026-04-29T05:51:56Z
doi:10.1186/s40478-017-0445-5,10.1186/s40478-017-0445-5,285996810,28599681,"Journal Article; Research Support, N.I.H., Extramural; Retracted Publication",NIA NIH HHS (R21 AG051839); NIA NIH HHS (P50 AG005131); BLRD VA (I01 BX003040); NIA NIH HHS (R01 AG051848); NIA NIH HHS (R01 AG018440); NIA NIH HHS (T32 AG000216); NIA NIH HHS (R37 AG018440),2026-04-29T05:51:56Z
doi:10.1371/journal.pone.0312914,10.1371/journal.pone.0312914,397871050,39787105,Journal Article; Retracted Publication,,2026-04-29T05:51:56Z
doi:10.3892/or.2015.4323,10.3892/or.2015.4323,265036280,26503628,"Journal Article; Research Support, Non-U.S. Gov't; Retracted Publication",,2026-04-29T05:51:56Z
doi:10.3233/ch-242134,10.3233/ch-242134,386401450,38640145,Journal Article; Randomized Controlled Trial; Retracted Publication,,2026-04-29T05:51:56Z
doi:10.3233/ch-232076,10.3233/ch-232076,383060270,38306027,Journal Article; Review; Retracted Publication,,2026-04-29T05:51:56Z
doi:10.1016/j.plaphy.2024.108659,10.1016/j.plaphy.2024.108659,386918750,38691875,Journal Article; Retracted Publication,,2026-04-29T05:51:56Z
doi:10.1111/j.1478-3231.2005.01082.x,10.1111/j.1478-3231.2005.01082.x,159104960,15910496,"Journal Article; Research Support, N.I.H., Extramural; Research Support, Non-U.S. Gov't; Research Support, U.S. Gov't, P.H.S.; Retracted Publication",NCI NIH HHS (CA54576),2026-04-29T05:51:56Z
doi:10.1186/1471-2202-15-90,10.1186/1471-2202-15-90,250470000,25047000,"Journal Article; Research Support, N.I.H., Extramural; Research Support, Non-U.S. Gov't; Retracted Publication",NINDS NIH HHS (P30 NS076411); NIA NIH HHS (P50 AG005131); NIA NIH HHS (R37 AG018440); NIA NIH HHS (AG05131),2026-04-29T05:51:56Z
doi:10.1002/hep4.1887,10.1002/hep4.1887,349103850,34910385,"Journal Article; Research Support, N.I.H., Extramural; Retracted Publication",NIDA NIH HHS (R01 DA042632); NIDA NIH HHS (R01 DA058458); NIH/NIDA (R01DA042632),2026-04-29T05:51:56Z
doi:10.1038/s41598-024-79953-4,10.1038/s41598-024-79953-4,395505050,39550505,Journal Article; Retracted Publication,,2026-04-29T05:51:56Z
doi:10.1038/nature23272,10.1038/nature23272,286787760,28678776,"Journal Article; Research Support, N.I.H., Extramural; Research Support, Non-U.S. Gov't; Research Support, U.S. Gov't, Non-P.H.S.; Retracted Publication",NIDA NIH HHS (R21 DA038858); NIDA NIH HHS (R01 DA045020); NIAID NIH HHS (R43 AI052969); NIDA NIH HHS (P01 DA009158); NIDA NIH HHS (R37 DA023142); NIDA NIH HHS (R01 DA041435),2026-04-29T05:51:56Z
doi:10.1038/s41586-018-0448-9,10.1038/s41586-018-0448-9,301355850,30135585,"Journal Article; Research Support, N.I.H., Extramural; Research Support, Non-U.S. Gov't; Retracted Publication",Intramural NIH HHS (Z01 NS002859); Intramural NIH HHS (ZIA NS002859); NIEHS NIH HHS (1ZIAES10328601); NIAAA NIH HHS (DFG FOR2488),2026-04-29T05:51:56Z
doi:10.3389/fimmu.2020.00277,10.3389/fimmu.2020.00277,319211120,32153584,Published Erratum; Retracted Publication,,2026-04-29T05:51:56Z
doi:10.3389/fimmu.2019.02819,10.3389/fimmu.2019.02819,319211120,31921112,Journal Article; Retracted Publication,,2026-04-29T05:51:56Z
doi:10.1002/acn3.321,10.1002/acn3.321,276063420,27606342,Journal Article; Retracted Publication,NINDS NIH HHS (P01 NS044233); NIA NIH HHS (P50 AG005131),2026-04-29T05:51:56Z
doi:10.1006/rtph.1999.1371,10.1006/rtph.1999.1371,108541220,10854122,Journal Article; Review; Retracted Publication,,2026-04-29T05:51:56Z
doi:10.1016/j.ijbiomac.2017.07.074,10.1016/j.ijbiomac.2017.07.074,287350080,28735008,Journal Article; Retracted Publication,,2026-04-29T05:51:56Z
doi:10.1016/j.cell.2024.10.021,10.1016/j.cell.2024.10.021,395320940,39532094,Journal Article; Retracted Publication,NHLBI NIH HHS (R01 HL168247); NCI NIH HHS (R01 CA279135); NHGRI NIH HHS (R01 HG012790); NCI NIH HHS (R01 CA218668); NHGRI NIH HHS (DP2 HG010099); NIAID NIH HHS (R01 AI176601),2026-04-29T05:51:56Z
doi:10.1007/s00432-013-1465-6,10.1007/s00432-013-1465-6,238240640,23824064,"Journal Article; Research Support, N.I.H., Extramural; Research Support, Non-U.S. Gov't; Retracted Publication",NCI NIH HHS (R01CA026038-32); NCATS NIH HHS (UL1 TR000128); Medical Research Council (No ID); NCI NIH HHS (U54CA137785-01); NCI NIH HHS (R01 CA026038),2026-04-29T05:51:56Z
doi:10.1038/sj.onc.1207628,10.1038/sj.onc.1207628,150771660,15077166,"Journal Article; Research Support, Non-U.S. Gov't; Research Support, U.S. Gov't, P.H.S.; Retracted Publication",NCI NIH HHS (CA90388),2026-04-29T05:51:56Z
doi:10.1186/s13045-017-0540-x,10.1186/s13045-017-0540-x,291323970,29132397,Journal Article; Retracted Publication,NCI NIH HHS (R00 CA151457); NCI NIH HHS (R01 CA200992); National Institutes of Health (1R01CA200992-01A1),2026-04-29T05:51:56Z
doi:10.3390/mi14101869,10.3390/mi14101869,378933060,37893306,Journal Article; Retracted Publication,,2026-04-29T05:51:56Z
doi:10.1155/2022/5297709,10.1155/2022/5297709,361769330,36176933,"Journal Article; Research Support, Non-U.S. Gov't; Retracted Publication",,2026-04-29T05:51:56Z
doi:10.1186/s12943-019-0947-9,10.1186/s12943-019-0947-9,308258770,30825877,"Journal Article; Research Support, Non-U.S. Gov't; Retracted Publication",,2026-04-29T05:51:56Z
doi:10.1038/ncomms5572,10.1038/ncomms5572,250910170,25091017,"Journal Article; Research Support, Non-U.S. Gov't; Retracted Publication",,2026-04-29T05:51:56Z
doi:10.3390/biology9090238,10.3390/biology9090238,328253680,32825368,Journal Article; Retracted Publication,,2026-04-29T05:51:56Z
doi:10.1021/jacs.7b05742,10.1021/jacs.7b05742,287046060,28704606,"Journal Article; Research Support, U.S. Gov't, Non-P.H.S.; Research Support, Non-U.S. Gov't; Retracted Publication",,2026-04-29T05:51:56Z
doi:10.1021/jacs.9b06898,10.1021/jacs.9b06898,315536210,31553621,Journal Article; Retracted Publication,,2026-04-29T05:51:56Z
doi:10.1007/s00125-017-4469-y,10.1007/s00125-017-4469-y,290859900,29085990,"Journal Article; Research Support, Non-U.S. Gov't; Retracted Publication","Fondazione Italiana Sclerosi Multipla (2014/R/21); University of Turin (Ricerca Locale Linea B 2015); The Ministry of Education, Brazil (7326/2014-09); British Heart Foundation (FS/13/58/30648)",2026-04-29T05:51:56Z
doi:10.3791/63856,10.3791/63856,359387950,35938795,"Journal Article; Video-Audio Media; Research Support, N.I.H., Extramural; Retracted Publication",NCI NIH HHS (R01 CA193578); NCI NIH HHS (R01 CA227261); NCI NIH HHS (R01 CA219700),2026-04-29T05:51:56Z
doi:10.1074/jbc.m116.714824,10.1074/jbc.m116.714824,272265590,27226559,"Journal Article; Research Support, N.I.H., Extramural; Retracted Publication",NINDS NIH HHS (R01 NS083054); NINDS NIH HHS (R21 NS064564),2026-04-29T05:51:56Z
doi:10.2165/00003495-200464210-00007,10.2165/00003495-200464210-00007,154820030,15482003,Journal Article; Review; Retracted Publication,,2026-04-29T05:51:56Z
doi:10.1007/s12272-012-0117-8,10.1007/s12272-012-0117-8,222977540,22297754,Journal Article; Retracted Publication,,2026-04-29T05:51:56Z
doi:10.1093/micmic/ozac036,10.1093/micmic/ozac036,377497130,37749713,"Journal Article; Research Support, N.I.H., Extramural; Retracted Publication",NCI NIH HHS (R01CA193578); NCI NIH HHS (R01 CA227261); NCI NIH HHS (R01 CA219700),2026-04-29T05:51:56Z
doi:10.4143/crt.2024.859,10.4143/crt.2024.859,397886410,39788641,Journal Article; Retracted Publication,,2026-04-29T05:51:56Z
doi:10.1016/j.chemosphere.2022.136635,10.1016/j.chemosphere.2022.136635,361838820,36183882,Review; Journal Article; Retracted Publication,,2026-04-29T05:51:56Z
doi:10.1186/s13287-021-02265-1,10.1186/s13287-021-02265-1,337366950,33736695,Journal Article; Review; Retracted Publication,,2026-04-29T05:51:56Z
doi:10.1016/j.lana.2021.100142,10.1016/j.lana.2021.100142,349271270,34927127,Journal Article; Retracted Publication,,2026-04-29T05:51:56Z
doi:10.1080/10410236.2021.1956792,10.1080/10410236.2021.1956792,343658640,34365864,Journal Article; Retracted Publication,,2026-04-29T05:51:56Z
doi:10.1038/s41388-019-0709-6,10.1038/s41388-019-0709-6,306926370,30692637,"Journal Article; Research Support, Non-U.S. Gov't; Retracted Publication",,2026-04-29T05:51:56Z
doi:10.1038/s42003-022-03614-3,10.1038/s42003-022-03614-3,357784350,35778435,"Journal Article; Research Support, N.I.H., Extramural; Research Support, Non-U.S. Gov't; Retracted Publication",NICHD NIH HHS (R01 HD102206); NIDDK NIH HHS (R01 DK101972); NHLBI NIH HHS (R01 HL131737); NIDDK NIH HHS (R01 DK103024); NIDDK NIH HHS (R01 DK083243); NICHD NIH HHS (R01 HD100195),2026-04-29T05:51:56Z
doi:10.1371/journal.pone.0263901,10.1371/journal.pone.0263901,355331500,35533150,Journal Article; Retracted Publication,,2026-04-29T05:51:56Z
doi:10.1186/1750-1326-9-18,10.1186/1750-1326-9-18,248853900,24885390,"Journal Article; Research Support, N.I.H., Extramural; Retracted Publication",NIA NIH HHS (AG10435); NIA NIH HHS (P50 AG005131); NINDS NIH HHS (P30 NS076411); NIA NIH HHS (AG18840); NIA NIH HHS (R37 AG018440); NIA NIH HHS (AG022074),2026-04-29T05:51:56Z
doi:10.1016/j.earlhumdev.2020.105261,10.1016/j.earlhumdev.2020.105261,332139650,33213965,Retraction Notice; Journal Article; Retracted Publication,,2026-04-29T05:51:56Z
doi:10.1017/s1431927621013921,10.1017/s1431927621013921,350488450,35048845,Journal Article; Retracted Publication,,2026-04-29T05:51:56Z
doi:10.4088/pcc.23r03532,10.4088/pcc.23r03532,379235530,37923553,Systematic Review; Journal Article; Retracted Publication,,2026-04-29T05:51:56Z
doi:10.1016/j.envres.2022.112684,10.1016/j.envres.2022.112684,349955440,34995544,"Journal Article; Research Support, Non-U.S. Gov't; Retracted Publication",,2026-04-29T05:51:56Z
doi:10.1371/journal.pone.0264210,10.1371/journal.pone.0264210,356090630,35609063,"Journal Article; Research Support, Non-U.S. Gov't; Retracted Publication",,2026-04-29T05:51:56Z
doi:10.1289/ehp10393,10.1289/ehp10393,357312240,35731224,Journal Article; Retracted Publication,,2026-04-29T05:51:56Z
doi:10.1016/j.jand.2021.07.013,10.1016/j.jand.2021.07.013,351955210,35195521,Journal Article; Retracted Publication,,2026-04-29T05:51:56Z
doi:10.1007/s10495-011-0613-1,10.1007/s10495-011-0613-1,216670440,21667044,"Journal Article; Research Support, Non-U.S. Gov't; Retracted Publication",,2026-04-29T05:51:56Z
doi:10.3390/molecules22122081,10.3390/molecules22122081,291825880,29182588,Journal Article; Retracted Publication,,2026-04-29T05:51:56Z
doi:10.3390/molecules25112597,10.3390/molecules25112597,325031430,32503143,Journal Article; Retracted Publication,,2026-04-29T05:51:56Z
doi:10.1186/s12943-017-0594-y,10.1186/s12943-017-0594-y,281482610,28148261,Journal Article; Retracted Publication,NIDDK NIH HHS (U01 DK085508); NIDDK NIH HHS (U01 DK085532); NIDDK NIH HHS (U24 DK085532),2026-04-29T05:51:56Z
doi:10.3390/ijms19092685,10.3390/ijms19092685,302018740,30201874,Journal Article; Retracted Publication,"NIH HHS (HL109015, HL105649, HL071556)",2026-04-29T05:51:56Z
doi:10.1007/s11033-024-09653-9,10.1007/s11033-024-09653-9,388229730,38822973,Journal Article; Review; Retracted Publication,,2026-04-29T05:51:56Z
doi:10.1038/nature17392,10.1038/nature17392,270429330,27042933,"Journal Article; Research Support, N.I.H., Extramural; Research Support, N.I.H., Intramural; Research Support, Non-U.S. Gov't; Retracted Publication",NCI NIH HHS (P30 CA010815); NIGMS NIH HHS (T32 GM007324); NCI NIH HHS (P01 CA114046); NCI NIH HHS (R01 CA174746); NCI NIH HHS (R50 CA211199); NCI NIH HHS (P50 CA174523); NCI NIH HHS (T32 CA9171-36); NCI NIH HHS (P01 CA 114046-06); Intramural NIH HHS (No ID); NCI NIH HHS (R01 CA174746-01); NCI NIH HHS (P50 CA093372); NCI NIH HHS (R01 CA196660); NCI NIH HHS (K12 CA090625); NCI NIH HHS (K99 CA208012); NCI NIH HHS (R01 CA160331); NCI NIH HHS (T32 CA009171),2026-04-29T05:51:56Z
doi:10.1016/j.envres.2022.114120,10.1016/j.envres.2022.114120,360298370,36029837,"Clinical Trial, Veterinary; Journal Article; Research Support, Non-U.S. Gov't; Retracted Publication",,2026-04-29T05:51:56Z
doi:10.7759/cureus.74329,10.7759/cureus.74329,397203810,39720381,Journal Article; Review,,2026-04-29T05:51:56Z
doi:10.7759/cureus.86035,10.7759/cureus.86035,406665760,40666576,Journal Article; Review; Retracted Publication,,2026-04-29T05:51:56Z
doi:10.7759/cureus.86034,10.7759/cureus.86034,406665700,40666570,Journal Article; Review; Retracted Publication,,2026-04-29T05:51:56Z
doi:10.3390/ijerph19159737,10.3390/ijerph19159737,359550930,35955093,"Journal Article; Research Support, Non-U.S. Gov't; Research Support, U.S. Gov't, P.H.S.; Retracted Publication",NIOSH CDC HHS (U50 OH009739); ACL HHS (U50OH009739); NIOSH CDC HHS (5U50/OH009739); NIOSH CDC HHS (2U50/OH009739),2026-04-29T05:51:56Z
doi:10.21037/med-22-30,10.21037/med-22-30,372610980,37261098,Editorial; Retracted Publication,,2026-04-29T05:51:56Z
doi:10.2174/156720512800492459,10.2174/156720512800492459,218754080,21875408,Journal Article; Retracted Publication,,2026-04-29T05:51:56Z
doi:10.1039/d3lc00894k,10.1039/d3lc00894k,383627770,38362777,"Journal Article; Research Support, N.I.H., Extramural; Research Support, Non-U.S. Gov't; Retracted Publication",NCATS NIH HHS (U01 TR002383); NCATS NIH HHS (UH3 TR002097),2026-04-29T05:51:56Z
doi:10.1016/j.clinre.2014.04.005,10.1016/j.clinre.2014.04.005,249287110,24928711,"Evaluation Study; Journal Article; Research Support, Non-U.S. Gov't; Retracted Publication",,2026-04-29T05:51:56Z
doi:10.1038/s43587-021-00063-1,10.1038/s43587-021-00063-1,342631790,34263179,"Journal Article; Research Support, N.I.H., Extramural; Research Support, Non-U.S. Gov't; Research Support, U.S. Gov't, Non-P.H.S.; Retracted Publication",NIA NIH HHS (R37 AG013925); Department of Health (No ID); Medical Research Council (MR/N012097/1); NIA NIH HHS (P01 AG062413); Cancer Research UK (No ID),2026-04-29T05:51:56Z
doi:10.1073/pnas.1019581108,10.1073/pnas.1019581108,213681140,21368114,"Journal Article; Research Support, N.I.H., Extramural; Research Support, Non-U.S. Gov't; Retracted Publication",NIA NIH HHS (P30 AG025708); CIHR (MOP97805); NIA NIH HHS (P30AG025708),2026-04-29T05:51:56Z
doi:10.1016/j.nbd.2004.04.002,10.1016/j.nbd.2004.04.002,151932980,15193298,Journal Article; Retracted Publication,,2026-04-29T05:51:56Z
doi:10.1016/j.heliyon.2020.e04695,10.1016/j.heliyon.2020.e04695,329394100,32939410,Journal Article,,2026-04-29T05:51:56Z
doi:10.1016/j.clnu.2017.12.004,10.1016/j.clnu.2017.12.004,292759190,29275919,"Journal Article; Randomized Controlled Trial; Research Support, Non-U.S. Gov't; Retracted Publication",,2026-04-29T05:51:56Z
doi:10.1016/j.isci.2021.103535,10.1016/j.isci.2021.103535,349775000,34977500,Journal Article; Retracted Publication,NHLBI NIH HHS (L30 HL129295); NIAID NIH HHS (K99 AI143927); NHLBI NIH HHS (K08 HL130557); NIAID NIH HHS (R01 AI095424); NIAID NIH HHS (L30 AI155399),2026-04-29T05:51:56Z
doi:10.1007/s00280-025-04749-w,10.1007/s00280-025-04749-w,400750300,40075030,Journal Article; Review; Retracted Publication,NCI NIH HHS (P30 CA008748),2026-04-29T05:51:56Z
doi:10.1016/j.jacep.2025.08.010,10.1016/j.jacep.2025.08.010,409963920,40996392,Journal Article,,2026-04-29T05:51:56Z
doi:10.1371/journal.pone.0250959,10.1371/journal.pone.0250959,339709490,33970949,"Journal Article; Research Support, Non-U.S. Gov't; Retracted Publication",,2026-04-29T05:51:56Z
doi:10.1016/j.chemosphere.2023.139028,10.1016/j.chemosphere.2023.139028,372682330,37268233,Journal Article; Retracted Publication,,2026-04-29T05:51:56Z
doi:10.1016/j.chemosphere.2023.140507,10.1016/j.chemosphere.2023.140507,383033790,38303379,Journal Article; Retracted Publication,,2026-04-29T05:51:56Z
doi:10.1155/2021/9930524,10.1155/2021/9930524,342582840,34258284,Journal Article; Retracted Publication,,2026-04-29T05:51:56Z
doi:10.1172/jci37914,10.1172/jci37914,198846570,19884657,"Journal Article; Research Support, N.I.H., Extramural; Research Support, Non-U.S. Gov't; Retracted Publication",,2026-04-29T05:51:56Z
doi:10.1172/jci58559,10.1172/jci58559,220808640,22080864,"Journal Article; Research Support, N.I.H., Extramural; Research Support, Non-U.S. Gov't; Retracted Publication",NCI NIH HHS (R01 CA102011); NCI NIH HHS (P30 CA047904); NCI NIH HHS (P01 CA095616); NCI NIH HHS (R01 CA130966); NLM NIH HHS (R01 LM010144); NCI NIH HHS (CA130966); NCI NIH HHS (CA102011); NCI NIH HHS (P01-CA95616); NCI NIH HHS (CA102583); NCI NIH HHS (P01 CA102583); NCI NIH HHS (P50 CA108961); NHLBI NIH HHS (R01 HL070561); NCI NIH HHS (P30CA047904); NCI NIH HHS (CA108961); NLM NIH HHS (R01 LM011155); NHLBI NIH HHS (HL070561),2026-04-29T05:51:56Z
doi:10.1158/0008-5472.can-05-0124,10.1158/0008-5472.can-05-0124,158998010,15899801,"Journal Article; Research Support, N.I.H., Extramural; Research Support, Non-U.S. Gov't; Research Support, U.S. Gov't, P.H.S.; Retracted Publication",NCI NIH HHS (P30CA16058),2026-04-29T05:51:56Z
doi:10.1093/hmg/ddl177,10.1093/hmg/ddl177,168493700,16849370,"Journal Article; Research Support, N.I.H., Extramural; Research Support, Non-U.S. Gov't; Retracted Publication",NCI NIH HHS (P01 CA097189); NCI NIH HHS (R01 CA053271); NCI NIH HHS (1P01CA97189-01),2026-04-29T05:51:56Z
doi:10.1155/2021/6674988,10.1155/2021/6674988,338986260,33898626,Journal Article; Retracted Publication,,2026-04-29T05:51:56Z
doi:10.1155/2020/5279193,10.1155/2020/5279193,326854990,32685499,Journal Article; Retracted Publication,,2026-04-29T05:51:56Z
doi:10.1155/2021/5584788,10.1155/2021/5584788,339970180,33997018,Journal Article; Retracted Publication,NIDCD NIH HHS (R01 DC011803); NIDCD NIH HHS (R01 DC016295); NINDS NIH HHS (R01 NS107428); NIDCD NIH HHS (R56 DC011803),2026-04-29T05:51:56Z
doi:10.1155/2021/5955343,10.1155/2021/5955343,344855200,34485520,Journal Article; Retracted Publication,,2026-04-29T05:51:56Z
doi:10.1097/md.0000000000042164,10.1097/md.0000000000042164,402587280,40258728,Journal Article; Case Reports; Retracted Publication,,2026-04-29T05:51:56Z
doi:10.1097/md.0000000000041172,10.1097/md.0000000000041172,401841440,40184144,Journal Article; Case Reports; Retracted Publication,,2026-04-29T05:51:56Z
doi:10.1042/bcj20170649,10.1042/bcj20170649,296541100,29654110,"Journal Article; Research Support, Non-U.S. Gov't; Retracted Publication",World Health Organization (001),2026-04-29T05:51:56Z
doi:10.1007/s11010-022-04616-9,10.1007/s11010-022-04616-9,364341460,36434146,Journal Article; Retracted Publication,,2026-04-29T05:51:56Z
doi:10.18632/oncotarget.11947,10.18632/oncotarget.11947,276261720,27626172,Journal Article; Retracted Publication,,2026-04-29T05:51:56Z
doi:10.1172/jci87105,10.1172/jci87105,277973400,27797340,"Journal Article; Research Support, N.I.H., Extramural; Research Support, Non-U.S. Gov't; Retracted Publication",NCI NIH HHS (R01 CA172268),2026-04-29T05:51:56Z
doi:10.1177/193229681100500111,10.1177/193229681100500111,213036280,21303628,"Evaluation Study; Journal Article; Research Support, Non-U.S. Gov't; Retracted Publication",,2026-04-29T05:51:56Z
doi:10.1155/2022/8363850,10.1155/2022/8363850,352816040,35281604,Journal Article; Retracted Publication,,2026-04-29T05:51:56Z
doi:10.1177/15579883241296881,10.1177/15579883241296881,396012140,39601214,Journal Article; Randomized Controlled Trial; Retracted Publication,,2026-04-29T05:51:56Z
doi:10.1371/journal.pone.0012458,10.1371/journal.pone.0012458,208059790,20805979,"Journal Article; Research Support, N.I.H., Extramural; Retracted Publication",NCI NIH HHS (R01 CA075557); NCI NIH HHS (CA 75557),2026-04-29T05:51:56Z
doi:10.3390/biom12081162,10.3390/biom12081162,360090560,36009056,"Journal Article; Research Support, N.I.H., Extramural; Research Support, Non-U.S. Gov't; Retracted Publication",NIGMS NIH HHS (R16 GM145586); NIH HHS (1R16GM145586),2026-04-29T05:51:56Z
doi:10.1128/aem.71.12.8362-8370.2005,10.1128/aem.71.12.8362-8370.2005,163328230,16332823,"Journal Article; Research Support, Non-U.S. Gov't; Research Support, U.S. Gov't, Non-P.H.S.; Retracted Publication",,2026-04-29T05:51:56Z
doi:10.1128/aem.66.8.3234-3240.2000,10.1128/aem.66.8.3234-3240.2000,109197750,10919775,"Comparative Study; Journal Article; Research Support, U.S. Gov't, Non-P.H.S.; Research Support, U.S. Gov't, P.H.S.; Retracted Publication",NIAID NIH HHS (R01 AI019844); NIAID NIH HHS (R37 AI019844); NIAID NIH HHS (AI 19844-17),2026-04-29T05:51:56Z
doi:10.1073/pnas.1113421108,10.1073/pnas.1113421108,219695790,21969579,"Journal Article; Research Support, N.I.H., Extramural; Research Support, Non-U.S. Gov't; Retracted Publication",,2026-04-29T05:51:56Z
doi:10.1152/ajpgi.00159.2011,10.1152/ajpgi.00159.2011,218360600,21836060,"Journal Article; Research Support, N.I.H., Extramural; Research Support, Non-U.S. Gov't; Retracted Publication",NCI NIH HHS (CA109269); NIDDK NIH HHS (R01 DK062265); NCI NIH HHS (CA135559); NIDDK NIH HHS (DK062265); NCI NIH HHS (R01 CA109269); NCI NIH HHS (R01 CA135559),2026-04-29T05:51:56Z
doi:10.1152/ajpgi.00037.2008,10.1152/ajpgi.00037.2008,183259840,18325984,"Journal Article; Research Support, N.I.H., Extramural; Retracted Publication",NCI NIH HHS (R01 CA109269); NIDDK NIH HHS (R01 DK062265); NCI NIH HHS (CA 109269); NIDDK NIH HHS (DK 62265),2026-04-29T05:51:56Z
doi:10.1055/a-2664-7887,10.1055/a-2664-7887,407191510,40719151,Journal Article; Review,,2026-04-29T05:51:56Z
doi:10.1121/10.0013429,10.1121/10.0013429,373111920,37311192,"Journal Article; Research Support, N.I.H., Extramural; Retracted Publication",NIDCD NIH HHS (K99 DC017472); NIDCD NIH HHS (R01 DC005216),2026-04-29T05:51:56Z
doi:10.12659/ajcr.943740,10.12659/ajcr.943740,389702430,38970243,Case Reports; Journal Article; Retracted Publication,,2026-04-29T05:51:56Z
doi:10.1152/ajpgi.00536.2007,10.1152/ajpgi.00536.2007,185117430,18511743,"Journal Article; Research Support, N.I.H., Extramural; Research Support, Non-U.S. Gov't; Research Support, U.S. Gov't, Non-P.H.S.; Retracted Publication",NIDDK NIH HHS (K01 DK-078532),2026-04-29T05:51:56Z
doi:10.1152/ajpgi.00306.2005,10.1152/ajpgi.00306.2005,163392970,16339297,"Journal Article; Research Support, N.I.H., Extramural; Research Support, Non-U.S. Gov't; Research Support, U.S. Gov't, Non-P.H.S.; Retracted Publication",NIDDK NIH HHS (DK-062975); NIDDK NIH HHS (DK-58411),2026-04-29T05:51:56Z
doi:10.1038/s41598-021-03495-2,10.1038/s41598-021-03495-2,349969190,34996919,"Journal Article; Research Support, Non-U.S. Gov't; Retracted Publication",,2026-04-29T05:51:56Z
doi:10.1038/s41598-023-41314-y,10.1038/s41598-023-41314-y,376699700,37669970,Journal Article; Retracted Publication,,2026-04-29T05:51:56Z
doi:10.1186/s12868-018-0420-5,10.1186/s12868-018-0420-5,296149690,29614969,"Journal Article; Research Support, N.I.H., Extramural; Retracted Publication",NIA NIH HHS (R01 AG045264),2026-04-29T05:51:56Z
doi:10.1021/acsabm.3c00814,10.1021/acsabm.3c00814,384424060,38442406,Journal Article; Retracted Publication,,2026-04-29T05:51:56Z
doi:10.1038/s41598-021-89139-x,10.1038/s41598-021-89139-x,339586670,33958667,Journal Article; Retracted Publication,,2026-04-29T05:51:56Z
doi:10.1155/2021/9926128,10.1155/2021/9926128,343272410,34327241,Journal Article; Retracted Publication,,2026-04-29T05:51:56Z
doi:10.1155/2022/2229147,10.1155/2022/2229147,350879060,35087906,Journal Article; Retracted Publication,,2026-04-29T05:51:56Z
doi:10.1155/2021/2106972,10.1155/2021/2106972,343956100,34395610,Journal Article; Retracted Publication,,2026-04-29T05:51:56Z
doi:10.1002/jbm.a.37081,10.1002/jbm.a.37081,327764140,32776414,Journal Article; Retracted Publication,,2026-04-29T05:51:56Z
doi:10.3390/cancers14071618,10.3390/cancers14071618,354063890,35406389,Journal Article; Review; Retracted Publication,,2026-04-29T05:51:56Z
doi:10.3390/biomedicines9080990,10.3390/biomedicines9080990,344401930,34440193,Journal Article; Retracted Publication,,2026-04-29T05:51:56Z
doi:10.1126/science.1197258,10.1126/science.1197258,211272140,21127214,"Journal Article; Research Support, N.I.H., Extramural; Research Support, U.S. Gov't, Non-P.H.S.; Retracted Publication",,2026-04-29T05:51:56Z
doi:10.1016/j.heliyon.2023.e16950,10.1016/j.heliyon.2023.e16950,373463530,37346353,Journal Article; Retracted Publication,,2026-04-29T05:51:56Z
doi:10.3390/cancers16244168,10.3390/cancers16244168,397660670,39766067,Journal Article; Retracted Publication,,2026-04-29T05:51:56Z
doi:10.1155/2021/5546790,10.1155/2021/5546790,345188010,34518801,Journal Article; Review; Retracted Publication,,2026-04-29T05:51:56Z
doi:10.1155/2022/3097521,10.1155/2022/3097521,360514770,36051477,Journal Article; Retracted Publication,,2026-04-29T05:51:56Z
doi:10.1155/2022/4452158,10.1155/2022/4452158,352524460,35252446,Journal Article; Retracted Publication,NHLBI NIH HHS (K25 HL125954); NHLBI NIH HHS (R01 HL070907); NHLBI NIH HHS (R01 HL080670); NHLBI NIH HHS (R01 HL141286),2026-04-29T05:51:56Z
doi:10.3390/biomedicines8040073,10.3390/biomedicines8040073,322445450,32244545,Journal Article; Retracted Publication,Murtha Cancer Center and the Gynecologic Cancer Center of Excellence Project (HU0001-16-2-0006),2026-04-29T05:51:56Z
doi:10.1038/s41388-022-02322-w,10.1038/s41388-022-02322-w,354613270,35461327,"Journal Article; Research Support, N.I.H., Extramural; Retracted Publication",NCI NIH HHS (P30 CA012197); NCI NIH HHS (R01 CA185650); NCI NIH HHS (R01 CA173499); NCI NIH HHS (T32 CA247819); NCI NIH HHS (R01 CA207222); NCI NIH HHS (R01 CA205067),2026-04-29T05:51:56Z
doi:10.7759/cureus.84630,10.7759/cureus.84630,404628130,40462813,Case Reports; Journal Article; Retracted Publication,,2026-04-29T05:51:56Z
doi:10.7759/cureus.69810,10.7759/cureus.69810,394294200,39429420,Journal Article; Retracted Publication,,2026-04-29T05:51:56Z
doi:10.1101/gad.516509,10.1101/gad.516509,194512210,19451221,"Journal Article; Research Support, Non-U.S. Gov't; Retracted Publication",Wellcome Trust (No ID); Cancer Research UK (No ID); Biotechnology and Biological Sciences Research Council (No ID),2026-04-29T05:51:56Z
doi:10.1371/journal.pone.0011583,10.1371/journal.pone.0011583,206576470,20657647,"Journal Article; Research Support, N.I.H., Extramural; Retracted Publication",NINDS NIH HHS (R01 NS047699); NINDS NIH HHS (NS047699),2026-04-29T05:51:56Z
doi:10.1371/journal.pone.0011813,10.1371/journal.pone.0011813,206763650,20676365,"Journal Article; Research Support, N.I.H., Extramural; Retracted Publication",NINDS NIH HHS (R01 NS057529); NINDS NIH HHS (NS057529),2026-04-29T05:51:56Z
doi:10.1371/journal.pone.0019341,10.1371/journal.pone.0019341,215732330,21573233,"Journal Article; Research Support, N.I.H., Extramural; Retracted Publication",NINDS NIH HHS (R01 NS064535); NINDS NIH HHS (NS64535-01A1),2026-04-29T05:51:56Z
doi:10.1371/journal.pone.0026191,10.1371/journal.pone.0026191,220225600,22022560,"Journal Article; Research Support, N.I.H., Extramural; Retracted Publication",NINDS NIH HHS (R01 NS047699); NINDS NIH HHS (NS047699),2026-04-29T05:51:56Z
doi:10.1371/journal.pone.0013006,10.1371/journal.pone.0013006,208860510,20886051,"Journal Article; Research Support, N.I.H., Extramural; Retracted Publication",NCI NIH HHS (R01 CA138409); NCI NIH HHS (CA138409),2026-04-29T05:51:56Z
doi:10.1016/j.heliyon.2023.e23151,10.1016/j.heliyon.2023.e23151,382237360,38223736,Journal Article; Retracted Publication,,2026-04-29T05:51:56Z
doi:10.3390/antibiotics12030497,10.3390/antibiotics12030497,369783640,36978364,Journal Article; Retracted Publication,"This project was funded by the Institutional Fund Projects under grant no (IFPRC-109-130-2020). Therefore, authors gratefully acknowledge technical and financial support from the Ministry of Education and King Abdulaziz University, Jeddah, Saudi Arabia. (IFPRC-109-130-2020)",2026-04-29T05:51:56Z
doi:10.3390/antiox9060489,10.3390/antiox9060489,325127880,32512788,Journal Article; Retracted Publication,NIGMS NIH HHS (P20 GM121334); NIDDK NIH HHS (R01 DK121748),2026-04-29T05:51:56Z
doi:10.1371/journal.pone.0051735,10.1371/journal.pone.0051735,232721520,23272152,Journal Article; Retracted Publication,,2026-04-29T05:51:56Z
doi:10.1371/journal.pone.0063150,10.1371/journal.pone.0063150,236461890,23646189,Journal Article; Retracted Publication,,2026-04-29T05:51:56Z
doi:10.1371/journal.pone.0088373,10.1371/journal.pone.0088373,245166430,24516643,Journal Article; Retracted Publication,,2026-04-29T05:51:56Z
doi:10.1002/jcb.24018,10.1002/jcb.24018,221738350,22173835,Journal Article; Retracted Publication,,2026-04-29T05:51:56Z
doi:10.1002/jcb.20233,10.1002/jcb.20233,153898760,15389876,"Journal Article; Research Support, N.I.H., Extramural; Research Support, U.S. Gov't, P.H.S.; Retracted Publication",NHLBI NIH HHS (HL-24066),2026-04-29T05:51:56Z
doi:10.1002/jcb.22333,10.1002/jcb.22333,197250490,19725049,"Journal Article; Research Support, N.I.H., Extramural; Retracted Publication",NCI NIH HHS (R01 CA131235); NCI NIH HHS (CA 131235-01A2),2026-04-29T05:51:56Z
doi:10.1002/jcb.23083,10.1002/jcb.23083,215039580,21503958,"Journal Article; Research Support, N.I.H., Extramural; Retracted Publication",NCI NIH HHS (R01 CA131235); NCI NIH HHS (CA 131235),2026-04-29T05:51:56Z
doi:10.1016/j.heliyon.2022.e12343,10.1016/j.heliyon.2022.e12343,366433190,36643319,Journal Article; Retracted Publication,,2026-04-29T05:51:56Z
doi:10.1016/j.biopha.2020.110023,10.1016/j.biopha.2020.110023,320928300,32092830,Journal Article; Retracted Publication,,2026-04-29T05:51:56Z
doi:10.1016/j.annepidem.2025.06.009,10.1016/j.annepidem.2025.06.009,406531270,40653127,Journal Article; Retracted Publication,,2026-04-29T05:51:56Z
doi:10.1093/haschl/qxaf037,10.1093/haschl/qxaf037,400518110,40051811,Journal Article; Retracted Publication,World Health Organization (001),2026-04-29T05:51:56Z
doi:10.1016/j.heliyon.2023.e13162,10.1016/j.heliyon.2023.e13162,367556120,36755612,Journal Article; Retracted Publication,,2026-04-29T05:51:56Z
doi:10.1371/journal.pone.0320595,10.1371/journal.pone.0320595,401634810,40163481,Journal Article; Randomized Controlled Trial; Retracted Publication,,2026-04-29T05:51:56Z
doi:10.1016/s0006-8993(01)02406-4,10.1016/s0006-8993(01)02406-4,113823890,11382389,"Journal Article; Research Support, U.S. Gov't, Non-P.H.S.; Retracted Publication",,2026-04-29T05:51:56Z
doi:10.1016/j.heliyon.2023.e15194,10.1016/j.heliyon.2023.e15194,372060360,37206036,Journal Article; Retracted Publication,,2026-04-29T05:51:56Z
doi:10.1038/s41586-022-05487-2,10.1038/s41586-022-05487-2,364509800,36450980,"Journal Article; Research Support, Non-U.S. Gov't; Retracted Publication",Cancer Research UK (22492); Cancer Research UK (26398); Cancer Research UK (28598); NCI NIH HHS (P01 CA096832),2026-04-29T05:51:56Z
doi:10.1074/jbc.m308197200,10.1074/jbc.m308197200,146001530,14600153,"Journal Article; Research Support, Non-U.S. Gov't; Retracted Publication",,2026-04-29T05:51:56Z
doi:10.1074/jbc.m405164200,10.1074/jbc.m405164200,152803700,15280370,"Journal Article; Research Support, Non-U.S. Gov't; Retracted Publication",,2026-04-29T05:51:56Z
doi:10.1016/j.heliyon.2023.e13825,10.1016/j.heliyon.2023.e13825,368735020,36873502,Journal Article; Review; Retracted Publication,,2026-04-29T05:51:56Z
doi:10.1016/j.envres.2023.117625,10.1016/j.envres.2023.117625,380070790,38007079,Journal Article; Retracted Publication,,2026-04-29T05:51:56Z
doi:10.1016/j.envres.2023.115659,10.1016/j.envres.2023.115659,369062660,36906266,"Journal Article; Research Support, Non-U.S. Gov't; Retracted Publication",,2026-04-29T05:51:56Z
doi:10.1016/j.envres.2023.117761,10.1016/j.envres.2023.117761,380362140,38036214,Journal Article; Retracted Publication,,2026-04-29T05:51:56Z
doi:10.1016/j.envres.2023.117737,10.1016/j.envres.2023.117737,380362110,38036211,Journal Article; Retracted Publication,,2026-04-29T05:51:56Z
doi:10.1016/j.envres.2023.115614,10.1016/j.envres.2023.115614,368895690,36889569,"Journal Article; Research Support, Non-U.S. Gov't; Retracted Publication",,2026-04-29T05:51:56Z
doi:10.1016/j.envres.2023.116008,10.1016/j.envres.2023.116008,371213470,37121347,"Journal Article; Research Support, Non-U.S. Gov't; Retracted Publication",,2026-04-29T05:51:56Z
doi:10.21037/tcr.2019.07.36,10.21037/tcr.2019.07.36,351168850,35116885,Journal Article; Retracted Publication,,2026-04-29T05:51:56Z
doi:10.1371/journal.pone.0207417,10.1371/journal.pone.0207417,304524510,30452451,"Journal Article; Research Support, N.I.H., Extramural; Research Support, Non-U.S. Gov't; Retracted Publication",NCI NIH HHS (R01 CA165284),2026-04-29T05:51:56Z
doi:10.1002/hep.26308,10.1002/hep.26308,233899260,23389926,Journal Article; Retracted Publication,NIDDK NIH HHS (R01 DK062975); NIDDK NIH HHS (R01 DK076898),2026-04-29T05:51:56Z
doi:10.1002/hep.20424,10.1002/hep.20424,154869320,15486932,"Journal Article; Research Support, Non-U.S. Gov't; Research Support, U.S. Gov't, Non-P.H.S.; Research Support, U.S. Gov't, P.H.S.; Retracted Publication",NIDDK NIH HHS (DK 54208); NIDDK NIH HHS (DK58411),2026-04-29T05:51:56Z
doi:10.1038/s41467-020-20733-9,10.1038/s41467-020-20733-9,334731150,33473115,"Journal Article; Research Support, N.I.H., Extramural; Retracted Publication",NCI NIH HHS (R37 CA230451); NCI NIH HHS (P30 CA012197); NCI NIH HHS (R01 CA205067); NCI NIH HHS (R01 CA185650); NCI NIH HHS (R01 CA173499); NCI NIH HHS (T32 CA247819),2026-04-29T05:51:56Z
doi:10.1007/s12603-017-0987-z,10.1007/s12603-017-0987-z,298068560,29806856,Journal Article,,2026-04-29T05:51:56Z
doi:10.1186/1743-422x-4-89,10.1186/1743-422x-4-89,178778260,17877826,"Journal Article; Research Support, N.I.H., Extramural; Research Support, Non-U.S. Gov't; Retracted Publication",NCI NIH HHS (R01 CA089121); NCI NIH HHS (CA89121),2026-04-29T05:51:56Z
doi:10.1080/01612840.2023.2186113,10.1080/01612840.2023.2186113,369725460,36972546,Journal Article; Retracted Publication,,2026-04-29T05:51:56Z
doi:10.1111/iwj.14474,10.1111/iwj.14474,379056790,37905679,Journal Article; Comparative Study; Retracted Publication,"UT Health San Antonio, USA (53827652/CN)",2026-04-29T05:51:56Z
doi:10.1371/journal.pone.0121570,10.1371/journal.pone.0121570,258036110,25803611,"Journal Article; Research Support, N.I.H., Extramural; Retracted Publication",NINDS NIH HHS (NS057096); NIA NIH HHS (R01 AG011385); NIA NIH HHS (P50 AG005131); NIA NIH HHS (AG010435); NIA NIH HHS (R01 AG018440); NIA NIH HHS (AG18440); NINDS NIH HHS (P01 NS044233); NINDS NIH HHS (NS044233); NIA NIH HHS (R37 AG011385); NINDS NIH HHS (P30 NS057096); NIA NIH HHS (AG011385); NIA NIH HHS (R37 AG018440); NIA NIH HHS (P01 AG010435),2026-04-29T05:51:56Z
doi:10.1073/pnas.1018601108,10.1073/pnas.1018601108,215188670,21518867,"Journal Article; Meta-Analysis; Research Support, N.I.H., Extramural; Retracted Publication",NIA NIH HHS (K01 AG033182); NIA NIH HHS (R01 AG032282); NIA NIH HHS (K01-AG033182); NIMH NIH HHS (R01MH45070); NIMH NIH HHS (R01 MH045070),2026-04-29T05:51:56Z
doi:10.1371/journal.pone.0291759,10.1371/journal.pone.0291759,377689600,37768960,Journal Article; Retracted Publication,,2026-04-29T05:51:56Z
doi:10.1371/journal.pone.0173335,10.1371/journal.pone.0173335,282533290,28253329,Journal Article; Retracted Publication,NIDDK NIH HHS (R01 DK091353),2026-04-29T05:51:56Z
doi:10.1371/journal.pone.0237597,10.1371/journal.pone.0237597,328532320,32853232,"Journal Article; Research Support, Non-U.S. Gov't; Retracted Publication",,2026-04-29T05:51:56Z
doi:10.1371/journal.pone.0117518,10.1371/journal.pone.0117518,257063860,25706386,Journal Article; Retracted Publication,,2026-04-29T05:51:56Z
doi:10.1371/journal.pone.0290086,10.1371/journal.pone.0290086,375902190,37590219,Journal Article; Retracted Publication,,2026-04-29T05:51:56Z
doi:10.1371/journal.pone.0124338,10.1371/journal.pone.0124338,259192920,25919292,"Journal Article; Research Support, Non-U.S. Gov't; Retracted Publication",,2026-04-29T05:51:56Z
doi:10.1186/s13099-021-00398-5,10.1186/s13099-021-00398-5,335162470,33516247,Journal Article; Retracted Publication,,2026-04-29T05:51:56Z
doi:10.1371/journal.pone.0061852,10.1371/journal.pone.0061852,236207940,23620794,"Journal Article; Research Support, N.I.H., Extramural; Research Support, Non-U.S. Gov't; Research Support, U.S. Gov't, Non-P.H.S.; Retracted Publication",NINDS NIH HHS (R01 NS036126); NINDS NIH HHS (P01 NS031492); NINDS NIH HHS (P01 NS31492); NCI NIH HHS (P30 CA036727); NIMH NIH HHS (P01 MH64570); NIMH NIH HHS (P01 MH064570); NINDS NIH HHS (R37 NS036126); NINDS NIH HHS (R01 NS034239); NINDS NIH HHS (P01 NS43985); NCRR NIH HHS (P20 RR021937); NINDS NIH HHS (1R01 NS057748); NCRR NIH HHS (RR021937); NINDS NIH HHS (P01 NS043985); NINDS NIH HHS (2R01 NS070190); NCI NIH HHS (P30 CA016086); NCI NIH HHS (R01 CA116591); NINDS NIH HHS (2R01 NS034239); NINDS NIH HHS (R01 NS057748); NCRR NIH HHS (P20RR 15635); NINDS NIH HHS (R01 NS070190); NCRR NIH HHS (P20 RR015635); NINDS NIH HHS (2R37 NS36126),2026-04-29T05:51:56Z
doi:10.1371/journal.pone.0106867,10.1371/journal.pone.0106867,252296270,25229627,"Journal Article; Research Support, N.I.H., Extramural; Research Support, Non-U.S. Gov't; Research Support, U.S. Gov't, Non-P.H.S.; Retracted Publication",NCRR NIH HHS (RR021937); NCI NIH HHS (R01 CA116591); NINDS NIH HHS (R01 NS057748); NCRR NIH HHS (P20 RR021937); NINDS NIH HHS (1R01 NS057748),2026-04-29T05:51:56Z
doi:10.1371/journal.pone.0295262,10.1371/journal.pone.0295262,380331050,38033105,Journal Article; Retracted Publication,,2026-04-29T05:51:56Z
doi:10.1016/j.jcv.2022.105248,10.1016/j.jcv.2022.105248,359524260,35952426,"Journal Article; Multicenter Study; Randomized Controlled Trial; Research Support, Non-U.S. Gov't; Retracted Publication",,2026-04-29T05:51:56Z
doi:10.1371/journal.pone.0003135,10.1371/journal.pone.0003135,187695460,18769546,"Journal Article; Research Support, N.I.H., Extramural; Research Support, U.S. Gov't, Non-P.H.S.; Retracted Publication",NHLBI NIH HHS (HL066012); NIA NIH HHS (R01 AG018440); NIA NIH HHS (R37 AG018440); NIA NIH HHS (AG18440); NHLBI NIH HHS (R01 HL066012),2026-04-29T05:51:56Z
doi:10.1371/journal.pone.0053087,10.1371/journal.pone.0053087,233081430,23308143,"Journal Article; Research Support, N.I.H., Extramural; Research Support, Non-U.S. Gov't; Retracted Publication",,2026-04-29T05:51:56Z
doi:10.1016/j.ijrobp.2009.02.052,10.1016/j.ijrobp.2009.02.052,195457860,19545786,"Journal Article; Research Support, N.I.H., Extramural; Retracted Publication",NCI NIH HHS (K08 CA114176); NCI NIH HHS (U24 CA092782); NCI NIH HHS (L30 CA109410); NCI NIH HHS (P50 CA086355); NCI NIH HHS (P30 CA014051); NCI NIH HHS (P30-CA14051); NCI NIH HHS (U24 CA92782); NCI NIH HHS (K12 CA 87723-03); NCI NIH HHS (U54 CA119349); NCI NIH HHS (K12 CA087723); NCI NIH HHS (KO8 CA 114176); NCI NIH HHS (P50 CA86355); NCI NIH HHS (R21 CA117128),2026-04-29T05:51:56Z
doi:10.1016/j.brainresbull.2023.110864,10.1016/j.brainresbull.2023.110864,381579920,38157992,"Journal Article; Research Support, Non-U.S. Gov't; Research Support, N.I.H., Extramural; Retracted Publication",NINDS NIH HHS (R01 NS108779); NINDS NIH HHS (R01 NS129977),2026-04-29T05:51:56Z
doi:10.1172/jci73093,10.1172/jci73093,250618740,25061874,"Journal Article; Research Support, N.I.H., Extramural; Research Support, Non-U.S. Gov't; Retracted Publication",NINDS NIH HHS (R01 NS083767); NCATS NIH HHS (UL1 TR000005); NCI NIH HHS (R01 CA130966); NCI NIH HHS (R01CA130966); NINDS NIH HHS (R01NS080939); NIDCD NIH HHS (T32 DC000066); NCI NIH HHS (P50 CA097190); NCI NIH HHS (R01 CA159811); NINDS NIH HHS (R01 NS080939); NINDS NIH HHS (R01 NS087913); NCI NIH HHS (P01 CA163205); NCI NIH HHS (R01CA140316); NCI NIH HHS (R21CA175875); NINDS NIH HHS (R01NS087913); NCI NIH HHS (F30 CA180235); NCI NIH HHS (R21 CA175875); NCI NIH HHS (R01 CA140316); NCI NIH HHS (R01 CA136787); NINDS NIH HHS (R01 NS020778); NCI NIH HHS (R01CA158911S1); NCI NIH HHS (R01 CA149321); NCI NIH HHS (R01CA136787); NCI NIH HHS (R01CA149321); NINDS NIH HHS (R01NS083767); NCI NIH HHS (R01CA158911); NCI NIH HHS (P30 CA014236),2026-04-29T05:51:56Z
doi:10.1073/pnas.0604044103,10.1073/pnas.0604044103,168015330,16801533,Journal Article; Retracted Publication,,2026-04-29T05:51:56Z
doi:10.1371/journal.pone.0250130,10.1371/journal.pone.0250130,338617710,33861771,"Journal Article; Research Support, Non-U.S. Gov't; Retracted Publication",,2026-04-29T05:51:56Z
doi:10.1371/journal.pone.0009313,10.1371/journal.pone.0009313,201744680,20174468,"Journal Article; Research Support, N.I.H., Extramural; Retracted Publication",NIA NIH HHS (P50 AG005131); NIA NIH HHS (R01 AG018440); NIA NIH HHS (R37 AG018440); NIA NIH HHS (AG18440); NIA NIH HHS (AG5131),2026-04-29T05:51:56Z
doi:10.1371/journal.pone.0083914,10.1371/journal.pone.0083914,243863070,24386307,"Journal Article; Research Support, N.I.H., Extramural; Research Support, Non-U.S. Gov't; Retracted Publication",PHS HHS (30378),2026-04-29T05:51:56Z
doi:10.1038/s41598-022-14847-x,10.1038/s41598-022-14847-x,357391660,35739166,"Journal Article; Research Support, N.I.H., Extramural; Retracted Publication",NEI NIH HHS (R01 EY030350); NIH HHS (EY030350),2026-04-29T05:51:56Z
doi:10.1038/s41598-020-69293-4,10.1038/s41598-020-69293-4,327040710,32704071,"Journal Article; Research Support, N.I.H., Extramural; Research Support, Non-U.S. Gov't; Retracted Publication",NIH HHS (DE027346); NIDCR NIH HHS (R01 DE027346); NIDCR NIH HHS (U24 DE026914); NIGMS NIH HHS (R01 GM116892); NHLBI NIH HHS (U01 HL099776); NIH HHS (U01 HL099776),2026-04-29T05:51:56Z
doi:10.1186/s13058-021-01412-z,10.1186/s13058-021-01412-z,337367090,33736709,"Journal Article; Research Support, N.I.H., Extramural; Research Support, U.S. Gov't, Non-P.H.S.; Retracted Publication",NCI NIH HHS (P30 CA012197); NCI NIH HHS (R01 CA205067); NCI NIH HHS (R01 CA185650); NCI NIH HHS (R01 CA173499); NCI NIH HHS (T32 CA247819),2026-04-29T05:51:56Z
doi:10.1371/journal.pone.0294582,10.1371/journal.pone.0294582,379721060,37972106,Journal Article; Retracted Publication,,2026-04-29T05:51:56Z
doi:10.1371/journal.pone.0151922,10.1371/journal.pone.0151922,270935410,27093541,"Journal Article; Research Support, Non-U.S. Gov't; Research Support, U.S. Gov't, Non-P.H.S.; Retracted Publication",,2026-04-29T05:51:56Z
doi:10.1371/journal.pone.0246581,10.1371/journal.pone.0246581,336260760,33626076,"Journal Article; Research Support, Non-U.S. Gov't; Retracted Publication",,2026-04-29T05:51:56Z
doi:10.1523/jneurosci.1858-12.2012,10.1523/jneurosci.1858-12.2012,231758380,23175838,"Journal Article; Research Support, N.I.H., Extramural; Research Support, Non-U.S. Gov't; Retracted Publication",NINDS NIH HHS (R01 NS033249); NIA NIH HHS (P30 AG010161); NIA NIH HHS (R01AG15819); NIGMS NIH HHS (T32 GM008471); NIA NIH HHS (P30AG10161); NIA NIH HHS (R00 AG031293); NIA NIH HHS (R01 AG015819),2026-04-29T05:51:56Z
doi:10.1038/srep10412,10.1038/srep10412,259924850,25992485,"Journal Article; Research Support, Non-U.S. Gov't; Retracted Publication",,2026-04-29T05:51:56Z
doi:10.1371/journal.pone.0062705,10.1371/journal.pone.0062705,236586420,23658642,"Journal Article; Research Support, N.I.H., Extramural; Research Support, Non-U.S. Gov't; Retracted Publication",NHLBI NIH HHS (P01 HL089707); NIAMS NIH HHS (7 K08 AR056299-02); NCRR NIH HHS (RR18928); NHLBI NIH HHS (T32 HL072742); NCATS NIH HHS (UL1 TR000050); NHLBI NIH HHS (P01HL089707); NHLBI NIH HHS (R01 HL60664); NHLBI NIH HHS (R01 HL060664); NCRR NIH HHS (C06 RR018928); NHLBI NIH HHS (U01 HL100406); NIAMS NIH HHS (K08 AR056299); NHLBI NIH HHS (UO1 HL100406); NHLBI NIH HHS (5T32HL072742-09),2026-04-29T05:51:56Z
doi:10.1038/sj.onc.1207616,10.1038/sj.onc.1207616,151223320,15122332,"Journal Article; Research Support, U.S. Gov't, P.H.S.; Retracted Publication",NCI NIH HHS (CA 75557); NCI NIH HHS (CA 85216); NINDS NIH HHS (NS47699),2026-04-29T05:51:56Z
doi:10.1038/sj.onc.1207879,10.1038/sj.onc.1207879,153780180,15378018,"Journal Article; Research Support, U.S. Gov't, P.H.S.; Retracted Publication",NCI NIH HHS (CA 75557); NCI NIH HHS (CA 85216); NCI NIH HHS (CA 92393),2026-04-29T05:51:56Z
doi:10.1038/sj.onc.1205646,10.1038/sj.onc.1205646,121658590,12165859,"Journal Article; Research Support, U.S. Gov't, P.H.S.; Retracted Publication",NCI NIH HHS (CA-76350); NCI NIH HHS (CA-85216); NCI NIH HHS (CA75557),2026-04-29T05:51:56Z
doi:10.1371/journal.pone.0298534,10.1371/journal.pone.0298534,386358430,38635843,Journal Article; Retracted Publication,,2026-04-29T05:51:56Z
doi:10.1038/s41598-021-97778-3,10.1038/s41598-021-97778-3,345451510,34545151,"Journal Article; Research Support, Non-U.S. Gov't; Retracted Publication",,2026-04-29T05:51:56Z
doi:10.3389/fneur.2024.1391439,10.3389/fneur.2024.1391439,387256500,38725650,Journal Article; Retracted Publication,,2026-04-29T05:51:56Z
doi:10.7759/cureus.80129,10.7759/cureus.80129,401909760,40190976,Case Reports; Journal Article; Retracted Publication,,2026-04-29T05:51:56Z
doi:10.1097/ico.0000000000003510,10.1097/ico.0000000000003510,384165490,38416549,"Journal Article; Randomized Controlled Trial; Clinical Trial, Phase II; Retracted Publication",,2026-04-29T05:51:56Z
doi:10.1002/pros.20865,10.1002/pros.20865,188191020,18819102,"Journal Article; Research Support, N.I.H., Extramural; Retracted Publication",NCI NIH HHS (R01 CA090271); NCI NIH HHS (R01 CA109441); NCI NIH HHS (CA109441); NCI NIH HHS (CA90271),2026-04-29T05:51:56Z
doi:10.1002/pros.10110,10.1002/pros.10110,121117030,12111703,"Journal Article; Research Support, Non-U.S. Gov't; Research Support, U.S. Gov't, Non-P.H.S.; Research Support, U.S. Gov't, P.H.S.; Retracted Publication",NCI NIH HHS (CA90271),2026-04-29T05:51:56Z
doi:10.1007/s10544-023-00687-7,10.1007/s10544-023-00687-7,380853480,38085348,"Journal Article; Research Support, Non-U.S. Gov't; Retracted Publication",National Institutes of Health Grants (1R21CA260989-01A1); National Institutes of Health Grants (1R21CA260989-01A1); Science and Technology Project of Guangdong Province (2015B020226001); Science and Technology Project of Guangdong Province (2015B020226001); Mitacs Elevate Fellowship (IT34873); Guangdong Provincial Key Laboratory of Advanced Biomaterials (2022B1212010003),2026-04-29T05:51:56Z
doi:10.1080/21622965.2024.2317307,10.1080/21622965.2024.2317307,383679620,38367962,Journal Article; Retracted Publication,,2026-04-29T05:51:56Z
doi:10.7759/cureus.75534,10.7759/cureus.75534,398031250,39803125,Journal Article; Review; Retracted Publication,,2026-04-29T05:51:56Z
doi:10.7759/cureus.56987,10.7759/cureus.56987,386657440,38665744,Journal Article; Review; Retracted Publication,,2026-04-29T05:51:56Z
doi:10.1371/journal.pone.0286817,10.1371/journal.pone.0286817,373192440,37319244,"Randomized Controlled Trial; Clinical Trial, Phase II; Journal Article; Research Support, U.S. Gov't, Non-P.H.S.; Retracted Publication",,2026-04-29T05:51:56Z
doi:10.1097/sla.0000000000006318,10.1097/sla.0000000000006318,387086080,38708608,Journal Article; Retracted Publication,,2026-04-29T05:51:56Z
doi:10.1007/s00210-024-03037-3,10.1007/s00210-024-03037-3,385022430,38502243,Journal Article; Review; Retracted Publication,,2026-04-29T05:51:56Z
doi:10.1038/sj.onc.1207406,10.1038/sj.onc.1207406,147674750,14767475,"Journal Article; Research Support, U.S. Gov't, P.H.S.; Retracted Publication",NCI NIH HHS (CA 75557); NCI NIH HHS (CA 85216); NCI NIH HHS (CA 92393); NCI NIH HHS (CA 95058); NINDS NIH HHS (NS 47699),2026-04-29T05:51:56Z
doi:10.1038/sj.onc.1207338,10.1038/sj.onc.1207338,147303460,14730346,"Journal Article; Research Support, Non-U.S. Gov't; Research Support, U.S. Gov't, P.H.S.; Retracted Publication",NCI NIH HHS (CA75557); NCI NIH HHS (CA76350); NCI NIH HHS (CA85216); NCI NIH HHS (CA92393),2026-04-29T05:51:56Z
doi:10.1038/sj.onc.1206535,10.1038/sj.onc.1206535,129550750,12955075,"Journal Article; Research Support, U.S. Gov't, P.H.S.; Retracted Publication",NCI NIH HHS (CA 75557),2026-04-29T05:51:56Z
doi:10.1038/sj.onc.1206164,10.1038/sj.onc.1206164,125451600,12545160,"Journal Article; Research Support, U.S. Gov't, P.H.S.; Retracted Publication",NCI NIH HHS (CA 75557); NCI NIH HHS (CA 85216),2026-04-29T05:51:56Z
doi:10.1038/sj.onc.1205894,10.1038/sj.onc.1205894,124397510,12439751,"Journal Article; Research Support, U.S. Gov't, P.H.S.; Retracted Publication",NCI NIH HHS (CA75557); NCI NIH HHS (CA76350),2026-04-29T05:51:56Z
doi:10.1038/sj.onc.1204983,10.1038/sj.onc.1204983,118403370,11840337,"Journal Article; Research Support, U.S. Gov't, P.H.S.; Retracted Publication",NCI NIH HHS (CA-75557); NCI NIH HHS (CA-75692); NCI NIH HHS (CA-76350),2026-04-29T05:51:56Z
doi:10.1038/sj.onc.1204999,10.1038/sj.onc.1204999,117911790,11791179,"Journal Article; Research Support, U.S. Gov't, P.H.S.; Retracted Publication",NCI NIH HHS (CA 75557); NCI NIH HHS (CA 76350); NCI NIH HHS (CA80748),2026-04-29T05:51:56Z
doi:10.1038/sj.onc.1204799,10.1038/sj.onc.1204799,117097010,11709701,"Journal Article; Research Support, Non-U.S. Gov't; Research Support, U.S. Gov't, P.H.S.; Retracted Publication",NCI NIH HHS (CA 16672); NCI NIH HHS (R01 CA 51148),2026-04-29T05:51:56Z
doi:10.1038/sj.onc.1204847,10.1038/sj.onc.1204847,116879730,11687973,"Journal Article; Research Support, U.S. Gov't, P.H.S.; Retracted Publication",NCI NIH HHS (CA-75557); NCI NIH HHS (CA-75692); NCI NIH HHS (CA-76350); NHLBI NIH HHS (HL-64119),2026-04-29T05:51:56Z
doi:10.1038/sj.onc.1204480,10.1038/sj.onc.1204480,114393290,11439329,"Journal Article; Research Support, U.S. Gov't, P.H.S.; Retracted Publication",NCI NIH HHS (CA 76350); NCI NIH HHS (P30 CA-16672),2026-04-29T05:51:56Z
doi:10.1038/sj.onc.1200963,10.1038/sj.onc.1200963,91788950,9178895,"Journal Article; Research Support, Non-U.S. Gov't; Research Support, U.S. Gov't, P.H.S.; Retracted Publication",NCI NIH HHS (CA 58311); NCI NIH HHS (CA56792),2026-04-29T05:51:56Z
doi:10.1002/pros.20045,10.1002/pros.20045,151760470,15176047,"Journal Article; Research Support, U.S. Gov't, Non-P.H.S.; Research Support, U.S. Gov't, P.H.S.; Retracted Publication",NCI NIH HHS (5P30 CA16056); NCI NIH HHS (CA90271),2026-04-29T05:51:56Z
doi:10.1038/onc.2008.122,10.1038/onc.2008.122,184384310,18438431,"Journal Article; Research Support, N.I.H., Extramural; Research Support, Non-U.S. Gov't; Retracted Publication",NINDS NIH HHS (R01 NS061835); NINDS NIH HHS (R01 NS057529); NINDS NIH HHS (NS 47699); NCI NIH HHS (R01 CA075557); NINDS NIH HHS (NS57529); NCI NIH HHS (CA 75557); NCI NIH HHS (CA 92393); NINDS NIH HHS (R01 NS047699); NCI NIH HHS (R01 CA095058); NINDS NIH HHS (NS61835); NCI NIH HHS (CA 95058); NCI NIH HHS (R01 CA116708); NCI NIH HHS (R01 CA092393); NCI NIH HHS (CA 116708),2026-04-29T05:51:56Z
doi:10.1016/s0014-2999(97)01417-9,10.1016/s0014-2999(97)01417-9,95447940,9544794,"Journal Article; Research Support, U.S. Gov't, P.H.S.; Retracted Publication",NIGMS NIH HHS (R29GM54773),2026-04-29T05:51:56Z
doi:10.1016/j.xfre.2022.07.008,10.1016/j.xfre.2022.07.008,362125740,36212574,Journal Article; Retracted Publication,NIAID NIH HHS (T32 AI007140),2026-04-29T05:51:56Z
doi:10.1186/s12862-024-02327-x,10.1186/s12862-024-02327-x,395114840,39511484,Journal Article; Retracted Publication,,2026-04-29T05:51:56Z
doi:10.3390/ijms22136839,10.3390/ijms22136839,342021120,34202112,Journal Article; Retracted Publication,,2026-04-29T05:51:56Z
doi:10.1016/j.idcr.2023.e01892,10.1016/j.idcr.2023.e01892,377118810,37711881,Case Reports; Journal Article,,2026-04-29T05:51:56Z
doi:10.1016/j.ijpharm.2024.125147,10.1016/j.ijpharm.2024.125147,397362800,39736280,Journal Article; Retraction Notice,NHLBI NIH HHS (R43 HL164149),2026-04-29T05:51:56Z
doi:10.1371/journal.pone.0234076,10.1371/journal.pone.0234076,325209650,32520965,Journal Article; Retracted Publication,,2026-04-29T05:51:56Z
doi:10.3892/or.2020.7549,10.3892/or.2020.7549,321867700,32186770,Journal Article; Retracted Publication,,2026-04-29T05:51:56Z
doi:10.1186/s13024-022-00564-6,10.1186/s13024-022-00564-6,360644240,36064424,"Journal Article; Research Support, N.I.H., Intramural; Retracted Publication",Intramural NIH HHS (ZIA AG000936),2026-04-29T05:51:56Z
doi:10.1038/mt.2012.66,10.1038/mt.2012.66,225084890,22508489,"Journal Article; Research Support, N.I.H., Extramural; Retracted Publication",NIA NIH HHS (P50 AG005131); NIA NIH HHS (R01 AG018440); NIA NIH HHS (P01 AG031097); NIA NIH HHS (AG022074); NINDS NIH HHS (P01 NS044233); NIEHS NIH HHS (P01 ES016738); NINDS NIH HHS (NS044233); NIA NIH HHS (AG5131); NIA NIH HHS (R37 AG018440); NIA NIH HHS (P01 AG010435); NIMH NIH HHS (P30 MH062512); NIA NIH HHS (AG18440); NIA NIH HHS (P01 AG022074),2026-04-29T05:51:56Z
doi:10.1038/onc.2015.494,10.1038/onc.2015.494,267517750,26751775,"Journal Article; Research Support, U.S. Gov't, Non-P.H.S.; Research Support, Non-U.S. Gov't; Retracted Publication",,2026-04-29T05:51:56Z
doi:10.1371/journal.pone.0019338,10.1371/journal.pone.0019338,215594170,21559417,"Journal Article; Research Support, N.I.H., Extramural; Research Support, Non-U.S. Gov't; Retracted Publication",NIA NIH HHS (AG 18840); NINDS NIH HHS (NS 044233); NIA NIH HHS (AG 022074); NIA NIH HHS (P01 AG022074); NINDS NIH HHS (P01 NS044233); NIA NIH HHS (R37 AG011385); NIA NIH HHS (AG 11385); NIA NIH HHS (R01 AG011385),2026-04-29T05:51:56Z
doi:10.1371/journal.pone.0014020,10.1371/journal.pone.0014020,211033590,21103359,"Journal Article; Research Support, N.I.H., Extramural; Research Support, Non-U.S. Gov't; Retracted Publication",NLM NIH HHS (R01 LM007292); NIDCD NIH HHS (DC03192); NCRR NIH HHS (RR004050); NIA NIH HHS (AG10435); NIA NIH HHS (AG18840); NCRR NIH HHS (RR043050); NCRR NIH HHS (P41 RR004050); NIA NIH HHS (P01 AG010435); NIA NIH HHS (AG022074); NIA NIH HHS (P01 AG022074); NLM NIH HHS (LM07292),2026-04-29T05:51:56Z
doi:10.1007/s10479-023-05360-z,10.1007/s10479-023-05360-z,373610760,37361076,Journal Article; Retracted Publication,,2026-04-29T05:51:56Z
doi:10.1007/s10479-023-05225-5,10.1007/s10479-023-05225-5,373610590,37361059,Journal Article; Retracted Publication,,2026-04-29T05:51:56Z
doi:10.1007/s10479-023-05251-3,10.1007/s10479-023-05251-3,373610990,37361099,Journal Article; Retracted Publication,,2026-04-29T05:51:56Z
doi:10.1182/blood-2002-08-2640,10.1182/blood-2002-08-2640,125157200,12515720,"Journal Article; Research Support, Non-U.S. Gov't; Research Support, U.S. Gov't, Non-P.H.S.; Research Support, U.S. Gov't, P.H.S.; Retracted Publication",NCI NIH HHS (CA 62242); NCI NIH HHS (CA 96920),2026-04-29T05:51:56Z
doi:10.1371/journal.pone.0062277,10.1371/journal.pone.0062277,236267960,23626796,"Journal Article; Research Support, N.I.H., Extramural; Research Support, Non-U.S. Gov't; Retracted Publication",NINDS NIH HHS (NS057096); NIA NIH HHS (P50 AG005131); NIA NIH HHS (AG022072); NIA NIH HHS (AG010435); NINDS NIH HHS (P30 NS057096); NIA NIH HHS (R01 AG018440); NIA NIH HHS (AG18440); NIA NIH HHS (K01 AG022072); NIA NIH HHS (R37 AG018440); NIA NIH HHS (P01 AG010435),2026-04-29T05:51:56Z
doi:10.1021/jacs.3c14481,10.1021/jacs.3c14481,383202660,38320266,Journal Article; Retracted Publication,,2026-04-29T05:51:56Z
doi:10.1021/jacs.3c13085,10.1021/jacs.3c13085,383299980,38329998,Journal Article; Retracted Publication,,2026-04-29T05:51:56Z
doi:10.1890/14-2424.1,10.1890/14-2424.1,270700100,27070010,"Journal Article; Research Support, Non-U.S. Gov't; Retracted Publication",,2026-04-29T05:51:56Z
doi:10.1186/s12868-015-0218-7,10.1186/s12868-015-0218-7,266118950,26611895,"Journal Article; Research Support, N.I.H., Extramural; Research Support, Non-U.S. Gov't; Retracted Publication",NIA NIH HHS (R01 AG018440); NIA NIH HHS (R37 AG018440); NIA NIH HHS (AG18440),2026-04-29T05:51:56Z
doi:10.3945/jn.113.174649,10.3945/jn.113.174649,235961600,23596160,"Journal Article; Research Support, N.I.H., Extramural; Retracted Publication",NIA NIH HHS (R01 AG039836); NIMH NIH HHS (R15 MH093918); PHS HHS (R15 G103327),2026-04-29T05:51:56Z
doi:10.1038/s41419-020-03123-3,10.1038/s41419-020-03123-3,330976910,33097691,"Journal Article; Research Support, Non-U.S. Gov't; Retracted Publication",,2026-04-29T05:51:56Z
doi:10.1016/j.jenvman.2024.120673,10.1016/j.jenvman.2024.120673,385080030,38508003,Journal Article; Retracted Publication,,2026-04-29T05:51:56Z
doi:10.1016/j.jenvman.2023.119616,10.1016/j.jenvman.2023.119616,380420710,38042071,Journal Article; Retracted Publication,,2026-04-29T05:51:56Z
doi:10.1016/j.jenvman.2023.119377,10.1016/j.jenvman.2023.119377,378978960,37897896,Journal Article; Retracted Publication,,2026-04-29T05:51:56Z
doi:10.1038/s41598-020-60260-7,10.1038/s41598-020-60260-7,321231900,32123190,"Journal Article; Research Support, Non-U.S. Gov't; Retracted Publication",,2026-04-29T05:51:56Z
doi:10.1371/journal.pone.0096816,10.1371/journal.pone.0096816,248058140,24805814,"Journal Article; Research Support, Non-U.S. Gov't; Retracted Publication",,2026-04-29T05:51:56Z
doi:10.1038/s41467-022-33734-7,10.1038/s41467-022-33734-7,362892210,36289221,"Journal Article; Research Support, N.I.H., Extramural; Research Support, Non-U.S. Gov't; Retracted Publication",NHLBI NIH HHS (R01 HL089920); NHLBI NIH HHS (R01 HL128014); NHLBI NIH HHS (R01 HL137371); NHLBI NIH HHS (R01 HL110488); NHLBI NIH HHS (R01 HL142287); NHLBI NIH HHS (R01 HL079584); NHLBI NIH HHS (R01 HL132500),2026-04-29T05:51:56Z
doi:10.1007/s10489-022-03776-x,10.1007/s10489-022-03776-x,356777300,35677730,Journal Article,,2026-04-29T05:51:56Z
doi:10.1038/s41598-022-15684-8,10.1038/s41598-022-15684-8,357942350,35794235,"Journal Article; Research Support, U.S. Gov't, Non-P.H.S.; Research Support, Non-U.S. Gov't; Retracted Publication",,2026-04-29T05:51:56Z
doi:10.1155/2022/8074658,10.1155/2022/8074658,361335750,36133575,Journal Article; Retracted Publication,,2026-04-29T05:51:56Z
doi:10.1186/s12872-024-04376-y,10.1186/s12872-024-04376-y,397020450,39702045,"Journal Article; Clinical Trial, Phase II; Randomized Controlled Trial; Retracted Publication",,2026-04-29T05:51:56Z
doi:10.1155/2021/6635836,10.1155/2021/6635836,336802840,33680284,Journal Article; Review; Retracted Publication,,2026-04-29T05:51:56Z
doi:10.1155/2022/9194031,10.1155/2022/9194031,352811880,35281188,Journal Article; Retracted Publication,,2026-04-29T05:51:56Z
doi:10.1016/j.scitotenv.2022.159512,10.1016/j.scitotenv.2022.159512,362656190,36265619,Journal Article; Retracted Publication,,2026-04-29T05:51:56Z
doi:10.1016/j.neuron.2017.04.011,10.1016/j.neuron.2017.04.011,284726590,28472659,Journal Article; Retracted Publication,NIMH NIH HHS (F32 MH100745); NIMH NIH HHS (R01 MH052804); NIMH NIH HHS (R37 MH052804); NIMH NIH HHS (U19 MH104172),2026-04-29T05:51:56Z
doi:10.3390/toxics10070388,10.3390/toxics10070388,358782930,35878293,Journal Article; Retracted Publication,,2026-04-29T05:51:56Z
doi:10.3390/toxics10060279,10.3390/toxics10060279,357368880,35736888,Journal Article; Retracted Publication,,2026-04-29T05:51:56Z
doi:10.3390/toxics10050203,10.3390/toxics10050203,356226180,35622618,Journal Article; Retracted Publication,,2026-04-29T05:51:56Z
doi:10.1046/j.1365-2567.1998.00409.x,10.1046/j.1365-2567.1998.00409.x,95361240,9536124,Journal Article; Retracted Publication,,2026-04-29T05:51:56Z
doi:10.1111/j.1600-079x.1998.tb00382.x,10.1111/j.1600-079x.1998.tb00382.x,96944010,9694401,Journal Article; Retracted Publication,,2026-04-29T05:51:56Z
doi:10.1007/s12035-015-9328-6,10.1007/s12035-015-9328-6,261432610,26143261,Journal Article; Retracted Publication,,2026-04-29T05:51:56Z
doi:10.7759/cureus.52054,10.7759/cureus.52054,383445840,38344584,Journal Article; Review; Retracted Publication,,2026-04-29T05:51:56Z
doi:10.7759/cureus.4216,10.7759/cureus.4216,311147350,31114735,Case Reports; Journal Article; Retracted Publication,,2026-04-29T05:51:56Z
doi:10.7759/cureus.29714,10.7759/cureus.29714,383481590,38348159,Case Reports; Journal Article; Retracted Publication,,2026-04-29T05:51:56Z
doi:10.1038/mt.2014.129,10.1038/mt.2014.129,250083550,25008355,"Journal Article; Research Support, N.I.H., Extramural; Retracted Publication",NINDS NIH HHS (NS057096); NINDS NIH HHS (P30 NS057096); NIA NIH HHS (R01 AG018440); NIA NIH HHS (R37 AG018440); NIA NIH HHS (AG022074); NIA NIH HHS (P50 AG005131); NIA NIH HHS (R01 AG043384); NIA NIH HHS (AG18440); NIA NIH HHS (P01 AG022074),2026-04-29T05:51:56Z
doi:10.7759/cureus.43906,10.7759/cureus.43906,376382700,37638270,Case Reports; Journal Article; Retracted Publication,,2026-04-29T05:51:56Z
doi:10.1155/2021/9116502,10.1155/2021/9116502,345891590,34589159,Journal Article; Retracted Publication,,2026-04-29T05:51:56Z
doi:10.1111/josh.13419,10.1111/josh.13419,382258140,38225814,Journal Article; Retracted Publication,NICHD NIH HHS (OT2 HD107543); NIH HHS (OT2 HD107543); NIH HHS (No ID),2026-04-29T05:51:56Z
doi:10.26355/eurrev_202312_34687,10.26355/eurrev_202312_34687,381129460,38112946,Randomized Controlled Trial; Multicenter Study; Journal Article; Retracted Publication,,2026-04-29T05:51:56Z
doi:10.1037/fam0001121,10.1037/fam0001121,373265590,37326559,Randomized Controlled Trial; Journal Article; Retracted Publication,Arnold Ventures (No ID); Duke Endowment (No ID),2026-04-29T05:51:56Z
doi:10.1155/2022/8472947,10.1155/2022/8472947,352653070,35265307,Journal Article; Retracted Publication,,2026-04-29T05:51:56Z
doi:10.1038/nature16142,10.1038/nature16142,266498200,26649820,"Journal Article; Research Support, Non-U.S. Gov't; Retracted Publication",NCI NIH HHS (R01 CA138804); Canadian Institutes of Health Research (FDN143343); Canadian Institutes of Health Research (MOP84260),2026-04-29T05:51:56Z
doi:10.1155/2022/7882943,10.1155/2022/7882943,362758790,36275879,"Journal Article; Research Support, Non-U.S. Gov't; Retracted Publication",,2026-04-29T05:51:56Z
doi:10.1093/jaoacint/qsad001,10.1093/jaoacint/qsad001,366104570,36610457,Journal Article; Retracted Publication,Virginia Tech National Center for Earth and Environmental Nanotechnology Infrastructure (No ID); National Nanotechnology Coordinated Infrastructure (No ID); National Science Foundation (ECCS 1542100),2026-04-29T05:51:56Z
doi:10.1002/ana.22625,10.1002/ana.22625,222752520,22275252,"Comparative Study; Journal Article; Research Support, N.I.H., Extramural; Research Support, Non-U.S. Gov't; Retracted Publication",NIA NIH HHS (R01 AG022203); NIA NIH HHS (R01 AG033568); NIA NIH HHS (AG33568),2026-04-29T05:51:56Z
doi:10.1155/2022/4218342,10.1155/2022/4218342,358558420,35855842,Journal Article; Retracted Publication,,2026-04-29T05:51:56Z
doi:10.1155/2023/9738123,10.1155/2023/9738123,368183860,36818386,Journal Article; Retracted Publication,,2026-04-29T05:51:56Z
doi:10.1155/2021/9939134,10.1155/2021/9939134,343076790,34307679,Journal Article; Retracted Publication,,2026-04-29T05:51:56Z
doi:10.1016/j.nbd.2017.05.002,10.1016/j.nbd.2017.05.002,284766360,28476636,Journal Article; Retracted Publication,NIA NIH HHS (R21 AG051839); Intramural NIH HHS (Z99 AG999999); BLRD VA (I01 BX003040); NIA NIH HHS (R01 AG018440); NINDS NIH HHS (P01 NS044233); NIA NIH HHS (R37 AG018440); NIA NIH HHS (U01 AG010483),2026-04-29T05:51:56Z
doi:10.1155/2022/9206079,10.1155/2022/9206079,362478510,36247851,Journal Article; Retracted Publication,,2026-04-29T05:51:56Z
doi:10.7759/cureus.73776,10.7759/cureus.73776,396911420,39691142,Case Reports; Journal Article; Retracted Publication,,2026-04-29T05:51:56Z
doi:10.1038/ni.2566,10.1038/ni.2566,235250870,23525087,"Journal Article; Research Support, N.I.H., Extramural; Retracted Publication",NIEHS NIH HHS (ES013995); NIEHS NIH HHS (R01 ES013995); NIGMS NIH HHS (GM095313); NCATS NIH HHS (UL1 TR000150); NIGMS NIH HHS (R01 GM095313); NIAID NIH HHS (AI 089954); NCI NIH HHS (P30 CA060553); NHLBI NIH HHS (R01 HL107629); NIGMS NIH HHS (R01 GM081603); NIEHS NIH HHS (ES015024); NHLBI NIH HHS (P01 HL071643); NIGMS NIH HHS (GM081603); NHLBI NIH HHS (P01HL071643); NIAID NIH HHS (AI 091962); NIAID NIH HHS (R01 AI089954); NIEHS NIH HHS (R01 ES015024); NIDDK NIH HHS (R01 DK105562); NIGMS NIH HHS (R01 GM103868); NIAID NIH HHS (R21 AI091962),2026-04-29T05:51:56Z
doi:10.3389/fbioe.2019.00180,10.3389/fbioe.2019.00180,314482690,31448269,Journal Article; Retracted Publication,,2026-04-29T05:51:56Z
doi:10.1016/j.bja.2024.10.014,10.1016/j.bja.2024.10.014,397794200,39779420,Editorial,,2026-04-29T05:51:56Z
doi:10.2217/fmb-2022-0014,10.2217/fmb-2022-0014,351353100,35135310,"Journal Article; Research Support, Non-U.S. Gov't; Retracted Publication","ProgenaBiome, LLC (No ID)",2026-04-29T05:51:56Z
doi:10.1155/2021/1498431,10.1155/2021/1498431,348999630,34899963,Journal Article; Retracted Publication,,2026-04-29T05:51:56Z
doi:10.1016/j.ntt.2017.03.002,10.1016/j.ntt.2017.03.002,282861770,28286177,Journal Article; Retracted Publication,NCCIH NIH HHS (K01 AT004916),2026-04-29T05:51:56Z
doi:10.1016/j.envres.2024.118728,10.1016/j.envres.2024.118728,384928400,38492840,Journal Article; Retracted Publication,,2026-04-29T05:51:56Z
doi:10.1177/26330040241290907,10.1177/26330040241290907,395339870,39533987,Case Reports; Journal Article; Retracted Publication,,2026-04-29T05:51:56Z
doi:10.1007/s10495-021-01657-1,10.1007/s10495-021-01657-1,335153140,33515314,"Journal Article; Research Support, Non-U.S. Gov't; Retracted Publication",,2026-04-29T05:51:56Z
doi:10.1111/jpn.13993,10.1111/jpn.13993,388559260,38855926,"Journal Article; Randomized Controlled Trial, Veterinary; Clinical Trial, Veterinary; Retracted Publication",,2026-04-29T05:51:56Z
doi:10.3390/toxics9120344,10.3390/toxics9120344,349417780,34941778,Journal Article; Retracted Publication,,2026-04-29T05:51:56Z
doi:10.1038/s41467-020-17687-3,10.1038/s41467-020-17687-3,328436260,32843626,"Journal Article; Research Support, N.I.H., Extramural; Research Support, Non-U.S. Gov't; Research Support, U.S. Gov't, Non-P.H.S.; Retracted Publication",NIAID NIH HHS (R01 AI110964); United States Agency for International Development (U.S. Agency for International Development) (GHN-A-OO-09-00010-00); U.S. Department of Health &amp; Human Services | NIH | National Institute of Allergy and Infectious Diseases (NIAID) (R01AI110964),2026-04-29T05:51:56Z
doi:10.1186/s40001-021-00618-3,10.1186/s40001-021-00618-3,348869160,34886916,Journal Article; Multicenter Study; Observational Study; Retracted Publication,,2026-04-29T05:51:56Z
doi:10.1155/2021/4186648,10.1155/2021/4186648,347957900,34795790,Journal Article; Retracted Publication,,2026-04-29T05:51:56Z
doi:10.1155/2021/9354202,10.1155/2021/9354202,349383590,34938359,Journal Article; Retracted Publication,,2026-04-29T05:51:56Z
doi:10.1155/2022/9728071,10.1155/2022/9728071,350876520,35087652,Journal Article; Retracted Publication,,2026-04-29T05:51:56Z
doi:10.1016/j.biortech.2020.124496,10.1016/j.biortech.2020.124496,333020130,33302013,Journal Article; Review; Retracted Publication,,2026-04-29T05:51:56Z
doi:10.1016/j.biortech.2020.123584,10.1016/j.biortech.2020.123584,324716910,32471691,Journal Article; Retracted Publication,,2026-04-29T05:51:56Z
doi:10.1155/2021/6455592,10.1155/2021/6455592,345270420,34527042,Journal Article; Retracted Publication,,2026-04-29T05:51:56Z
doi:10.1016/j.biopha.2019.109435,10.1016/j.biopha.2019.109435,315209150,31520915,Journal Article; Retracted Publication,,2026-04-29T05:51:56Z
doi:10.3389/ftox.2024.1371131,10.3389/ftox.2024.1371131,391188320,39118832,Journal Article; Retracted Publication,,2026-04-29T05:51:56Z
doi:10.1038/s41386-018-0016-x,10.1038/s41386-018-0016-x,294639110,29463911,"Journal Article; Research Support, N.I.H., Extramural; Research Support, U.S. Gov't, Non-P.H.S.; Retracted Publication",NCCIH NIH HHS (R01 AT009169); NIAAA NIH HHS (P50 AA022538); BLRD VA (IK6 BX004475); BLRD VA (I01 BX001149); NIMH NIH HHS (T32 MH067631),2026-04-29T05:51:56Z
doi:10.1016/j.molonc.2015.03.005,10.1016/j.molonc.2015.03.005,258645870,25864587,"Journal Article; Research Support, N.I.H., Extramural; Research Support, Non-U.S. Gov't; Retracted Publication",NCI NIH HHS (R01 CA123490); NCI NIH HHS (R01 CA143107); NCI NIH HHS (R01 CA180519); NCI NIH HHS (R01CA143107),2026-04-29T05:51:56Z
doi:10.1002/1878-0261.12457,10.1002/1878-0261.12457,306721250,30672125,"Journal Article; Research Support, N.I.H., Extramural; Research Support, Non-U.S. Gov't; Retracted Publication",NCI NIH HHS (R01 CA123490); NCI NIH HHS (R01 CA180519),2026-04-29T05:51:56Z
doi:10.18632/aging.100341,10.18632/aging.100341,217058090,21705809,Retraction Notice,NIDDK NIH HHS (R01 DK045462); NIDDK NIH HHS (R01 DK052783); NIDDK NIH HHS (R01 DK054602),2026-04-29T05:51:56Z
doi:10.1016/j.scitotenv.2021.148129,10.1016/j.scitotenv.2021.148129,343802600,34380260,Journal Article; Retracted Publication,NIEHS NIH HHS (P30 ES023513),2026-04-29T05:51:56Z
doi:10.1016/j.scitotenv.2021.150254,10.1016/j.scitotenv.2021.150254,347987580,34798758,Journal Article; Retracted Publication,NIEHS NIH HHS (P30 ES023513),2026-04-29T05:51:56Z
doi:10.1155/2022/6874281,10.1155/2022/6874281,360514940,36051494,Journal Article; Retracted Publication,,2026-04-29T05:51:56Z
doi:10.1155/2022/7814952,10.1155/2022/7814952,355292590,35529259,Journal Article; Retracted Publication,,2026-04-29T05:51:56Z
doi:10.1016/j.scitotenv.2022.158502,10.1016/j.scitotenv.2022.158502,360583320,36058332,Journal Article; Retracted Publication,,2026-04-29T05:51:56Z
doi:10.1007/s10029-023-02857-1,10.1007/s10029-023-02857-1,377373050,37737305,Journal Article; Retracted Publication,,2026-04-29T05:51:56Z
doi:10.1021/jacs.3c01766,10.1021/jacs.3c01766,369962860,36996286,Journal Article; Retracted Publication,,2026-04-29T05:51:56Z
doi:10.18632/oncotarget.13358,10.18632/oncotarget.13358,278634090,27863409,Journal Article; Retracted Publication,NIGMS NIH HHS (P20 GM103446); NIGMS NIH HHS (P20 GM103464); NIGMS NIH HHS (P30 GM114736),2026-04-29T05:51:56Z
doi:10.18632/oncotarget.9900,10.18632/oncotarget.9900,272862570,27286257,Journal Article; Retracted Publication,NCI NIH HHS (P30 CA006927); NIMH NIH HHS (P30 MH092177); NCI NIH HHS (R01 CA166144),2026-04-29T05:51:56Z
doi:10.1021/jacs.6b07331,10.1021/jacs.6b07331,276684440,27668444,Journal Article; Retracted Publication,,2026-04-29T05:51:56Z
doi:10.1371/journal.pone.0176599,10.1371/journal.pone.0176599,284535520,28453552,Journal Article; Retracted Publication,BLRD VA (I01 BX002665); NCI NIH HHS (R01 CA132778); NCI NIH HHS (R01 CA168700),2026-04-29T05:51:56Z
doi:10.1371/journal.pone.0094011,10.1371/journal.pone.0094011,247140400,24714040,"Journal Article; Research Support, N.I.H., Extramural; Research Support, Non-U.S. Gov't; Research Support, U.S. Gov't, Non-P.H.S.; Retracted Publication",NCI NIH HHS (1R21CA168491); NCI NIH HHS (R01 CA168700); NCI NIH HHS (R01 CA132778); NCI NIH HHS (1R01CA132778); NCI NIH HHS (R21 CA168491); NCI NIH HHS (R01 CA111448); NCI NIH HHS (2R01CA111448),2026-04-29T05:51:56Z
doi:10.1155/2022/1852138,10.1155/2022/1852138,358476260,35847626,Journal Article; Retracted Publication,,2026-04-29T05:51:56Z
doi:10.1016/j.jvssci.2020.09.002,10.1016/j.jvssci.2020.09.002,338428970,33842897,Journal Article; Retracted Publication,NHLBI NIH HHS (F32 HL127983); NIGMS NIH HHS (P20 GM103446); NHLBI NIH HHS (R01 HL108110),2026-04-29T05:51:56Z
doi:10.1016/s0304-3940(02)00147-7,10.1016/s0304-3940(02)00147-7,120095270,12009527,"Journal Article; Research Support, U.S. Gov't, Non-P.H.S.; Retracted Publication",,2026-04-29T05:51:56Z
doi:10.1007/s00467-024-06324-6,10.1007/s00467-024-06324-6,384569150,38456915,Journal Article; Retracted Publication,,2026-04-29T05:51:56Z
doi:10.1158/1535-7163.mct-13-0338,10.1158/1535-7163.mct-13-0338,239666220,23966622,"Journal Article; Research Support, N.I.H., Extramural; Retracted Publication",NIAID NIH HHS (K02 AI093866); NCI NIH HHS (R01 CA158301); NCI NIH HHS (R21 CA117128); NCI NIH HHS (1R01 CA158301-01),2026-04-29T05:51:56Z
doi:10.1002/cbic.202200310,10.1002/cbic.202200310,357891830,35789183,"Journal Article; Research Support, Non-U.S. Gov't; Research Support, N.I.H., Extramural; Retracted Publication",NCI NIH HHS (R01 CA193578); NCI NIH HHS (R01 CA219700); NCI NIH HHS (R01 CA227261),2026-04-29T05:51:56Z
doi:10.1111/tpj.14787,10.1111/tpj.14787,323491630,32349163,"Journal Article; Research Support, U.S. Gov't, Non-P.H.S.; Retracted Publication",,2026-04-29T05:51:56Z
doi:10.1371/journal.pone.0227626,10.1371/journal.pone.0227626,319451300,31945130,"Journal Article; Research Support, Non-U.S. Gov't; Retracted Publication",,2026-04-29T05:51:56Z
doi:10.1371/journal.pone.0013117,10.1371/journal.pone.0013117,209491250,20949125,"Journal Article; Research Support, N.I.H., Extramural; Research Support, Non-U.S. Gov't; Retracted Publication",NCI NIH HHS (CA129776); NCI NIH HHS (CA127481); NCRR NIH HHS (P51 RR000164); NCI NIH HHS (R01 CA127481); NCI NIH HHS (R21 CA129776); NCRR NIH HHS (RR000164),2026-04-29T05:51:56Z
doi:10.1186/s13287-020-01815-3,10.1186/s13287-020-01815-3,326805650,32680565,"Journal Article; Research Support, Non-U.S. Gov't; Retracted Publication",,2026-04-29T05:51:56Z
doi:10.1177/23259671241252637,10.1177/23259671241252637,387847900,38784790,Journal Article; Retracted Publication,,2026-04-29T05:51:56Z
doi:10.1016/j.fertnstert.2024.09.028,10.1016/j.fertnstert.2024.09.028,394257090,39425709,Journal Article; Practice Guideline,,2026-04-29T05:51:56Z
doi:10.1155/2022/3627026,10.1155/2022/3627026,362118200,36211820,Journal Article; Retracted Publication,,2026-04-29T05:51:56Z
doi:10.1007/s11356-022-21334-3,10.1007/s11356-022-21334-3,357275140,35727514,Journal Article; Retracted Publication,,2026-04-29T05:51:56Z
doi:10.1158/1541-7786.mcr-19-0181,10.1158/1541-7786.mcr-19-0181,314168380,31416838,"Journal Article; Research Support, Non-U.S. Gov't; Retracted Publication",,2026-04-29T05:51:56Z
doi:10.1158/1541-7786.mcr-17-0053,10.1158/1541-7786.mcr-17-0053,284613250,28461325,"Journal Article; Research Support, N.I.H., Extramural; Research Support, Non-U.S. Gov't; Retracted Publication",NCI NIH HHS (P30 CA008748); NCI NIH HHS (P30 CA016520); NCI NIH HHS (R01 CA118374); NCI NIH HHS (T32 CA009501),2026-04-29T05:51:56Z
doi:10.1158/1541-7786.mcr-13-0411,10.1158/1541-7786.mcr-13-0411,243370670,24337067,"Journal Article; Research Support, Non-U.S. Gov't; Retracted Publication",,2026-04-29T05:51:56Z
doi:10.1158/1541-7786.mcr-19-0077,10.1158/1541-7786.mcr-19-0077,312171660,31217166,"Journal Article; Research Support, N.I.H., Extramural; Research Support, Non-U.S. Gov't; Retracted Publication",NCI NIH HHS (P30 CA008748); NCI NIH HHS (R01 CA158301),2026-04-29T05:51:56Z
doi:10.1007/s11356-023-26808-6,10.1007/s11356-023-26808-6,370616360,37061636,Journal Article; Retracted Publication,,2026-04-29T05:51:56Z
doi:10.1039/c9nr09687f,10.1039/c9nr09687f,319968840,31996884,Journal Article; Retracted Publication,,2026-04-29T05:51:56Z
doi:10.1111/j.1460-9568.2009.06664.x,10.1111/j.1460-9568.2009.06664.x,193021480,19302148,"Journal Article; Research Support, N.I.H., Extramural; Retracted Publication",NHLBI NIH HHS (R01 HL063290); NHLBI NIH HHS (HL81528); NHLBI NIH HHS (HL63290); NHLBI NIH HHS (R01 HL052246); NHLBI NIH HHS (R01 HL021544); NHLBI NIH HHS (R01 HL081528),2026-04-29T05:51:56Z
doi:10.3389/fpubh.2023.1308099,10.3389/fpubh.2023.1308099,380459660,38045966,Journal Article; Retracted Publication,,2026-04-29T05:51:56Z
doi:10.1155/2022/2632770,10.1155/2022/2632770,357820650,35782065,Journal Article; Retracted Publication,,2026-04-29T05:51:56Z
doi:10.1007/s11356-023-26231-x,10.1007/s11356-023-26231-x,369292540,36929254,Journal Article; Retracted Publication,,2026-04-29T05:51:56Z
doi:10.1155/2022/7760734,10.1155/2022/7760734,359786320,35978632,Journal Article; Retracted Publication,,2026-04-29T05:51:56Z
doi:10.1038/s41467-024-50838-4,10.1038/s41467-024-50838-4,391125000,39112500,Journal Article; Retracted Publication,United States Department of Defense | United States Navy | Office of Naval Research (ONR) (N00014-21-1-2534),2026-04-29T05:51:56Z
doi:10.1016/j.ajp.2024.104180,10.1016/j.ajp.2024.104180,390687130,39068713,Journal Article; Retracted Publication,,2026-04-29T05:51:56Z
doi:10.1530/erc-15-0019,10.1530/erc-15-0019,256700320,25670032,"Journal Article; Research Support, Non-U.S. Gov't",,2026-04-29T05:51:56Z
doi:10.1002/ijc.26373,10.1002/ijc.26373,221134310,22113431,"Journal Article; Research Support, N.I.H., Extramural; Research Support, Non-U.S. Gov't; Retracted Publication",NCI NIH HHS (R01 CA100816); PHS HHS (NCC0810420),2026-04-29T05:51:56Z
doi:10.1038/leu.2015.240,10.1038/leu.2015.240,263382730,26338273,"Journal Article; Research Support, N.I.H., Extramural; Research Support, Non-U.S. Gov't; Retracted Publication",NCI NIH HHS (P01-CA078378); NCI NIH HHS (P50CA100707); PHS HHS (R01050947),2026-04-29T05:51:56Z
doi:10.1016/j.sbi.2022.102426,10.1016/j.sbi.2022.102426,358681630,35868163,"Journal Article; Review; Research Support, N.I.H., Extramural; Retracted Publication",NCI NIH HHS (R01 CA193578); NCI NIH HHS (R01 CA227261); NCI NIH HHS (R01 CA219700),2026-04-29T05:51:56Z
doi:10.1155/2022/8616535,10.1155/2022/8616535,359930450,35993045,Journal Article; Retracted Publication,,2026-04-29T05:51:56Z
doi:10.1155/2022/1289221,10.1155/2022/1289221,360514800,36051480,Journal Article; Retracted Publication,,2026-04-29T05:51:56Z
doi:10.1155/2022/1293548,10.1155/2022/1293548,357696670,35769667,Journal Article; Retracted Publication,,2026-04-29T05:51:56Z
doi:10.1186/s12889-020-09939-0,10.1186/s12889-020-09939-0,332877700,33287770,Journal Article; Systematic Review; Retracted Publication,,2026-04-29T05:51:56Z
doi:10.1155/2022/2003184,10.1155/2022/2003184,359588130,35958813,Journal Article; Retracted Publication,,2026-04-29T05:51:56Z
doi:10.1016/j.cellsig.2019.04.004,10.1016/j.cellsig.2019.04.004,309590990,30959099,"Journal Article; Research Support, Non-U.S. Gov't; Retracted Publication",,2026-04-29T05:51:56Z
doi:10.1158/1078-0432.ccr-15-1356,10.1158/1078-0432.ccr-15-1356,264820390,26482039,Journal Article; Retracted Publication,NCI NIH HHS (P30 CA008748); NCI NIH HHS (R01 CA118374),2026-04-29T05:51:56Z
doi:10.1158/1078-0432.ccr-17-1679,10.1158/1078-0432.ccr-17-1679,301081060,30108106,"Journal Article; Research Support, N.I.H., Extramural; Research Support, Non-U.S. Gov't; Retracted Publication",NCI NIH HHS (P30 CA008748); NCI NIH HHS (R01 CA158301); NCI NIH HHS (T32 CA009501),2026-04-29T05:51:56Z
doi:10.1158/1078-0432.ccr-14-0011,10.1158/1078-0432.ccr-14-0011,249479260,24947926,"Clinical Trial, Phase II; Journal Article; Randomized Controlled Trial; Research Support, N.I.H., Extramural; Research Support, Non-U.S. Gov't; Retracted Publication",NCI NIH HHS (N01 CM062204); NCI NIH HHS (R01 CA158301); NCI NIH HHS (1R01 CA158301-01),2026-04-29T05:51:56Z
doi:10.1158/0008-5472.can-09-3094,10.1158/0008-5472.can-09-3094,201036480,20103648,"Journal Article; Research Support, N.I.H., Extramural; Research Support, Non-U.S. Gov't; Retracted Publication",NCI NIH HHS (L30 CA109410); NCI NIH HHS (5 K12 CA 87723-03); NCI NIH HHS (K12 CA087723); NCI NIH HHS (1 R21 CA117129-01); NCI NIH HHS (R21 CA117128),2026-04-29T05:51:56Z
doi:10.1158/0008-5472.can-10-1138,10.1158/0008-5472.can-10-1138,209781980,20978198,"Journal Article; Research Support, N.I.H., Extramural; Retracted Publication",NCI NIH HHS (K12 CA087723); NCI NIH HHS (L30 CA109410); NCI NIH HHS (1 R21 CA117129-01); NCI NIH HHS (5 K12 CA 87723-03),2026-04-29T05:51:56Z
doi:10.1155/2021/6699054,10.1155/2021/6699054,338246980,33824698,Journal Article; Retracted Publication,,2026-04-29T05:51:56Z
doi:10.1155/2022/7024669,10.1155/2022/7024669,361607060,36160706,Journal Article; Retracted Publication,,2026-04-29T05:51:56Z
doi:10.3389/fpsyg.2023.1074972,10.3389/fpsyg.2023.1074972,368443330,36844333,Journal Article; Retracted Publication,,2026-04-29T05:51:56Z
doi:10.1111/j.1471-4159.2011.07497.x,10.1111/j.1471-4159.2011.07497.x,219510660,21951066,"Journal Article; Research Support, N.I.H., Extramural; Retracted Publication",NIEHS NIH HHS (R01 ES014826); NIEHS NIH HHS (R01ES014826),2026-04-29T05:51:56Z
doi:10.1155/2022/3163496,10.1155/2022/3163496,357115280,35711528,Journal Article; Retracted Publication,,2026-04-29T05:51:56Z
doi:10.1155/2023/7464159,10.1155/2023/7464159,371249280,37124928,Journal Article; Retracted Publication,,2026-04-29T05:51:56Z
doi:10.1155/2021/5557309,10.1155/2021/5557309,339970070,33997007,Journal Article; Meta-Analysis; Systematic Review; Retracted Publication,,2026-04-29T05:51:56Z
doi:10.1155/2022/6859798,10.1155/2022/6859798,356862350,35686235,Journal Article; Retracted Publication,,2026-04-29T05:51:56Z
doi:10.1155/2021/5888432,10.1155/2021/5888432,346464250,34646425,Journal Article; Review; Retracted Publication,NIAAA NIH HHS (R01 AA024169); NIAAA NIH HHS (R21 AA017288); NIAAA NIH HHS (R21 AA021114); NIAAA NIH HHS (R21 AA023247),2026-04-29T05:51:56Z
doi:10.1155/2022/2295017,10.1155/2022/2295017,357263160,35726316,Journal Article; Review; Retracted Publication,,2026-04-29T05:51:56Z
doi:10.1155/2022/4539367,10.1155/2022/4539367,360464450,36046445,Journal Article; Retracted Publication,,2026-04-29T05:51:56Z
doi:10.3390/life12010128,10.3390/life12010128,350545210,35054521,Journal Article; Retracted Publication,,2026-04-29T05:51:56Z
doi:10.3390/brainsci10090610,10.3390/brainsci10090610,328994680,32899468,Journal Article; Retracted Publication,Congressionally Directed Medical Research Programs (W81XWH-15-0640); Congressionally Directed Medical Research Programs (W81XWH-15-0641); Congressionally Directed Medical Research Programs (W81XWH-15-1-0695); Congressionally Directed Medical Research Programs (W81XWH-16-1-0528); NIH HHS (RO1 1A1065723),2026-04-29T05:51:56Z
doi:10.1038/s41386-020-00860-z,10.1038/s41386-020-00860-z,329193980,32919398,"Journal Article; Research Support, N.I.H., Extramural; Retracted Publication",NIMH NIH HHS (T32 MH018870); NIMH NIH HHS (R01 MH102293); NIMH NIH HHS (R01 MH117323); NIMH NIH HHS (R33 MH110029); NIMH NIH HHS (R01 MH114965); NIMH NIH HHS (R61 MH110029),2026-04-29T05:51:56Z
doi:10.1002/adma.202103221,10.1002/adma.202103221,343024010,34302401,Journal Article; Retracted Publication,NCI NIH HHS (R01CA219700); NCI NIH HHS (R01 CA193578); NCI NIH HHS (R01CA193578); NCI NIH HHS (R01CA227261); NCI NIH HHS (R01 CA219700); NIH HHS (No ID); NCI NIH HHS (R01 CA227261),2026-04-29T05:51:56Z
doi:10.1016/j.biortech.2023.129044,10.1016/j.biortech.2023.129044,370441510,37044151,Journal Article; Review; Retracted Publication,,2026-04-29T05:51:56Z
doi:10.1155/2023/6970256,10.1155/2023/6970256,367604720,36760472,Journal Article; Retracted Publication,,2026-04-29T05:51:56Z
doi:10.1016/j.biortech.2022.128281,10.1016/j.biortech.2022.128281,363709450,36370945,Journal Article; Review; Retracted Publication,,2026-04-29T05:51:56Z
doi:10.1155/2022/4088187,10.1155/2022/4088187,359374070,35937407,Journal Article; Retracted Publication,,2026-04-29T05:51:56Z
doi:10.1158/0008-5472.can-06-3875,10.1158/0008-5472.can-06-3875,173081240,17308124,"Journal Article; Research Support, N.I.H., Extramural; Research Support, Non-U.S. Gov't; Retracted Publication",NIAMS NIH HHS (P30 AR 044535); NCI NIH HHS (R01 CA 35675),2026-04-29T05:51:56Z
doi:10.1007/s11356-023-29018-2,10.1007/s11356-023-29018-2,375947080,37594708,Journal Article; Retracted Publication,,2026-04-29T05:51:56Z
doi:10.1016/j.neulet.2010.03.007,10.1016/j.neulet.2010.03.007,202232790,20223279,Journal Article; Retracted Publication,,2026-04-29T05:51:56Z
doi:10.1074/jbc.273.34.22105,10.1074/jbc.273.34.22105,97053550,9705355,"Journal Article; Research Support, U.S. Gov't, P.H.S.; Retracted Publication",NIDDK NIH HHS (DK45659); NHLBI NIH HHS (HL49094),2026-04-29T05:51:56Z
doi:10.1155/2022/8238634,10.1155/2022/8238634,358132240,35813224,Journal Article; Retracted Publication,,2026-04-29T05:51:56Z
doi:10.1038/s41562-023-01749-9,10.1038/s41562-023-01749-9,379458090,37945809,Journal Article; Retracted Publication,,2026-04-29T05:51:56Z
doi:10.1007/s11356-023-26647-5,10.1007/s11356-023-26647-5,370225430,37022543,Journal Article; Retracted Publication,,2026-04-29T05:51:56Z
doi:10.1038/s41418-018-0207-3,10.1038/s41418-018-0207-3,302830820,30283082,"Journal Article; Research Support, N.I.H., Extramural; Research Support, Non-U.S. Gov't; Retracted Publication",NCI NIH HHS (P30 CA016672); NCI NIH HHS (T32 CA009599); NCI NIH HHS (U54 CA210181),2026-04-29T05:51:56Z
doi:10.1111/j.1471-4159.2006.03882.x,10.1111/j.1471-4159.2006.03882.x,168934160,16893416,"Comparative Study; Journal Article; Research Support, N.I.H., Extramural; Research Support, U.S. Gov't, Non-P.H.S.; Retracted Publication",NINDS NIH HHS (R01 NS049175-01),2026-04-29T05:51:56Z
doi:unavailable,unavailable,75454710,7545471,"Journal Article; Research Support, Non-U.S. Gov't; Research Support, U.S. Gov't, P.H.S.; Retracted Publication",NCI NIH HHS (CA-09594); NCI NIH HHS (CA-41068); NCI NIH HHS (CA-42596),2026-04-29T05:51:56Z
doi:10.1016/j.hlc.2024.06.502,10.1016/j.hlc.2024.06.502,393075470,39307547,Letter; Randomized Controlled Trial; Retraction Notice; Retracted Publication,,2026-04-29T05:51:56Z
doi:10.1113/ep087166,10.1113/ep087166,301291230,30129123,"Journal Article; Research Support, Non-U.S. Gov't; Retracted Publication",NIGMS NIH HHS (F32 GM117693),2026-04-29T05:51:56Z
doi:10.1021/acsomega.3c08317,10.1021/acsomega.3c08317,387370730,38737073,Journal Article; Review; Retracted Publication,,2026-04-29T05:51:56Z
doi:10.3390/brainsci11020148,10.3390/brainsci11020148,334986290,33498629,Journal Article; Retracted Publication,Department of Defense (W81XWH-15-0640); Department of Defense (W81XWH-15-0641); Department of Defense (W81XWH-15-1-0695); Department of Defense (W81XWH-16-1-0528); NIH HHS (RO1 1A1065723),2026-04-29T05:51:56Z
doi:10.1016/j.yjmcc.2022.11.010,10.1016/j.yjmcc.2022.11.010,364703360,36470336,"Journal Article; Research Support, N.I.H., Extramural; Research Support, Non-U.S. Gov't; Research Support, U.S. Gov't, Non-P.H.S.; Retracted Publication",NHLBI NIH HHS (R01 HL144937); NIGMS NIH HHS (RM1 GM131981); NHLBI NIH HHS (R01 HL157169); NHLBI NIH HHS (K08 HL128826); NIA NIH HHS (P01 AG001751); NHLBI NIH HHS (R01 HL110349); NHLBI NIH HHS (R01 HL128368); NIAMS NIH HHS (P30 AR074990); NICHD NIH HHS (P50 HD103524),2026-04-29T05:51:56Z
doi:10.1186/s12935-020-01186-y,10.1186/s12935-020-01186-y,322562060,32256206,Journal Article; Retracted Publication,,2026-04-29T05:51:56Z
doi:10.1155/2022/9493816,10.1155/2022/9493816,386233540,38623354,Journal Article; Retracted Publication,,2026-04-29T05:51:56Z
doi:10.1126/sciadv.1701386,10.1126/sciadv.1701386,289482250,28948225,"Journal Article; Research Support, N.I.H., Extramural; Research Support, Non-U.S. Gov't; Retracted Publication",NCI NIH HHS (R01 CA193578),2026-04-29T05:51:56Z
doi:10.1007/s10753-022-01663-8,10.1007/s10753-022-01663-8,353384320,35338432,Journal Article; Retracted Publication,,2026-04-29T05:51:56Z
doi:10.1111/jcmm.14134,10.1111/jcmm.14134,307622860,30762286,"Journal Article; Research Support, Non-U.S. Gov't; Retracted Publication",,2026-04-29T05:51:56Z
doi:10.1093/jnci/djae083,10.1093/jnci/djae083,386036240,38603624,Journal Article; Retracted Publication,NIH HHS (No ID); NIH (No ID),2026-04-29T05:51:56Z
doi:10.1016/j.jpsychires.2024.05.029,10.1016/j.jpsychires.2024.05.029,387352610,38735261,Journal Article; Retracted Publication,,2026-04-29T05:51:56Z
doi:10.3389/fbioe.2022.949704,10.3389/fbioe.2022.949704,359923400,35992340,Journal Article; Retracted Publication,,2026-04-29T05:51:56Z
doi:10.3389/fendo.2022.745327,10.3389/fendo.2022.745327,353112390,35311239,"Journal Article; Research Support, Non-U.S. Gov't; Retracted Publication",,2026-04-29T05:51:56Z
doi:10.1155/2022/5738531,10.1155/2022/5738531,358442420,35844242,Journal Article; Retracted Publication,,2026-04-29T05:51:56Z
doi:10.1158/0008-5472.can-12-3963,10.1158/0008-5472.can-12-3963,235394440,23539444,"Journal Article; Research Support, N.I.H., Extramural; Retracted Publication",NCI NIH HHS (U54 CA143868); NCI NIH HHS (U54-CA143868),2026-04-29T05:51:56Z
doi:10.1158/0008-5472.can-16-0530,10.1158/0008-5472.can-16-0530,272803940,27280394,"Journal Article; Research Support, U.S. Gov't, Non-P.H.S.; Research Support, Non-U.S. Gov't; Retracted Publication",,2026-04-29T05:51:56Z
doi:10.1038/mt.2010.29,10.1038/mt.2010.29,201796720,20179672,"Journal Article; Research Support, N.I.H., Extramural; Research Support, Non-U.S. Gov't; Research Support, U.S. Gov't, Non-P.H.S.; Retracted Publication",NINDS NIH HHS (P01-NS031492); NCI NIH HHS (R01 CA127641); NCI NIH HHS (R01 CA134721); NCI NIH HHS (R01 CA063753); NCI NIH HHS (R01CA63753); NIDDK NIH HHS (R01-DK52825); NCI NIH HHS (R01-CA134721); NCI NIH HHS (R01CA77141); NCI NIH HHS (R01-CA108325); NCI NIH HHS (P01 CA104177); NCI NIH HHS (P01-CA104177); NINDS NIH HHS (P01 NS031492); NCI NIH HHS (R01 CA122930); NCI NIH HHS (R01 CA097318); NIDDK NIH HHS (R01 DK052825); NCI NIH HHS (R01-CA097318),2026-04-29T05:51:56Z
doi:10.1128/mcb.25.11.4742-4751.2005,10.1128/mcb.25.11.4742-4751.2005,158998750,15899875,"Journal Article; Research Support, N.I.H., Extramural; Research Support, Non-U.S. Gov't; Research Support, U.S. Gov't, P.H.S.; Retracted Publication",NHLBI NIH HHS (R01 HL060234); NHLBI NIH HHS (R01-HL55330); NHLBI NIH HHS (R01-HL60234); NHLBI NIH HHS (R01 HL055330); NIAID NIH HHS (R01-AI42365),2026-04-29T05:51:56Z
doi:10.1097/wnp.0000000000001085,10.1097/wnp.0000000000001085,389168790,38916879,Journal Article; Retracted Publication,0 (0),2026-04-29T05:51:56Z
doi:10.1002/ijc.26341,10.1002/ijc.26341,218054790,21805479,"Journal Article; Research Support, Non-U.S. Gov't; Retracted Publication",,2026-04-29T05:51:56Z
doi:10.1155/2022/6167197,10.1155/2022/6167197,359368310,35936831,Journal Article; Retracted Publication,,2026-04-29T05:51:56Z
doi:10.1016/j.cstres.2024.03.003,10.1016/j.cstres.2024.03.003,384850430,38485043,Journal Article; Review; Retracted Publication,,2026-04-29T05:51:56Z
doi:10.1016/j.ajpath.2010.12.032,10.1016/j.ajpath.2010.12.032,214354570,21435457,Journal Article; Retracted Publication,NIA NIH HHS (R01 AG033568),2026-04-29T05:51:56Z
doi:10.1089/chi.2022.0171,10.1089/chi.2022.0171,367307300,36730730,Journal Article; Retracted Publication,,2026-04-29T05:51:56Z
doi:10.1155/2022/3970571,10.1155/2022/3970571,351030550,35103055,Journal Article; Retracted Publication,,2026-04-29T05:51:56Z
doi:10.1039/d4np00016a,10.1039/d4np00016a,387123650,38712365,Journal Article; Review; Retracted Publication,,2026-04-29T05:51:56Z
doi:10.1016/j.jocmr.2024.100856,10.1016/j.jocmr.2024.100856,391550910,39155091,Case Reports; Journal Article; Retracted Publication,,2026-04-29T05:51:56Z
doi:10.1371/journal.pone.0161468,10.1371/journal.pone.0161468,275378400,27537840,Journal Article; Retracted Publication,NCI NIH HHS (R01 CA031534),2026-04-29T05:51:56Z
doi:10.1073/pnas.1805436115,10.1073/pnas.1805436115,303971320,30397132,"Journal Article; Research Support, N.I.H., Extramural; Research Support, Non-U.S. Gov't; Retracted Publication",NIDA NIH HHS (K99 DA040744); NIDA NIH HHS (R00 DA040744); NIAAA NIH HHS (R01 AA023781); NINDS NIH HHS (R01 NS092671),2026-04-29T05:51:56Z
doi:10.1093/hmg/ddu412,10.1093/hmg/ddu412,251226590,25122659,"Journal Article; Research Support, N.I.H., Extramural; Research Support, Non-U.S. Gov't; Retracted Publication",NIA NIH HHS (AG33568); NIDA NIH HHS (P30 DA013429); NIDA NIH HHS (T32 DA007237); NIDA NIH HHS (T32DA07237); NIDA NIH HHS (P30 DA13429),2026-04-29T05:51:56Z
doi:10.3758/s13414-023-02762-w,10.3758/s13414-023-02762-w,375328830,37532883,Journal Article; Retracted Publication,,2026-04-29T05:51:56Z
doi:10.1039/d1nr00388g,10.1039/d1nr00388g,338899230,33889923,Journal Article; Retracted Publication,NCI NIH HHS (R01 CA193578); NCI NIH HHS (R01 CA219700); NCI NIH HHS (R01 CA227261),2026-04-29T05:51:56Z
doi:10.1016/j.forsciint.2024.112115,10.1016/j.forsciint.2024.112115,391204770,39120477,Journal Article; Retracted Publication,,2026-04-29T05:51:56Z
doi:10.1080/14786419.2021.1881962,10.1080/14786419.2021.1881962,335436650,33543665,Letter; Comment; Retracted Publication,,2026-04-29T05:51:56Z
doi:10.1007/s00213-020-05548-2,10.1007/s00213-020-05548-2,325002090,32500209,"Clinical Trial, Phase II; Journal Article; Randomized Controlled Trial; Retracted Publication",,2026-04-29T05:51:56Z
doi:10.1007/s00213-019-05249-5,10.1007/s00213-019-05249-5,310657310,31065731,Journal Article; Retracted Publication; Clinical Trial Protocol,Multidisciplinary Association for Psychedelic Studies (X),2026-04-29T05:51:56Z
doi:10.1007/s00213-020-05710-w,10.1007/s00213-020-05710-w,332219320,33221932,Journal Article; Retracted Publication,,2026-04-29T05:51:56Z
doi:10.3389/fimmu.2024.1359534,10.3389/fimmu.2024.1359534,383528660,38352866,"Journal Article; Research Support, Non-U.S. Gov't; Research Support, N.I.H., Extramural; Retracted Publication",NIAID NIH HHS (R21 AI156197),2026-04-29T05:51:56Z
doi:10.1186/ar3441,10.1186/ar3441,218350010,21835001,"Journal Article; Research Support, N.I.H., Extramural; Research Support, Non-U.S. Gov't; Retracted Publication",NIAMS NIH HHS (R01 AR049069); NIAMS NIH HHS (R01 AR055915); NIAMS NIH HHS (R01AR053220),2026-04-29T05:51:56Z
doi:10.1093/jmicro/dfx008,10.1093/jmicro/dfx008,283397600,28339760,Journal Article; Retracted Publication,,2026-04-29T05:51:56Z
doi:10.1152/ajpcell.00127.2010,10.1152/ajpcell.00127.2010,205549120,20554912,"Journal Article; Research Support, N.I.H., Extramural; Retracted Publication",NHLBI NIH HHS (P01 HL062222); NHLBI NIH HHS (R01 HL093028); NHLBI NIH HHS (P01 HL62222),2026-04-29T05:51:56Z
doi:10.1371/journal.pone.0072791,10.1371/journal.pone.0072791,240097050,24009705,"Journal Article; Research Support, N.I.H., Extramural; Retracted Publication",NIAID NIH HHS (R01 AI103106); NCI NIH HHS (CA127481); NCI NIH HHS (R01 CA089121); NIAID NIH HHS (AI 103106); NCI NIH HHS (R01 CA127481); NIAID NIH HHS (R01 AI104621); NCI NIH HHS (CA089121),2026-04-29T05:51:56Z
doi:10.1111/ijn.12860,10.1111/ijn.12860,326272440,32627244,Journal Article; Retracted Publication,,2026-04-29T05:51:56Z
doi:10.1371/journal.pone.0027630,10.1371/journal.pone.0027630,220966050,22096605,"Journal Article; Research Support, N.I.H., Extramural; Retracted Publication",NIAMS NIH HHS (R01 AR053358),2026-04-29T05:51:56Z
doi:10.1152/ajpheart.00395.2006,10.1152/ajpheart.00395.2006,167828450,16782845,"Journal Article; Research Support, N.I.H., Extramural; Research Support, Non-U.S. Gov't; Retracted Publication",NHLBI NIH HHS (R01 HL-78796-02); NIBIB NIH HHS (R21 EB-004658),2026-04-29T05:51:56Z
doi:10.1152/ajpheart.91507.2007,10.1152/ajpheart.91507.2007,182637060,18263706,"Journal Article; Research Support, N.I.H., Extramural; Retracted Publication",NHLBI NIH HHS (R01-HL-78087); NHLBI NIH HHS (R01-HL-78796),2026-04-29T05:51:56Z
doi:10.3390/s21155246,10.3390/s21155246,343724830,34372483,Journal Article; Retracted Publication,,2026-04-29T05:51:56Z
doi:10.1002/jcb.28756,10.1002/jcb.28756,310091080,31009108,"Journal Article; Research Support, Non-U.S. Gov't; Retracted Publication",,2026-04-29T05:51:56Z
doi:10.1016/j.heliyon.2022.e11300,10.1016/j.heliyon.2022.e11300,363874630,36387463,Journal Article; Review; Retracted Publication,,2026-04-29T05:51:56Z
doi:10.1371/journal.pone.0026420,10.1371/journal.pone.0026420,220462820,22046282,"Journal Article; Research Support, N.I.H., Extramural; Retracted Publication",NIEHS NIH HHS (R01 ES014826); NIEHS NIH HHS (R01ES014826),2026-04-29T05:51:56Z
doi:10.18632/aging.103905,10.18632/aging.103905,334403480,33440348,"Journal Article; Research Support, Non-U.S. Gov't; Retracted Publication",,2026-04-29T05:51:56Z
doi:10.1371/journal.pone.0070773,10.1371/journal.pone.0070773,239510050,23951005,"Journal Article; Research Support, N.I.H., Extramural; Retracted Publication",NIEHS NIH HHS (R01 ES014826); NIEHS NIH HHS (R01ES014826),2026-04-29T05:51:56Z
doi:10.1038/leu.2011.287,10.1038/leu.2011.287,220643510,22064351,"Journal Article; Research Support, N.I.H., Extramural; Retracted Publication",NCI NIH HHS (P01 CA049639); NCI NIH HHS (P01 CA055164); NCI NIH HHS (P30 CA016672); NCI NIH HHS (P01CA-55164),2026-04-29T05:51:56Z
doi:10.1186/s13046-018-0993-y,10.1186/s13046-018-0993-y,305729590,30572959,Journal Article; Retracted Publication,"National Natural Science Foundation of China (81572362); Natural Science Foundation of Tianjin Municipal Science and Technology Commission (81361120398); FP7 People: Marie-Curie Actions (BE2016786); Secretaria da Ciência, Tecnologia e Educação Superior do Estado do Ceará (JX10231801); Jiangsu Key Medical Discipline (General Surgery) (ZDXKA2016005)",2026-04-29T05:51:56Z
doi:10.1155/2022/2586307,10.1155/2022/2586307,350354540,35035454,Journal Article; Retracted Publication,,2026-04-29T05:51:56Z
doi:10.1016/j.biortech.2008.07.009,10.1016/j.biortech.2008.07.009,187233410,18723341,"Journal Article; Research Support, Non-U.S. Gov't; Retracted Publication",,2026-04-29T05:51:56Z
doi:10.1016/j.biortech.2017.05.126,10.1016/j.biortech.2017.05.126,285960760,28596076,Journal Article; Review; Retracted Publication,,2026-04-29T05:51:56Z
doi:10.25259/jcis_5_2024,10.25259/jcis_5_2024,388413110,38841311,Journal Article; Review; Retracted Publication,,2026-04-29T05:51:56Z
doi:10.1007/s00701-010-0602-0,10.1007/s00701-010-0602-0,201956530,20195653,Journal Article; Retracted Publication,,2026-04-29T05:51:56Z
doi:10.1172/jci81187,10.1172/jci81187,264138720,26413872,"Journal Article; Research Support, N.I.H., Extramural; Research Support, Non-U.S. Gov't; Retracted Publication",NIAID NIH HHS (P01AI073748); NINDS NIH HHS (R01NS045937); NIAID NIH HHS (P01 AI056299); NINDS NIH HHS (R01 NS045937); NIAID NIH HHS (P01 AI039671); NIAID NIH HHS (P01 AI073748); NIAID NIH HHS (P01AI039671),2026-04-29T05:51:56Z
doi:10.1007/s11356-022-20358-z,10.1007/s11356-022-20358-z,354844590,35484459,Journal Article; Retracted Publication,,2026-04-29T05:51:56Z
doi:10.1038/s41434-020-0145-9,10.1038/s41434-020-0145-9,324097460,32409746,Journal Article; Retracted Publication,,2026-04-29T05:51:56Z
doi:10.1016/j.biopsych.2015.01.015,10.1016/j.biopsych.2015.01.015,258020820,25802082,"Journal Article; Research Support, N.I.H., Extramural; Research Support, Non-U.S. Gov't; Retracted Publication",NIDA NIH HHS (T32 DA 07237); NIA NIH HHS (R01 AG033568); NIDA NIH HHS (P30 DA013429); NIA NIH HHS (AG033568); NIDA NIH HHS (P30 DA 13429); NIDA NIH HHS (T32 DA007237),2026-04-29T05:51:56Z
doi:10.1016/j.biopsych.2013.04.009,10.1016/j.biopsych.2013.04.009,236833890,23683389,"Journal Article; Research Support, N.I.H., Extramural; Research Support, Non-U.S. Gov't; Retracted Publication",NIA NIH HHS (R01 AG033568); NIDA NIH HHS (P30 DA013429); NIA NIH HHS (AG033568); NIDA NIH HHS (P30DA13429); NINDS NIH HHS (R21 NS071096); NIDA NIH HHS (T32 DA007237); NIDA NIH HHS (T32DA07237); NINDS NIH HHS (NS071096),2026-04-29T05:51:56Z
doi:10.1038/s41586-020-2095-1,10.1038/s41586-020-2095-1,322142440,32214244,Journal Article; Retracted Publication,NIDA NIH HHS (P50 DA026306); NCI NIH HHS (HHSN261201500003C); NCI NIH HHS (HHSN261201400008C); NCI NIH HHS (P30 CA023100); NCI NIH HHS (HHSN261201500003I); NIGMS NIH HHS (T32 GM007198); NCI NIH HHS (F30 CA243480); NIDA NIH HHS (R01 DA026334); NIDA NIH HHS (P01 DA012065); NIAAA NIH HHS (R00 AA020235); NIMH NIH HHS (P30 MH062512),2026-04-29T05:51:56Z
doi:10.1093/jamiaopen/ooad090,10.1093/jamiaopen/ooad090,379009740,37900974,Journal Article; Retracted Publication,,2026-04-29T05:51:56Z
doi:10.1038/nature04533,10.1038/nature04533,165410760,16541076,"Journal Article; Research Support, N.I.H., Extramural; Retracted Publication",,2026-04-29T05:51:56Z
doi:10.1038/sj.onc.1210660,10.1038/sj.onc.1210660,176530930,17653093,"Journal Article; Research Support, Non-U.S. Gov't; Retracted Publication",,2026-04-29T05:51:56Z
doi:10.1103/physrevlett.126.117003,10.1103/physrevlett.126.117003,337983520,33798352,Journal Article; Retracted Publication,,2026-04-29T05:51:56Z
doi:10.1038/nchembio.2409,10.1038/nchembio.2409,286280940,28628094,Journal Article; Retracted Publication,NIGMS NIH HHS (P41 GM103485); NIDA NIH HHS (R21 DA031409),2026-04-29T05:51:56Z
doi:10.1038/nm1122,10.1038/nm1122,155169290,15516929,"Comparative Study; Journal Article; Research Support, U.S. Gov't, P.H.S.; Retracted Publication",NHLBI NIH HHS (HL63290),2026-04-29T05:51:56Z
doi:10.1073/pnas.2300363120,10.1073/pnas.2300363120,369619220,36961922,"Journal Article; Research Support, N.I.H., Extramural; Retracted Publication",NIMH NIH HHS (R37 MH052804); NIMH NIH HHS (R01 MH052804); NIMH NIH HHS (F32 MH105040); NINDS NIH HHS (T32 NS007280); NIMH NIH HHS (F32 MH100745),2026-04-29T05:51:56Z
doi:10.1371/journal.pone.0092259,10.1371/journal.pone.0092259,246475310,24647531,"Journal Article; Research Support, N.I.H., Extramural; Research Support, Non-U.S. Gov't; Retracted Publication",NHLBI NIH HHS (T32 HL007887); NHLBI NIH HHS (R21-HL07887),2026-04-29T05:51:56Z
doi:10.1038/s41598-023-27739-5,10.1038/s41598-023-27739-5,366534240,36653424,Journal Article; Retracted Publication,King Saud University (Project number (RSP-2022/167)),2026-04-29T05:51:56Z
doi:10.1002/mc.22764,10.1002/mc.22764,291445700,29144570,"Journal Article; Research Support, Non-U.S. Gov't; Retracted Publication",,2026-04-29T05:51:56Z
doi:10.1371/journal.pone.0058647,10.1371/journal.pone.0058647,235549110,23554911,"Journal Article; Research Support, Non-U.S. Gov't; Retracted Publication",,2026-04-29T05:51:56Z
doi:10.1038/s41598-021-96351-2,10.1038/s41598-021-96351-2,346548560,34654856,"Journal Article; Research Support, Non-U.S. Gov't; Research Support, U.S. Gov't, Non-P.H.S.; Retracted Publication",,2026-04-29T05:51:56Z
doi:10.26355/eurrev_202312_34688,10.26355/eurrev_202312_34688,381129470,38112947,Review; Journal Article; Retracted Publication,,2026-04-29T05:51:56Z
doi:10.1016/j.cell.2019.09.004,10.1016/j.cell.2019.09.004,315850790,31585079,"Journal Article; Research Support, N.I.H., Extramural; Research Support, U.S. Gov't, Non-P.H.S.; Retracted Publication",NIMH NIH HHS (F32 MH110141); NINDS NIH HHS (P30 NS047101); NLM NIH HHS (T15 LM011271); NHGRI NIH HHS (T32 HG000044),2026-04-29T05:51:56Z
doi:10.1038/nature00870,10.1038/nature00870,120776030,12077603,"Journal Article; Research Support, Non-U.S. Gov't; Research Support, U.S. Gov't, P.H.S.; Retracted Publication",,2026-04-29T05:51:56Z
doi:10.3233/jad-2001-3404,10.3233/jad-2001-3404,122140410,12214041,Journal Article; Retracted Publication,,2026-04-29T05:51:56Z
doi:10.1371/journal.pone.0061135,10.1371/journal.pone.0061135,236377900,23637790,"Journal Article; Research Support, Non-U.S. Gov't; Retracted Publication",,2026-04-29T05:51:56Z
doi:10.1371/journal.pone.0058428,10.1371/journal.pone.0058428,235269830,23526983,"Journal Article; Research Support, Non-U.S. Gov't; Retracted Publication",,2026-04-29T05:51:56Z
doi:10.1016/j.bas.2023.102744,10.1016/j.bas.2023.102744,385106120,38510612,Journal Article; Retracted Publication,,2026-04-29T05:51:56Z
doi:10.1371/journal.pone.0222685,10.1371/journal.pone.0222685,320786280,32078628,Journal Article; Retracted Publication,,2026-04-29T05:51:56Z
doi:10.1016/j.ymthe.2016.12.018,10.1016/j.ymthe.2016.12.018,281314180,28131418,"Journal Article; Research Support, Non-U.S. Gov't; Retracted Publication",,2026-04-29T05:51:56Z
doi:10.1016/j.ymthe.2017.01.017,10.1016/j.ymthe.2017.01.017,282142530,28214253,"Journal Article; Research Support, Non-U.S. Gov't; Retracted Publication",,2026-04-29T05:51:56Z
doi:10.1172/jci.insight.148309,10.1172/jci.insight.148309,360990530,36099053,"Journal Article; Research Support, N.I.H., Extramural; Retracted Publication",NIDDK NIH HHS (P30 DK034933); NIDDK NIH HHS (R01 DK058913); NIDDK NIH HHS (R01 DK110436),2026-04-29T05:51:56Z
doi:10.26355/eurrev_202001_20040,10.26355/eurrev_202001_20040,320170040,32017004,"Journal Article; Research Support, Non-U.S. Gov't; Retracted Publication",,2026-04-29T05:51:56Z
doi:10.1371/journal.pone.0263324,10.1371/journal.pone.0263324,351435530,35143553,"Journal Article; Randomized Controlled Trial; Research Support, N.I.H., Extramural; Retracted Publication",NIA NIH HHS (P30 AG066615); NHLBI NIH HHS (K01 HL147713); NIDDK NIH HHS (P30 DK056350); NICHD NIH HHS (R24 HD050924); NICHD NIH HHS (P2C HD050924),2026-04-29T05:51:56Z
doi:10.1016/j.lfs.2020.118423,10.1016/j.lfs.2020.118423,329418960,32941896,Journal Article; Retracted Publication,,2026-04-29T05:51:56Z
doi:10.1016/j.lfs.2020.118150,10.1016/j.lfs.2020.118150,327266630,32726663,Journal Article; Retracted Publication,,2026-04-29T05:51:56Z
doi:10.1016/j.lfs.2020.117499,10.1016/j.lfs.2020.117499,321427630,32142763,Journal Article; Retracted Publication,,2026-04-29T05:51:56Z
doi:10.1371/journal.pone.0239799,10.1371/journal.pone.0239799,329765130,32976513,Journal Article; Retracted Publication,,2026-04-29T05:51:56Z
doi:10.1007/s12035-016-0131-9,10.1007/s12035-016-0131-9,276860770,27686077,Journal Article; Retracted Publication,,2026-04-29T05:51:56Z
doi:10.1002/jmv.20391,10.1002/jmv.20391,159772380,15977238,"Journal Article; Research Support, N.I.H., Extramural; Research Support, Non-U.S. Gov't; Research Support, U.S. Gov't, P.H.S.; Retracted Publication",NCI NIH HHS (CA89121),2026-04-29T05:51:56Z
doi:10.1038/nm.4482,10.1038/nm.4482,294007110,29400711,"Journal Article; Research Support, N.I.H., Extramural; Research Support, Non-U.S. Gov't; Retracted Publication",NIA NIH HHS (R01 AG023084); NIEHS NIH HHS (R01 ES024936); NINDS NIH HHS (R01 NS034467); NINDS NIH HHS (R01 NS100459); NIA NIH HHS (P30 AG010161); NINDS NIH HHS (R01 NS084345); NIA NIH HHS (P01 AG052350); NIBIB NIH HHS (P41 EB015922); NINDS NIH HHS (R37 NS034467); NIA NIH HHS (P50 AG005142); NIA NIH HHS (R01 AG039452); NIA NIH HHS (RF1 AG039452); NIA NIH HHS (R37 AG023084),2026-04-29T05:51:56Z
doi:10.1177/09636897221075749,10.1177/09636897221075749,351683930,35168393,"Journal Article; Research Support, Non-U.S. Gov't; Retracted Publication",,2026-04-29T05:51:56Z
doi:10.1016/j.brainres.2017.06.010,10.1016/j.brainres.2017.06.010,286253900,28625390,Journal Article; Retracted Publication,NINDS NIH HHS (R01 NS090998),2026-04-29T05:51:56Z
doi:10.3390/ijms20215405,10.3390/ijms20215405,316715980,31671598,Journal Article; Retracted Publication,"Ukrainian State Budget Program ""Support for the Development of Priority Areas of Scientific Research"" (6541230); CellGym Technologies GmbH, Berlin, Germany (2019)",2026-04-29T05:51:56Z
doi:10.1111/head.14317,10.1111/head.14317,355938800,35593880,Journal Article; Retracted Publication,,2026-04-29T05:51:56Z
doi:10.1126/science.adi1071,10.1126/science.adi1071,380606400,38060640,Journal Article; Retracted Publication,National Science Foundation (1924378),2026-04-29T05:51:56Z
doi:10.1016/j.ygyno.2024.03.020,10.1016/j.ygyno.2024.03.020,385544770,38554477,Journal Article; Retracted Publication,,2026-04-29T05:51:56Z
doi:10.1007/s12975-018-0617-z,10.1007/s12975-018-0617-z,294764470,29476447,"Journal Article; Research Support, N.I.H., Extramural; Research Support, Non-U.S. Gov't; Retracted Publication",,2026-04-29T05:51:56Z
doi:10.1128/jvi.01283-17,10.1128/jvi.01283-17,289787090,28978709,"Journal Article; Research Support, Non-U.S. Gov't; Retracted Publication",,2026-04-29T05:51:56Z
doi:10.1371/journal.ppat.1004779,10.1371/journal.ppat.1004779,258118860,25811886,"Journal Article; Research Support, N.I.H., Extramural; Retracted Publication",NIH HHS (S10 OD010381); NIAID NIH HHS (R56 AI073303); NCATS NIH HHS (UL1 TR000439); NCI NIH HHS (CA068782); NIAID NIH HHS (AI073303); NIAID NIH HHS (R01 AI073303); NCI NIH HHS (R01 CA068782),2026-04-29T05:51:56Z
doi:10.1016/j.clnu.2024.05.027,10.1016/j.clnu.2024.05.027,,38824102,Journal Article; Practice Guideline,,2026-04-29T05:51:56Z
doi:10.1016/j.molcel.2022.01.022,10.1016/j.molcel.2022.01.022,351824810,35182481,"Journal Article; Research Support, N.I.H., Extramural; Research Support, Non-U.S. Gov't; Retracted Publication",NCI NIH HHS (P30 CA030199); NICHD NIH HHS (R01 HD049539); NCI NIH HHS (R01 CA267103); NCI NIH HHS (R01 CA238662); NINDS NIH HHS (R01 NS103434); NCI NIH HHS (R35 CA197718); NIGMS NIH HHS (R01 GM089778),2026-04-29T05:51:56Z
doi:10.1158/1940-6207.capr-17-0198,10.1158/1940-6207.capr-17-0198,288516900,28851690,Comparative Study; Journal Article; Validation Study; Retracted Publication,NCI NIH HHS (RC1 CA145444); NICHD NIH HHS (T32 HD007495); NCI NIH HHS (F30 CA196108); NCI NIH HHS (R01 CA133458); NICHD NIH HHS (U54 HD007495); NIDDK NIH HHS (P30 DK056338); NCI NIH HHS (P50 CA186786); NCI NIH HHS (R21 CA205257); NCI NIH HHS (R21 CA179720); NCI NIH HHS (R21 CA173150); NCI NIH HHS (U01 CA167234); NCI NIH HHS (R01 CA220297); NCI NIH HHS (P30 CA125123); NCI NIH HHS (R01 CA184208); NICHD NIH HHS (P30 HD007495); NCI NIH HHS (U01 CA111275),2026-04-29T05:51:56Z
doi:10.1096/fj.04-2258fje,10.1096/fj.04-2258fje,153750790,15375079,"Journal Article; Research Support, Non-U.S. Gov't; Retracted Publication",,2026-04-29T05:51:56Z
doi:10.1016/j.ajcnut.2024.04.003,10.1016/j.ajcnut.2024.04.003,388162680,38816268,Journal Article,,2026-04-29T05:51:56Z
doi:10.1016/j.clinbiochem.2020.03.002,10.1016/j.clinbiochem.2020.03.002,321427350,32142735,Journal Article; Retracted Publication,,2026-04-29T05:51:56Z
doi:10.18632/oncotarget.20357,10.18632/oncotarget.20357,291003730,29100373,Journal Article; Retracted Publication,,2026-04-29T05:51:56Z
doi:10.1038/srep46581,10.1038/srep46581,284297260,28429726,"Journal Article; Research Support, N.I.H., Extramural; Research Support, Non-U.S. Gov't; Retracted Publication",NEI NIH HHS (P30 EY014104); NEI NIH HHS (R01 EY025362); NEI NIH HHS (R21 EY023079),2026-04-29T05:51:56Z
doi:10.1016/j.isatra.2019.11.016,10.1016/j.isatra.2019.11.016,317916140,31791614,Journal Article; Retracted Publication,,2026-04-29T05:51:56Z
doi:10.1038/s41389-020-00300-z,10.1038/s41389-020-00300-z,334689920,33468992,Journal Article; Retracted Publication,NCI NIH HHS (P30 CA008748); NCI NIH HHS (R01 CA158301),2026-04-29T05:51:56Z
doi:10.1038/s41389-018-0059-1,10.1038/s41389-018-0059-1,299152810,29915281,Journal Article; Retracted Publication,NCI NIH HHS (P30 CA008748); NCI NIH HHS (R01 CA158301); NCI NIH HHS (T32 CA009501),2026-04-29T05:51:56Z
doi:10.1093/braincomms/fcad160,10.1093/braincomms/fcad160,372656010,37265601,Journal Article; Retracted Publication,,2026-04-29T05:51:56Z
doi:10.1111/joor.13555,10.1111/joor.13555,374082970,37408297,Journal Article; Randomized Controlled Trial; Comparative Study; Retracted Publication,,2026-04-29T05:51:56Z
doi:10.1016/j.celrep.2020.03.082,10.1016/j.celrep.2020.03.082,322944400,32294440,"Journal Article; Research Support, N.I.H., Extramural; Research Support, Non-U.S. Gov't; Retracted Publication",NINDS NIH HHS (R01 NS105087),2026-04-29T05:51:56Z
doi:10.1177/09636897221102898,10.1177/09636897221102898,357268470,35726847,"Journal Article; Research Support, Non-U.S. Gov't; Retracted Publication",,2026-04-29T05:51:56Z
doi:10.3390/cancers13112780,10.3390/cancers13112780,342049970,34204997,Journal Article; Retracted Publication,,2026-04-29T05:51:56Z
doi:10.1177/09544119211055870,10.1177/09544119211055870,348477530,34847753,Journal Article; Retracted Publication,,2026-04-29T05:51:56Z
doi:10.1097/ta.0000000000004262,10.1097/ta.0000000000004262,383150490,38315049,Journal Article; Retracted Publication,NIGMS NIH HHS (T32 GM095442),2026-04-29T05:51:56Z
doi:10.1097/ta.0000000000004289,10.1097/ta.0000000000004289,384543080,38454308,Journal Article; Retracted Publication,,2026-04-29T05:51:56Z
doi:10.1111/sltb.13029,10.1111/sltb.13029,381002700,38100270,Journal Article; Retracted Publication,,2026-04-29T05:51:56Z
doi:10.1371/journal.pone.0108452,10.1371/journal.pone.0108452,252682290,25268229,"Journal Article; Research Support, Non-U.S. Gov't; Retracted Publication",,2026-04-29T05:51:56Z
doi:10.1016/j.neulet.2013.12.031,10.1016/j.neulet.2013.12.031,243682160,24368216,"Journal Article; Research Support, Non-U.S. Gov't; Retracted Publication",,2026-04-29T05:51:56Z
doi:10.1097/qai.0000000000002728,10.1097/qai.0000000000002728,339904900,33990490,Randomized Controlled Trial; Journal Article; Retracted Publication,,2026-04-29T05:51:56Z
doi:10.1111/clr.12413,10.1111/clr.12413,248635570,24863557,Journal Article; Retracted Publication,,2026-04-29T05:51:56Z
doi:10.1111/clr.12550,10.1111/clr.12550,256394840,25639484,Journal Article; Retracted Publication,,2026-04-29T05:51:56Z
doi:10.1111/clr.12775,10.1111/clr.12775,267442620,26744262,Journal Article; Retracted Publication,,2026-04-29T05:51:56Z
doi:10.1111/clr.12336,10.1111/clr.12336,244225550,24422555,Journal Article; Retracted Publication,,2026-04-29T05:51:56Z
doi:10.1080/03007995.2017.1385450,10.1080/03007995.2017.1385450,289523780,28952378,Journal Article; Review; Retracted Publication,,2026-04-29T05:51:56Z
doi:10.1002/jbm.b.31710,10.1002/jbm.b.31710,208627640,20862764,"Journal Article; Research Support, Non-U.S. Gov't; Retracted Publication",,2026-04-29T05:51:56Z
doi:10.1177/2329048x211036546,10.1177/2329048x211036546,348697840,34869784,Case Reports; Journal Article; Retracted Publication,,2026-04-29T05:51:56Z
doi:10.26355/eurrev_202312_34690,10.26355/eurrev_202312_34690,381129480,38112948,Journal Article; Retracted Publication,,2026-04-29T05:51:56Z
doi:10.1007/s10549-017-4211-y,10.1007/s10549-017-4211-y,283376620,28337662,Journal Article; Retracted Publication,NIDDK NIH HHS (R25 DK067015); NCI NIH HHS (U54 CA143930); NCI NIH HHS (P30 CA015083); NCI NIH HHS (U54 CA143931); NIMHD NIH HHS (S21 MD000103); NCI NIH HHS (N01 CA015083); NCI NIH HHS (U56 CA101599); NIMHD NIH HHS (U54 MD007598); NIMHD NIH HHS (R25 MD007610); NCATS NIH HHS (UL1 TR000124),2026-04-29T05:51:56Z
doi:10.7326/l19-0381,10.7326/l19-0381,314762230,31476223,Letter; Comment; Retracted Publication,,2026-04-29T05:51:56Z
doi:10.1007/s00784-013-1120-2,10.1007/s00784-013-1120-2,241357740,24135774,"Journal Article; Research Support, Non-U.S. Gov't; Retracted Publication",,2026-04-29T05:51:56Z
doi:10.1073/pnas.1400850111,10.1073/pnas.1400850111,249797710,24979771,"Journal Article; Research Support, U.S. Gov't, Non-P.H.S.; Retracted Publication",,2026-04-29T05:51:56Z
doi:10.2460/javma.23.11.0621,10.2460/javma.23.11.0621,384524790,38452479,Journal Article; Retracted Publication,,2026-04-29T05:51:56Z
doi:10.1053/j.jvca.2009.03.003,10.1053/j.jvca.2009.03.003,194646250,19464625,Journal Article; Meta-Analysis; Review,,2026-04-29T05:51:56Z
doi:10.26355/eurrev_202312_34691,10.26355/eurrev_202312_34691,381129490,38112949,Journal Article; Retracted Publication,,2026-04-29T05:51:56Z
doi:10.1038/s41419-020-2448-6,10.1038/s41419-020-2448-6,323276290,32327629,"Journal Article; Research Support, Non-U.S. Gov't; Retracted Publication",NCI NIH HHS (P30 CA008748),2026-04-29T05:51:56Z
doi:10.1038/s41419-021-04036-5,10.1038/s41419-021-04036-5,343214580,34321458,"Journal Article; Research Support, N.I.H., Extramural; Retracted Publication",NCI NIH HHS (P30 CA008748); NCI NIH HHS (R01 CA158301),2026-04-29T05:51:56Z
doi:10.1158/0008-5472.can-03-3630,10.1158/0008-5472.can-03-3630,150874020,15087402,"Journal Article; Research Support, Non-U.S. Gov't; Research Support, U.S. Gov't, P.H.S.; Retracted Publication",PHS HHS (P01-78378); PHS HHS (R01-50947),2026-04-29T05:51:56Z
doi:10.1158/0008-5472.can-05-1103,10.1158/0008-5472.can-05-1103,161662930,16166293,"Journal Article; Research Support, N.I.H., Extramural; Research Support, Non-U.S. Gov't; Research Support, U.S. Gov't, P.H.S.; Retracted Publication",NCI NIH HHS (K01 CA94223); NCI NIH HHS (P01 CA50661),2026-04-29T05:51:56Z
doi:10.1192/bjo.2021.46,10.1192/bjo.2021.46,338830570,33883057,Journal Article; Retracted Publication,,2026-04-29T05:51:56Z
doi:10.7759/cureus.55890,10.7759/cureus.55890,384634010,38463401,Case Reports; Journal Article; Retracted Publication,,2026-04-29T05:51:56Z
doi:10.1002/ana.23642,10.1002/ana.23642,230349160,23034916,"Journal Article; Research Support, N.I.H., Extramural; Research Support, Non-U.S. Gov't; Retracted Publication",NIA NIH HHS (P01 AG020206); NIA NIH HHS (AG18454); NIA NIH HHS (AG20206); NIA NIH HHS (R01 AG018454); NIA NIH HHS (AG33568); NIA NIH HHS (R01 AG033568),2026-04-29T05:51:56Z
doi:10.1016/j.anbehav.2014.04.017,10.1016/j.anbehav.2014.04.017,322873350,32287335,Journal Article,,2026-04-29T05:51:56Z
doi:10.1152/ajpgi.00054.2022,10.1152/ajpgi.00054.2022,,35916414,Journal Article; Retracted Publication,HHS | NIH | National Institute of Diabetes and Digestive and Kidney Diseases (NIDDK) (1R01DK111819-01A),2026-04-29T05:51:56Z
doi:10.1007/s40279-022-01710-2,10.1007/s40279-022-01710-2,357591770,35759177,Meta-Analysis; Systematic Review; Journal Article; Retracted Publication,,2026-04-29T05:51:56Z
doi:10.1002/art.41214,10.1002/art.41214,360540840,32266792,"Journal Article; Research Support, N.I.H., Intramural",NIEHS NIH HHS (HHSN273201600011C); Intramural NIH HHS (Z01 ES025041); Intramural NIH HHS (Z01 ES101074),2026-04-29T05:51:56Z
doi:10.1136/annrheumdis-2015-208444,10.1136/annrheumdis-2015-208444,267831100,26783110,Journal Article; Retracted Publication,BLRD VA (I01 BX002647); NIAMS NIH HHS (R01 AR053220); NIAMS NIH HHS (R01 AR062136); NIAMS NIH HHS (R21 AR067935),2026-04-29T05:51:56Z
doi:10.1126/science.1123480,10.1126/science.1123480,166450940,16645094,"Journal Article; Research Support, N.I.H., Extramural; Research Support, Non-U.S. Gov't; Retracted Publication",NCI NIH HHS (CA100707); NIAID NIH HHS (P01 AI56296); NCI NIH HHS (P01 CA92625); NIAID NIH HHS (R01 AI32412); NCI NIH HHS (R37 CA50239),2026-04-29T05:51:56Z
doi:10.1128/iai.66.9.4531-4536.1998,10.1128/iai.66.9.4531-4536.1998,97128140,9712814,"Journal Article; Research Support, U.S. Gov't, P.H.S.; Retracted Publication",NIAID NIH HHS (R01 AI019844); NIAID NIH HHS (R37 AI019844); NIAID NIH HHS (AI19844-15),2026-04-29T05:51:56Z
doi:10.1128/mbio.01273-23,10.1128/mbio.01273-23,376102040,37610204,"Journal Article; Review; Research Support, Non-U.S. Gov't; Retracted Publication",,2026-04-29T05:51:56Z
doi:10.1177/11297298221150664,10.1177/11297298221150664,366884790,36688479,Journal Article; Review; Retracted Publication,,2026-04-29T05:51:56Z
doi:10.4103/joacp.joacp_443_20,10.4103/joacp.joacp_443_20,365051860,36505186,Journal Article; Review; Retracted Publication,,2026-04-29T05:51:56Z
doi:10.1177/15910199231171272,10.1177/15910199231171272,374154270,37415427,Journal Article; Retracted Publication,,2026-04-29T05:51:56Z
doi:10.3389/fpsyg.2022.893456,10.3389/fpsyg.2022.893456,359110290,35911029,Journal Article; Retracted Publication,,2026-04-29T05:51:56Z
doi:10.3389/fped.2022.1054133,10.3389/fped.2022.1054133,367146520,36714652,Journal Article; Retracted Publication,,2026-04-29T05:51:56Z
doi:10.1371/journal.pone.0004567,10.1371/journal.pone.0004567,192345950,19234595,"Journal Article; Research Support, N.I.H., Extramural; Research Support, Non-U.S. Gov't; Retracted Publication",NIA NIH HHS (R01 AG019899); NIA NIH HHS (U19 AG023122); NIA NIH HHS (AG19899-05); NIA NIH HHS (AG 19899),2026-04-29T05:51:56Z
doi:10.1002/jcb.28255,10.1002/jcb.28255,306567230,30656723,"Journal Article; Research Support, Non-U.S. Gov't; Retracted Publication",,2026-04-29T05:51:56Z
doi:10.1109/tuffc.2009.1000,10.1109/tuffc.2009.1000,192136270,19213627,Journal Article; Retracted Publication,,2026-04-29T05:51:56Z
doi:10.1371/journal.pone.0055717,10.1371/journal.pone.0055717,234090260,23409026,"Journal Article; Research Support, Non-U.S. Gov't; Retracted Publication",,2026-04-29T05:51:56Z
doi:10.1038/ncomms3932,10.1038/ncomms3932,243361080,24336108,"Journal Article; Research Support, N.I.H., Extramural; Retracted Publication",NINDS NIH HHS (R37 NS034467); NIA NIH HHS (R01 AG023084); NIA NIH HHS (R01 AG039452); NINDS NIH HHS (NS34467); NINDS NIH HHS (R01 NS034467); NIA NIH HHS (AG039452); NIA NIH HHS (AG23084); NIA NIH HHS (RF1 AG039452); NIA NIH HHS (R37 AG023084),2026-04-29T05:51:56Z
doi:10.26355/eurrev_202312_34685,10.26355/eurrev_202312_34685,381129440,38112944,Journal Article; Retracted Publication,,2026-04-29T05:51:56Z
doi:10.1007/s11356-021-16234-x,10.1007/s11356-021-16234-x,345199890,34519989,Journal Article,,2026-04-29T05:51:56Z
doi:10.1016/s2213-2600(17)30305-3,10.1016/s2213-2600(17)30305-3,289192010,28919201,"Clinical Trial, Phase II; Journal Article; Multicenter Study; Randomized Controlled Trial; Retracted Publication",,2026-04-29T05:51:56Z
doi:10.1111/mec.16024,10.1111/mec.16024,341459310,34145931,"Journal Article; Research Support, Non-U.S. Gov't; Research Support, U.S. Gov't, Non-P.H.S.; Retracted Publication",NIGMS NIH HHS (R35 GM128843),2026-04-29T05:51:56Z
doi:10.1093/cvr/cvt113,10.1093/cvr/cvt113,236671850,23667185,"Journal Article; Research Support, Non-U.S. Gov't; Retracted Publication",NHLBI NIH HHS (R01 HL079584); NHLBI NIH HHS (R01 HL080499); NHLBI NIH HHS (R01 HL089920); NHLBI NIH HHS (R01 HL110488),2026-04-29T05:51:56Z
doi:10.1186/s12885-023-11170-0,10.1186/s12885-023-11170-0,374815160,37481516,Journal Article; Retracted Publication,,2026-04-29T05:51:56Z
doi:10.3171/2023.9.jns23862,10.3171/2023.9.jns23862,379486810,37948681,Journal Article; Retracted Publication,,2026-04-29T05:51:56Z
doi:10.1016/j.ejphar.2012.10.008,10.1016/j.ejphar.2012.10.008,230850270,23085027,"Journal Article; Research Support, Non-U.S. Gov't; Retracted Publication",,2026-04-29T05:51:56Z
doi:10.1371/journal.pone.0011548,10.1371/journal.pone.0011548,206349590,20634959,"Journal Article; Research Support, American Recovery and Reinvestment Act; Research Support, N.I.H., Extramural; Retracted Publication",NIAID NIH HHS (U01 AI077771); NIAID NIH HHS (U01-AI077771); PHS HHS (IAA 224-10-1006),2026-04-29T05:51:56Z
doi:10.1039/d3fo00047h,10.1039/d3fo00047h,373103660,37310366,Journal Article; Retracted Publication,,2026-04-29T05:51:56Z
doi:10.1021/jacsau.2c00402,10.1021/jacsau.2c00402,363118300,36311830,Journal Article; Retracted Publication,,2026-04-29T05:51:56Z
doi:10.1037/pspa0000113,10.1037/pspa0000113,297715670,29771567,Journal Article; Randomized Controlled Trial; Retracted Publication,Canada Research Chairs program (No ID); Social Sciences and Humanities Research Council of Canada (No ID); Killam Research Fund (No ID); National Natural Science Foundation of China (No ID),2026-04-29T05:51:56Z
doi:10.1016/j.ygyno.2009.06.031,10.1016/j.ygyno.2009.06.031,196473080,19647308,"Journal Article; Research Support, N.I.H., Extramural; Retracted Publication",NCI NIH HHS (R21 CA098166),2026-04-29T05:51:56Z
doi:10.1016/j.jnutbio.2013.07.003,10.1016/j.jnutbio.2013.07.003,240759020,24075902,Journal Article; Retracted Publication,NIGMS NIH HHS (P20 GM103432); NCRR NIH HHS (P20 RR016474),2026-04-29T05:51:56Z
doi:10.1007/s11356-022-19865-w,10.1007/s11356-022-19865-w,353845340,35384534,Journal Article; Retracted Publication,,2026-04-29T05:51:56Z
doi:10.7759/cureus.52876,10.7759/cureus.52876,382746350,38274635,Journal Article; Review; Retracted Publication,,2026-04-29T05:51:56Z
doi:10.1371/journal.pone.0094828,10.1371/journal.pone.0094828,247401010,24740101,"Journal Article; Research Support, N.I.H., Extramural; Retracted Publication",NHLBI NIH HHS (R01 HL096797); NHLBI NIH HHS (R01 HL098976); NHLBI NIH HHS (HL-098976); NHLBI NIH HHS (HL-096797),2026-04-29T05:51:56Z
doi:10.1038/s41467-017-02210-y,10.1038/s41467-017-02210-y,292150120,29215012,"Journal Article; Research Support, N.I.H., Extramural; Research Support, Non-U.S. Gov't; Retracted Publication",NHLBI NIH HHS (R01 HL116997); NHLBI NIH HHS (R01 HL121197); NHLBI NIH HHS (R01 HL131735); NHLBI NIH HHS (R01 HL133120),2026-04-29T05:51:56Z
doi:10.1016/j.ijporl.2022.111393,10.1016/j.ijporl.2022.111393,364732550,36473255,Journal Article; Retracted Publication,,2026-04-29T05:51:56Z
doi:10.1098/rspb.2010.0973,10.1098/rspb.2010.0973,205918600,20591860,Journal Article; Retracted Publication,,2026-04-29T05:51:56Z
doi:10.1038/ncb3192,10.1038/ncb3192,260985760,26098576,"Journal Article; Research Support, N.I.H., Extramural; Research Support, Non-U.S. Gov't; Retracted Publication",NIAID NIH HHS (U19 AI109725); Intramural NIH HHS (ZIA ES103286); NIAID NIH HHS (T32 AI007163); NCI NIH HHS (P30 CA021765); NIAID NIH HHS (R01 AI040646),2026-04-29T05:51:56Z
doi:10.1038/s41388-020-01601-8,10.1038/s41388-020-01601-8,335640660,33564066,"Journal Article; Research Support, N.I.H., Extramural; Research Support, Non-U.S. Gov't; Retracted Publication",NIEHS NIH HHS (R01 ES011804),2026-04-29T05:51:56Z
doi:10.1038/onc.2012.39,10.1038/onc.2012.39,223301350,22330135,"Journal Article; Research Support, N.I.H., Extramural; Research Support, Non-U.S. Gov't; Retracted Publication",NCI NIH HHS (R01 CA137041); NCI NIH HHS (R01 CA160455); NCI NIH HHS (P50 CA119997); NCI NIH HHS (P30 CA076292); NCI NIH HHS (CA137041),2026-04-29T05:51:56Z
doi:10.3233/jad-2008-15412,10.3233/jad-2008-15412,190961640,19096164,"Journal Article; Research Support, N.I.H., Extramural; Review; Retracted Publication",NCRR NIH HHS (P20 RR017699); NIEHS NIH HHS (R01 ES014826); NIEHS NIH HHS (R01ES014826); NCRR NIH HHS (5P20RR017699),2026-04-29T05:51:56Z
doi:10.7150/ijbs.22555,10.7150/ijbs.22555,294838290,29483829,"Journal Article; Research Support, Non-U.S. Gov't; Retracted Publication",,2026-04-29T05:51:56Z
doi:10.1155/2023/7441367,10.1155/2023/7441367,368605450,36860545,Journal Article; Retracted Publication,,2026-04-29T05:51:56Z
doi:10.1073/pnas.1202081109,10.1073/pnas.1202081109,224030610,22403061,"Journal Article; Research Support, N.I.H., Extramural; Research Support, Non-U.S. Gov't; Retracted Publication",NHLBI NIH HHS (N01-HV28180); NHLBI NIH HHS (P01-HL65608); NHLBI NIH HHS (N01 HV028180); PHS HHS (HHS-N268201000032C); NIAMS NIH HHS (R01 AR041135); NHLBI NIH HHS (R01 HL039752); NHLBI NIH HHS (P01 HL065608),2026-04-29T05:51:56Z
doi:10.4049/jimmunol.165.11.6347,10.4049/jimmunol.165.11.6347,110860720,11086072,"Journal Article; Research Support, Non-U.S. Gov't; Retracted Publication",,2026-04-29T05:51:56Z
doi:10.1080/10503307.2013.812262,10.1080/10503307.2013.812262,238488330,23848833,Journal Article; Retracted Publication,,2026-04-29T05:51:56Z
doi:10.1080/10503307.2019.1649730,10.1080/10503307.2019.1649730,313828410,31382841,Journal Article; Retracted Publication,,2026-04-29T05:51:56Z
doi:10.1080/10503307.2022.2027042,10.1080/10503307.2022.2027042,350864250,35086425,Journal Article; Retracted Publication,,2026-04-29T05:51:56Z
doi:10.1080/10503307.2022.2098077,10.1080/10503307.2022.2098077,358441930,35844193,"Journal Article; Research Support, Non-U.S. Gov't; Retracted Publication",,2026-04-29T05:51:56Z
doi:10.21037/jtd.2019.08.33,10.21037/jtd.2019.08.33,331450820,33145082,Journal Article; Retracted Publication,,2026-04-29T05:51:56Z
doi:10.3390/pharmaceutics14020343,10.3390/pharmaceutics14020343,352140750,35214075,Journal Article; Retracted Publication,,2026-04-29T05:51:56Z
doi:10.1038/onc.2013.444,10.1038/onc.2013.444,241665010,24166501,"Journal Article; Research Support, N.I.H., Extramural; Research Support, Non-U.S. Gov't; Retracted Publication",NCI NIH HHS (P30 CA076292); NCI NIH HHS (R01 CA137041); NCI NIH HHS (R01 CA160455); NCI NIH HHS (CA160455),2026-04-29T05:51:56Z
doi:10.1038/onc.2013.220,10.1038/onc.2013.220,237708480,23770848,"Journal Article; Research Support, N.I.H., Extramural; Research Support, U.S. Gov't, Non-P.H.S.; Retracted Publication",NIEHS NIH HHS (U01ES019458); NCI NIH HHS (U54 CA143836); NCI NIH HHS (R01 CA138818); NCI NIH HHS (P01 CA082834); NCI NIH HHS (R01 CA085492); NCI NIH HHS (U54 CA163155); NIEHS NIH HHS (U01 ES019458),2026-04-29T05:51:56Z
doi:10.1002/hep.31497,10.1002/hep.31497,327619720,32761972,"Journal Article; Research Support, N.I.H., Extramural; Research Support, Non-U.S. Gov't; Research Support, U.S. Gov't, Non-P.H.S.; Retracted Publication",NIDDK NIH HHS (R01 DK108959); BLRD VA (I01 BX000574); BLRD VA (I01 BX003031); BLRD VA (IK6 BX004601); NIDDK NIH HHS (R01 DK115184); NIDDK NIH HHS (R01 DK119421); BLRD VA (IK6 BX005226); BLRD VA (I01 BX001724); NIDDK NIH HHS (R01 DK076898),2026-04-29T05:51:56Z
doi:10.1038/s41388-020-01571-x,10.1038/s41388-020-01571-x,332888850,33288885,"Journal Article; Research Support, N.I.H., Extramural; Research Support, Non-U.S. Gov't; Retracted Publication",NCI NIH HHS (R01 CA158301),2026-04-29T05:51:56Z
doi:10.1016/j.ymthe.2021.09.009,10.1016/j.ymthe.2021.09.009,345346930,34534693,Journal Article,,2026-04-29T05:51:56Z
doi:10.1097/upj.0000000000000446,10.1097/upj.0000000000000446,378567080,37856708,Editorial; Retracted Publication,,2026-04-29T05:51:56Z
doi:10.1097/upj.0000000000000406,10.1097/upj.0000000000000406,372763720,37276372,Journal Article; Retracted Publication,,2026-04-29T05:51:56Z
doi:10.1097/upj.0000000000000453,10.1097/upj.0000000000000453,375901200,37590120,Journal Article; Retracted Publication,,2026-04-29T05:51:56Z
doi:10.3390/cancers15164044,10.3390/cancers15164044,376270710,37627071,Journal Article; Retracted Publication,NCI NIH HHS (P30 CA016672); NCI NIH HHS (P50 CA217685); NCI NIH HHS (U24 CA264006),2026-04-29T05:51:56Z
doi:10.1002/mgg3.934,10.1002/mgg3.934,314785990,31478599,"Journal Article; Research Support, Non-U.S. Gov't; Retracted Publication",,2026-04-29T05:51:56Z
doi:10.1007/s11010-019-03573-0,10.1007/s11010-019-03573-0,312785870,31278587,Journal Article; Retracted Publication,Henan Natural Science Foundation (182300410377); Key Scientific Research Projects of Henan Higher Education Institutions (17A180016); National Natural Science Foundation of China (81272691),2026-04-29T05:51:56Z
doi:10.18632/oncotarget.10212,10.18632/oncotarget.10212,273740910,27374091,Journal Article; Retracted Publication,NCI NIH HHS (P30 CA008748); NCI NIH HHS (R01 CA158301); NCI NIH HHS (T32 CA009501),2026-04-29T05:51:56Z
doi:10.1177/2333392819841211,10.1177/2333392819841211,310200090,31020009,Journal Article; Retracted Publication,,2026-04-29T05:51:56Z
doi:10.1177/23333928221103107,10.1177/23333928221103107,356338320,35633832,Journal Article; Retracted Publication,,2026-04-29T05:51:56Z
doi:10.1177/23333928211053965,10.1177/23333928211053965,347784930,34778493,Journal Article; Retracted Publication,,2026-04-29T05:51:56Z
doi:10.3390/pharmaceutics12020140,10.3390/pharmaceutics12020140,320459790,32045979,Journal Article; Retracted Publication,"This project was funded by the Deanship of Scientific Research (DSR) at King Abdulaziz University, Jeddah, The authors, therefore, acknowledge with thanks DSR for technical and financial support ((RG-2-166-40))",2026-04-29T05:51:56Z
doi:10.3390/pharmaceutics12070652,10.3390/pharmaceutics12070652,326600350,32660035,Journal Article; Retracted Publication,King Abdulaziz University (RG-5-166-38),2026-04-29T05:51:56Z
doi:10.3390/diseases10040095,10.3390/diseases10040095,364125890,36412589,Case Reports; Journal Article; Retracted Publication,,2026-04-29T05:51:56Z
doi:10.3390/pharmaceutics14051050,10.3390/pharmaceutics14051050,356316360,35631636,Journal Article; Retracted Publication,The King Saud University (RSP-2021/301),2026-04-29T05:51:56Z
doi:10.1007/s00784-014-1241-2,10.1007/s00784-014-1241-2,247371000,24737100,Journal Article; Retracted Publication,,2026-04-29T05:51:56Z
doi:10.1038/s41386-018-0279-2,10.1038/s41386-018-0279-2,304708390,30470839,"Journal Article; Research Support, N.I.H., Extramural; Retracted Publication",NIAAA NIH HHS (U01 AA020911); NIAAA NIH HHS (P60 AA011605); NIAAA NIH HHS (U24 AA025475); NIAAA NIH HHS (F32 AA026485); NIAAA NIH HHS (P50 AA011605); NIAAA NIH HHS (T32 AA007573); NINDS NIH HHS (T32 NS007431); NIAAA NIH HHS (R01 AA019454),2026-04-29T05:51:56Z
doi:10.1007/s00449-022-02736-6,10.1007/s00449-022-02736-6,357040720,35704072,Journal Article; Retracted Publication,,2026-04-29T05:51:56Z
doi:10.1016/j.isatra.2021.08.036,10.1016/j.isatra.2021.08.036,345078130,34507813,Journal Article; Retracted Publication,,2026-04-29T05:51:56Z
doi:10.1016/j.mce.2016.08.001,10.1016/j.mce.2016.08.001,274966430,27496643,"Journal Article; Research Support, Non-U.S. Gov't; Retracted Publication",,2026-04-29T05:51:56Z
doi:10.1155/2022/3031475,10.1155/2022/3031475,351269160,35126916,Journal Article; Retracted Publication,,2026-04-29T05:51:56Z
doi:10.1155/2022/9231641,10.1155/2022/9231641,357074790,35707479,Journal Article; Retracted Publication,,2026-04-29T05:51:56Z
doi:10.1053/j.gastro.2009.01.069,10.1053/j.gastro.2009.01.069,192083660,19208366,"Journal Article; Research Support, N.I.H., Extramural; Retracted Publication",NIDDK NIH HHS (P30 DK034933); NINDS NIH HHS (R01 NS051466); NINDS NIH HHS (R01 NS051466-01); NIDDK NIH HHS (P30-DK-34933),2026-04-29T05:51:56Z
doi:10.1053/j.gastro.2016.07.029,10.1053/j.gastro.2016.07.029,274753060,27475306,Journal Article; Retracted Publication,NIDDK NIH HHS (P30 DK034933); NIDDK NIH HHS (R01 DK058913); NIDDK NIH HHS (R01 DK084039),2026-04-29T05:51:56Z
doi:10.1007/s10072-022-06506-w,10.1007/s10072-022-06506-w,363783650,36378365,Meta-Analysis; Journal Article; Review; Retracted Publication,,2026-04-29T05:51:56Z
doi:10.3389/fpubh.2021.768278,10.3389/fpubh.2021.768278,347781940,34778194,"Journal Article; Research Support, Non-U.S. Gov't; Retracted Publication",Medical Research Council (MC_PC_17171),2026-04-29T05:51:56Z
doi:10.1093/carcin/bgl229,10.1093/carcin/bgl229,171585270,17158527,"Comparative Study; Journal Article; Research Support, U.S. Gov't, Non-P.H.S.; Retracted Publication",,2026-04-29T05:51:56Z
doi:10.1039/d2cc03170a,10.1039/d2cc03170a,358378750,35837875,Journal Article; Retracted Publication,,2026-04-29T05:51:56Z
doi:10.1038/s41598-020-59468-4,10.1038/s41598-020-59468-4,320603080,32060308,"Journal Article; Research Support, Non-U.S. Gov't; Retracted Publication",NCI NIH HHS (P30 CA013696); NIEHS NIH HHS (R01 ES012888),2026-04-29T05:51:56Z
doi:10.1192/bjpo.bp.115.001586,10.1192/bjpo.bp.115.001586,277037360,27703736,Journal Article; Retracted Publication,,2026-04-29T05:51:56Z
doi:10.1371/journal.pone.0119859,10.1371/journal.pone.0119859,257989400,25798940,"Journal Article; Research Support, N.I.H., Extramural; Retracted Publication",NCI NIH HHS (R01 CA160867); NCI NIH HHS (R01CA160867),2026-04-29T05:51:56Z
doi:10.1155/2022/9951214,10.1155/2022/9951214,361206800,36120680,Journal Article; Retracted Publication,,2026-04-29T05:51:56Z
doi:10.1080/10543406.2023.2171430,10.1080/10543406.2023.2171430,367627720,36762772,Journal Article; Retracted Publication,,2026-04-29T05:51:56Z
doi:10.1161/strokeaha.123.043487,10.1161/strokeaha.123.043487,373502720,37350272,Journal Article; Retracted Publication,,2026-04-29T05:51:56Z
doi:10.1016/s2468-2667(23)00048-8,10.1016/s2468-2667(23)00048-8,370622960,37062296,"Comparative Study; Journal Article; Research Support, Non-U.S. Gov't; Retracted Publication",,2026-04-29T05:51:56Z
doi:10.1016/j.ijsu.2019.04.012,10.1016/j.ijsu.2019.04.012,310149680,31014968,Retraction Notice; Journal Article; Retracted Publication,,2026-04-29T05:51:56Z
doi:10.1007/s11033-019-05018-9,10.1007/s11033-019-05018-9,313968030,31396803,Journal Article; Retracted Publication,,2026-04-29T05:51:56Z
doi:10.1371/journal.pone.0098370,10.1371/journal.pone.0098370,248960910,24896091,"Journal Article; Research Support, N.I.H., Extramural; Research Support, Non-U.S. Gov't; Retracted Publication",NCI NIH HHS (U54706CA118948); NCRR NIH HHS (G12 RR003059); NIMHD NIH HHS (G12 MD007585); NIMHD NIH HHS (L60 MD003727); NCI NIH HHS (R01 CA149646); NCI NIH HHS (U54 CA118623); NCI NIH HHS (U54 CA118948),2026-04-29T05:51:56Z
doi:10.1155/2022/9592365,10.1155/2022/9592365,358728640,35872864,Journal Article; Retracted Publication,,2026-04-29T05:51:56Z
doi:10.1007/s12603-018-1045-1,10.1007/s12603-018-1045-1,,38242610,Journal Article; Retracted Publication,,2026-04-29T05:51:56Z
doi:10.1155/2022/4847066,10.1155/2022/4847066,351781240,35178124,Journal Article; Retracted Publication,,2026-04-29T05:51:56Z
doi:10.1155/2022/4279346,10.1155/2022/4279346,352872870,35287287,Journal Article; Retracted Publication,,2026-04-29T05:51:56Z
doi:10.1016/j.jaci.2021.07.044,10.1016/j.jaci.2021.07.044,345068510,34506851,"Journal Article; Research Support, N.I.H., Extramural; Research Support, U.S. Gov't, Non-P.H.S.; Retracted Publication",NHLBI NIH HHS (T32 HL140290); NIAID NIH HHS (K24 AI114769); NICHD NIH HHS (P2C HD042849); NIEHS NIH HHS (R01 ES026170); NICHD NIH HHS (R24 HD042849); NIEHS NIH HHS (R01 ES026217); NIEHS NIH HHS (R01 ES023447); EPA (R835872C004),2026-04-29T05:51:56Z
doi:10.1155/2021/5990655,10.1155/2021/5990655,349502370,34950237,Journal Article; Retracted Publication,,2026-04-29T05:51:56Z
doi:10.1186/s12865-015-0117-9,10.1186/s12865-015-0117-9,263708050,26370805,"Journal Article; Research Support, Non-U.S. Gov't; Retracted Publication",,2026-04-29T05:51:56Z
doi:10.1016/j.celrep.2014.01.026,10.1016/j.celrep.2014.01.026,245297090,24529709,"Journal Article; Research Support, N.I.H., Extramural; Research Support, Non-U.S. Gov't; Retracted Publication",NINDS NIH HHS (R01 NS072434); NINDS NIH HHS (NS072434-01),2026-04-29T05:51:56Z
doi:10.1007/s00784-014-1381-4,10.1007/s00784-014-1381-4,255023420,25502342,Journal Article; Retracted Publication,,2026-04-29T05:51:56Z
doi:10.1371/journal.pntd.0001719,10.1371/journal.pntd.0001719,228029770,22802977,"Journal Article; Research Support, Non-U.S. Gov't; Retracted Publication",,2026-04-29T05:51:56Z
doi:10.1172/jci66236,10.1172/jci66236,234547710,23454771,"Journal Article; Research Support, Non-U.S. Gov't; Retracted Publication",,2026-04-29T05:51:56Z
doi:10.1093/chemse/bjac001,10.1093/chemse/bjac001,351719790,35171979,"Journal Article; Meta-Analysis; Research Support, N.I.H., Extramural; Research Support, Non-U.S. Gov't; Systematic Review; Retracted Publication",NIDCD NIH HHS (T32 DC000014); NIDCD NIH HHS (U01 DC019578); NIH HHS (DC000014); NINR NIH HHS (No ID),2026-04-29T05:51:56Z
doi:10.1038/nature07767,10.1038/nature07767,192255190,19225519,"Journal Article; Research Support, N.I.H., Extramural; Research Support, Non-U.S. Gov't; Retracted Publication",NIA NIH HHS (R01 AG025970); NEI NIH HHS (R01 EY007025); NEI NIH HHS (R01 EY07025),2026-04-29T05:51:56Z
doi:10.1158/0008-5472.can-05-1455,10.1158/0008-5472.can-05-1455,163222360,16322236,"Journal Article; Research Support, N.I.H., Extramural; Retracted Publication",NCI NIH HHS (R01 CA086978); NIEHS NIH HHS (ES10874); NCI NIH HHS (CA81024); NIEHS NIH HHS (R01 ES010874); NCI NIH HHS (R01 CA081024); NCI NIH HHS (CA86978),2026-04-29T05:51:56Z
doi:10.1158/0008-5472.can-10-2839,10.1158/0008-5472.can-10-2839,211596470,21159647,"Journal Article; Research Support, N.I.H., Extramural; Retracted Publication",NCI NIH HHS (R01 CA086978); NCI NIH HHS (R01 CA118306); NCI NIH HHS (CA086978); NCI NIH HHS (CA122523); NCI NIH HHS (P30 CA016058); NCI NIH HHS (P30 CA16058); NCI NIH HHS (R21 CA122523),2026-04-29T05:51:56Z
doi:10.1158/0008-5472.can-08-3669,10.1158/0008-5472.can-08-3669,194171330,19417133,"Journal Article; Research Support, N.I.H., Extramural; Retracted Publication",NCI NIH HHS (P01 CA101956); NCI NIH HHS (R01 CA086978); NCI NIH HHS (CA101956),2026-04-29T05:51:56Z
doi:10.1158/0008-5472.can-07-6655,10.1158/0008-5472.can-07-6655,185939030,18593903,"Journal Article; Research Support, N.I.H., Extramural; Retracted Publication",NCI NIH HHS (R01 CA086978); NCI NIH HHS (P01 CA101956); NCI NIH HHS (CA086978); NCI NIH HHS (P01CA101956); NCI NIH HHS (CA122695); NCI NIH HHS (R21 CA122694),2026-04-29T05:51:56Z
doi:10.1016/j.avsg.2017.06.149,10.1016/j.avsg.2017.06.149,286899400,28689940,Journal Article; Retracted Publication,NIGMS NIH HHS (T32 GM008750),2026-04-29T05:51:56Z
doi:10.1111/cas.14375,10.1111/cas.14375,321337420,32133742,Journal Article; Retracted Publication,Guangzhou Science High-Level Clinical Key Specialty Construction and Postdoctoral Science Foundation of China (2019M652852); National Natural Science Foundation of China (Grant No. 81972918),2026-04-29T05:51:56Z
doi:10.1159/000524723,10.1159/000524723,357600630,35760063,"News; Research Support, N.I.H., Extramural; Retracted Publication",NINDS NIH HHS (R01 NS102233); NINDS NIH HHS (RF1 NS102233),2026-04-29T05:51:56Z
doi:10.1038/s41467-023-37096-6,10.1038/s41467-023-37096-6,369146580,36914658,"Journal Article; Research Support, N.I.H., Extramural; Research Support, Non-U.S. Gov't; Retracted Publication",NCI NIH HHS (P30 CA006516); NCI NIH HHS (P50 CA127003); NCI NIH HHS (P50 CA168504); NCI NIH HHS (R01 CA272982),2026-04-29T05:51:56Z
doi:10.1111/j.1462-2920.2009.01906.x,10.1111/j.1462-2920.2009.01906.x,195085580,19508558,"Journal Article; Research Support, N.I.H., Extramural; Retracted Publication",NIAID NIH HHS (R01 AI063211); NIAID NIH HHS (AI063211),2026-04-29T05:51:56Z
doi:10.3758/s13428-021-01762-8,10.3758/s13428-021-01762-8,353846050,35384605,"Review; Journal Article; Research Support, N.I.H., Extramural; Retracted Publication",NCI NIH HHS (R01 CA258021); NEI NIH HHS (R01 EY023591); NEI NIH HHS (R01 EY031971),2026-04-29T05:51:56Z
doi:10.1038/s41467-019-09865-9,10.1038/s41467-019-09865-9,310614160,31061416,"Journal Article; Research Support, Non-U.S. Gov't; Retracted Publication",,2026-04-29T05:51:56Z
doi:10.1152/japplphysiol.00210.2023,10.1152/japplphysiol.00210.2023,373189850,37318985,"Journal Article; Research Support, N.I.H., Extramural; Research Support, Non-U.S. Gov't; Retracted Publication",NIAMS NIH HHS (U01 AR071133),2026-04-29T05:51:56Z
doi:10.1371/journal.pone.0015137,10.1371/journal.pone.0015137,211792030,21179203,"Journal Article; Research Support, Non-U.S. Gov't; Retracted Publication",,2026-04-29T05:51:56Z
doi:10.3389/fradi.2021.661237,10.3389/fradi.2021.661237,374921710,37492171,Journal Article; Retracted Publication,,2026-04-29T05:51:56Z
doi:10.1111/ajt.13511,10.1111/ajt.13511,265507770,26550777,"Journal Article; Research Support, N.I.H., Extramural; Research Support, Non-U.S. Gov't; Research Support, U.S. Gov't, Non-P.H.S.; Retracted Publication",NIDDK NIH HHS (R42 DK074331); NIDDK NIH HHS (2R42DK074331),2026-04-29T05:51:56Z
doi:10.1016/j.cyto.2017.12.016,10.1016/j.cyto.2017.12.016,292745400,29274540,Journal Article; Randomized Controlled Trial; Retracted Publication,,2026-04-29T05:51:56Z
doi:10.1177/00099228231165713,10.1177/00099228231165713,370818270,37081827,Journal Article; Retracted Publication,,2026-04-29T05:51:56Z
doi:10.1128/mra.00223-21,10.1128/mra.00223-21,338589300,33858930,Journal Article; Retracted Publication,,2026-04-29T05:51:56Z
doi:10.1002/pmrj.12649,10.1002/pmrj.12649,340531940,34053194,Journal Article; Retracted Publication,,2026-04-29T05:51:56Z
doi:10.1002/pmrj.12673,10.1002/pmrj.12673,342517630,34251763,Journal Article; Retracted Publication,,2026-04-29T05:51:56Z
doi:10.1007/s11010-007-9496-4,10.1007/s11010-007-9496-4,175301900,17530190,"Journal Article; Research Support, Non-U.S. Gov't; Retracted Publication",,2026-04-29T05:51:56Z
doi:10.1111/evo.14483,10.1111/evo.14483,354206990,35420699,Journal Article; Retracted Publication,,2026-04-29T05:51:56Z
doi:10.1038/s41372-023-01641-4,10.1038/s41372-023-01641-4,369147980,36914798,Journal Article; Retracted Publication,,2026-04-29T05:51:56Z
doi:10.1038/nm.4153,10.1038/nm.4153,274555100,27455510,Journal Article; Retracted Publication,NHLBI NIH HHS (P01 HL108801); NIA NIH HHS (R21 AG044755); NIA NIH HHS (K01 AG034999); NHLBI NIH HHS (R01 HL132198); NHLBI NIH HHS (R01 HL055330); NHLBI NIH HHS (R01 HL079904); NHLBI NIH HHS (P01 HL114501),2026-04-29T05:51:56Z
doi:10.1155/2021/4894022,10.1155/2021/4894022,345672850,34567285,Journal Article; Review; Retracted Publication,,2026-04-29T05:51:56Z
doi:10.1155/2021/8056225,10.1155/2021/8056225,341359530,34135953,Journal Article; Retracted Publication,,2026-04-29T05:51:56Z
doi:10.1136/bcr-2021-241572,10.1136/bcr-2021-241572,336375130,33637513,Case Reports; Journal Article; Retracted Publication,,2026-04-29T05:51:56Z
doi:10.1016/s0092-8674(00)80804-1,10.1016/s0092-8674(00)80804-1,103999200,10399920,"Journal Article; Research Support, Non-U.S. Gov't; Research Support, U.S. Gov't, P.H.S.; Retracted Publication",NINDS NIH HHS (NS22764),2026-04-29T05:51:56Z
doi:10.1177/09544119221075941,10.1177/09544119221075941,351307750,35130775,Journal Article; Retracted Publication,,2026-04-29T05:51:56Z
doi:10.3390/molecules27123828,10.3390/molecules27123828,357449580,35744958,Journal Article; Review; Retracted Publication,,2026-04-29T05:51:56Z
doi:10.2147/ijn.s359664,10.2147/ijn.s359664,356561650,35656165,Journal Article; Retracted Publication,,2026-04-29T05:51:56Z
doi:10.1155/2021/5530149,10.1155/2021/5530149,339771030,33977103,Journal Article; Meta-Analysis; Systematic Review; Retracted Publication,,2026-04-29T05:51:56Z
doi:10.1038/s41586-021-04061-6,10.1038/s41586-021-04061-6,347328900,34732890,"Journal Article; Research Support, N.I.H., Extramural; Research Support, Non-U.S. Gov't; Research Support, U.S. Gov't, Non-P.H.S.; Retracted Publication",NIGMS NIH HHS (R35 GM125034); NCI NIH HHS (R35 CA220500); NCI NIH HHS (T32 CA009140); NIAID NIH HHS (R01 AI143997); NCI NIH HHS (K08 CA230223); NCI NIH HHS (U54 CA232568),2026-04-29T05:51:56Z
doi:10.1038/s41586-023-05742-0,10.1038/s41586-023-05742-0,368903730,36890373,"Journal Article; Research Support, Non-U.S. Gov't; Research Support, U.S. Gov't, Non-P.H.S.; Retracted Publication",National Science Foundation (DMR-2046796); US Department of Energy (DE-SC0020340),2026-04-29T05:51:56Z
doi:10.1001/jamapsychiatry.2023.2378,10.1001/jamapsychiatry.2023.2378,375311310,37531131,"Journal Article; Research Support, N.I.H., Extramural; Retracted Publication",NCATS NIH HHS (UL1 TR001863); NIMH NIH HHS (U01 MH081928); NIMH NIH HHS (U01 MH081944); NIMH NIH HHS (U01 MH081902); NIMH NIH HHS (U01 MH082004); NIMH NIH HHS (U01 MH081988); NIMH NIH HHS (U01 MH082022); NIMH NIH HHS (U01 MH076989); NIMH NIH HHS (U01 MH081857),2026-04-29T05:51:56Z
doi:10.1007/s10943-016-0207-x,10.1007/s10943-016-0207-x,269204140,26920414,Journal Article; Retracted Publication,,2026-04-29T05:51:56Z
doi:10.1042/bsr20212446,10.1042/bsr20212446,349844360,34984436,"Journal Article; Research Support, N.I.H., Extramural; Research Support, Non-U.S. Gov't; Retracted Publication",NCI NIH HHS (U01 CA151452),2026-04-29T05:51:56Z
doi:10.1016/j.envint.2022.107417,10.1016/j.envint.2022.107417,359143350,35914335,"Journal Article; Research Support, Non-U.S. Gov't; Retracted Publication",,2026-04-29T05:51:56Z
doi:10.1016/j.yjmcc.2010.10.023,10.1016/j.yjmcc.2010.10.023,210354530,21035453,"Journal Article; Research Support, Non-U.S. Gov't; Retracted Publication",NCRR NIH HHS (P20 RR016474),2026-04-29T05:51:56Z
doi:10.1021/ml100224d,10.1021/ml100224d,212430390,21243039,Journal Article; Retracted Publication,NCI NIH HHS (R01 CA106439); NCI NIH HHS (R01 CA128865),2026-04-29T05:51:56Z
doi:10.3390/ijms232415598,10.3390/ijms232415598,365552450,36555245,Journal Article; Retracted Publication,,2026-04-29T05:51:56Z
doi:10.1016/j.ygyno.2008.04.033,10.1016/j.ygyno.2008.04.033,185892100,18589210,"Journal Article; Research Support, N.I.H., Extramural; Research Support, Non-U.S. Gov't; Retracted Publication",NCI NIH HHS (CA98166),2026-04-29T05:51:56Z
doi:10.1293/tox.2013-0031,10.1293/tox.2013-0031,245268190,24526819,Journal Article; Retracted Publication,,2026-04-29T05:51:56Z
doi:10.1155/2023/2263033,10.1155/2023/2263033,369099760,36909976,Journal Article; Retracted Publication,,2026-04-29T05:51:56Z
doi:10.1016/j.freeradbiomed.2011.09.005,10.1016/j.freeradbiomed.2011.09.005,219965630,21996563,"Journal Article; Research Support, N.I.H., Extramural; Retracted Publication",NCRR NIH HHS (P20 RR016474),2026-04-29T05:51:56Z
doi:10.1155/2022/2568162,10.1155/2022/2568162,361723170,36172317,Journal Article; Retracted Publication,,2026-04-29T05:51:56Z
doi:10.1182/blood-2004-08-3262,10.1182/blood-2004-08-3262,155361460,15536146,"Journal Article; Research Support, Non-U.S. Gov't; Research Support, U.S. Gov't, P.H.S.; Retracted Publication",,2026-04-29T05:51:56Z
doi:10.1371/journal.pone.0117498,10.1371/journal.pone.0117498,257932560,25793256,"Journal Article; Research Support, N.I.H., Extramural; Retracted Publication",NIMH NIH HHS (R15 MH093918); NIMH NIH HHS (1R15MH093918-01A1),2026-04-29T05:51:56Z
doi:10.1080/17434440.2022.2075726,10.1080/17434440.2022.2075726,357480290,35748029,Journal Article; Retracted Publication,,2026-04-29T05:51:56Z
doi:10.1002/mnfr.201901115,10.1002/mnfr.201901115,319657130,31965713,"Journal Article; Research Support, N.I.H., Extramural; Research Support, Non-U.S. Gov't; Retracted Publication",,2026-04-29T05:51:56Z
doi:10.1155/2022/6221211,10.1155/2022/6221211,354497360,35449736,Journal Article; Retracted Publication,,2026-04-29T05:51:56Z
doi:10.1186/s12943-019-1116-x,10.1186/s12943-019-1116-x,318493310,31849331,"Journal Article; Research Support, Non-U.S. Gov't; Retracted Publication",,2026-04-29T05:51:56Z
doi:10.2164/jandrol.110.012179,10.2164/jandrol.110.012179,,21932451,Retraction Notice,,2026-04-29T05:51:56Z
doi:10.1016/j.chempr.2019.05.013,10.1016/j.chempr.2019.05.013,313846940,31384694,Journal Article; Retracted Publication,NCI NIH HHS (P30 CA014599); NCI NIH HHS (R01 CA216436); NCI NIH HHS (U01 CA151455); NCI NIH HHS (U01 CA198989),2026-04-29T05:51:56Z
doi:10.1038/s41598-019-44979-6,10.1038/s41598-019-44979-6,312277230,31227723,"Journal Article; Research Support, Non-U.S. Gov't; Retracted Publication",,2026-04-29T05:51:56Z
doi:10.1155/2022/6254177,10.1155/2022/6254177,358728620,35872862,Journal Article; Retracted Publication,,2026-04-29T05:51:56Z
doi:10.1158/1541-7786.mcr-12-0629,10.1158/1541-7786.mcr-12-0629,233785770,23378577,"Journal Article; Research Support, N.I.H., Extramural; Research Support, Non-U.S. Gov't; Retracted Publication",NCI NIH HHS (U54 CA143868); NCI NIH HHS (U54-CA143868),2026-04-29T05:51:56Z
doi:10.1186/s12889-022-14341-z,10.1186/s12889-022-14341-z,362618080,36261808,"Journal Article; Research Support, Non-U.S. Gov't; Retracted Publication",,2026-04-29T05:51:56Z
doi:10.1186/s13195-021-00769-9,10.1186/s13195-021-00769-9,335579490,33557949,"Journal Article; Research Support, Non-U.S. Gov't; Retracted Publication",,2026-04-29T05:51:56Z
doi:10.1155/2022/7469970,10.1155/2022/7469970,361597530,36159753,Journal Article; Retracted Publication,,2026-04-29T05:51:56Z
doi:10.1097/01.fjc.0000175438.94906.a0,10.1097/01.fjc.0000175438.94906.a0,161163420,16116342,"Journal Article; Research Support, N.I.H., Extramural; Research Support, Non-U.S. Gov't; Research Support, U.S. Gov't, Non-P.H.S.; Research Support, U.S. Gov't, P.H.S.",NIDDK NIH HHS (DK 52798),2026-04-29T05:51:56Z
doi:10.1097/01.fjc.0000159044.27618.be,10.1097/01.fjc.0000159044.27618.be,158214420,15821442,Comparative Study; Journal Article,,2026-04-29T05:51:56Z
doi:10.1037/cou0000134,10.1037/cou0000134,266896270,26689627,Journal Article; Retracted Publication,,2026-04-29T05:51:56Z
doi:10.1037/cou0000272,10.1037/cou0000272,299993710,29999371,Journal Article; Retracted Publication,,2026-04-29T05:51:56Z
doi:10.1037/cou0000311,10.1037/cou0000311,302991240,30299124,Journal Article; Retracted Publication,,2026-04-29T05:51:56Z
doi:10.1037/cou0000567,10.1037/cou0000567,345705380,34570538,Journal Article; Retracted Publication,,2026-04-29T05:51:56Z
doi:10.1037/cou0000053,10.1037/cou0000053,256026030,25602603,"Journal Article; Research Support, Non-U.S. Gov't; Retracted Publication",,2026-04-29T05:51:56Z
doi:10.1037/cou0000090,10.1037/cou0000090,260102870,26010287,Journal Article; Retracted Publication,,2026-04-29T05:51:56Z
doi:10.1161/circoutcomes.118.005010,10.1161/circoutcomes.118.005010,308574100,30857410,"Comparative Study; Journal Article; Research Support, N.I.H., Extramural; Retracted Publication",NHLBI NIH HHS (R01 HL144555); NIMHD NIH HHS (R21 MD012867),2026-04-29T05:51:56Z
doi:10.1007/s00210-020-01948-5,10.1007/s00210-020-01948-5,326999580,32699958,Journal Article; Retracted Publication,,2026-04-29T05:51:56Z
doi:10.1038/s41419-019-1475-7,10.1038/s41419-019-1475-7,308505870,30850587,"Journal Article; Research Support, Non-U.S. Gov't; Retracted Publication",,2026-04-29T05:51:56Z
doi:10.1039/d0lc00071j,10.1039/d0lc00071j,323472630,32347263,"Journal Article; Research Support, Non-U.S. Gov't; Retracted Publication",,2026-04-29T05:51:56Z
doi:10.1002/anie.201909426,10.1002/anie.201909426,314656170,31465617,"Journal Article; Research Support, N.I.H., Extramural; Retracted Publication",NIGMS NIH HHS (R01 GM073072); NIGMS NIH HHS (R01 GM131431); NIGMS NIH HHS (T32 GM105538),2026-04-29T05:51:56Z
doi:10.1021/acscatal.9b03608,10.1021/acscatal.9b03608,362473450,36247345,Journal Article,NIGMS NIH HHS (R01 GM073072); NIGMS NIH HHS (R01 GM131431); NIGMS NIH HHS (T32 GM105538),2026-04-29T05:51:56Z
doi:10.1038/s41417-021-00332-6,10.1038/s41417-021-00332-6,338542170,33854217,"Journal Article; Research Support, Non-U.S. Gov't; Retracted Publication",,2026-04-29T05:51:56Z
doi:10.1155/2022/6162445,10.1155/2022/6162445,358145690,35814569,Journal Article; Retracted Publication,,2026-04-29T05:51:56Z
doi:10.1155/2022/5489084,10.1155/2022/5489084,362759650,36275965,Journal Article; Retracted Publication,,2026-04-29T05:51:56Z
doi:10.1038/s41467-018-07998-x,10.1038/s41467-018-07998-x,306310600,30631060,"Journal Article; Research Support, Non-U.S. Gov't; Retracted Publication",NCI NIH HHS (T32 CA078207),2026-04-29T05:51:56Z
doi:10.1186/bcr3356,10.1186/bcr3356,231515930,23151593,"Journal Article; Research Support, N.I.H., Extramural; Research Support, Non-U.S. Gov't; Retracted Publication",NCI NIH HHS (K01CA120051 01A2),2026-04-29T05:51:56Z
doi:10.1038/ncomms8872,10.1038/ncomms8872,262430040,26243004,"Journal Article; Research Support, Non-U.S. Gov't; Research Support, U.S. Gov't, Non-P.H.S.; Retracted Publication",,2026-04-29T05:51:56Z
doi:10.1038/s41586-021-04376-4,10.1038/s41586-021-04376-4,352968480,35296848,"Journal Article; Research Support, Non-U.S. Gov't; Retracted Publication",European Research Council (280061),2026-04-29T05:51:56Z
doi:10.3389/fncel.2013.00043,10.3389/fncel.2013.00043,236167460,23616746,Journal Article; Retracted Publication,NICHD NIH HHS (P30 HD018655); NIMH NIH HHS (R01 MH091429); NINDS NIH HHS (R01 NS070005),2026-04-29T05:51:56Z
doi:10.1177/2333794x221138434,10.1177/2333794x221138434,366013550,36601355,Journal Article; Retracted Publication,,2026-04-29T05:51:56Z
doi:10.7759/cureus.42338,10.7759/cureus.42338,376142700,37614270,Journal Article; Retracted Publication,,2026-04-29T05:51:56Z
doi:10.3389/fonc.2021.673276,10.3389/fonc.2021.673276,341786610,34178661,Journal Article; Review; Retracted Publication,,2026-04-29T05:51:56Z
doi:10.3389/fimmu.2021.681984,10.3389/fimmu.2021.681984,342489650,34248965,"Journal Article; Research Support, Non-U.S. Gov't; Review; Retracted Publication",,2026-04-29T05:51:56Z
doi:10.3389/fimmu.2021.699746,10.3389/fimmu.2021.699746,344899460,34489946,Journal Article; Review; Retracted Publication,,2026-04-29T05:51:56Z
doi:10.3389/fcell.2021.686453,10.3389/fcell.2021.686453,343224830,34322483,Journal Article; Review; Retracted Publication,,2026-04-29T05:51:56Z
doi:10.1126/science.1059391,10.1126/science.1059391,112391600,11239160,"Journal Article; Research Support, Non-U.S. Gov't; Research Support, U.S. Gov't, P.H.S.",NINDS NIH HHS (F32 NS010273),2026-04-29T05:51:56Z
doi:10.1126/science.1058445,10.1126/science.1058445,112391470,11239147,"Journal Article; Research Support, Non-U.S. Gov't; Retracted Publication",,2026-04-29T05:51:56Z
doi:10.1038/onc.2015.156,10.1038/onc.2015.156,259619160,25961916,"Journal Article; Research Support, N.I.H., Extramural; Research Support, Non-U.S. Gov't; Retracted Publication",NCI NIH HHS (R21 CA168491); NCI NIH HHS (R01 CA168700); NCI NIH HHS (R21CA168491); NCI NIH HHS (R01CA132778); NCI NIH HHS (R01 CA111448); NCI NIH HHS (2R01CA111448); NCI NIH HHS (R01 CA132778); NCI NIH HHS (R01CA168700),2026-04-29T05:51:56Z
doi:10.1007/s11011-021-00890-6,10.1007/s11011-021-00890-6,350755020,35075502,Journal Article; Retracted Publication,,2026-04-29T05:51:56Z
doi:10.1038/s41598-022-05758-y,10.1038/s41598-022-05758-y,351059250,35105925,"Journal Article; Research Support, Non-U.S. Gov't; Retracted Publication",,2026-04-29T05:51:56Z
doi:10.1103/physrevlett.127.016401,10.1103/physrevlett.127.016401,342702850,34270285,Journal Article; Retracted Publication,,2026-04-29T05:51:56Z
doi:10.1073/pnas.1322913111,10.1073/pnas.1322913111,249275920,24927592,"Clinical Trial; Journal Article; Research Support, N.I.H., Extramural; Research Support, Non-U.S. Gov't; Retracted Publication",NIEHS NIH HHS (ES016936); NCRR NIH HHS (UL1 RR024999); NCI NIH HHS (P30 CA014599); NIEHS NIH HHS (R01 ES016936); NCATS NIH HHS (UL1 TR000430); NCRR NIH HHS (NIH UL1RR024999),2026-04-29T05:51:56Z
doi:10.1074/jbc.m800102200,10.1074/jbc.m800102200,182812910,18281291,"Journal Article; Research Support, N.I.H., Extramural; Retracted Publication",NCI NIH HHS (P50-CA103175),2026-04-29T05:51:56Z
doi:10.1074/jbc.m112.442939,10.1074/jbc.m112.442939,234233820,23423382,"Journal Article; Research Support, N.I.H., Extramural; Research Support, Non-U.S. Gov't; Retracted Publication",NCI NIH HHS (U54 CA143868); NCI NIH HHS (U54-CA143868),2026-04-29T05:51:56Z
doi:10.1371/journal.pone.0055695,10.1371/journal.pone.0055695,235858250,23585825,"Journal Article; Research Support, N.I.H., Extramural; Research Support, Non-U.S. Gov't; Retracted Publication",NIEHS NIH HHS (P30 ES006694); NIAID NIH HHS (R01 AI061695); NIAID NIH HHS (R01AI061695),2026-04-29T05:51:56Z
doi:10.1038/mt.2013.241,10.1038/mt.2013.241,242479290,24247929,"Journal Article; Research Support, N.I.H., Extramural; Research Support, Non-U.S. Gov't; Retracted Publication",NINDS NIH HHS (R01 NS075260); NINDS NIH HHS (1R01NS075260),2026-04-29T05:51:56Z
doi:10.1021/acs.jpclett.9b00837,10.1021/acs.jpclett.9b00837,310840130,31084013,Journal Article; Retracted Publication,,2026-04-29T05:51:56Z
doi:10.1111/j.1751-7176.2008.07572.x,10.1111/j.1751-7176.2008.07572.x,184537930,18453793,"Comparative Study; Journal Article; Randomized Controlled Trial; Research Support, N.I.H., Extramural; Retracted Publication",NIA NIH HHS (R01 AG022536); NHLBI NIH HHS (T32 HL007656); PHS HHS (R0-H251119); NIA NIH HHS (AG022536),2026-04-29T05:51:56Z
doi:10.1155/2021/6596548,10.1155/2021/6596548,342395510,34239551,Journal Article; Retracted Publication,,2026-04-29T05:51:56Z
doi:10.1039/c5nr04587h,10.1039/c5nr04587h,263768430,26376843,"Journal Article; Research Support, N.I.H., Extramural; Research Support, Non-U.S. Gov't; Research Support, U.S. Gov't, Non-P.H.S.; Retracted Publication",NCI NIH HHS (P30 CA016672); NCI NIH HHS (U54 CA151668); NCI NIH HHS (CA016672); NCI NIH HHS (U54CA151668),2026-04-29T05:51:56Z
doi:10.1111/jnc.14292,10.1111/jnc.14292,293155740,29315574,"Journal Article; Research Support, N.I.H., Extramural; Retracted Publication",NIA NIH HHS (R01 AG045264),2026-04-29T05:51:56Z
doi:10.1037/pspa0000226,10.1037/pspa0000226,325517430,32551743,Journal Article; Retracted Publication,,2026-04-29T05:51:56Z
doi:10.1016/j.enganabound.2023.02.043,10.1016/j.enganabound.2023.02.043,368752830,36875283,Journal Article; Retracted Publication,,2026-04-29T05:51:56Z
doi:10.1016/j.bone.2023.116702,10.1016/j.bone.2023.116702,367738850,36773885,"Journal Article; Research Support, Non-U.S. Gov't; Research Support, N.I.H., Extramural; Research Support, U.S. Gov't, Non-P.H.S.; Retracted Publication",BLRD VA (I01 BX003901); NIGMS NIH HHS (P20 GM125503); NCRR NIH HHS (UL1 RR029884),2026-04-29T05:51:56Z
doi:10.1371/journal.pone.0265893,10.1371/journal.pone.0265893,353496000,35349600,Journal Article; Retracted Publication,NIGMS NIH HHS (P20 GM125503); NIA NIH HHS (P01 AG013918); BLRD VA (I01 BX003901); NCRR NIH HHS (UL1 RR029884); BLRD VA (I01 BX001405),2026-04-29T05:51:56Z
doi:10.1037/pst0000135,10.1037/pst0000135,295656180,29565618,Journal Article; Retracted Publication,,2026-04-29T05:51:56Z
doi:10.1037/pst0000260,10.1037/pst0000260,318155100,31815510,Journal Article; Retracted Publication,,2026-04-29T05:51:56Z
doi:10.1186/s12873-023-00784-z,10.1186/s12873-023-00784-z,367597780,36759778,Journal Article; Retracted Publication,,2026-04-29T05:51:56Z
doi:10.1080/01612840.2022.2139102,10.1080/01612840.2022.2139102,363698590,36369859,Journal Article; Retracted Publication,,2026-04-29T05:51:56Z
doi:10.3892/ijo.2017.3871,10.3892/ijo.2017.3871,281976400,28197640,Journal Article; Retracted Publication,NCI NIH HHS (R01 CA103314),2026-04-29T05:51:56Z
doi:10.1155/2022/7754961,10.1155/2022/7754961,351543050,35154305,Journal Article; Retracted Publication,,2026-04-29T05:51:56Z
doi:10.1155/2022/1869922,10.1155/2022/1869922,357820740,35782074,Journal Article; Retracted Publication,,2026-04-29T05:51:56Z
doi:10.1155/2022/3881265,10.1155/2022/3881265,373777470,37377747,Journal Article; Retracted Publication,,2026-04-29T05:51:56Z
doi:10.1038/s41426-018-0135-9,10.1038/s41426-018-0135-9,300616220,30061622,Journal Article; Retracted Publication,National Natural Science Foundation of China (National Science Foundation of China) (81471907); National Natural Science Foundation of China (National Science Foundation of China) (81401679); National Natural Science Foundation of China (National Science Foundation of China) (81671974),2026-04-29T05:51:56Z
doi:10.15585/mmwr.mm6947a4,10.15585/mmwr.mm6947a4,332378940,33237894,Journal Article,,2026-04-29T05:51:56Z
doi:10.1002/hsr2.868,10.1002/hsr2.868,362483530,36248353,Journal Article; Retracted Publication,,2026-04-29T05:51:56Z
doi:10.1002/hsr2.529,10.1002/hsr2.529,352525930,35252593,Journal Article; Review; Retracted Publication,,2026-04-29T05:51:56Z
doi:10.1002/hsr2.1042,10.1002/hsr2.1042,366443130,36644313,Journal Article; Retracted Publication,,2026-04-29T05:51:56Z
doi:10.1002/hsr2.1080,10.1002/hsr2.1080,367213960,36721396,Journal Article; Retracted Publication,,2026-04-29T05:51:56Z
doi:10.1002/hsr2.768,10.1002/hsr2.768,359496840,35949684,Journal Article; Retracted Publication,,2026-04-29T05:51:56Z
doi:10.1155/2022/1283256,10.1155/2022/1283256,355717070,35571707,Journal Article; Retracted Publication,,2026-04-29T05:51:56Z
doi:10.1016/j.fertnstert.2010.09.020,10.1016/j.fertnstert.2010.09.020,208891520,20889152,"Journal Article; Research Support, N.I.H., Extramural; Research Support, Non-U.S. Gov't; Retracted Publication",NIA NIH HHS (AG024992); NICHD NIH HHS (HD008610); NICHD NIH HHS (HD055475); NCRR NIH HHS (RR018500); NICHD NIH HHS (U54-HD28934),2026-04-29T05:51:56Z
doi:10.1002/hep.26554,10.1002/hep.26554,237446100,23744610,"Journal Article; Research Support, N.I.H., Extramural; Research Support, Non-U.S. Gov't; Retracted Publication",NIDDK NIH HHS (R01 DK079005); NIDDK NIH HHS (DK34989); Telethon (GGP09189); NIDDK NIH HHS (P30 DK034989); NIDDK NIH HHS (DK079005); NIDDK NIH HHS (5P30DK034989),2026-04-29T05:51:56Z
doi:10.1371/journal.pone.0009616,10.1371/journal.pone.0009616,202319020,20231902,"Journal Article; Research Support, N.I.H., Extramural; Research Support, Non-U.S. Gov't; Research Support, U.S. Gov't, Non-P.H.S.; Retracted Publication",NCI NIH HHS (R01 CA107078); NCI NIH HHS (R01 CA137041); NCI NIH HHS (CA137041); NCI NIH HHS (CA107078),2026-04-29T05:51:56Z
doi:10.1002/hep.25872,10.1002/hep.25872,226538370,22653837,"Journal Article; Research Support, N.I.H., Extramural; Research Support, Non-U.S. Gov't; Retracted Publication",NIDDK NIH HHS (R01 DK079005); NIDDK NIH HHS (P30 DK34989); Telethon (GGP09189); NIDDK NIH HHS (P30 DK034989); NIDDK NIH HHS (DK079005),2026-04-29T05:51:56Z
doi:10.1002/hep.24723,10.1002/hep.24723,219874530,21987453,"Journal Article; Research Support, N.I.H., Extramural; Research Support, Non-U.S. Gov't; Retracted Publication",NIDDK NIH HHS (P30 DK034989); NIDDK NIH HHS (R01 DK079005); NIDDK NIH HHS (DK34989); NIDDK NIH HHS (DK079005),2026-04-29T05:51:56Z
doi:10.3389/fphar.2021.533028,10.3389/fphar.2021.533028,336926860,33692686,Journal Article; Retracted Publication,,2026-04-29T05:51:56Z
doi:10.1136/neurintsurg-2020-017201,10.1136/neurintsurg-2020-017201,337669390,33766939,Journal Article; Retracted Publication,,2026-04-29T05:51:56Z
doi:10.1016/s1470-2045(22)00452-1,10.1016/s1470-2045(22)00452-1,359401830,35940183,"Clinical Trial, Phase II; Journal Article; Multicenter Study; Research Support, Non-U.S. Gov't; Retracted Publication",,2026-04-29T05:51:56Z
doi:10.1186/s40337-023-00808-w,10.1186/s40337-023-00808-w,372105290,37210529,Letter; Retracted Publication,,2026-04-29T05:51:56Z
doi:10.1172/jci.insight.121123,10.1172/jci.insight.121123,302828200,30282820,"Journal Article; Research Support, N.I.H., Extramural; Research Support, Non-U.S. Gov't; Research Support, U.S. Gov't, Non-P.H.S.; Retracted Publication",NHLBI NIH HHS (R01 HL135866); NHLBI NIH HHS (T32 HL116273),2026-04-29T05:51:56Z
doi:10.1037/cou0000557,10.1037/cou0000557,342920300,34292030,Journal Article; Retracted Publication,,2026-04-29T05:51:56Z
doi:10.1037/cou0000303,10.1037/cou0000303,300916220,30091622,Journal Article; Retracted Publication,,2026-04-29T05:51:56Z
doi:10.1037/cou0000515,10.1037/cou0000515,326141930,32614193,Journal Article; Retracted Publication,,2026-04-29T05:51:56Z
doi:10.1037/cou0000525,10.1037/cou0000525,326730030,32673003,Journal Article; Retracted Publication,,2026-04-29T05:51:56Z
doi:10.1037/cou0000216,10.1037/cou0000216,283839420,28383942,Journal Article; Retracted Publication,,2026-04-29T05:51:56Z
doi:10.1037/cou0000630,10.1037/cou0000630,359807070,35980707,Journal Article; Retracted Publication,,2026-04-29T05:51:56Z
doi:10.1037/cou0000636,10.1037/cou0000636,359257440,35925744,Journal Article; Retracted Publication,,2026-04-29T05:51:56Z
doi:10.1037/cou0000629,10.1037/cou0000629,359396130,35939613,Journal Article; Retracted Publication,,2026-04-29T05:51:56Z
doi:10.1177/0956797614520714,10.1177/0956797614520714,245492960,24549296,Journal Article; Retracted Publication,,2026-04-29T05:51:56Z
doi:10.1177/0956797615575277,10.1177/0956797615575277,259636140,25963614,Journal Article; Retracted Publication,,2026-04-29T05:51:56Z
doi:10.1177/1559325819901242,10.1177/1559325819901242,320300920,32030092,Journal Article; Retracted Publication,,2026-04-29T05:51:56Z
doi:10.18632/oncotarget.9803,10.18632/oncotarget.9803,272767150,27276715,Journal Article; Review; Retracted Publication,NCI NIH HHS (P30 CA016058); NCI NIH HHS (R01 CA194048),2026-04-29T05:51:56Z
doi:10.1007/bf00807935,10.1007/bf00807935,241787150,24178715,Journal Article,,2026-04-29T05:51:56Z
doi:10.1371/journal.pone.0037647,10.1371/journal.pone.0037647,226294370,22629437,"Journal Article; Research Support, N.I.H., Extramural; Research Support, Non-U.S. Gov't; Retracted Publication",NICHD NIH HHS (R01 HD029446); NICHD NIH HHS (HD029446),2026-04-29T05:51:56Z
doi:10.1155/2022/3611540,10.1155/2022/3611540,361111670,36111167,Journal Article; Retracted Publication,,2026-04-29T05:51:56Z
doi:10.14740/gr1490,10.14740/gr1490,358367070,35836707,Journal Article; Retracted Publication,,2026-04-29T05:51:56Z
doi:10.1007/s12350-016-0452-0,10.1007/s12350-016-0452-0,270258430,27025843,Journal Article; Randomized Controlled Trial; Retracted Publication,,2026-04-29T05:51:56Z
doi:10.1165/rcmb.4851,10.1165/rcmb.4851,123970200,12397020,"Journal Article; Research Support, Non-U.S. Gov't; Research Support, U.S. Gov't, P.H.S.; Retracted Publication",NIAID NIH HHS (AI-42365); NHLBI NIH HHS (HL55330); NHLBI NIH HHS (HL60234),2026-04-29T05:51:56Z
doi:10.52965/001c.24487,10.52965/001c.24487,347464790,34746479,Journal Article; Retracted Publication,,2026-04-29T05:51:56Z
doi:10.1098/rspb.2015.2694,10.1098/rspb.2015.2694,272264720,27226472,"Journal Article; Research Support, Non-U.S. Gov't; Retracted Publication",,2026-04-29T05:51:56Z
doi:10.3390/pharmaceutics13030330,10.3390/pharmaceutics13030330,338064150,33806415,Journal Article; Retracted Publication,National Science and Technology Major Project (2019ZX09201-002-006); U.S. Food and Drug Administration (2U01FD005946); Key Technologies Research and Development Program (2019YFE0190500),2026-04-29T05:51:56Z
doi:10.1007/s00204-009-0475-2,10.1007/s00204-009-0475-2,198625030,19862503,Journal Article; Retracted Publication,,2026-04-29T05:51:56Z
doi:10.1063/5.0109107,10.1063/5.0109107,363896480,36389648,Journal Article; Retracted Publication,NHLBI NIH HHS (R01 HL136141),2026-04-29T05:51:56Z
doi:10.1038/s41467-021-23242-5,10.1038/s41467-021-23242-5,340170000,34017000,"Journal Article; Research Support, Non-U.S. Gov't; Retracted Publication",,2026-04-29T05:51:56Z
doi:10.1002/pro.4367,10.1002/pro.4367,359000240,35900024,"Journal Article; Research Support, U.S. Gov't, Non-P.H.S.; Research Support, N.I.H., Extramural; Research Support, Non-U.S. Gov't; Retracted Publication",NCI NIH HHS (R01 CA214019); NCI NIH HHS (R01CA214019); NCRR NIH HHS (S10 RR028976); NIH HHS (S10 OD027000),2026-04-29T05:51:56Z
doi:10.1002/adma.201705796,10.1002/adma.201705796,293341450,29334145,Journal Article; Retracted Publication,,2026-04-29T05:51:56Z
doi:10.1002/adma.201900813,10.1002/adma.201900813,310584050,31058405,Journal Article; Retracted Publication,"Wake Forest University (No ID); National Science Foundation of Guangdong Province, China (2018A030313182); Shenzhen Bureau of Science, Technology and Innovation Commission, China (20170811154527927)",2026-04-29T05:51:56Z
doi:10.3389/fncom.2021.789998,10.3389/fncom.2021.789998,351260780,35126078,Journal Article; Retracted Publication,,2026-04-29T05:51:56Z
doi:10.1016/j.msec.2018.05.058,10.1016/j.msec.2018.05.058,300332640,30033264,Comparative Study; Journal Article; Retracted Publication,,2026-04-29T05:51:56Z
doi:10.1007/s00395-018-0682-1,10.1007/s00395-018-0682-1,297445940,29744594,"Journal Article; Research Support, Non-U.S. Gov't; Retracted Publication",National Natural Science Foundation of China (No. 81770237),2026-04-29T05:51:56Z
doi:10.1007/s10508-023-02576-9,10.1007/s10508-023-02576-9,369912120,36991212,"Journal Article; Research Support, Non-U.S. Gov't; Retracted Publication",,2026-04-29T05:51:56Z
doi:10.1208/s12249-021-02021-x,10.1208/s12249-021-02021-x,341281060,34128106,Journal Article; Retracted Publication,,2026-04-29T05:51:56Z
doi:10.1016/j.ccr.2012.09.003,10.1016/j.ccr.2012.09.003,230796600,23079660,"Journal Article; Research Support, N.I.H., Extramural; Research Support, Non-U.S. Gov't; Retracted Publication",NCI NIH HHS (P30 CA076292); NCI NIH HHS (R01 CA134807); NCI NIH HHS (R01 CA137123),2026-04-29T05:51:56Z
doi:10.1007/11008941_18,10.1007/11008941_18,,41843020,Journal Article,"Program of Medicine and Engineering cross fund of Shanghai Jiao Tong University (Grant No. YG2023LC08); ""Tianshan Yingcai"" medical and health high-level personnel training plan (Grant No. TSYC202301B153); National Natural Science Foundation of China (Grant No. 82304529)",2026-04-29T05:51:56Z
doi:10.1016/j.arth.2023.05.031,10.1016/j.arth.2023.05.031,372860500,37286050,Letter; Comment,,2026-04-29T05:51:56Z
doi:10.1371/journal.pone.0225869,10.1371/journal.pone.0225869,335560620,33556062,"Journal Article; Research Support, N.I.H., Extramural; Retracted Publication",NCI NIH HHS (R43 CA183353),2026-04-29T05:51:56Z
doi:10.1016/j.arth.2023.05.032,10.1016/j.arth.2023.05.032,372860590,37286059,Letter; Comment,,2026-04-29T05:51:56Z
doi:10.2131/jts.41.195,10.2131/jts.41.195,269616030,26961603,"Journal Article; Research Support, Non-U.S. Gov't; Retracted Publication",,2026-04-29T05:51:56Z
doi:10.1007/s10803-021-05120-7,10.1007/s10803-021-05120-7,342785270,34278527,Journal Article; Retracted Publication,,2026-04-29T05:51:56Z
doi:10.1016/j.celrep.2015.05.046,10.1016/j.celrep.2015.05.046,261197350,26119735,"Journal Article; Research Support, N.I.H., Extramural; Retracted Publication",NHLBI NIH HHS (P01 HL108801); NHLBI NIH HHS (T32 HL007633); NHLBI NIH HHS (R01 HL060234); NHLBI NIH HHS (R01 HL055330); NHLBI NIH HHS (R01 HL079904); NHLBI NIH HHS (P01 HL114501),2026-04-29T05:51:56Z
doi:10.1002/jts.22067,10.1002/jts.22067,267641960,26764196,Journal Article; Retracted Publication,,2026-04-29T05:51:56Z
doi:10.1016/j.stem.2010.03.001,10.1016/j.stem.2010.03.001,203625380,20362538,"Journal Article; Research Support, N.I.H., Extramural; Research Support, Non-U.S. Gov't; Retracted Publication",NCI NIH HHS (P30 CA008748); NINDS NIH HHS (R01 NS052671); NINDS NIH HHS (NS052671),2026-04-29T05:51:56Z
doi:10.1016/j.stem.2007.04.001,10.1016/j.stem.2007.04.001,183713380,18371338,"Journal Article; Research Support, N.I.H., Extramural; Retracted Publication",NIDDK NIH HHS (5R37DK042989); NINDS NIH HHS (R37NS033529),2026-04-29T05:51:56Z
doi:10.1038/sj.onc.1207776,10.1038/sj.onc.1207776,152086780,15208678,"Journal Article; Research Support, Non-U.S. Gov't; Research Support, U.S. Gov't, Non-P.H.S.; Research Support, U.S. Gov't, P.H.S.; Retracted Publication",NCI NIH HHS (1 R01 CA096805); NINDS NIH HHS (1 R01 NS046628-01A1),2026-04-29T05:51:56Z
doi:10.1111/j.1476-5381.2012.01969.x,10.1111/j.1476-5381.2012.01969.x,224719740,22471974,Journal Article; Retracted Publication,,2026-04-29T05:51:56Z
doi:10.1016/j.nutres.2021.06.005,10.1016/j.nutres.2021.06.005,342842690,34284269,"Journal Article; Research Support, Non-U.S. Gov't; Retracted Publication",,2026-04-29T05:51:56Z
doi:10.3892/etm.2018.6542,10.3892/etm.2018.6542,302145160,30214516,Journal Article; Retracted Publication,,2026-04-29T05:51:56Z
doi:10.3389/fcvm.2021.798091,10.3389/fcvm.2021.798091,350970180,35097018,Journal Article; Retracted Publication,,2026-04-29T05:51:56Z
doi:10.1093/cid/ciz943,10.1093/cid/ciz943,315603660,31560366,"Journal Article; Research Support, N.I.H., Extramural",NINDS NIH HHS (R01 NS034235),2026-04-29T05:51:56Z
doi:10.1093/cid/ciab204,10.1093/cid/ciab204,336756650,33675665,Editorial; Comment,,2026-04-29T05:51:56Z
doi:10.1016/j.jconrel.2019.08.028,10.1016/j.jconrel.2019.08.028,314658250,31465825,"Journal Article; Research Support, N.I.H., Extramural; Research Support, Non-U.S. Gov't; Retracted Publication",NIEHS NIH HHS (R01 ES024681),2026-04-29T05:51:56Z
doi:10.1007/s00500-021-06075-8,10.1007/s00500-021-06075-8,343936470,34393647,Journal Article; Retracted Publication,,2026-04-29T05:51:56Z
doi:10.1371/journal.pone.0277977,10.1371/journal.pone.0277977,364174810,36417481,"Journal Article; Research Support, Non-U.S. Gov't; Retracted Publication",,2026-04-29T05:51:56Z
doi:10.1038/onc.2011.365,10.1038/onc.2011.365,218604100,21860410,"Journal Article; Research Support, N.I.H., Extramural; Research Support, Non-U.S. Gov't; Retracted Publication",NCI NIH HHS (T32 CA130840); NCI NIH HHS (U54 CA143868); NCI NIH HHS (T32-CA130840); NCI NIH HHS (U54-CA143868),2026-04-29T05:51:56Z
doi:10.11607/jomi.9555,10.11607/jomi.9555,370995720,37099572,Journal Article; Retracted Publication,,2026-04-29T05:51:56Z
doi:10.3892/ijo.2013.2046,10.3892/ijo.2013.2046,239038260,23903826,"Journal Article; Research Support, Non-U.S. Gov't; Retracted Publication",,2026-04-29T05:51:56Z
doi:10.7759/cureus.33150,10.7759/cureus.33150,369603300,36960330,Case Reports; Journal Article; Retracted Publication,,2026-04-29T05:51:56Z
doi:10.1371/journal.pone.0029649,10.1371/journal.pone.0029649,222722400,22272240,"Journal Article; Research Support, N.I.H., Extramural; Research Support, Non-U.S. Gov't; Retracted Publication",NHLBI NIH HHS (HL074399); NHLBI NIH HHS (R01 HL074399); NHLBI NIH HHS (HL080499); NHLBI NIH HHS (R01 HL079584); NCRR NIH HHS (P20 RR 024215); NHLBI NIH HHS (HL079584); NHLBI NIH HHS (HL105157); NHLBI NIH HHS (R01 HL110488); NHLBI NIH HHS (R01 HL105157); NCRR NIH HHS (P20 RR024215); NHLBI NIH HHS (R01 HL080499),2026-04-29T05:51:56Z
doi:10.1371/journal.pone.0000414,10.1371/journal.pone.0000414,174763360,17476336,"Journal Article; Research Support, N.I.H., Extramural; Research Support, Non-U.S. Gov't; Retracted Publication",NIDDK NIH HHS (R37 DK028492); NIDDK NIH HHS (R01 DK067565); NIDDK NIH HHS (R01 DK060635); NIDDK NIH HHS (R01 DK042921); NIDDK NIH HHS (DK60635); NIDDK NIH HHS (R01 DK028492); NIDDK NIH HHS (R01DK67565); NIDDK NIH HHS (R01DK42921); NIDDK NIH HHS (DK28492),2026-04-29T05:51:56Z
doi:10.2147/ijn.s258791,10.2147/ijn.s258791,328016900,32801690,Journal Article; Retracted Publication,,2026-04-29T05:51:56Z
doi:10.1093/neuonc/noac067,10.1093/neuonc/noac067,353050880,35305088,"Journal Article; Research Support, N.I.H., Extramural; Research Support, Non-U.S. Gov't; Retracted Publication",NCI NIH HHS (T32 CA067754); NIGMS NIH HHS (T32 GM007198); NCI NIH HHS (U19 CA264512); NCI NIH HHS (U01 CA168397),2026-04-29T05:51:56Z
doi:10.1097/mnm.0000000000001477,10.1097/mnm.0000000000001477,344061440,34406144,Journal Article; Retracted Publication,,2026-04-29T05:51:56Z
doi:10.1371/journal.pone.0036717,10.1371/journal.pone.0036717,225742180,22574218,"Journal Article; Research Support, N.I.H., Extramural; Research Support, Non-U.S. Gov't; Retracted Publication",NHLBI NIH HHS (HL074399); NHLBI NIH HHS (HL110488); NHLBI NIH HHS (R01 HL074399); NHLBI NIH HHS (HL080499); NHLBI NIH HHS (R01 HL079584); NCRR NIH HHS (5P20RR024215-5); NHLBI NIH HHS (HL079584); NHLBI NIH HHS (HL105157); NHLBI NIH HHS (R01 HL110488); NHLBI NIH HHS (R01 HL105157); NCRR NIH HHS (P20 RR024215); NHLBI NIH HHS (R01 HL080499),2026-04-29T05:51:56Z
doi:10.2147/ijn.s338064,10.2147/ijn.s338064,349499230,34949923,Journal Article; Retracted Publication,,2026-04-29T05:51:56Z
doi:10.2337/db12-1229,10.2337/db12-1229,233964010,23396401,"Journal Article; Research Support, N.I.H., Extramural; Research Support, Non-U.S. Gov't; Research Support, U.S. Gov't, Non-P.H.S.; Retracted Publication",NHLBI NIH HHS (HL-110488); NHLBI NIH HHS (R01 HL089920); NHLBI NIH HHS (R01 HL074399); NHLBI NIH HHS (R01 HL079584); NHLBI NIH HHS (HL-074399); NHLBI NIH HHS (R01 HL080499); NHLBI NIH HHS (HL-08049); NHLBI NIH HHS (HL-105157); NHLBI NIH HHS (HL-096032); NHLBI NIH HHS (HL-079584); NHLBI NIH HHS (R01 HL110488); NHLBI NIH HHS (R01 HL105157); NHLBI NIH HHS (HL-089920); NHLBI NIH HHS (R01 HL096032),2026-04-29T05:51:56Z
doi:10.2337/db08-0610,10.2337/db08-0610,188359320,18835932,"Journal Article; Research Support, N.I.H., Extramural; Research Support, Non-U.S. Gov't; Retracted Publication",NHLBI NIH HHS (HL074399); NHLBI NIH HHS (R01 HL089920); NHLBI NIH HHS (R01 HL074399); NHLBI NIH HHS (HL089920); NHLBI NIH HHS (HL080499); NHLBI NIH HHS (HL079584); NHLBI NIH HHS (R01 HL079584); NHLBI NIH HHS (R01 HL080499),2026-04-29T05:51:56Z
doi:10.2337/db13-0751,10.2337/db13-0751,239749230,23974923,"Journal Article; Research Support, N.I.H., Extramural; Research Support, Non-U.S. Gov't; Retracted Publication",NHLBI NIH HHS (R01 HL089920); NHLBI NIH HHS (R01 HL074399); NHLBI NIH HHS (R01 HL079584); NHLBI NIH HHS (HL-080499); NHLBI NIH HHS (HL-074399); NHLBI NIH HHS (R43 HL110448); NHLBI NIH HHS (R01 HL080499); NHLBI NIH HHS (HL-105157); NHLBI NIH HHS (HL-096032); NHLBI NIH HHS (HL-079584); NHLBI NIH HHS (R01 HL110488); NHLBI NIH HHS (R01 HL105157); NHLBI NIH HHS (R44 HL110448); NHLBI NIH HHS (HL-110448); NHLBI NIH HHS (HL-089920); NHLBI NIH HHS (R01 HL096032),2026-04-29T05:51:56Z
doi:10.1093/geronb/gbz084,10.1093/geronb/gbz084,312014260,31201426,"Journal Article; Randomized Controlled Trial; Research Support, Non-U.S. Gov't; Retracted Publication",NIA NIH HHS (P30 AG066507),2026-04-29T05:51:56Z
doi:10.1111/j.1582-4934.2008.00547.x,10.1111/j.1582-4934.2008.00547.x,196020450,19602045,"Journal Article; Research Support, N.I.H., Extramural; Research Support, Non-U.S. Gov't; Retracted Publication",NCRR NIH HHS (P20 RR016474); NIA NIH HHS (R03 AG021324); NCRR NIH HHS (5P20RR016474); NIA NIH HHS (AG21324),2026-04-29T05:51:56Z
doi:10.1186/2045-9912-1-8,10.1186/2045-9912-1-8,221464830,22146483,Journal Article; Retracted Publication,,2026-04-29T05:51:56Z
doi:10.1016/j.jhsa.2022.01.028,10.1016/j.jhsa.2022.01.028,352773010,35277301,Journal Article; Retracted Publication,,2026-04-29T05:51:56Z
doi:10.1177/2632010x211049255,10.1177/2632010x211049255,346470200,34647020,Journal Article,,2026-04-29T05:51:56Z
doi:10.1111/j.1471-4159.2008.05736.x,10.1111/j.1471-4159.2008.05736.x,190143850,19014385,"Journal Article; Research Support, N.I.H., Extramural; Retracted Publication",NIEHS NIH HHS (R01 ES014826); NCRR NIH HHS (5P20 RR017699),2026-04-29T05:51:56Z
doi:10.3389/fmicb.2022.952321,10.3389/fmicb.2022.952321,358989160,35898916,Journal Article; Retracted Publication,,2026-04-29T05:51:56Z
doi:10.1021/acscentsci.8b00050,10.1021/acscentsci.8b00050,298060030,29806003,Journal Article; Retracted Publication,NCI NIH HHS (R01 CA206366),2026-04-29T05:51:56Z
doi:10.1186/s13034-022-00550-2,10.1186/s13034-022-00550-2,366357350,36635735,Journal Article; Retracted Publication,Agencia Estatal de Investigación (Project PID2019-111138RB-I00/AEI/10.13039/501100011033),2026-04-29T05:51:56Z
doi:10.1089/met.2018.0140,10.1089/met.2018.0140,311450360,31145036,"Journal Article; Research Support, Non-U.S. Gov't; Validation Study; Retracted Publication",,2026-04-29T05:51:56Z
doi:10.1038/s41396-019-0359-2,10.1038/s41396-019-0359-2,307188070,30718807,"Journal Article; Research Support, U.S. Gov't, Non-P.H.S.; Retracted Publication",,2026-04-29T05:51:56Z
doi:10.1038/jid.2008.140,10.1038/jid.2008.140,185093590,18509359,"Journal Article; Research Support, N.I.H., Extramural; Research Support, U.S. Gov't, Non-P.H.S.",NCCIH NIH HHS (R01 AT002536); NCCIH NIH HHS (1 RO1 AT002536),2026-04-29T05:51:56Z
doi:10.1038/jhh.2008.96,10.1038/jhh.2008.96,187019250,18701925,Journal Article,,2026-04-29T05:51:56Z
doi:10.1016/j.ymthe.2019.09.024,10.1016/j.ymthe.2019.09.024,316360390,31636039,"Journal Article; Research Support, N.I.H., Extramural; Research Support, Non-U.S. Gov't; Retracted Publication",NCI NIH HHS (R01 CA154989),2026-04-29T05:51:56Z
doi:10.3390/jcm11195788,10.3390/jcm11195788,362336560,36233656,Journal Article; Retracted Publication,,2026-04-29T05:51:56Z
doi:10.1177/1758835920922055,10.1177/1758835920922055,324260530,32426053,Journal Article; Retracted Publication,NCI NIH HHS (U01 CA151452),2026-04-29T05:51:56Z
doi:10.3791/2463,10.3791/2463,213397190,21339719,Journal Article; Video-Audio Media; Retracted Publication,NIGMS NIH HHS (R01 GM076430),2026-04-29T05:51:56Z
doi:10.1073/pnas.0909353106,10.1073/pnas.0909353106,198051920,19805192,"Journal Article; Research Support, Non-U.S. Gov't; Retracted Publication",,2026-04-29T05:51:56Z
doi:10.1039/c8cp02829j,10.1039/c8cp02829j,301136130,30113613,Journal Article; Retracted Publication,,2026-04-29T05:51:56Z
doi:10.1038/s41419-020-03266-3,10.1038/s41419-020-03266-3,333114530,33311453,"Journal Article; Research Support, Non-U.S. Gov't; Retracted Publication",,2026-04-29T05:51:56Z
doi:10.3402/gha.v7.21783,10.3402/gha.v7.21783,244388730,24438873,"Journal Article; Research Support, Non-U.S. Gov't",Medical Research Council (G0902143); Wellcome Trust (090959/Z/09/Z),2026-04-29T05:51:56Z
doi:10.1007/s11103-019-00850-w,10.1007/s11103-019-00850-w,310539880,31053988,Journal Article; Review; Retracted Publication,National Nature Science Fund (31770640); the 111 Project (B16010); Foundation Research Fund for the Central Universities of China (2572016EAJ2); Returned Overseas Researcher Fund of Heilongjiang Province (LC2015012),2026-04-29T05:51:56Z
doi:10.1177/0394632015598848,10.1177/0394632015598848,262461970,26246197,Journal Article; Retracted Publication,,2026-04-29T05:51:56Z
doi:10.1002/cbin.11915,10.1002/cbin.11915,361774960,36177496,Journal Article; Retracted Publication,"Department of Science and Technology-Fund for Improvement of S&T Infrastructure in Universities and Higher Educational Institutions (FIST) Program, Government of India, New Delhi (SERB-SR/FST/CST266/2015(c)); Science and Engineering Research Board (SERB), Government of India, New Delhi (SERB-SRG/2019/001133)",2026-04-29T05:51:56Z
doi:10.1155/2018/1837634,10.1155/2018/1837634,300694630,30069463,Journal Article; Meta-Analysis; Retracted Publication,,2026-04-29T05:51:56Z
doi:10.1089/ars.2010.3751,10.1089/ars.2010.3751,215427870,21542787,"Journal Article; Research Support, N.I.H., Extramural; Retracted Publication",NCRR NIH HHS (P20 RR016474),2026-04-29T05:51:56Z
doi:10.3934/publichealth.2019.3.326,10.3934/publichealth.2019.3.326,316372810,31637281,Journal Article; Review; Retracted Publication,,2026-04-29T05:51:56Z
doi:10.3109/08958378.2010.515624,10.3109/08958378.2010.515624,208799570,20879957,"Journal Article; Research Support, N.I.H., Extramural; Research Support, Non-U.S. Gov't; Retracted Publication; Review",NIAID NIH HHS (AI065359),2026-04-29T05:51:56Z
doi:10.4155/bio-2022-0162,10.4155/bio-2022-0162,363310370,36331037,Journal Article; Retracted Publication,,2026-04-29T05:51:56Z
doi:10.1016/j.steroids.2006.11.014,10.1016/j.steroids.2006.11.014,171743660,17174366,"Journal Article; Research Support, Non-U.S. Gov't; Research Support, U.S. Gov't, Non-P.H.S.; Retracted Publication",,2026-04-29T05:51:56Z
doi:10.1021/acsnano.8b00763,10.1021/acsnano.8b00763,295367290,29536729,"Journal Article; Research Support, N.I.H., Extramural; Research Support, Non-U.S. Gov't; Research Support, U.S. Gov't, Non-P.H.S.; Retracted Publication",NIBIB NIH HHS (R21 EB016270),2026-04-29T05:51:56Z
doi:10.5056/jnm19101,10.5056/jnm19101,319179170,31917917,Journal Article; Retracted Publication,NCATS NIH HHS (U18 TR001920),2026-04-29T05:51:56Z
doi:10.1139/bcb-2014-0075,10.1139/bcb-2014-0075,252639490,25263949,"Journal Article; Research Support, N.I.H., Extramural; Research Support, Non-U.S. Gov't; Retracted Publication",NHLBI NIH HHS (R01-HL079904); NHLBI NIH HHS (R01-HL55330); NHLBI NIH HHS (R01-HL60234),2026-04-29T05:51:56Z
doi:10.1186/s13046-022-02588-8,10.1186/s13046-022-02588-8,366276840,36627684,Journal Article; Retracted Publication,Natural Science Foundation of Hubei Province (2021CFB230),2026-04-29T05:51:56Z
doi:10.1186/s12879-023-07998-3,10.1186/s12879-023-07998-3,366941310,36694131,Journal Article; Retracted Publication,,2026-04-29T05:51:56Z
doi:10.1038/s41562-017-0234-y,10.1038/s41562-017-0234-y,293679520,29367952,Journal Article; Retracted Publication,NIMH NIH HHS (R01 MH029617); NIMH NIH HHS (R01 MH116652),2026-04-29T05:51:56Z
doi:10.2174/1389450123666220103185606,10.2174/1389450123666220103185606,350488010,35048801,Journal Article; Retracted Publication,,2026-04-29T05:51:56Z
doi:10.1098/rsbl.2022.0398,10.1098/rsbl.2022.0398,364160320,36416032,Journal Article; Retracted Publication,,2026-04-29T05:51:56Z
doi:10.1038/mt.2016.104,10.1038/mt.2016.104,272034420,27203442,"Journal Article; Research Support, Non-U.S. Gov't; Research Support, N.I.H., Extramural; Retracted Publication",NCI NIH HHS (P30 CA056036); NINDS NIH HHS (R01 NS075260),2026-04-29T05:51:56Z
doi:10.1016/j.actbio.2011.04.028,10.1016/j.actbio.2011.04.028,215711060,21571106,"Journal Article; Research Support, Non-U.S. Gov't; Retracted Publication",,2026-04-29T05:51:56Z
doi:10.1016/j.jad.2020.01.066,10.1016/j.jad.2020.01.066,320907700,32090770,"Journal Article; Research Support, N.I.H., Extramural; Retracted Publication",NIMH NIH HHS (R33 MH110029); NIMH NIH HHS (R61 MH110029),2026-04-29T05:51:56Z
doi:10.1016/j.bbr.2017.05.039,10.1016/j.bbr.2017.05.039,285763090,28576309,Journal Article; Retracted Publication,NIMH NIH HHS (R01 MH059839),2026-04-29T05:51:56Z
doi:10.1165/rcmb.2006-0214oc,10.1165/rcmb.2006-0214oc,170797800,17079780,"Journal Article; Research Support, N.I.H., Extramural; Research Support, Non-U.S. Gov't; Retracted Publication",NIAID NIH HHS (R01-AI42365); NHLBI NIH HHS (R01-HL55330); NHLBI NIH HHS (R01-HL60234),2026-04-29T05:51:56Z
doi:10.1111/1475-6773.14130,10.1111/1475-6773.14130,366176330,36617633,Journal Article; Retracted Publication,,2026-04-29T05:51:56Z
doi:10.1159/000441799,10.1159/000441799,266132530,26613253,Case Reports; Journal Article; Retracted Publication,,2026-04-29T05:51:56Z
doi:10.1126/science.1215510,10.1126/science.1215510,224616090,22461609,"Journal Article; Research Support, Non-U.S. Gov't; Research Support, U.S. Gov't, Non-P.H.S.; Retracted Publication",,2026-04-29T05:51:56Z
doi:10.1007/s11916-020-00871-x,10.1007/s11916-020-00871-x,325062380,32506238,Journal Article; Review; Retracted Publication,,2026-04-29T05:51:56Z
doi:10.1016/j.yjmcc.2008.02.276,10.1016/j.yjmcc.2008.02.276,183779260,18377926,"Journal Article; Research Support, N.I.H., Extramural; Retracted Publication",NCRR NIH HHS (P20 RR016474); NIAAA NIH HHS (R01 AA013412); NCRR NIH HHS (5P20RR016474); NIAAA NIH HHS (1R01 AA013412),2026-04-29T05:51:56Z
doi:10.1016/j.yjmcc.2013.12.010,10.1016/j.yjmcc.2013.12.010,243680950,24368095,"Journal Article; Research Support, N.I.H., Extramural; Research Support, Non-U.S. Gov't; Retracted Publication",NIGMS NIH HHS (P20 GM103432); NCRR NIH HHS (P20 RR016474); NCRR NIH HHS (5P20RR016474); NIGMS NIH HHS (8P20GM103432),2026-04-29T05:51:56Z
doi:10.1038/onc.2008.319,10.1038/onc.2008.319,187769210,18776921,"Journal Article; Research Support, N.I.H., Extramural; Retracted Publication",NCI NIH HHS (CA106471); NIEHS NIH HHS (T32 ES07250-16),2026-04-29T05:51:56Z
doi:10.1161/res.0000000000000578,10.1161/res.0000000000000578,363020560,36302056,Journal Article; Retracted Publication,,2026-04-29T05:51:56Z
doi:10.1186/s12943-017-0615-x,10.1186/s12943-017-0615-x,282418270,28241827,Journal Article; Retracted Publication,NCI NIH HHS (P01 CA120964),2026-04-29T05:51:56Z
doi:10.1113/jphysiol.2005.096073,10.1113/jphysiol.2005.096073,162392770,16239277,"Journal Article; Research Support, N.I.H., Extramural; Retracted Publication",NIDDK NIH HHS (P30 DK034933); NIDDK NIH HHS (R01 DK051717); NIDDK NIH HHS (P30-DK 34933); NIDDK NIH HHS (R01-DK-51717),2026-04-29T05:51:56Z
doi:10.1113/jphysiol.2004.064816,10.1113/jphysiol.2004.064816,152350950,15235095,"Comparative Study; Journal Article; Research Support, Non-U.S. Gov't; Research Support, U.S. Gov't, P.H.S.; Retracted Publication",NIDDK NIH HHS (R01-DK-51717); NIDDK NIH HHS (P30-DK 34933); NIDDK NIH HHS (P30 DK034933); NIDDK NIH HHS (R01 DK051717); NIDDK NIH HHS (R01-DK-48419),2026-04-29T05:51:56Z
doi:10.1113/jp270788,10.1113/jp270788,261744210,26174421,Journal Article; Retracted Publication,NIDDK NIH HHS (P30 DK034933); NIDDK NIH HHS (R01 DK058913),2026-04-29T05:51:56Z
doi:10.1371/journal.pbio.3000168,10.1371/journal.pbio.3000168,315685230,31568523,"Journal Article; Research Support, N.I.H., Extramural; Research Support, Non-U.S. Gov't; Retracted Publication",NIAID NIH HHS (T32 AI007334); Howard Hughes Medical Institute (No ID); NIAID NIH HHS (R37 AI066224); NIAID NIH HHS (R01 AI137418); NIAID NIH HHS (R00 AI112691); NIAID NIH HHS (R01 AI066224); NIAID NIH HHS (R01 AI136735); NIAID NIH HHS (T32 AI060537),2026-04-29T05:51:56Z
doi:10.1111/j.1469-7793.2001.0431k.x,10.1111/j.1469-7793.2001.0431k.x,111582740,11158274,"Journal Article; Research Support, U.S. Gov't, P.H.S.; Retracted Publication",NIDDK NIH HHS (R01 DK048419); NIDDK NIH HHS (DK-48419); NIDDK NIH HHS (DK-51717); NIDDK NIH HHS (P30 DK034933); NIDDK NIH HHS (R01 DK051717); NIDDK NIH HHS (DK-34933),2026-04-29T05:51:56Z
doi:10.2147/dddt.s316247,10.2147/dddt.s316247,343218650,34321865,Journal Article; Retracted Publication,,2026-04-29T05:51:56Z
doi:10.1097/ccm.0b013e31817bf925,10.1097/ccm.0b013e31817bf925,185526900,18552690,"Journal Article; Research Support, N.I.H., Extramural; Research Support, Non-U.S. Gov't; Retracted Publication",NCRR NIH HHS (5P20RR016474-07),2026-04-29T05:51:56Z
doi:10.2147/ijn.s367121,10.2147/ijn.s367121,357334170,35733417,Journal Article; Retracted Publication,,2026-04-29T05:51:56Z
doi:10.1172/jci81480,10.1172/jci81480,266578640,26657864,"Journal Article; Research Support, Non-U.S. Gov't; Retracted Publication",NIDDK NIH HHS (R01 DK033201); NIDDK NIH HHS (R01 DK082659),2026-04-29T05:51:56Z
doi:10.1172/jci78253,10.1172/jci78253,255748400,25574840,"Journal Article; Research Support, N.I.H., Extramural; Retracted Publication",NHLBI NIH HHS (P01 HL108801); NHLBI NIH HHS (R01 HL060234); NHLBI NIH HHS (R01 HL055330); NHLBI NIH HHS (R01 HL079904); NHLBI NIH HHS (P01 HL114501); NHLBI NIH HHS (R01 HL112747); NHLBI NIH HHS (R01HL055330),2026-04-29T05:51:56Z
doi:10.1111/j.1471-4159.2006.04079.x,10.1111/j.1471-4159.2006.04079.x,170295980,17029598,"Journal Article; Research Support, N.I.H., Extramural; Retracted Publication",NCRR NIH HHS (5P20RR017699),2026-04-29T05:51:56Z
doi:10.1038/s41388-018-0416-8,10.1038/s41388-018-0416-8,300689400,30068940,"Journal Article; Research Support, Non-U.S. Gov't; Retracted Publication",National Natural Science Foundation of China (National Science Foundation of China) (81672339),2026-04-29T05:51:56Z
doi:10.1002/oby.20559,10.1002/oby.20559,238397910,23839791,"Journal Article; Research Support, N.I.H., Extramural; Research Support, Non-U.S. Gov't; Retracted Publication",NHLBI NIH HHS (P01 HL034300); NIDDK NIH HHS (R01 DK056601); NHLBI NIH HHS (HL55601); NHLBI NIH HHS (HL34300),2026-04-29T05:51:56Z
doi:10.1038/nature13811,10.1038/nature13811,252743100,25274310,"Journal Article; Research Support, U.S. Gov't, Non-P.H.S.; Retracted Publication",,2026-04-29T05:51:56Z
doi:10.12659/msm.933088,10.12659/msm.933088,339945380,33994538,Editorial; Retracted Publication,,2026-04-29T05:51:56Z
doi:10.1371/journal.pone.0271163,10.1371/journal.pone.0271163,359769250,35976925,"Journal Article; Research Support, Non-U.S. Gov't; Retracted Publication",,2026-04-29T05:51:56Z
doi:10.1371/journal.pone.0272213,10.1371/journal.pone.0272213,359139280,35913928,"Journal Article; Research Support, Non-U.S. Gov't; Retracted Publication",,2026-04-29T05:51:56Z
doi:10.1681/asn.2019101070,10.1681/asn.2019101070,325870740,32587074,"Journal Article; Research Support, N.I.H., Extramural; Research Support, Non-U.S. Gov't; Retracted Publication",NIDDK NIH HHS (R15 DK106666); NHLBI NIH HHS (R15 HL150721); NIGMS NIH HHS (U54 GM104942),2026-04-29T05:51:56Z
doi:10.1016/s8756-3282(03)00249-7,10.1016/s8756-3282(03)00249-7,145552590,14555259,Comparative Study; Journal Article; Retracted Publication,,2026-04-29T05:51:56Z
doi:10.1016/j.asmr.2022.06.017,10.1016/j.asmr.2022.06.017,363127130,36312713,Journal Article; Retracted Publication,,2026-04-29T05:51:56Z
doi:10.1186/s12974-015-0336-2,10.1186/s12974-015-0336-2,260679960,26067996,"Journal Article; Research Support, Non-U.S. Gov't; Retracted Publication",,2026-04-29T05:51:56Z
doi:10.1177/23969873211026998,10.1177/23969873211026998,347805790,34780579,Journal Article; Retracted Publication,Medical Research Council (G0501797),2026-04-29T05:51:56Z
doi:10.1096/fj.201700152r,10.1096/fj.201700152r,288216330,28821633,Journal Article; Retracted Publication,NIA NIH HHS (R03 AG051976),2026-04-29T05:51:56Z
doi:10.1186/s12868-018-0406-3,10.1186/s12868-018-0406-3,294717810,29471781,"Journal Article; Research Support, Non-U.S. Gov't; Retracted Publication",,2026-04-29T05:51:56Z
doi:10.1007/s12035-017-0817-7,10.1007/s12035-017-0817-7,291289020,29128902,Journal Article; Retracted Publication,Wanda Simone Endowment (N/A),2026-04-29T05:51:56Z
doi:10.1177/0891988707311043,10.1177/0891988707311043,182871710,18287171,"Journal Article; Research Support, N.I.H., Extramural; Research Support, Non-U.S. Gov't",NIA NIH HHS (AG 12914),2026-04-29T05:51:56Z
doi:10.1155/2015/798489,10.1155/2015/798489,256324010,25632401,"Journal Article; Research Support, Non-U.S. Gov't; Retracted Publication",,2026-04-29T05:51:56Z
doi:10.1093/nar/gkt500,10.1093/nar/gkt500,238047650,23804765,"Journal Article; Research Support, N.I.H., Extramural; Retracted Publication",NHLBI NIH HHS (P01 HL080101); NHLBI NIH HHS (R21 - HL102613-01); NHLBI NIH HHS (P01-HL080101); NHLBI NIH HHS (R01 - HL52771); NHLBI NIH HHS (R01 HL105242),2026-04-29T05:51:56Z
doi:10.1038/sj.onc.1207272,10.1038/sj.onc.1207272,146610560,14661056,"Comparative Study; Journal Article; Research Support, Non-U.S. Gov't; Retracted Publication",,2026-04-29T05:51:56Z
doi:10.1152/ajplung.00342.2012,10.1152/ajplung.00342.2012,230870170,23087017,"Journal Article; Research Support, N.I.H., Extramural; Research Support, Non-U.S. Gov't; Retracted Publication",NHLBI NIH HHS (R01 HL114753); NHLBI NIH HHS (K25-HL097246); NHLBI NIH HHS (K24 HL081506); NHLBI NIH HHS (R01 HL114887); NHLBI NIH HHS (K25 HL097246); NHLBI NIH HHS (T32-HL072738),2026-04-29T05:51:56Z
doi:10.1007/s11063-021-10602-x,10.1007/s11063-021-10602-x,343770800,34377080,Journal Article,,2026-04-29T05:51:56Z
doi:10.1126/science.179.4078.1129,10.1126/science.179.4078.1129,41202580,4120258,Journal Article; Retracted Publication,,2026-04-29T05:51:56Z
doi:10.1007/s12013-014-0068-4,10.1007/s12013-014-0068-4,249389000,24938900,Journal Article; Retracted Publication,,2026-04-29T05:51:56Z
doi:10.1111/1556-4029.14090,10.1111/1556-4029.14090,311579180,31157918,Journal Article; Retracted Publication,,2026-04-29T05:51:56Z
doi:10.1016/j.surg.2004.04.029,10.1016/j.surg.2004.04.029,153001890,15300189,Journal Article; Retracted Publication,,2026-04-29T05:51:56Z
doi:10.1016/j.surg.2004.05.032,10.1016/j.surg.2004.05.032,153491010,15349101,Journal Article; Retracted Publication,,2026-04-29T05:51:56Z
doi:10.1038/sj.onc.1207036,10.1038/sj.onc.1207036,147245750,14724575,"Journal Article; Research Support, Non-U.S. Gov't; Retracted Publication",,2026-04-29T05:51:56Z
doi:10.1186/s13046-020-01606-x,10.1186/s13046-020-01606-x,325606590,32560659,Journal Article; Retracted Publication,"National Natural Science Foundation of China (81772721); National Natural Science Foundation of China (81874089); National Natural Science Foundation of China (81602236); National Natural Science Foundation of China (81702522); National Major Scientific and Technological Special Project for ""Significant New Drugs Development"" (2017ZX09304022)",2026-04-29T05:51:56Z
doi:10.1038/sj.onc.1207247,10.1038/sj.onc.1207247,149735540,14973554,"Journal Article; Research Support, Non-U.S. Gov't; Retracted Publication",,2026-04-29T05:51:56Z
doi:10.1097/aud.0000000000001088,10.1097/aud.0000000000001088,341917550,34191755,Journal Article; Meta-Analysis; Systematic Review; Retracted Publication,,2026-04-29T05:51:56Z
doi:10.1093/neuros/nyab280,10.1093/neuros/nyab280,,34318887,Editorial,,2026-04-29T05:51:56Z
doi:10.1089/dia.2022.0201,10.1089/dia.2022.0201,357633270,35763327,Journal Article; Retracted Publication,,2026-04-29T05:51:56Z
doi:10.1080/21645698.2016.1148868,10.1080/21645698.2016.1148868,268914130,26891413,Journal Article; Retracted Publication,,2026-04-29T05:51:56Z
doi:10.1038/s41746-021-00502-8,10.1038/s41746-021-00502-8,344801090,34480109,Journal Article; Retracted Publication,NINDS NIH HHS (P50 NS108676),2026-04-29T05:51:56Z
doi:10.7759/cureus.29931,10.7759/cureus.29931,363488330,36348833,Case Reports; Journal Article; Retracted Publication,,2026-04-29T05:51:56Z
doi:10.3349/ymj.2015.56.5.1244,10.3349/ymj.2015.56.5.1244,262569660,26256966,"Journal Article; Research Support, Non-U.S. Gov't; Retracted Publication",NHLBI NIH HHS (R01 HL092577),2026-04-29T05:51:56Z
doi:10.1155/2022/9913700,10.1155/2022/9913700,350279260,35027926,Journal Article; Retracted Publication,,2026-04-29T05:51:56Z
doi:10.1038/s41380-019-0453-x,10.1038/s41380-019-0453-x,312893480,31289348,"Journal Article; Research Support, N.I.H., Extramural; Retracted Publication",NIA NIH HHS (RF1 AG055707); NIA NIH HHS (RF1 AG056689),2026-04-29T05:51:56Z
doi:10.1016/j.biopsych.2019.04.007,10.1016/j.biopsych.2019.04.007,311780960,31178096,"Clinical Trial; Journal Article; Research Support, N.I.H., Extramural; Retracted Publication",NIMH NIH HHS (R33 MH110029); NIMH NIH HHS (R61 MH110029),2026-04-29T05:51:56Z
doi:10.1155/2022/9149996,10.1155/2022/9149996,352515820,35251582,Journal Article; Retracted Publication,,2026-04-29T05:51:56Z
doi:10.1074/jbc.m300466200,10.1074/jbc.m300466200,126492710,12649271,"Journal Article; Research Support, Non-U.S. Gov't; Research Support, U.S. Gov't, P.H.S.; Retracted Publication",,2026-04-29T05:51:56Z
doi:10.1152/ajpgi.00452.2007,10.1152/ajpgi.00452.2007,182587930,18258793,"Journal Article; Research Support, N.I.H., Extramural; Retracted Publication",NIDDK NIH HHS (P30-DK 34933); NINDS NIH HHS (R01 NS051466-01); NIDDK NIH HHS (R01-DK-51717),2026-04-29T05:51:56Z
doi:10.1152/ajpgi.00231.2012,10.1152/ajpgi.00231.2012,229362730,22936273,"Journal Article; Research Support, N.I.H., Extramural; Retracted Publication",NIDDK NIH HHS (P30 DK 39433); NIDDK NIH HHS (R01 DK 48419),2026-04-29T05:51:56Z
doi:10.1152/ajpgi.00356.2010,10.1152/ajpgi.00356.2010,211095910,21109591,"Journal Article; Research Support, N.I.H., Extramural; Retracted Publication",NIDDK NIH HHS (DK 34933); NIDDK NIH HHS (DK 48419),2026-04-29T05:51:56Z
doi:10.1074/jbc.m115.686865,10.1074/jbc.m115.686865,265040870,26504087,"Journal Article; Research Support, N.I.H., Extramural; Retracted Publication",NHLBI NIH HHS (R01 HL064165); NHLBI NIH HHS (R01 HL074860); NHLBI NIH HHS (HL064165); NHLBI NIH HHS (HL074860),2026-04-29T05:51:56Z
doi:10.1093/jac/dkac074,10.1093/jac/dkac074,353251650,35325165,"Journal Article; Research Support, U.S. Gov't, P.H.S.; Retracted Publication",Food and Drug Administration (FDA) (75F40120C00152),2026-04-29T05:51:56Z
doi:10.1016/j.ridd.2014.01.027,10.1016/j.ridd.2014.01.027,246568080,24656808,Journal Article; Retracted Publication,,2026-04-29T05:51:56Z
doi:10.1016/j.ridd.2013.07.020,10.1016/j.ridd.2013.07.020,240770690,24077069,Journal Article; Retracted Publication,,2026-04-29T05:51:56Z
doi:10.1016/j.ridd.2013.01.015,10.1016/j.ridd.2013.01.015,234171300,23417130,"Journal Article; Research Support, Non-U.S. Gov't; Validation Study; Retracted Publication",,2026-04-29T05:51:56Z
doi:10.1016/j.ridd.2014.07.039,10.1016/j.ridd.2014.07.039,251516050,25151605,Journal Article; Retracted Publication,,2026-04-29T05:51:56Z
doi:10.1016/j.ridd.2013.07.026,10.1016/j.ridd.2013.07.026,239481270,23948127,Comparative Study; Journal Article; Retracted Publication,,2026-04-29T05:51:56Z
doi:10.1016/j.ridd.2013.04.022,10.1016/j.ridd.2013.04.022,237648240,23764824,Comparative Study; Journal Article; Retracted Publication,,2026-04-29T05:51:56Z
doi:10.1016/j.ridd.2014.06.026,10.1016/j.ridd.2014.06.026,250418770,25041877,Journal Article; Retracted Publication,,2026-04-29T05:51:56Z
doi:10.1016/j.ridd.2014.02.013,10.1016/j.ridd.2014.02.013,246568070,24656807,Journal Article; Retracted Publication,,2026-04-29T05:51:56Z
doi:10.1016/j.ridd.2014.05.017,10.1016/j.ridd.2014.05.017,249293070,24929307,Journal Article; Retracted Publication,,2026-04-29T05:51:56Z
doi:10.1016/j.prosdent.2006.10.003,10.1016/j.prosdent.2006.10.003,175479410,17547941,Case Reports; Journal Article,,2026-04-29T05:51:56Z
doi:10.1093/neuonc/noaa002,10.1093/neuonc/noaa002,319052370,31905237,Journal Article; Comment; Retracted Publication,,2026-04-29T05:51:56Z
doi:10.1093/neuonc/noz199,10.1093/neuonc/noz199,316374300,31637430,"Journal Article; Research Support, N.I.H., Extramural; Retracted Publication",NCI NIH HHS (U01 CA207091),2026-04-29T05:51:56Z
doi:10.1016/j.urology.2022.08.031,10.1016/j.urology.2022.08.031,360573230,36057323,Journal Article,,2026-04-29T05:51:56Z
doi:10.1073/pnas.1417015112,10.1073/pnas.1417015112,255246270,25524627,"Journal Article; Research Support, N.I.H., Extramural; Research Support, Non-U.S. Gov't; Retracted Publication",NHLBI NIH HHS (HL121266); NHLBI NIH HHS (R01 HL121266); NHLBI NIH HHS (HL098216); NIDDK NIH HHS (R01 DK098331); NIGMS NIH HHS (R01 GM051405); NIGMS NIH HHS (GM51405); NHLBI NIH HHS (R01 HL098216),2026-04-29T05:51:56Z
doi:10.1016/j.ridd.2013.04.021,10.1016/j.ridd.2013.04.021,237087090,23708709,Journal Article; Retracted Publication,,2026-04-29T05:51:56Z
doi:10.14740/wjon1438,10.14740/wjon1438,353173310,35317331,Journal Article; Retracted Publication,,2026-04-29T05:51:56Z
doi:10.1016/j.amsu.2022.104846,10.1016/j.amsu.2022.104846,370342720,37034272,Journal Article,,2026-04-29T05:51:56Z
doi:10.1371/journal.pone.0229035,10.1371/journal.pone.0229035,320786390,32078639,"Journal Article; Research Support, U.S. Gov't, Non-P.H.S.; Retracted Publication",,2026-04-29T05:51:56Z
doi:10.1038/mt.2012.282,10.1038/mt.2012.282,233190570,23319057,"Journal Article; Research Support, N.I.H., Extramural; Research Support, Non-U.S. Gov't; Retracted Publication",NCI NIH HHS (R01 CA134721); NCI NIH HHS (R01 CA138540),2026-04-29T05:51:56Z
doi:10.3389/fpsyg.2022.905221,10.3389/fpsyg.2022.905221,357837860,35783786,Journal Article; Review; Retracted Publication,,2026-04-29T05:51:56Z
doi:10.1016/j.jaad.2018.11.005,10.1016/j.jaad.2018.11.005,304473200,30447320,Journal Article; Retraction Notice,,2026-04-29T05:51:56Z
doi:10.1016/j.giec.2006.03.005,10.1016/j.giec.2006.03.005,166444600,16644460,Journal Article; Review,,2026-04-29T05:51:56Z
doi:10.1016/j.mcna.2013.10.011,10.1016/j.mcna.2013.10.011,242669120,24266912,Journal Article; Review,,2026-04-29T05:51:56Z
doi:10.1186/ar4300,10.1186/ar4300,242861600,24286160,Journal Article; Retracted Publication,,2026-04-29T05:51:56Z
doi:10.1016/j.esxm.2021.100447,10.1016/j.esxm.2021.100447,346880570,34688057,Journal Article,,2026-04-29T05:51:56Z
doi:10.1186/s11671-021-03475-5,10.1186/s11671-021-03475-5,335661910,33566191,Journal Article; Retracted Publication,,2026-04-29T05:51:56Z
doi:10.1371/journal.pone.0251888,10.1371/journal.pone.0251888,340149880,34014988,"Journal Article; Randomized Controlled Trial; Research Support, Non-U.S. Gov't; Retracted Publication",,2026-04-29T05:51:56Z
doi:10.1007/s13577-022-00726-0,10.1007/s13577-022-00726-0,356392820,35639282,Journal Article; Retracted Publication,Wu Jieping Medical Foundation (320.6750.19089-91); Natural Science Foundation of Inner Mongolia (2021MS08007); National Natural Science Foundation of China (81960445),2026-04-29T05:51:56Z
doi:10.1161/01.atv.0000249394.94588.82,10.1161/01.atv.0000249394.94588.82,170236790,17023679,"Journal Article; Research Support, N.I.H., Extramural; Research Support, Non-U.S. Gov't; Retracted Publication",NHLBI NIH HHS (HL074399); NHLBI NIH HHS (HL079584); NHLBI NIH HHS (HL080499),2026-04-29T05:51:56Z
doi:10.1161/atvbaha.113.301869,10.1161/atvbaha.113.301869,241150350,24115035,"Journal Article; Research Support, N.I.H., Extramural; Research Support, Non-U.S. Gov't; Retracted Publication",NHLBI NIH HHS (R01 HL089920); NHLBI NIH HHS (R01 HL074399); NHLBI NIH HHS (R01 HL079584); NHLBI NIH HHS (R01 HL080499); NHLBI NIH HHS (R01 HL096032); NHLBI NIH HHS (R01 HL110488); NHLBI NIH HHS (R01 HL105157),2026-04-29T05:51:56Z
doi:10.1007/s11095-022-03169-2,10.1007/s11095-022-03169-2,351669950,35166995,Journal Article; Retracted Publication,,2026-04-29T05:51:56Z
doi:10.1016/j.nedt.2018.03.013,10.1016/j.nedt.2018.03.013,296046060,29604606,Journal Article; Retracted Publication,,2026-04-29T05:51:56Z
doi:10.2147/ijn.s210548,10.2147/ijn.s210548,314966860,31496686,Journal Article; Retracted Publication,,2026-04-29T05:51:56Z
doi:10.1038/pcan.2008.31,10.1038/pcan.2008.31,184752850,18475285,Journal Article,,2026-04-29T05:51:56Z
doi:10.1038/icb.2011.80,10.1038/icb.2011.80,219687120,21968712,"Journal Article; Research Support, Non-U.S. Gov't; Retracted Publication",,2026-04-29T05:51:56Z
doi:10.1002/mgg3.860,10.1002/mgg3.860,314416050,31441605,"Journal Article; Research Support, N.I.H., Extramural; Research Support, Non-U.S. Gov't; Retracted Publication",NCI NIH HHS (R01 CA095731); NIDDK NIH HHS (R56 DK046441); NIH HHS (NCI R01-CA095731); NIDDK NIH HHS (R01 DK046441); NIH HHS (NIDDK R01-DK46441),2026-04-29T05:51:56Z
doi:10.1093/nar/gku1368,10.1093/nar/gku1368,255789660,25578966,"Journal Article; Research Support, N.I.H., Extramural; Research Support, Non-U.S. Gov't; Retracted Publication",NCI NIH HHS (P30 CA138292); NCI NIH HHS (R01 CA186129); NCI NIH HHS (CA186129); NCI NIH HHS (P30CA138292),2026-04-29T05:51:56Z
doi:10.2147/dddt.s71106,10.2147/dddt.s71106,255657760,25565776,Journal Article; Retracted Publication,,2026-04-29T05:51:56Z
doi:10.1111/pim.12586,10.1111/pim.12586,301875120,30187512,Journal Article; Retracted Publication,Indian Council of Medical Research (INT-117-BAS/2015),2026-04-29T05:51:56Z
doi:10.1016/s0925-4773(02)00292-7,10.1016/s0925-4773(02)00292-7,126178440,12617844,"Journal Article; Research Support, U.S. Gov't, P.H.S.; Retracted Publication",NIDDK NIH HHS (DK54364); NICHD NIH HHS (HD30249); NINDS NIH HHS (NS33642),2026-04-29T05:51:56Z
doi:10.1007/s12028-018-0638-1,10.1007/s12028-018-0638-1,303869630,30386963,"Journal Article; Research Support, Non-U.S. Gov't; Retracted Publication","Edward Mallinckrodt, Jr. Foundation (Mallinckrodt Pharmaceuticals)",2026-04-29T05:51:56Z
doi:10.1152/jn.00791.2003,10.1152/jn.00791.2003,146453800,14645380,"Comparative Study; Journal Article; Research Support, Non-U.S. Gov't; Research Support, U.S. Gov't, P.H.S.; Retracted Publication",NIDDK NIH HHS (P30-DK-34933); NIDDK NIH HHS (R01-DK-51717),2026-04-29T05:51:56Z
doi:10.1016/j.omtn.2018.06.011,10.1016/j.omtn.2018.06.011,301957940,30195794,Journal Article; Retracted Publication,,2026-04-29T05:51:56Z
doi:10.3390/genes13050913,10.3390/genes13050913,356272980,35627298,"Journal Article; Research Support, Non-U.S. Gov't; Retracted Publication",,2026-04-29T05:51:56Z
doi:10.1093/sleep/zsab304,10.1093/sleep/zsab304,349713980,34971398,Journal Article; Retracted Publication,,2026-04-29T05:51:56Z
doi:10.1007/978-3-662-56528-5_1,10.1007/978-3-662-56528-5_1,,41769082,Journal Article,,2026-04-29T05:51:56Z
doi:10.1007/978-3-662-56528-5_3,10.1007/978-3-662-56528-5_3,,41724870,Journal Article,NIH HHS (R01AI173109); NIH HHS (1R01GM105826); National Science Foundation (IOS 1656870),2026-04-29T05:51:56Z
doi:10.7717/peerj.10021,10.7717/peerj.10021,330246420,33024642,Journal Article,,2026-04-29T05:51:56Z
doi:10.1007/978-3-642-54146-9_7,10.1007/978-3-642-54146-9_7,,41867694,Journal Article,,2026-04-29T05:51:56Z
doi:10.1016/j.molcel.2014.05.030,10.1016/j.molcel.2014.05.030,249503770,24950377,"Journal Article; Research Support, N.I.H., Extramural; Research Support, Non-U.S. Gov't; Retracted Publication",NCATS NIH HHS (UL1 TR000117); NIEHS NIH HHS (ES07266); NCATS NIH HHS (UL1TR000117); NCI NIH HHS (T32 CA165990); NIEHS NIH HHS (T32 ES007266); NCI NIH HHS (R03 CA125782); NCI NIH HHS (T32CA165990); NCI NIH HHS (R21 CA127052); NCI NIH HHS (R01 CA131075),2026-04-29T05:51:56Z
doi:10.1126/science.aag2792,10.1126/science.aag2792,287295080,28729508,"Journal Article; Research Support, Non-U.S. Gov't; Retracted Publication",,2026-04-29T05:51:56Z
doi:10.1371/journal.pone.0260868,10.1371/journal.pone.0260868,351435070,35143507,"Journal Article; Research Support, Non-U.S. Gov't; Retracted Publication",,2026-04-29T05:51:56Z
doi:10.1016/j.omtn.2019.12.028,10.1016/j.omtn.2019.12.028,321931520,32193152,Journal Article; Retracted Publication,,2026-04-29T05:51:56Z
doi:10.1007/s00395-013-0335-3,10.1007/s00395-013-0335-3,233811220,23381122,"Journal Article; Research Support, N.I.H., Extramural; Retracted Publication",NIGMS NIH HHS (P20 GM103432); NCRR NIH HHS (P20 RR016474),2026-04-29T05:51:56Z
doi:10.1007/978-3-319-09483-0_320,10.1007/978-3-319-09483-0_320,,41790365,Journal Article,,2026-04-29T05:51:56Z
doi:10.1007/978-3-319-47691-9_7,10.1007/978-3-319-47691-9_7,,41867694,Journal Article,,2026-04-29T05:51:56Z
doi:10.1007/978-3-319-47504-2_24,10.1007/978-3-319-47504-2_24,,41857189,Journal Article; Review,,2026-04-29T05:51:56Z
doi:10.1007/978-3-319-43857-3_2,10.1007/978-3-319-43857-3_2,,41821971,Journal Article,,2026-04-29T05:51:56Z
doi:10.1186/s12943-018-0845-6,10.1186/s12943-018-0845-6,300017070,30001707,"Journal Article; Research Support, Non-U.S. Gov't; Retracted Publication",,2026-04-29T05:51:56Z
doi:10.1007/s11095-020-02892-y,10.1007/s11095-020-02892-y,329448440,32944844,Journal Article; Retracted Publication,Tabriz University of Medical Sciences (61627),2026-04-29T05:51:56Z
doi:10.1007/978-3-319-14911-0_7,10.1007/978-3-319-14911-0_7,,41867694,Journal Article,,2026-04-29T05:51:56Z
doi:10.1007/978-3-319-13942-5_16,10.1007/978-3-319-13942-5_16,,41857472,Journal Article,NHLBI NIH HHS (R01HL155834); NIDDK NIH HHS (R01DK043140 and R01DK106618),2026-04-29T05:51:56Z
doi:10.1007/978-3-211-75718-5_28,10.1007/978-3-211-75718-5_28,184569990,18456999,"Journal Article; Research Support, N.I.H., Intramural; Review",Intramural NIH HHS (Z99 NS999999),2026-04-29T05:51:56Z
doi:10.1016/j.ydbio.2019.01.009,10.1016/j.ydbio.2019.01.009,306391580,30639158,Journal Article,,2026-04-29T05:51:56Z
doi:10.1007/978-3-030-48238-1_44,10.1007/978-3-030-48238-1_44,339662300,33966230,Journal Article; Retracted Publication,,2026-04-29T05:51:56Z
doi:10.1007/978-3-030-24139-1_6,10.1007/978-3-030-24139-1_6,,41583538,Journal Article,NICHD NIH HHS (P2C HD058484),2026-04-29T05:51:56Z
doi:10.1016/j.sapharm.2022.10.004,10.1016/j.sapharm.2022.10.004,363477490,36347749,Journal Article; Retracted Publication,,2026-04-29T05:51:56Z
doi:10.1007/s10620-020-06055-2,10.1007/s10620-020-06055-2,320062100,32006210,"Journal Article; Research Support, Non-U.S. Gov't; Retracted Publication",Key Programme (81670594); Key Programme (31270532),2026-04-29T05:51:56Z
doi:10.1007/s00417-021-05128-w,10.1007/s00417-021-05128-w,336167560,33616756,Journal Article; Retracted Publication,,2026-04-29T05:51:56Z
doi:10.1007/978-0-387-71799-9_318,10.1007/978-0-387-71799-9_318,,41185765,Journal Article,,2026-04-29T05:51:56Z
doi:10.1007/978-0-387-71799-9_149,10.1007/978-0-387-71799-9_149,,41781544,Journal Article,National Natural Science Foundation of China (82271105); National Natural Science Foundation of China (82571240),2026-04-29T05:51:56Z
doi:10.1021/acs.nanolett.5b03073,10.1021/acs.nanolett.5b03073,264183020,26418302,"Journal Article; Research Support, N.I.H., Extramural; Retracted Publication",NCI NIH HHS (R03 CA164645); NCI NIH HHS (R21 CA188833),2026-04-29T05:51:56Z
doi:10.1038/s41419-018-1002-2,10.1038/s41419-018-1002-2,302062130,30206213,"Journal Article; Research Support, Non-U.S. Gov't; Retracted Publication",,2026-04-29T05:51:56Z
doi:10.1038/cddis.2017.54,10.1038/cddis.2017.54,282308610,28230861,"Journal Article; Research Support, Non-U.S. Gov't; Retracted Publication",NINDS NIH HHS (R01 NS072427); NINDS NIH HHS (R01 NS075243); NINDS NIH HHS (R37 NS096359),2026-04-29T05:51:56Z
doi:10.1016/j.jacbts.2019.10.006,10.1016/j.jacbts.2019.10.006,320430210,32043021,Journal Article; Retracted Publication,NHLBI NIH HHS (R01 HL128446); NHLBI NIH HHS (R01 HL139889); NHLBI NIH HHS (R01 HL145177),2026-04-29T05:51:56Z
doi:10.1007/s00455-020-10212-0,10.1007/s00455-020-10212-0,331595390,33159539,"Journal Article; Research Support, N.I.H., Extramural; Review; Retracted Publication",NIDCD NIH HHS (R01 DC014679),2026-04-29T05:51:56Z
doi:10.1128/jcm.42.12.5885-5888.2004,10.1128/jcm.42.12.5885-5888.2004,155833320,15583332,"Journal Article; Research Support, Non-U.S. Gov't; Research Support, U.S. Gov't, P.H.S.; Retracted Publication",NIAID NIH HHS (N01 AI065298); NIAID NIH HHS (N01-AI-65298),2026-04-29T05:51:56Z
doi:10.1177/09544119221090725,10.1177/09544119221090725,354456190,35445619,Journal Article; Retracted Publication,,2026-04-29T05:51:56Z
doi:10.1016/j.mtbio.2021.100099,10.1016/j.mtbio.2021.100099,337784650,33778465,Journal Article; Review; Retracted Publication,,2026-04-29T05:51:56Z
doi:10.1016/j.ccr.2010.09.005,10.1016/j.ccr.2010.09.005,209519460,20951946,"Journal Article; Research Support, Non-U.S. Gov't; Retracted Publication",Telethon (GTF03012); NCI NIH HHS (K12 CA133250); NCI NIH HHS (P01 CA129242),2026-04-29T05:51:56Z
doi:10.1016/j.ccr.2009.10.014,10.1016/j.ccr.2009.10.014,199626680,19962668,"Journal Article; Research Support, Non-U.S. Gov't; Retracted Publication",NCI NIH HHS (R01 CA135030),2026-04-29T05:51:56Z
doi:10.1002/cpt.2171,10.1002/cpt.2171,316543990,33483974,Published Erratum; Retracted Publication,,2026-04-29T05:51:56Z
doi:10.1186/1756-8722-6-93,10.1186/1756-8722-6-93,243416090,24341609,"Journal Article; Research Support, Non-U.S. Gov't; Retracted Publication",,2026-04-29T05:51:56Z
doi:10.1038/s41467-019-13388-8,10.1038/s41467-019-13388-8,318440560,31844056,"Journal Article; Research Support, Non-U.S. Gov't; Retracted Publication",,2026-04-29T05:51:56Z
doi:10.1038/s41380-019-0364-x,10.1038/s41380-019-0364-x,307335940,30733594,"Journal Article; Research Support, N.I.H., Extramural; Research Support, Non-U.S. Gov't; Retracted Publication",NIA NIH HHS (RF1 AG055707); NIA NIH HHS (RF1 AG056689),2026-04-29T05:51:56Z
doi:10.1038/ncomms5112,10.1038/ncomms5112,249347630,24934763,"Journal Article; Research Support, N.I.H., Extramural; Research Support, Non-U.S. Gov't; Retracted Publication",NCI NIH HHS (R01 CA129440); Intramural NIH HHS (Z99 NS999999); NCI NIH HHS (NIH CA129440),2026-04-29T05:51:56Z
doi:10.1038/s41389-017-0005-7,10.1038/s41389-017-0005-7,292847910,29284791,Journal Article; Retracted Publication,,2026-04-29T05:51:56Z
doi:10.1038/ijo.2017.128,10.1038/ijo.2017.128,285595410,28559541,"Journal Article; Research Support, Non-U.S. Gov't; Research Support, N.I.H., Extramural; Retracted Publication",NIGMS NIH HHS (P20 GM103432),2026-04-29T05:51:56Z
doi:10.1099/jgv.0.000819,10.1099/jgv.0.000819,286998750,28699875,Journal Article; Retracted Publication,,2026-04-29T05:51:56Z
doi:10.1007/s10549-014-3053-0,10.1007/s10549-014-3053-0,250303580,25030358,"Journal Article; Research Support, N.I.H., Extramural; Research Support, U.S. Gov't, Non-P.H.S.; Retracted Publication",NCI NIH HHS (R01 CA165306); NCI NIH HHS (1R01CA165306),2026-04-29T05:51:56Z
doi:10.1038/s41467-020-17310-5,10.1038/s41467-020-17310-5,326695680,32669568,"Journal Article; Research Support, N.I.H., Extramural; Research Support, Non-U.S. Gov't; Retracted Publication",NIAID NIH HHS (R01 AI123310),2026-04-29T05:51:56Z
doi:10.1371/journal.ppat.1005030,10.1371/journal.ppat.1005030,261216740,26121674,"Journal Article; Research Support, N.I.H., Extramural; Retracted Publication",NCI NIH HHS (R01 CA180758); NIAID NIH HHS (R21 AI113391); NIAID NIH HHS (AI 113391); NCI NIH HHS (CA 180758),2026-04-29T05:51:56Z
doi:10.1371/journal.pone.001033,10.1371/journal.pone.001033,204544570,20454457,"Journal Article; Research Support, N.I.H., Extramural; Retracted Publication",NCI NIH HHS (P01 CA101956); NCI NIH HHS (R01 CA086978); NCI NIH HHS (CA086978); NCI NIH HHS (CA101956),2026-04-29T05:51:56Z
doi:10.1126/sciadv.1500781,10.1126/sciadv.1500781,266013140,26601314,Journal Article; Retracted Publication,NHLBI NIH HHS (P01 HL034300); NHLBI NIH HHS (R01 HL105649); NHLBI NIH HHS (R01 HL109015); NHLBI NIH HHS (U01 HL071556),2026-04-29T05:51:56Z
doi:10.1038/sj.onc.1210572,10.1038/sj.onc.1210572,175637450,17563745,"Journal Article; Research Support, N.I.H., Extramural; Research Support, Non-U.S. Gov't; Retracted Publication",NIA NIH HHS (R01AG021418); NCI NIH HHS (R01CA101844); NCI NIH HHS (R01CA108612); NCI NIH HHS (R01CA111470); NIDDK NIH HHS (T32DK07790),2026-04-29T05:51:56Z
doi:10.1093/ntr/ntac167,10.1093/ntr/ntac167,358018190,35801819,Journal Article; Retracted Publication,,2026-04-29T05:51:56Z
doi:10.1152/ajpendo.00176.2012,10.1152/ajpendo.00176.2012,231322960,23132296,"Journal Article; Research Support, N.I.H., Extramural; Retracted Publication",NIGMS NIH HHS (P20 GM103432); NIGMS NIH HHS (8P20-GM-103432); NCRR NIH HHS (P20-RR-016474),2026-04-29T05:51:56Z
doi:10.1152/ajpendo.00202.2013,10.1152/ajpendo.00202.2013,243020040,24302004,"Journal Article; Research Support, N.I.H., Extramural; Research Support, Non-U.S. Gov't; Retracted Publication",NHLBI NIH HHS (R01 HL089920); NHLBI NIH HHS (R01 HL074399); NIA NIH HHS (R01 AG047776); NCRR NIH HHS (1P20-RR-024215-01); NHLBI NIH HHS (R01 HL079584); NHLBI NIH HHS (HL-080499); NHLBI NIH HHS (HL-074399); NHLBI NIH HHS (R01 HL080499); NHLBI NIH HHS (HL-096032); NHLBI NIH HHS (HL-079584); NHLBI NIH HHS (R01 HL110488); NHLBI NIH HHS (R01 HL105157); NHLBI NIH HHS (HL-089920); NHLBI NIH HHS (R01 HL096032),2026-04-29T05:51:56Z
doi:10.1371/journal.pone.0019945,10.1371/journal.pone.0019945,216377650,21637765,"Journal Article; Research Support, N.I.H., Extramural; Research Support, Non-U.S. Gov't; Retracted Publication",NCI NIH HHS (CA86366); NCI NIH HHS (CA016042); NCI NIH HHS (R21 CA131756); NEI NIH HHS (P30 EY000331); NCI NIH HHS (P30 CA016042); NICHD NIH HHS (HD48540); NCI NIH HHS (U24 CA086366); NICHD NIH HHS (R03 HD048540),2026-04-29T05:51:56Z
doi:10.1016/0091-3057(83)90278-2,10.1016/0091-3057(83)90278-2,68670600,6867060,"Journal Article; Research Support, U.S. Gov't, P.H.S.; Retracted Publication",NIMH NIH HHS (MH 30915); NIMH NIH HHS (MH/HD 37449),2026-04-29T05:51:56Z
doi:10.1038/nbt.1610,10.1038/nbt.1610,201907380,20190738,"Journal Article; Research Support, N.I.H., Extramural; Research Support, Non-U.S. Gov't; Retracted Publication",NINDS NIH HHS (F31 NS058224); NINDS NIH HHS (R01 NS038650); NINDS NIH HHS (P01NS057228); NINDS NIH HHS (P30 NS045758); NINDS NIH HHS (RC2 NS069476); NINDS NIH HHS (P01 NS057228); NINDS NIH HHS (R21 NS064328); NINDS NIH HHS (R01NS038650); NINDS NIH HHS (P30-NS045758); NINDS NIH HHS (R21NS064328),2026-04-29T05:51:56Z
doi:10.2147/ijn.s196256,10.2147/ijn.s196256,314172510,31417251,Journal Article; Retracted Publication,,2026-04-29T05:51:56Z
doi:10.1038/mp.2013.23,10.1038/mp.2013.23,234787450,23478745,"Journal Article; Research Support, N.I.H., Extramural; Research Support, Non-U.S. Gov't; Retracted Publication",NIDA NIH HHS (P30 DA013429); NIA NIH HHS (AG033568); NIDA NIH HHS (P30 DA 13429); NINDS NIH HHS (R21 NS071096); NIDA NIH HHS (T32 DA007237); NINDS NIH HHS (NS071096); NIDA NIH HHS (T32 DA 07237); NIA NIH HHS (R01 AG033568),2026-04-29T05:51:56Z
doi:10.1016/j.jse.2022.02.022,10.1016/j.jse.2022.02.022,353468480,35346848,Journal Article,,2026-04-29T05:51:56Z
doi:10.1038/nm.2577,10.1038/nm.2577,221576810,22157681,"Journal Article; Research Support, N.I.H., Extramural; Research Support, Non-U.S. Gov't; Retracted Publication",NCI NIH HHS (P01 CA129242); NCI NIH HHS (R01 CA085289); NCI NIH HHS (U54 CA113001); NCI NIH HHS (CA113001),2026-04-29T05:51:56Z
doi:10.1016/j.mehy.2022.110893,10.1016/j.mehy.2022.110893,356986410,35698641,Journal Article,,2026-04-29T05:51:56Z
doi:10.1177/0271678x16648712,10.1177/0271678x16648712,271749970,27174997,Journal Article; Retracted Publication,,2026-04-29T05:51:56Z
doi:10.1371/journal.pone.0026943,10.1371/journal.pone.0026943,220660190,22066019,"Journal Article; Research Support, N.I.H., Extramural; Retracted Publication",NCI NIH HHS (P01 CA124787); NCI NIH HHS (CA-124787-01A2),2026-04-29T05:51:56Z
doi:10.1038/s41598-021-85097-6,10.1038/s41598-021-85097-6,337075870,33707587,"Journal Article; Research Support, N.I.H., Extramural; Research Support, Non-U.S. Gov't; Retracted Publication",NIMHD NIH HHS (R01 MD012767); NIMHD NIH HHS (U54 MD012392); NCI NIH HHS (U01 CA194730),2026-04-29T05:51:56Z
doi:10.1038/s41586-020-2801-z,10.1038/s41586-020-2801-z,330572220,33057222,"Journal Article; Research Support, U.S. Gov't, Non-P.H.S.; Research Support, Non-U.S. Gov't; Retracted Publication",,2026-04-29T05:51:56Z
doi:10.1038/s41417-018-0068-4,10.1038/s41417-018-0068-4,305187820,30518782,Journal Article; Retracted Publication,,2026-04-29T05:51:56Z
doi:10.1158/0008-5472.can-09-2863,10.1158/0008-5472.can-09-2863,200681850,20068185,"Journal Article; Research Support, N.I.H., Extramural; Research Support, Non-U.S. Gov't; Research Support, U.S. Gov't, Non-P.H.S.; Retracted Publication",NCI NIH HHS (P30 CA046592); NCI NIH HHS (P30 CA46592); NCI NIH HHS (P50 CA69568); NCI NIH HHS (P50 CA069568); NCI NIH HHS (P01 CA093900),2026-04-29T05:51:56Z
doi:10.1158/0008-5472.can-08-2780,10.1158/0008-5472.can-08-2780,190749060,19074906,"Journal Article; Research Support, N.I.H., Extramural; Research Support, Non-U.S. Gov't; Research Support, U.S. Gov't, Non-P.H.S.; Retracted Publication",NIAMS NIH HHS (AR48267); NCI NIH HHS (PC061231); NCI NIH HHS (PC060857); NIAID NIH HHS (AI40987); NIAMS NIH HHS (R01 AR048267); NCI NIH HHS (P01CA93900); NCI NIH HHS (PC073952); NIAID NIH HHS (R01 AI040987); NCI NIH HHS (P01 CA093900),2026-04-29T05:51:56Z
doi:10.4103/jpbs.jpbs_149_21,10.4103/jpbs.jpbs_149_21,350179850,35017985,Journal Article,,2026-04-29T05:51:56Z
doi:10.1371/journal.pone.0265654,10.1371/journal.pone.0265654,354210990,35421099,"Journal Article; Research Support, Non-U.S. Gov't; Retracted Publication",,2026-04-29T05:51:56Z
doi:10.1016/j.jaci.2019.11.041,10.1016/j.jaci.2019.11.041,318373710,31837371,"Journal Article; Research Support, N.I.H., Extramural; Research Support, N.I.H., Intramural; Research Support, Non-U.S. Gov't; Retracted Publication",Intramural NIH HHS (Z99 ES999999); Intramural NIH HHS (ZIA ES103286),2026-04-29T05:51:56Z
doi:10.1002/hep.24293,10.1002/hep.24293,213912270,21391227,"Journal Article; Research Support, N.I.H., Extramural; Research Support, Non-U.S. Gov't; Retracted Publication",NCI NIH HHS (P50 CA140158); NCI NIH HHS (R01 CA112250); NIDDK NIH HHS (R01 DK069370); NCI NIH HHS (R21 CA133710),2026-04-29T05:51:56Z
doi:10.1111/evo.13577,10.1111/evo.13577,301014930,30101493,News; Comment; Retracted Publication,,2026-04-29T05:51:56Z
doi:10.3181/0803-rm-84,10.3181/0803-rm-84,186410510,18641051,"Journal Article; Research Support, N.I.H., Extramural; Research Support, Non-U.S. Gov't; Retracted Publication",NCRR NIH HHS (5P20RR016474); NIA NIH HHS (T30AG21342),2026-04-29T05:51:56Z
doi:10.1113/expphysiol.2009.049189,10.1113/expphysiol.2009.049189,195611400,19561140,Journal Article; Retracted Publication,NCRR NIH HHS (P20 RR016474); NIAAA NIH HHS (R15 AA013575),2026-04-29T05:51:56Z
doi:10.1016/j.ijcha.2022.101073,10.1016/j.ijcha.2022.101073,358000420,35800042,Journal Article; Retracted Publication,,2026-04-29T05:51:56Z
doi:10.1002/tox.23371,10.1002/tox.23371,345147040,34514704,Published Erratum; Retracted Publication,,2026-04-29T05:51:56Z
doi:10.1371/journal.pone.0260971,10.1371/journal.pone.0260971,349690470,34969047,Journal Article; Retracted Publication,,2026-04-29T05:51:56Z
doi:10.1126/scitranslmed.abc7211,10.1126/scitranslmed.abc7211,339526760,33952676,"Journal Article; Research Support, N.I.H., Extramural; Research Support, Non-U.S. Gov't; Retracted Publication",NINDS NIH HHS (R01 NS105087),2026-04-29T05:51:56Z
doi:10.1371/journal.pone.0265969,10.1371/journal.pone.0265969,353637960,35363796,"Journal Article; Research Support, Non-U.S. Gov't; Retracted Publication",,2026-04-29T05:51:56Z
doi:10.1371/journal.pone.0264975,10.1371/journal.pone.0264975,352903740,35290374,"Journal Article; Research Support, Non-U.S. Gov't; Retracted Publication",,2026-04-29T05:51:56Z
doi:10.1371/journal.pone.0262309,10.1371/journal.pone.0262309,350259160,35025916,"Journal Article; Research Support, Non-U.S. Gov't; Retracted Publication",,2026-04-29T05:51:56Z
doi:10.1371/journal.pone.0266753,10.1371/journal.pone.0266753,354211410,35421141,"Journal Article; Research Support, Non-U.S. Gov't; Retracted Publication",,2026-04-29T05:51:56Z
doi:10.1371/journal.pone.0266403,10.1371/journal.pone.0266403,353582870,35358287,"Journal Article; Research Support, Non-U.S. Gov't; Retracted Publication",,2026-04-29T05:51:56Z
doi:10.1371/journal.pone.0265325,10.1371/journal.pone.0265325,356876110,35687611,"Journal Article; Research Support, Non-U.S. Gov't; Retracted Publication",,2026-04-29T05:51:56Z
doi:10.7554/elife.34532,10.7554/elife.34532,296241670,29624167,"Journal Article; Research Support, N.I.H., Extramural; Research Support, U.S. Gov't, Non-P.H.S.; Retracted Publication",NIGMS NIH HHS (R01 GM124452); NIH HHS (R01-GM124452-01A1),2026-04-29T05:51:56Z
doi:10.1073/pnas.1421438111,10.1073/pnas.1421438111,254530960,25453096,"Journal Article; Research Support, N.I.H., Extramural; Research Support, Non-U.S. Gov't; Research Support, U.S. Gov't, Non-P.H.S.; Retracted Publication",NCI NIH HHS (K99 CA181352); NCI NIH HHS (K99-CA181352),2026-04-29T05:51:56Z
doi:10.1073/pnas.0812801106,10.1073/pnas.0812801106,191686350,19168635,"Journal Article; Research Support, Non-U.S. Gov't; Retracted Publication",,2026-04-29T05:51:56Z
doi:10.1073/pnas.1305961110,10.1073/pnas.1305961110,236103970,23610397,"Journal Article; Research Support, N.I.H., Extramural; Research Support, Non-U.S. Gov't; Retracted Publication",NHLBI NIH HHS (R01 HL076537); NHLBI NIH HHS (R01 HL086493); NHLBI NIH HHS (HL90554); NHLBI NIH HHS (HL86493); BLRD VA (I01 BX000446); NHLBI NIH HHS (HL76537); NHLBI NIH HHS (P01 HL090554); NHLBI NIH HHS (R01 HL108104),2026-04-29T05:51:56Z
doi:10.1073/pnas.1321510111,10.1073/pnas.1321510111,243241330,24324133,"Journal Article; Research Support, N.I.H., Extramural; Research Support, Non-U.S. Gov't; Retracted Publication",NCI NIH HHS (U54 CA143868); NCI NIH HHS (T32 CA130840); NCI NIH HHS (R01 CA174388); NCI NIH HHS (U54-CA143868); NCI NIH HHS (T32 CA153952),2026-04-29T05:51:56Z
doi:10.1002/jclp.1086,10.1002/jclp.1086,115266060,11526606,Journal Article; Review,,2026-04-29T05:51:56Z
doi:10.1111/bjh.17883,10.1111/bjh.17883,346493030,34649303,Case Reports; Letter; Retracted Publication,,2026-04-29T05:51:56Z
doi:10.1371/journal.pone.0263194,10.1371/journal.pone.0263194,351926150,35192615,"Journal Article; Research Support, Non-U.S. Gov't; Retracted Publication",,2026-04-29T05:51:56Z
doi:10.1038/nature17950,10.1038/nature17950,270963680,27096368,"Journal Article; Research Support, N.I.H., Extramural; Research Support, N.I.H., Intramural; Research Support, Non-U.S. Gov't; Retracted Publication",NIAID NIH HHS (U19 AI109725); NIAID NIH HHS (T32 AI007163); NCI NIH HHS (P30 CA021765); NIAID NIH HHS (R01 AI040646); NIAID NIH HHS (R01 AI40646); PHS HHS (1ZIAES10328601); Intramural NIH HHS (ZIA ES103286),2026-04-29T05:51:56Z
doi:10.1016/j.urology.2018.12.006,10.1016/j.urology.2018.12.006,305787910,30578791,Journal Article,,2026-04-29T05:51:56Z
doi:10.1016/j.ymthe.2019.03.019,10.1016/j.ymthe.2019.03.019,310107400,31010740,"Journal Article; Research Support, Non-U.S. Gov't; Retracted Publication",,2026-04-29T05:51:56Z
doi:10.1002/anie.202112400,10.1002/anie.202112400,349361870,34936187,Journal Article; Retracted Publication,National Natural Science Foundation of China (22001201); National Natural Science Foundation of China (22075224); Basic Research Program of Xi'an Jiaotong University (xtr042020010),2026-04-29T05:51:56Z
doi:10.1016/j.jor.2019.02.032,10.1016/j.jor.2019.02.032,309761460,30976146,Journal Article,,2026-04-29T05:51:56Z
doi:10.3390/cells9020334,10.3390/cells9020334,320240500,32024050,"Journal Article; Research Support, N.I.H., Extramural; Review; Retracted Publication",NIAID NIH HHS (R01 AI145997); NIH HHS (P30 DK063491),2026-04-29T05:51:56Z
doi:10.1016/j.biopsych.2021.03.033,10.1016/j.biopsych.2021.03.033,340013720,34001372,"Letter; Research Support, N.I.H., Extramural; Research Support, Non-U.S. Gov't; Retracted Publication",NINDS NIH HHS (R01 NS118995); NCATS NIH HHS (UL1 TR001863); NIAID NIH HHS (R01 AI157488); NINDS NIH HHS (T32 NS105583); NIMH NIH HHS (K23 MH118999); NIMH NIH HHS (R01 MH125396); NINDS NIH HHS (K08 NS096117); NIMH NIH HHS (R01 MH122471); NIMH NIH HHS (R21 MH118109),2026-04-29T05:51:56Z
doi:10.2147/ijn.s238256,10.2147/ijn.s238256,322802180,32280218,Journal Article; Retracted Publication,,2026-04-29T05:51:56Z
doi:10.1155/2014/345105,10.1155/2014/345105,246692850,24669285,"Journal Article; Research Support, N.I.H., Extramural; Retracted Publication",NHLBI NIH HHS (R01 HL034360); NHLBI NIH HHS (HL 34360); PHS HHS (NIHHL33889); NHLBI NIH HHS (R01 HL022559); NHLBI NIH HHS (HL22559),2026-04-29T05:51:56Z
doi:10.1016/j.humov.2019.03.011,10.1016/j.humov.2019.03.011,312726960,31272696,Journal Article; Retracted Publication,,2026-04-29T05:51:56Z
doi:10.3389/fphys.2021.700585,10.3389/fphys.2021.700585,342764220,34276422,Journal Article; Review; Retracted Publication,,2026-04-29T05:51:56Z
doi:10.3389/fphys.2021.750177,10.3389/fphys.2021.750177,347770130,34777013,Journal Article; Review; Retracted Publication,,2026-04-29T05:51:56Z
doi:10.1038/pr.2017.83,10.1038/pr.2017.83,283552010,28355201,"Journal Article; Research Support, N.I.H., Extramural; Retracted Publication",NINDS NIH HHS (R01 NS090998),2026-04-29T05:51:56Z
doi:10.12659/ajcr.931030,10.12659/ajcr.931030,337888250,33788825,Case Reports; Journal Article; Retracted Publication,,2026-04-29T05:51:56Z
doi:10.1152/ajpendo.00323.2009,10.1152/ajpendo.00323.2009,196900680,19690068,"Journal Article; Research Support, N.I.H., Extramural; Research Support, Non-U.S. Gov't; Retracted Publication",NIA NIH HHS (AG-21324); NCRR NIH HHS (P20-RR-016474),2026-04-29T05:51:56Z
doi:10.2147/ijn.s55066,10.2147/ijn.s55066,244939240,24493924,"Journal Article; Research Support, Non-U.S. Gov't; Retracted Publication",,2026-04-29T05:51:56Z
doi:10.2196/21408,10.2196/21408,334060490,33406049,Journal Article; Retracted Publication,,2026-04-29T05:51:56Z
doi:10.1097/hjh.0b013e3282f56bb7,10.1097/hjh.0b013e3282f56bb7,183983380,18398338,"Journal Article; Research Support, Non-U.S. Gov't; Retracted Publication",,2026-04-29T05:51:56Z
doi:10.1371/journal.pone.0259403,10.1371/journal.pone.0259403,350852560,35085256,"Journal Article; Research Support, Non-U.S. Gov't; Retracted Publication",,2026-04-29T05:51:56Z
doi:10.1016/j.arth.2021.12.029,10.1016/j.arth.2021.12.029,349686490,34968649,Journal Article; Retracted Publication,,2026-04-29T05:51:56Z
doi:10.1371/journal.pone.0263144,10.1371/journal.pone.0263144,354174730,35417473,"Journal Article; Research Support, Non-U.S. Gov't; Retracted Publication",,2026-04-29T05:51:56Z
doi:10.1126/science.1255057,10.1126/science.1255057,251462810,25146281,"Journal Article; Research Support, N.I.H., Extramural; Research Support, Non-U.S. Gov't; Research Support, U.S. Gov't, Non-P.H.S.; Retracted Publication",FIC NIH HHS (U01 TW007401); FIC NIH HHS (U19 TW007401); FIC NIH HHS (U01-TW007401),2026-04-29T05:51:56Z
doi:10.2147/dddt.s75976,10.2147/dddt.s75976,258343990,25834399,"Journal Article; Research Support, Non-U.S. Gov't; Retracted Publication",,2026-04-29T05:51:56Z
doi:10.1371/journal.pone.0077228,10.1371/journal.pone.0077228,242047750,24204775,"Journal Article; Research Support, N.I.H., Extramural; Retracted Publication",NCRR NIH HHS (P20 RR016474); NCRR NIH HHS (NIH P20RR016474),2026-04-29T05:51:56Z
doi:10.1016/j.jglr.2010.07.005,10.1016/j.jglr.2010.07.005,300085120,30008512,Journal Article; Retracted Publication,NIDDK NIH HHS (R01 DK044083),2026-04-29T05:51:56Z
doi:10.1016/j.cell.2020.03.051,10.1016/j.cell.2020.03.051,323156190,32315619,"Journal Article; Research Support, N.I.H., Extramural; Research Support, Non-U.S. Gov't; Retracted Publication",NCI NIH HHS (R01 CA214608); NCI NIH HHS (R01 CA218278); NCI NIH HHS (R35 CA210064),2026-04-29T05:51:56Z
doi:10.1038/s41598-019-50538-w,10.1038/s41598-019-50538-w,316768220,31676822,"Journal Article; Research Support, Non-U.S. Gov't; Retracted Publication",NCI NIH HHS (R21 CA188833),2026-04-29T05:51:56Z
doi:10.1016/j.freeradbiomed.2012.07.084,10.1016/j.freeradbiomed.2012.07.084,229024010,22902401,"Journal Article; Research Support, N.I.H., Extramural; Research Support, Non-U.S. Gov't; Retracted Publication",NIGMS NIH HHS (P20 GM103432); NCRR NIH HHS (P20 RR016474); NCRR NIH HHS (P20RR16474),2026-04-29T05:51:56Z
doi:10.1002/tox.21941,10.1002/tox.21941,243761120,24376112,"Journal Article; Research Support, Non-U.S. Gov't",,2026-04-29T05:51:56Z
doi:10.1016/j.cjca.2019.11.024,10.1016/j.cjca.2019.11.024,318990200,31899020,Editorial; Retracted Publication,,2026-04-29T05:51:56Z
doi:10.1053/j.sult.2020.03.001,10.1053/j.sult.2020.03.001,324464350,32446435,Journal Article; Retracted Publication,,2026-04-29T05:51:56Z
doi:10.1161/circulationaha.108.823799,10.1161/circulationaha.108.823799,193324620,19332462,"Journal Article; Research Support, N.I.H., Extramural; Retracted Publication",NCRR NIH HHS (P20 RR016474); NIAAA NIH HHS (R01 AA013412); NCRR NIH HHS (5P20 RR016474); NIAAA NIH HHS (1R01 AA013412),2026-04-29T05:51:56Z
doi:10.1161/hypertensionaha.111.181867,10.1161/hypertensionaha.111.181867,222755360,22275536,"Comparative Study; Journal Article; Research Support, Non-U.S. Gov't; Retracted Publication",NCRR NIH HHS (P20 RR016474),2026-04-29T05:51:56Z
doi:10.3390/biology10080729,10.3390/biology10080729,344399610,34439961,Journal Article; Retracted Publication,,2026-04-29T05:51:56Z
doi:10.1007/s00381-020-04714-3,10.1007/s00381-020-04714-3,325295480,32529548,Journal Article; Retracted Publication,,2026-04-29T05:51:56Z
doi:10.1002/anie.201709420,10.1002/anie.201709420,291609610,29160961,Journal Article; Retracted Publication,,2026-04-29T05:51:56Z
doi:10.1016/j.neuropharm.2019.03.005,10.1016/j.neuropharm.2019.03.005,308513100,30851310,"Journal Article; Research Support, N.I.H., Extramural; Retracted Publication",NIMH NIH HHS (F30 MH105111); NIMH NIH HHS (R01 MH086828); NIGMS NIH HHS (T32 GM008181),2026-04-29T05:51:56Z
doi:10.1371/journal.pone.0010085,10.1371/journal.pone.0010085,203963820,20396382,"Comparative Study; Journal Article; Research Support, N.I.H., Extramural; Research Support, Non-U.S. Gov't; Retracted Publication",NCRR NIH HHS (P20 RR016474); NIEHS NIH HHS (R01 ES019923); NCRR NIH HHS (P20 RR 016474),2026-04-29T05:51:56Z
doi:10.2147/ijn.s241702,10.2147/ijn.s241702,323680500,32368050,Journal Article; Retracted Publication,,2026-04-29T05:51:56Z
doi:10.1016/j.jneumeth.2009.09.011,10.1016/j.jneumeth.2009.09.011,197551290,19755129,"Journal Article; Research Support, Non-U.S. Gov't; Retracted Publication",,2026-04-29T05:51:56Z
doi:10.1159/000325210,10.1159/000325210,213258270,21325827,"Journal Article; Research Support, Non-U.S. Gov't; Retracted Publication",,2026-04-29T05:51:56Z
doi:10.1186/1741-7015-10-40,10.1186/1741-7015-10-40,225241970,22524197,"Journal Article; Research Support, N.I.H., Extramural; Retracted Publication",NIAAA NIH HHS (1R01 AA013412); NCRR NIH HHS (5P20RR016474),2026-04-29T05:51:56Z
doi:10.1097/pcc.0000000000000603,10.1097/pcc.0000000000000603,267414140,26741414,"Journal Article; Research Support, N.I.H., Extramural; Retracted Publication",NINDS NIH HHS (R01 NS090998),2026-04-29T05:51:56Z
doi:10.1017/s095026881800328x,10.1017/s095026881800328x,305203900,30520390,Journal Article; Retracted Publication,,2026-04-29T05:51:56Z
doi:10.1038/s41598-018-21331-y,10.1038/s41598-018-21331-y,294406980,29440698,"Journal Article; Research Support, U.S. Gov't, Non-P.H.S.; Retracted Publication",,2026-04-29T05:51:56Z
doi:10.1158/1541-7786.mcr-11-0327,10.1158/1541-7786.mcr-11-0327,219841820,21984182,"Journal Article; Research Support, N.I.H., Extramural; Research Support, Non-U.S. Gov't; Retracted Publication",NEI NIH HHS (R01 EY018358); NEI NIH HHS (EY018358),2026-04-29T05:51:56Z
doi:10.1186/s40035-018-0128-6,10.1186/s40035-018-0128-6,303568610,30356861,Journal Article; Retracted Publication,,2026-04-29T05:51:56Z
doi:10.1016/j.isci.2019.04.009,10.1016/j.isci.2019.04.009,310266650,31026665,Journal Article; Retracted Publication,NIGMS NIH HHS (P20 GM103423); NIGMS NIH HHS (P20 GM104318),2026-04-29T05:51:56Z
doi:10.1111/evo.14193,10.1111/evo.14193,335908840,33590884,"Journal Article; Research Support, Non-U.S. Gov't; Research Support, U.S. Gov't, Non-P.H.S.; Retracted Publication",,2026-04-29T05:51:56Z
doi:10.1016/j.amjsurg.2020.11.038,10.1016/j.amjsurg.2020.11.038,334138720,33413872,Editorial,,2026-04-29T05:51:56Z
doi:10.1038/s41467-021-24795-1,10.1038/s41467-021-24795-1,343308970,34330897,"Journal Article; Research Support, N.I.H., Extramural; Research Support, Non-U.S. Gov't; Retracted Publication",NCI NIH HHS (P30 CA016058); NCI NIH HHS (R01 CA186729); NCI NIH HHS (R01 CA198117),2026-04-29T05:51:56Z
doi:10.1097/bsd.0000000000001315,10.1097/bsd.0000000000001315,353445180,35344518,Journal Article; Retracted Publication,,2026-04-29T05:51:56Z
doi:10.3389/fpls.2021.758424,10.3389/fpls.2021.758424,349254080,34925408,Journal Article; Retracted Publication,,2026-04-29T05:51:56Z
doi:10.1091/mbc.e03-07-0503,10.1091/mbc.e03-07-0503,150042390,15004239,"Journal Article; Research Support, Non-U.S. Gov't; Research Support, U.S. Gov't, Non-P.H.S.; Research Support, U.S. Gov't, P.H.S.; Retracted Publication",NCI NIH HHS (R01 CA087986); NCI NIH HHS (R24 CA 095823-01); NCI NIH HHS (CA 87986); NCI NIH HHS (CA 59998); NCI NIH HHS (R01 CA059998); NCI NIH HHS (CA 99163); NCI NIH HHS (CA 99900); NCI NIH HHS (R01 CA099900); NCRR NIH HHS (1S10 RR 09145-01); NCI NIH HHS (R24 CA095823); NCI NIH HHS (R01 CA099163),2026-04-29T05:51:56Z
doi:10.1074/jbc.m707465200,10.1074/jbc.m707465200,180570030,18057003,"Journal Article; Research Support, N.I.H., Extramural; Research Support, U.S. Gov't, Non-P.H.S.; Retracted Publication",NCI NIH HHS (5 P30 CA46592); NIDCR NIH HHS (DE13701); NCI NIH HHS (P01 CA93900),2026-04-29T05:51:56Z
doi:10.1037/a0028022,10.1037/a0028022,225067840,22506784,"Journal Article; Research Support, N.I.H., Extramural; Research Support, Non-U.S. Gov't; Retracted Publication",NIMH NIH HHS (R01 MH071788); NIMH NIH HHS (MH071788),2026-04-29T05:51:56Z
doi:10.1002/hep.28138,10.1002/hep.28138,263135620,26313562,"Journal Article; Research Support, N.I.H., Extramural; Retracted Publication",NIDDK NIH HHS (R01 DK079005); NIDDK NIH HHS (DK34989); NIDDK NIH HHS (P30 DK034989); NIDDK NIH HHS (DK079005); NIDDK NIH HHS (5P30DK034989),2026-04-29T05:51:56Z
doi:10.4103/1673-5374.155429,10.4103/1673-5374.155429,261708160,26170816,Journal Article; Retracted Publication,,2026-04-29T05:51:56Z
doi:10.7759/cureus.24522,10.7759/cureus.24522,356513830,35651383,Journal Article; Retracted Publication,,2026-04-29T05:51:56Z
doi:10.2147/ijn.s67113,10.2147/ijn.s67113,257673860,25767386,"Journal Article; Research Support, Non-U.S. Gov't; Retracted Publication",,2026-04-29T05:51:56Z
doi:10.3390/cells10061325,10.3390/cells10061325,340735300,34073530,"Journal Article; Research Support, N.I.H., Extramural; Review; Retracted Publication",NIH HHS (1R01AG070214-01),2026-04-29T05:51:56Z
doi:10.2147/ijn.s182184,10.2147/ijn.s182184,305552320,30555232,Journal Article; Retracted Publication,,2026-04-29T05:51:56Z
doi:10.1002/ab.21836,10.1002/ab.21836,309578780,30957878,"Comparative Study; Journal Article; Randomized Controlled Trial; Research Support, Non-U.S. Gov't; Research Support, U.S. Gov't, Non-P.H.S.; Retracted Publication",National Social Science Foundation in China (17CSH006); Fundamental Research Funds for Central Universities (SWU1709237); Chongqing Post-Doctoral Foundation (Xm2017162); Social Science and Humanity Funds from Chongqing Education Committee (16SKSZ008),2026-04-29T05:51:56Z
doi:10.3389/fmed.2021.668698,10.3389/fmed.2021.668698,343501930,34350193,Journal Article; Retracted Publication,,2026-04-29T05:51:56Z
doi:10.1038/s41467-021-24195-5,10.1038/s41467-021-24195-5,341585050,34158505,"Journal Article; Research Support, N.I.H., Extramural; Research Support, Non-U.S. Gov't; Retracted Publication",,2026-04-29T05:51:56Z
doi:10.1093/milmed/usz295,10.1093/milmed/usz295,320743150,32074315,"Journal Article; Research Support, U.S. Gov't, Non-P.H.S.; Retracted Publication",,2026-04-29T05:51:56Z
doi:10.1093/milmed/usz301,10.1093/milmed/usz301,320743620,32074362,"Journal Article; Research Support, U.S. Gov't, Non-P.H.S.; Retracted Publication",,2026-04-29T05:51:56Z
doi:10.1093/milmed/usz321,10.1093/milmed/usz321,320743330,32074333,"Journal Article; Research Support, U.S. Gov't, Non-P.H.S.; Retracted Publication",,2026-04-29T05:51:56Z
doi:10.1038/s41586-021-04096-9,10.1038/s41586-021-04096-9,348804290,34880429,"Journal Article; Research Support, Non-U.S. Gov't; Research Support, U.S. Gov't, Non-P.H.S.; Retracted Publication",,2026-04-29T05:51:56Z
doi:10.1093/ajhp/zxaa179,10.1093/ajhp/zxaa179,324178820,32417882,Journal Article; Retracted Publication,,2026-04-29T05:51:56Z
doi:10.1093/ajhp/zxab014,10.1093/ajhp/zxab014,334837550,33483755,Journal Article,,2026-04-29T05:51:56Z
doi:10.1016/j.freeradbiomed.2019.11.012,10.1016/j.freeradbiomed.2019.11.012,317119840,31711984,"Journal Article; Research Support, N.I.H., Extramural; Research Support, Non-U.S. Gov't; Research Support, U.S. Gov't, Non-P.H.S.; Retracted Publication",NHLBI NIH HHS (R01 HL108932); NHLBI NIH HHS (T32 HL007121); NCI NIH HHS (P50 CA174521); RRD VA (I21 RX001561); NCI NIH HHS (P01 CA217797); NIEHS NIH HHS (P30 ES005605); NCI NIH HHS (P30 CA086862); BLRD VA (I01 BX000163),2026-04-29T05:51:56Z
doi:10.1016/j.ijid.2021.12.096,10.1016/j.ijid.2021.12.096,356545610,35654561,Retraction Notice; Journal Article; Retracted Publication,,2026-04-29T05:51:56Z
doi:10.1158/0008-5472.can-21-1825,10.1158/0008-5472.can-21-1825,346456090,34645609,Journal Article; Retracted Publication,,2026-04-29T05:51:56Z
doi:10.1158/1541-7786.mcr-19-0889,10.1158/1541-7786.mcr-19-0889,320198110,32019811,"Journal Article; Research Support, Non-U.S. Gov't; Retracted Publication",,2026-04-29T05:51:56Z
doi:10.1038/s41598-017-00306-5,10.1038/s41598-017-00306-5,282986380,28298638,"Journal Article; Research Support, N.I.H., Extramural; Research Support, Non-U.S. Gov't; Retracted Publication",NHLBI NIH HHS (P01 HL034300); NHLBI NIH HHS (R01 HL105649); NHLBI NIH HHS (U01 HL071556); NHLBI NIH HHS (R01 HL109015); NIDDK NIH HHS (R15 DK106666),2026-04-29T05:51:56Z
doi:10.1038/s41598-019-44350-9,10.1038/s41598-019-44350-9,311388240,31138824,"Journal Article; Research Support, N.I.H., Extramural; Research Support, Non-U.S. Gov't; Retracted Publication",NHLBI NIH HHS (R01 HL105649); NIDDK NIH HHS (R15 DK106666),2026-04-29T05:51:56Z
doi:10.1038/s41598-018-26768-9,10.1038/s41598-018-26768-9,299461870,29946187,"Journal Article; Research Support, N.I.H., Extramural; Research Support, Non-U.S. Gov't; Retracted Publication",NHLBI NIH HHS (P01 HL034300); NHLBI NIH HHS (R01 HL105649); NHLBI NIH HHS (U01 HL071556); NHLBI NIH HHS (R01 HL109015); NIDDK NIH HHS (R15 DK106666),2026-04-29T05:51:56Z
doi:10.1186/s13195-017-0280-8,10.1186/s13195-017-0280-8,287506900,28750690,Journal Article; Retracted Publication,,2026-04-29T05:51:56Z
doi:10.1158/1940-6207.capr-12-0201,10.1158/1940-6207.capr-12-0201,227871150,22787115,"Journal Article; Research Support, N.I.H., Extramural; Research Support, Non-U.S. Gov't; Retracted Publication",NCI NIH HHS (N01 CN043302); NCI NIH HHS (R01 CA154481); NCI NIH HHS (1R01CA154481); NCI NIH HHS (N01-CN-43302),2026-04-29T05:51:56Z
doi:10.1158/1940-6207.capr-14-0411,10.1158/1940-6207.capr-14-0411,256232170,25623217,"Comparative Study; Journal Article; Research Support, N.I.H., Extramural; Research Support, Non-U.S. Gov't; Retracted Publication",NCATS NIH HHS (UL1 TR000457); NCATS NIH HHS (UL1TR000457),2026-04-29T05:51:56Z
doi:10.1158/1940-6207.capr-08-0149,10.1158/1940-6207.capr-08-0149,191389960,19138996,"Journal Article; Research Support, N.I.H., Extramural; Retracted Publication",NCI NIH HHS (R25 CA105012); NCI NIH HHS (R25CA105012),2026-04-29T05:51:56Z
doi:10.1158/1940-6207.capr-12-0467,10.1158/1940-6207.capr-12-0467,234307560,23430756,"Journal Article; Research Support, N.I.H., Extramural; Research Support, Non-U.S. Gov't; Retracted Publication",NCI NIH HHS (R01 CA154481); NCI NIH HHS (1R01CA154481),2026-04-29T05:51:56Z
doi:10.1158/1940-6207.capr-13-0140,10.1158/1940-6207.capr-13-0140,238802310,23880231,"Journal Article; Research Support, N.I.H., Extramural; Research Support, Non-U.S. Gov't; Retracted Publication",NCI NIH HHS (N01-CN-43302); NCRR NIH HHS (UL1 RR024996); NCRR NIH HHS (UL1-RR024996); NCI NIH HHS (N01 CN043302); NCATS NIH HHS (UL1 TR000457); NCI NIH HHS (1R01CA154481); NCI NIH HHS (R01 CA154481),2026-04-29T05:51:56Z
doi:10.1158/1940-6207.capr-10-0367,10.1158/1940-6207.capr-10-0367,212124070,21212407,"Journal Article; Research Support, Non-U.S. Gov't; Retracted Publication",,2026-04-29T05:51:56Z
doi:10.1158/1940-6207.capr-12-0002,10.1158/1940-6207.capr-12-0002,223749400,22374940,"Journal Article; Research Support, N.I.H., Extramural; Retracted Publication",NCI NIH HHS (T32 CA009685); NIDCD NIH HHS (T32 DC000027); NCI NIH HHS (T32 CA09685); PHS HHS (T32 000027),2026-04-29T05:51:56Z
doi:10.1158/1940-6207.capr-14-0051,10.1158/1940-6207.capr-14-0051,247364330,24736433,"Journal Article; Research Support, N.I.H., Extramural; Research Support, Non-U.S. Gov't; Retracted Publication",NIDCD NIH HHS (T32 DC000027); NIDCD NIH HHS (5T32DC000027-22),2026-04-29T05:51:56Z
doi:10.1158/1940-6207.capr-10-0381,10.1158/1940-6207.capr-10-0381,213720330,21372033,"Journal Article; Research Support, N.I.H., Extramural; Research Support, Non-U.S. Gov't; Retracted Publication",NCI NIH HHS (N01 CN043302); NCI NIH HHS (R25 CA105012); NCI NIH HHS (N01-CN-43302); NCI NIH HHS (R25CA105012),2026-04-29T05:51:56Z
doi:10.1371/journal.pone.0011305,10.1371/journal.pone.0011305,205855850,20585585,"Journal Article; Research Support, N.I.H., Extramural; Retracted Publication",NCI NIH HHS (R21 CA139272); NCI NIH HHS (R01 CA083017); NHLBI NIH HHS (R01 HL098472); NCI NIH HHS (CA83017); NCI NIH HHS (CA77470); NCI NIH HHS (R01 CA077470); NCI NIH HHS (CA139272),2026-04-29T05:51:56Z
doi:10.1111/his.14046,10.1111/his.14046,318349560,31834956,Journal Article,,2026-04-29T05:51:56Z
doi:10.1155/2020/7435260,10.1155/2020/7435260,326557730,32655773,Journal Article; Retracted Publication,,2026-04-29T05:51:56Z
doi:10.1038/onc.2008.476,10.1038/onc.2008.476,191517630,19151763,"Journal Article; Research Support, N.I.H., Extramural; Research Support, Non-U.S. Gov't; Retracted Publication",NCI NIH HHS (P20 CA103680); NIDDK NIH HHS (R01 DK054084),2026-04-29T05:51:56Z
doi:10.1007/s43441-021-00334-4,10.1007/s43441-021-00334-4,344269540,34426954,Journal Article; Retracted Publication,,2026-04-29T05:51:56Z
doi:10.1021/acsmedchemlett.9b00050,10.1021/acsmedchemlett.9b00050,310980010,31098001,Journal Article; Retracted Publication,,2026-04-29T05:51:56Z
doi:10.1155/2018/2021645,10.1155/2018/2021645,298498670,29849867,Journal Article; Retracted Publication,NIGMS NIH HHS (R35 GM119526),2026-04-29T05:51:56Z
doi:10.1016/j.trsl.2021.04.010,10.1016/j.trsl.2021.04.010,339655850,33965585,Journal Article; Retracted Publication,,2026-04-29T05:51:56Z
doi:10.1016/j.omtn.2017.10.008,10.1016/j.omtn.2017.10.008,292463080,29246308,Journal Article; Retracted Publication,,2026-04-29T05:51:56Z
doi:10.1186/s13014-015-0534-1,10.1186/s13014-015-0534-1,265721300,26572130,Journal Article; Retracted Publication,,2026-04-29T05:51:56Z
doi:10.1186/2051-5960-1-57,10.1186/2051-5960-1-57,242521760,24252176,"Journal Article; Research Support, N.I.H., Extramural; Research Support, Non-U.S. Gov't; Retracted Publication",NINR NIH HHS (R01 NR007666),2026-04-29T05:51:56Z
doi:10.1016/j.ajodo.2022.03.010,10.1016/j.ajodo.2022.03.010,354913290,35491329,Journal Article,,2026-04-29T05:51:56Z
doi:10.1089/neur.2021.0047,10.1089/neur.2021.0047,350183640,35018364,Journal Article; Retracted Publication,,2026-04-29T05:51:56Z
doi:10.1089/scd.2010.0118,10.1089/scd.2010.0118,206295390,20629539,"Journal Article; Research Support, N.I.H., Extramural; Research Support, Non-U.S. Gov't; Retracted Publication",NIDDK NIH HHS (R01DK070577); Canadian Institutes of Health Research (No ID),2026-04-29T05:51:56Z
doi:10.1021/acs.orglett.9b03678,10.1021/acs.orglett.9b03678,316821330,31682133,"Journal Article; Research Support, Non-U.S. Gov't; Research Support, U.S. Gov't, Non-P.H.S.; Retracted Publication",,2026-04-29T05:51:56Z
doi:10.1016/j.toxrep.2021.08.010,10.1016/j.toxrep.2021.08.010,345405940,34540594,Journal Article; Retracted Publication,,2026-04-29T05:51:56Z
doi:10.7812/tpp/21.014,10.7812/tpp/21.014,353480900,35348090,Case Reports; Journal Article; Review; Retracted Publication,,2026-04-29T05:51:56Z
doi:10.1016/j.jdcr.2021.04.040,10.1016/j.jdcr.2021.04.040,351987060,35198706,Journal Article,,2026-04-29T05:51:56Z
doi:10.1371/journal.pone.0140587,10.1371/journal.pone.0140587,265289120,26528912,"Journal Article; Research Support, N.I.H., Extramural; Research Support, Non-U.S. Gov't; Retracted Publication",NIGMS NIH HHS (P20 GM104320); NIGMS NIH HHS (1P20GM104320),2026-04-29T05:51:56Z
doi:10.1016/j.toxrep.2021.03.003,10.1016/j.toxrep.2021.03.003,337235070,33723507,Journal Article; Retracted Publication,,2026-04-29T05:51:56Z
doi:10.1093/tbm/ibab030,10.1093/tbm/ibab030,338230470,33823047,"Journal Article; Research Support, Non-U.S. Gov't; Retracted Publication",Boston College (No ID),2026-04-29T05:51:56Z
doi:10.1073/pnas.0405451101,10.1073/pnas.0405451101,153563450,15356345,"Journal Article; Research Support, U.S. Gov't, P.H.S.; Retracted Publication",NCI NIH HHS (R01 CA086978); NIEHS NIH HHS (ES 10874); NCI NIH HHS (CA 86978); NIEHS NIH HHS (R01 ES010874); NCI NIH HHS (R01 CA081024); NCI NIH HHS (CA 81024),2026-04-29T05:51:56Z
doi:10.1089/neu.2018.5824,10.1089/neu.2018.5824,300517550,30051755,"Journal Article; Research Support, Non-U.S. Gov't; Retracted Publication",,2026-04-29T05:51:56Z
doi:10.1089/neu.2015.4290,10.1089/neu.2015.4290,265976840,26597684,Journal Article; Retracted Publication,,2026-04-29T05:51:56Z
doi:10.1089/neu.2016.4770,10.1089/neu.2016.4770,279122530,27912253,"Journal Article; Research Support, N.I.H., Extramural; Retracted Publication",NINDS NIH HHS (R01 NS090998),2026-04-29T05:51:56Z
doi:10.1016/j.compbiomed.2021.104981,10.1016/j.compbiomed.2021.104981,347359500,34735950,Journal Article; Retracted Publication,,2026-04-29T05:51:56Z
doi:10.1186/s13046-020-01654-3,10.1186/s13046-020-01654-3,327413710,32741371,Journal Article; Retracted Publication,NINDS NIH HHS (R01 NS079432); Funding from National Institutes of Health grants (NS79432); Xing-lin Foundation of Guangzhou University of Chinese Medicine ((GZF-1366732K)),2026-04-29T05:51:56Z
doi:10.2217/nnm.15.67,10.2217/nnm.15.67,263051890,26305189,Journal Article; Review; Retracted Publication,NIAID NIH HHS (R01 AI050875),2026-04-29T05:51:56Z
doi:10.1038/s41598-021-82882-1,10.1038/s41598-021-82882-1,335473330,33547333,Journal Article; Retracted Publication,,2026-04-29T05:51:56Z
doi:10.1073/pnas.262787199,10.1073/pnas.262787199,125520970,12552097,"Journal Article; Research Support, Non-U.S. Gov't; Retracted Publication",NHLBI NIH HHS (R01 HL016037),2026-04-29T05:51:56Z
doi:10.1371/journal.pone.0071518,10.1371/journal.pone.0071518,239511800,23951180,"Journal Article; Research Support, N.I.H., Extramural; Research Support, Non-U.S. Gov't; Retracted Publication",NIGMS NIH HHS (T32GM081061-01A2); NIGMS NIH HHS (T32 GM081061); NCATS NIH HHS (UL1 TR000427); NCI NIH HHS (P30 CA014520); NCRR NIH HHS (UL1 RR025011); NCI NIH HHS (P30CA014520); NCRR NIH HHS (1UL1RR025011); NCATS NIH HHS (9U54TR000021),2026-04-29T05:51:56Z
doi:10.1080/21691401.2018.1439839,10.1080/21691401.2018.1439839,294688880,29468888,Journal Article; Retracted Publication,,2026-04-29T05:51:56Z
doi:10.1016/j.prp.2019.152508,10.1016/j.prp.2019.152508,312727590,31272759,Journal Article; Retracted Publication,,2026-04-29T05:51:56Z
doi:10.1159/000501875,10.1159/000501875,315437700,31543770,Case Reports; Journal Article,,2026-04-29T05:51:56Z
doi:10.1371/journal.pone.0004070,10.1371/journal.pone.0004070,191149980,19114998,"Journal Article; Research Support, Non-U.S. Gov't; Retracted Publication",,2026-04-29T05:51:56Z
doi:10.1038/nature23468,10.1038/nature23468,288366030,28836603,"Journal Article; Research Support, Non-U.S. Gov't; Research Support, U.S. Gov't, Non-P.H.S.; Retracted Publication",,2026-04-29T05:51:56Z
doi:10.1017/s1049023x14000211,10.1017/s1049023x14000211,246257340,24625734,Journal Article; Review; Retracted Publication,,2026-04-29T05:51:56Z
doi:10.1017/s1049023x14000260,10.1017/s1049023x14000260,246670330,24667033,Journal Article; Retracted Publication,,2026-04-29T05:51:56Z
doi:10.1155/2015/426429,10.1155/2015/426429,260752370,26075237,"Journal Article; Research Support, Non-U.S. Gov't; Retracted Publication",,2026-04-29T05:51:56Z
doi:10.1371/journal.pbio.3000825,10.1371/journal.pbio.3000825,328866900,32886690,"Journal Article; Research Support, N.I.H., Extramural; Research Support, Non-U.S. Gov't; Retracted Publication",NIDCR NIH HHS (R01 DE011111); NIDCR NIH HHS (R01 DE012505); NIDCR NIH HHS (R01 DE017921); NIDCR NIH HHS (R37 DE011111),2026-04-29T05:51:56Z
doi:10.1128/mcb.25.2.751-766.2005,10.1128/mcb.25.2.751-766.2005,156320750,15632075,"Journal Article; Research Support, U.S. Gov't, P.H.S.; Retracted Publication",NCI NIH HHS (R01 CA086978); NIEHS NIH HHS (ES 10874); NCI NIH HHS (CA 86978); NIEHS NIH HHS (R01 ES010874); NCI NIH HHS (R01 CA081024); NCI NIH HHS (CA 81024),2026-04-29T05:51:56Z
doi:10.1074/jbc.m113.463414,10.1074/jbc.m113.463414,240253350,24025335,"Journal Article; Research Support, N.I.H., Extramural; Retracted Publication",NHLBI NIH HHS (R01 HL069908); NHLBI NIH HHS (R01 HL103575); NHLBI NIH HHS (HL103575); NHLBI NIH HHS (HL069908),2026-04-29T05:51:56Z
doi:10.1126/science.aaf9671,10.1126/science.aaf9671,273869210,27386921,"Journal Article; Research Support, Non-U.S. Gov't; Research Support, U.S. Gov't, Non-P.H.S.; Retracted Publication",,2026-04-29T05:51:56Z
doi:10.1128/mcb.25.11.4727-4741.2005,10.1128/mcb.25.11.4727-4741.2005,158998740,15899874,"Journal Article; Research Support, N.I.H., Extramural; Research Support, U.S. Gov't, P.H.S.; Retracted Publication",NCI NIH HHS (R01 CA086978); NIEHS NIH HHS (ES 10874); NCI NIH HHS (CA 86978); NIEHS NIH HHS (R01 ES010874); NCI NIH HHS (R01 CA081024); NCI NIH HHS (CA 81024),2026-04-29T05:51:56Z
doi:10.1080/10790268.2019.1639974,10.1080/10790268.2019.1639974,315251490,31525149,"Journal Article; Research Support, Non-U.S. Gov't; Retracted Publication",,2026-04-29T05:51:56Z
doi:10.7759/cureus.22129,10.7759/cureus.22129,353087050,35308705,Case Reports; Journal Article; Retracted Publication,,2026-04-29T05:51:56Z
doi:10.1016/j.ebiom.2020.102957,10.1016/j.ebiom.2020.102957,328583990,32858399,Journal Article; Retracted Publication,,2026-04-29T05:51:56Z
doi:10.1002/oby.22920,10.1002/oby.22920,328087370,32808737,"Journal Article; Research Support, N.I.H., Extramural; Retracted Publication",NHLBI NIH HHS (T32 HL076134),2026-04-29T05:51:56Z
doi:10.7759/cureus.17833,10.7759/cureus.17833,345225610,34522561,Case Reports; Journal Article; Retracted Publication,,2026-04-29T05:51:56Z
doi:10.7759/cureus.17850,10.7759/cureus.17850,345225620,34522562,Case Reports; Journal Article; Retracted Publication,NIGMS NIH HHS (T32 GM007337); NIGMS NIH HHS (T32 GM139776),2026-04-29T05:51:56Z
doi:10.1016/j.jhep.2021.04.037,10.1016/j.jhep.2021.04.037,339619410,33961941,Journal Article,,2026-04-29T05:51:56Z
doi:10.7759/cureus.22114,10.7759/cureus.22114,353405120,35340512,Journal Article; Retracted Publication,,2026-04-29T05:51:56Z
doi:10.7759/cureus.22690,10.7759/cureus.22690,353404920,35340492,Journal Article; Retracted Publication,,2026-04-29T05:51:56Z
doi:10.7759/cureus.21221,10.7759/cureus.21221,351865230,35186523,Journal Article; Retracted Publication,,2026-04-29T05:51:56Z
doi:10.7759/cureus.19354,10.7759/cureus.19354,349093150,34909315,Journal Article; Retracted Publication,,2026-04-29T05:51:56Z
doi:10.7759/cureus.20751,10.7759/cureus.20751,351114390,35111439,Journal Article; Retracted Publication,,2026-04-29T05:51:56Z
doi:10.7759/cureus.20710,10.7759/cureus.20710,351062450,35106245,Journal Article; Retracted Publication,,2026-04-29T05:51:56Z
doi:10.1093/nar/gkp768,10.1093/nar/gkp768,198089330,19808933,"Journal Article; Research Support, N.I.H., Extramural; Research Support, Non-U.S. Gov't; Retracted Publication",NIAMS NIH HHS (R01 AR051598); NCATS NIH HHS (UL1 TR000454); NCI NIH HHS (T32-CA 09678); NIGMS NIH HHS (GM080771),2026-04-29T05:51:56Z
doi:10.7759/cureus.19487,10.7759/cureus.19487,349126280,34912628,Journal Article; Retracted Publication,,2026-04-29T05:51:56Z
doi:10.7759/cureus.17381,10.7759/cureus.17381,345847910,34584791,Journal Article; Retracted Publication,,2026-04-29T05:51:56Z
doi:10.7759/cureus.19937,10.7759/cureus.19937,349765300,34976530,Journal Article; Retracted Publication,,2026-04-29T05:51:56Z
doi:10.7759/cureus.18803,10.7759/cureus.18803,347960760,34796076,Journal Article; Retracted Publication,,2026-04-29T05:51:56Z
doi:10.1097/jto.0b013e3181753b24,10.1097/jto.0b013e3181753b24,185208050,18520805,"Comparative Study; Journal Article; Research Support, N.I.H., Extramural; Research Support, Non-U.S. Gov't; Retracted Publication",NCI NIH HHS (CA91784); NCI NIH HHS (CA96515),2026-04-29T05:51:56Z
doi:10.1371/journal.pone.0160585,10.1371/journal.pone.0160585,274943240,27494324,Journal Article; Retracted Publication,,2026-04-29T05:51:56Z
doi:10.1371/journal.pone.0091671,10.1371/journal.pone.0091671,246263400,24626340,"Journal Article; Research Support, N.I.H., Extramural; Research Support, Non-U.S. Gov't; Retracted Publication",NIDA NIH HHS (R24 DA018055); NIDA NIH HHS (R24-DA018055),2026-04-29T05:51:56Z
doi:10.1371/journal.pone.0004282,10.1371/journal.pone.0004282,191721900,19172190,"Journal Article; Research Support, Non-U.S. Gov't; Retracted Publication",,2026-04-29T05:51:56Z
doi:10.1371/journal.pone.0001554,10.1371/journal.pone.0001554,182535010,18253501,"Journal Article; Research Support, Non-U.S. Gov't; Retracted Publication",,2026-04-29T05:51:56Z
doi:10.1371/journal.pone.0025019,10.1371/journal.pone.0025019,219803740,21980374,"Journal Article; Research Support, N.I.H., Extramural; Research Support, Non-U.S. Gov't; Retracted Publication",NIDA NIH HHS (R24 DA018055); NIDA NIH HHS (R24-DA018055),2026-04-29T05:51:56Z
doi:10.2147/jbm.s6622,10.2147/jbm.s6622,222826930,22282693,Journal Article; Retracted Publication,,2026-04-29T05:51:56Z
doi:10.1128/mbio.00275-11,10.1128/mbio.00275-11,221672250,22167225,"Journal Article; Research Support, N.I.H., Extramural; Research Support, Non-U.S. Gov't; Retracted Publication",NIAID NIH HHS (R01 AI056177); NIAID NIH HHS (U54 AI057168); NIAID NIH HHS (2U54AI057168-08); NIAID NIH HHS (R01 AI056177-08),2026-04-29T05:51:56Z
doi:10.1021/jacs.1c10534,10.1021/jacs.1c10534,349651050,34965105,"Journal Article; Research Support, Non-U.S. Gov't; Research Support, U.S. Gov't, Non-P.H.S.; Retracted Publication",,2026-04-29T05:51:56Z
doi:10.1177/01461672211073161,10.1177/01461672211073161,346092240,35315730,Retraction Notice,,2026-04-29T05:51:56Z
doi:10.1016/j.dnarep.2020.102824,10.1016/j.dnarep.2020.102824,321518180,32151818,"Journal Article; Research Support, N.I.H., Intramural; Review; Retracted Publication",Intramural NIH HHS (Z01 ES050158); Intramural NIH HHS (Z01 ES050159),2026-04-29T05:51:56Z
doi:10.1038/s41379-018-0123-6,10.1038/s41379-018-0123-6,302582090,30258209,Journal Article; Retracted Publication,NCI NIH HHS (P30 CA008748); NCI NIH HHS (P30 CA008748),2026-04-29T05:51:56Z
doi:10.1016/j.ejro.2020.100311,10.1016/j.ejro.2020.100311,333642630,33364263,Journal Article; Review; Retracted Publication,,2026-04-29T05:51:56Z
doi:10.1080/0092623x.2018.1474405,10.1080/0092623x.2018.1474405,297462160,29746216,Journal Article; Retracted Publication,,2026-04-29T05:51:56Z
doi:10.1021/acs.nanolett.0c02576,10.1021/acs.nanolett.0c02576,329097570,32909757,"Journal Article; Research Support, N.I.H., Extramural; Research Support, Non-U.S. Gov't; Research Support, U.S. Gov't, Non-P.H.S.; Retracted Publication",NIDDK NIH HHS (P30 DK116074); NINDS NIH HHS (P30 NS069375); NIDDK NIH HHS (R01 DK119293); NIDDK NIH HHS (R01 DK129343),2026-04-29T05:51:56Z
doi:10.1016/j.ekir.2020.12.018,10.1016/j.ekir.2020.12.018,337329760,33732976,Journal Article; Retracted Publication,,2026-04-29T05:51:56Z
doi:10.1016/j.ekir.2021.01.035,10.1016/j.ekir.2021.01.035,337353280,33735328,Editorial; Comment; Retracted Publication,,2026-04-29T05:51:56Z
doi:10.1001/jama.284.15.1897,10.1001/jama.284.15.1897,110358680,11035868,Journal Article; Retracted Publication,,2026-04-29T05:51:56Z
doi:10.1167/tvst.10.3.15,10.1167/tvst.10.3.15,340039490,34003949,Journal Article; Retracted Publication,,2026-04-29T05:51:56Z
doi:10.1371/journal.pone.0134591,10.1371/journal.pone.0134591,262263990,26226399,Journal Article; Retracted Publication,,2026-04-29T05:51:56Z
doi:10.1038/cddis.2013.563,10.1038/cddis.2013.563,244579680,24457968,"Journal Article; Research Support, N.I.H., Extramural; Research Support, U.S. Gov't, Non-P.H.S.; Retracted Publication",NIGMS NIH HHS (R01 GM080771); NIGMS NIH HHS (GM080771),2026-04-29T05:51:56Z
doi:10.1007/s11033-020-05427-1,10.1007/s11033-020-05427-1,323039580,32303958,Journal Article; Review; Retracted Publication,,2026-04-29T05:51:56Z
doi:10.3892/ol.2018.8219,10.3892/ol.2018.8219,297318780,29731878,Journal Article; Retracted Publication,,2026-04-29T05:51:56Z
doi:10.1155/2013/747898,10.1155/2013/747898,242510470,24251047,Journal Article; Retracted Publication,,2026-04-29T05:51:56Z
doi:10.1371/journal.pone.0012636,10.1371/journal.pone.0012636,208445820,20844582,"Journal Article; Research Support, N.I.H., Extramural; Retracted Publication",NCI NIH HHS (1R01CA138434-01A209); NCI NIH HHS (5R01CA091792-08); NCI NIH HHS (R01 CA138434); NCI NIH HHS (1R01CA137894-01); NCI NIH HHS (R01 CA091792); NIAID NIH HHS (R01 AI067037); NCI NIH HHS (5R01CA108461-05); NIAID NIH HHS (5R01AI067037-04); NIDCR NIH HHS (R01 DE017338); NIDCR NIH HHS (5R01DE017338-03); NCI NIH HHS (R01 CA108461); NCI NIH HHS (R01 CA137894),2026-04-29T05:51:56Z
doi:10.1016/j.nbd.2013.11.023,10.1016/j.nbd.2013.11.023,243336930,24333693,"Journal Article; Research Support, Non-U.S. Gov't; Retracted Publication",,2026-04-29T05:51:56Z
doi:10.1039/d0nr07176e,10.1039/d0nr07176e,338855320,33885532,Journal Article; Retracted Publication,NIAID NIH HHS (R01 AI134770),2026-04-29T05:51:56Z
doi:10.1038/s41586-021-03503-5,10.1038/s41586-021-03503-5,340402110,34040211,"Journal Article; Research Support, Non-U.S. Gov't; Research Support, U.S. Gov't, Non-P.H.S.; Retracted Publication",,2026-04-29T05:51:56Z
doi:10.1038/s41598-020-79126-z,10.1038/s41598-020-79126-z,333351960,33335196,"Journal Article; Research Support, Non-U.S. Gov't; Retracted Publication",,2026-04-29T05:51:56Z
doi:10.1002/hep.28568,10.1002/hep.28568,270156130,27015613,"Journal Article; Research Support, Non-U.S. Gov't; Retracted Publication",Wellcome Trust (No ID); Medical Research Council (MR/K010239/1),2026-04-29T05:51:56Z
doi:10.1021/acs.orglett.0c01124,10.1021/acs.orglett.0c01124,323202590,32320259,"Journal Article; Research Support, N.I.H., Extramural; Research Support, U.S. Gov't, Non-P.H.S.; Retracted Publication",NIGMS NIH HHS (R01 GM132300); NIH HHS (S10 OD020022); NCRR NIH HHS (S10 RR008389),2026-04-29T05:51:56Z
doi:10.1038/s41598-021-96501-6,10.1038/s41598-021-96501-6,344624480,34462448,Journal Article; Retracted Publication,,2026-04-29T05:51:56Z
doi:10.1016/j.jana.2017.10.004,10.1016/j.jana.2017.10.004,291743490,29174349,Journal Article; Meta-Analysis; Retracted Publication,,2026-04-29T05:51:56Z
doi:10.1111/ceo.13961,10.1111/ceo.13961,341292690,34129269,Letter; Retracted Publication,,2026-04-29T05:51:56Z
doi:10.2147/ijn.s207852,10.2147/ijn.s207852,322314320,32231432,Journal Article; Retracted Publication,,2026-04-29T05:51:56Z
doi:10.2147/ijn.s74418,10.2147/ijn.s74418,257928330,25792833,"Journal Article; Research Support, Non-U.S. Gov't; Retracted Publication",,2026-04-29T05:51:56Z
doi:10.1186/s13024-021-00438-3,10.1186/s13024-021-00438-3,338633620,33863362,"Journal Article; Research Support, N.I.H., Extramural; Research Support, N.I.H., Intramural; Research Support, Non-U.S. Gov't; Retracted Publication",NIA NIH HHS (P50 AG005142); NIA NIH HHS (R01 AG017917); NIA NIH HHS (R01 AG067063); NIA NIH HHS (R01 AG055770); NIA NIH HHS (RF1 AG059621); NINDS NIH HHS (R01 NS084965); NIA NIH HHS (R21 AG056518); NIA NIH HHS (P30 AG010161); NIA NIH HHS (R01 AG054434),2026-04-29T05:51:56Z
doi:10.1183/13993003.01789-2019,10.1183/13993003.01789-2019,324571960,32457196,Journal Article; Retracted Publication,,2026-04-29T05:51:56Z
doi:10.1038/srep11362,10.1038/srep11362,260682290,26068229,"Journal Article; Research Support, N.I.H., Extramural; Retracted Publication",NIDDK NIH HHS (R01 DK091841); NHLBI NIH HHS (R01 HL105490); NIAAA NIH HHS (R21 AA023571); NHLBI NIH HHS (R01HL105490),2026-04-29T05:51:56Z
doi:10.1091/mbc.e20-07-0445-editor,10.1091/mbc.e20-07-0445-editor,351041500,35104150,Journal Article; Retracted Publication,,2026-04-29T05:51:56Z
doi:10.1021/acs.jcim.1c01098,10.1021/acs.jcim.1c01098,,35029106,Journal Article; Retracted Publication,,2026-04-29T05:51:56Z
doi:10.7759/cureus.21174,10.7759/cureus.21174,350705740,35070574,Journal Article; Retracted Publication,,2026-04-29T05:51:56Z
doi:10.1038/s41598-021-00061-8,10.1038/s41598-021-00061-8,346752300,34675230,"Journal Article; Research Support, Non-U.S. Gov't; Retracted Publication",,2026-04-29T05:51:56Z
doi:10.1016/j.soard.2020.12.005,10.1016/j.soard.2020.12.005,335097290,33509729,Journal Article; Retracted Publication,,2026-04-29T05:51:56Z
doi:10.1016/j.hrthm.2021.06.790,10.1016/j.hrthm.2021.06.790,347367180,34736718,Journal Article; Retracted Publication,,2026-04-29T05:51:56Z
doi:10.1192/bjp.2018.265,10.1192/bjp.2018.265,304822550,30482255,"Journal Article; Randomized Controlled Trial; Research Support, Non-U.S. Gov't",,2026-04-29T05:51:56Z
doi:10.1261/rna.078777.121,10.1261/rna.078777.121,341879030,34187903,"Journal Article; Research Support, N.I.H., Extramural; Research Support, Non-U.S. Gov't; Retracted Publication",NIAID NIH HHS (R21 AI159361),2026-04-29T05:51:56Z
doi:10.1103/physrevlett.102.197002,10.1103/physrevlett.102.197002,195189880,19518988,Journal Article; Retracted Publication,,2026-04-29T05:51:56Z
doi:10.1038/nn.3579,10.1038/nn.3579,242702690,24270269,Journal Article; Comment; Retracted Publication,,2026-04-29T05:51:56Z
doi:10.1038/nn.3560,10.1038/nn.3560,241626550,24162655,"Journal Article; Research Support, N.I.H., Extramural; Research Support, Non-U.S. Gov't; Retracted Publication",NIDA NIH HHS (R01-DA-15043); NIDA NIH HHS (R01 DA015043); NICHD NIH HHS (P30 HD018655); NICHD NIH HHS (P30-HD-18655); NINDS NIH HHS (R01-NS-07100801); NINDS NIH HHS (R01 NS071008),2026-04-29T05:51:56Z
doi:10.1177/000313481908500531,10.1177/000313481908500531,311263670,31126367,Journal Article; Retracted Publication,,2026-04-29T05:51:56Z
doi:10.7759/cureus.15251,10.7759/cureus.15251,341889900,34188990,Case Reports; Journal Article; Retracted Publication,,2026-04-29T05:51:56Z
doi:10.1021/acsami.7b17109,10.1021/acsami.7b17109,293375310,29337531,Journal Article; Retracted Publication,,2026-04-29T05:51:56Z
doi:10.1002/chem.201804842,10.1002/chem.201804842,302529930,30252993,Journal Article; Retracted Publication,,2026-04-29T05:51:56Z
doi:10.1186/s13046-018-0956-3,10.1186/s13046-018-0956-3,304775380,30477538,Journal Article; Retracted Publication,National Natural Science Foundation of China (81402368); National Natural Science Foundation of China (81502346); National Natural Science Foundation of China (81372282); National Natural Science Foundation of China (81071718); National Natural Science Foundation of China (81402265),2026-04-29T05:51:56Z
doi:10.1039/c8nr03001d,10.1039/c8nr03001d,301980340,30198034,Journal Article; Retracted Publication,,2026-04-29T05:51:56Z
doi:10.1111/j.1420-9101.2010.02070.x,10.1111/j.1420-9101.2010.02070.x,208403070,20840307,Journal Article; Retracted Publication,,2026-04-29T05:51:56Z
doi:10.1038/s42003-021-02668-z,10.1038/s42003-021-02668-z,346357820,34635782,"Journal Article; Research Support, Non-U.S. Gov't; Research Support, N.I.H., Extramural; Retracted Publication",NCATS NIH HHS (KL2 TR002734); NCI NIH HHS (R01 CA186729); NCI NIH HHS (R01 CA198117),2026-04-29T05:51:56Z
doi:10.1038/s41593-020-0628-4,10.1038/s41593-020-0628-4,324242820,32424282,"Journal Article; Research Support, N.I.H., Extramural; Research Support, Non-U.S. Gov't; Research Support, U.S. Gov't, Non-P.H.S.; Retracted Publication",NIAID NIH HHS (R21 AI133280); NCI NIH HHS (P30 CA030199); Worldwide Cancer Research (16-1204); NCI NIH HHS (R01 CA148699); NCI NIH HHS (P30 CA023100); Medical Research Council (MC_PC_16047); Medical Research Council (MC_PC_18051); NCI NIH HHS (P01 CA177322); NCI NIH HHS (K22 CA229613); NCI NIH HHS (R01 CA159859); Cancer Research UK (14610); Cancer Research UK (28278); NIAID NIH HHS (R01 AI048073),2026-04-29T05:51:56Z
doi:10.1111/jcpt.13445,10.1111/jcpt.13445,342543310,34254331,Journal Article; Review; Retracted Publication,,2026-04-29T05:51:56Z
doi:10.1002/jcb.26289,10.1002/jcb.26289,287228290,28722829,Journal Article; Retracted Publication,,2026-04-29T05:51:56Z
doi:10.1007/s00109-019-01807-8,10.1007/s00109-019-01807-8,311871750,31187175,"Journal Article; Research Support, Non-U.S. Gov't; Retracted Publication",,2026-04-29T05:51:56Z
doi:10.1007/s00439-017-1759-x,10.1007/s00439-017-1759-x,281387730,28138773,Journal Article; Multicenter Study; Retracted Publication,,2026-04-29T05:51:56Z
doi:10.1038/cddis.2017.279,10.1038/cddis.2017.279,286174340,28617434,"Journal Article; Research Support, Non-U.S. Gov't; Research Support, N.I.H., Extramural; Retracted Publication",NIA NIH HHS (R01 AG050253); NCCIH NIH HHS (R01 AT007411); NIA NIH HHS (R21 AG049477),2026-04-29T05:51:56Z
doi:10.1007/s10620-015-3905-4,10.1007/s10620-015-3905-4,265001170,26500117,"Journal Article; Research Support, Non-U.S. Gov't; Retracted Publication",,2026-04-29T05:51:56Z
doi:10.3233/wor-205373,10.3233/wor-205373,,34308888,Journal Article; Retracted Publication,,2026-04-29T05:51:56Z
doi:10.3233/wor-205370,10.3233/wor-205370,,34308885,Journal Article; Retracted Publication,,2026-04-29T05:51:56Z
doi:10.3389/fcvm.2018.00126,10.3389/fcvm.2018.00126,302588450,30258845,Journal Article; Retracted Publication,NHLBI NIH HHS (R01 HL111278); NIH HHS (S10 OD010408),2026-04-29T05:51:56Z
doi:10.1186/s12887-021-02775-0,10.1186/s12887-021-02775-0,342172460,34217246,"Journal Article; Research Support, Non-U.S. Gov't; Retracted Publication",National Outstanding Youth Science Fund Project of National Natural Science Foundation of China (81771223); National Outstanding Youth Science Fund Project of National Natural Science Foundation of China (81770526); Fundamental Research Funds for the Key Research Program of Chongqing Science and Technology Commission (cstc2018jscx-msybX0106); Guangdong Key Laboratory of Fuel Cell Technology (2018B030335001); Guangdong Provincial Key Laboratory of Reproductive Medicine (202007030002),2026-04-29T05:51:56Z
doi:10.3233/wor-205354,10.3233/wor-205354,,34308923,Journal Article; Retracted Publication,,2026-04-29T05:51:56Z
doi:10.1111/jvim.16132,10.1111/jvim.16132,339605520,33960552,Journal Article; Multicenter Study; Retracted Publication,,2026-04-29T05:51:56Z
doi:10.1242/jcs.070250,10.1242/jcs.070250,206639200,20663920,"Journal Article; Research Support, N.I.H., Extramural; Retracted Publication",NCI NIH HHS (R01 CA078282); NCI NIH HHS (R01 CA105005); NCI NIH HHS (CA105005); NCI NIH HHS (CA78282),2026-04-29T05:51:56Z
doi:10.1177/0020764021997485,10.1177/0020764021997485,336220670,33622067,Journal Article; Retracted Publication,,2026-04-29T05:51:56Z
doi:10.3233/wor-205350,10.3233/wor-205350,,34275921,Journal Article; Retracted Publication,,2026-04-29T05:51:56Z
doi:10.1016/j.actbio.2017.06.010,10.1016/j.actbio.2017.06.010,286001300,28600130,"Journal Article; Research Support, Non-U.S. Gov't; Retracted Publication",,2026-04-29T05:51:56Z
doi:10.1126/sciadv.1501554,10.1126/sciadv.1501554,269738790,26973879,"Journal Article; Research Support, Non-U.S. Gov't; Retracted Publication",,2026-04-29T05:51:56Z
doi:10.1186/s13046-018-0857-5,10.1186/s13046-018-0857-5,300718680,30071868,Journal Article; Retracted Publication,NINDS NIH HHS (R01 NS100950); NCATS NIH HHS (UL1 TR002345),2026-04-29T05:51:56Z
doi:10.3389/fnins.2020.00395,10.3389/fnins.2020.00395,327652030,32765203,Journal Article; Retracted Publication,,2026-04-29T05:51:56Z
doi:10.1007/978-0-387-46050-5_50,10.1007/978-0-387-46050-5_50,,41774241,Journal Article,,2026-04-29T05:51:56Z
doi:10.1007/s10495-013-0955-y,10.1007/s10495-013-0955-y,243379030,24337903,"Journal Article; Research Support, Non-U.S. Gov't; Retracted Publication",,2026-04-29T05:51:56Z
doi:10.1126/scisignal.aag1064,10.1126/scisignal.aag1064,280497630,28049763,Journal Article; Retracted Publication,NCATS NIH HHS (KL2 TR000428); NCI NIH HHS (P30 CA014520); NIDCR NIH HHS (P50 DE026787); NCATS NIH HHS (UL1 TR000427),2026-04-29T05:51:56Z
doi:10.1177/0885066620973585,10.1177/0885066620973585,333173850,33317385,Journal Article; Review; Retracted Publication,,2026-04-29T05:51:56Z
doi:10.1016/j.hrthm.2021.06.024,10.1016/j.hrthm.2021.06.024,347367190,34736719,Journal Article; Retracted Publication,,2026-04-29T05:51:56Z
doi:10.1002/14651858.cd005150.pub2,10.1002/14651858.cd005150.pub2,168560800,16856080,Journal Article; Meta-Analysis; Systematic Review,,2026-04-29T05:51:56Z
doi:10.1371/journal.pgen.1004792,10.1371/journal.pgen.1004792,253758760,25375876,"Journal Article; Research Support, N.I.H., Extramural; Research Support, Non-U.S. Gov't; Retracted Publication",NIA NIH HHS (RF1 AG015819); NIA NIH HHS (R01AG36836); NIA NIH HHS (R01AG034504); NIA NIH HHS (R0AG04337); NIA NIH HHS (R01AG15819); NIA NIH HHS (R01AG041232); NIA NIH HHS (P30AG10161); NIA NIH HHS (RF1 AG036042); NIA NIH HHS (U01 AG046152); NINDS NIH HHS (R01 NS078009); NIA NIH HHS (U01AG046152); NIA NIH HHS (K25 AG041906); NINDS NIH HHS (R01NS078009); NIA NIH HHS (R01AG36042); NIA NIH HHS (R01 AG017917); NIA NIH HHS (R01AG17917); NIA NIH HHS (R01 AG036042); NIA NIH HHS (P30 AG010161); NIA NIH HHS (R01 AG034504);  CIHR (MMC112692); NIA NIH HHS (R01 AG041232); NIA NIH HHS (R01 AG036836); NIA NIH HHS (R01 AG015819);  CIHR (MOP125934),2026-04-29T05:51:56Z
doi:10.1002/14651858.cd006493.pub2,10.1002/14651858.cd006493.pub2,179439130,17943913,Journal Article; Systematic Review,NIMH NIH HHS (F31 MH072547),2026-04-29T05:51:56Z
doi:10.7554/elife.59709,10.7554/elife.59709,326923110,32692311,"Journal Article; Research Support, N.I.H., Extramural; Retracted Publication",NIAAA NIH HHS (U01 AA020911); NIAAA NIH HHS (F32 AA026485); NIAAA NIH HHS (K99 AA027576); NIAAA NIH HHS (T32 AA007573); NIAAA NIH HHS (R01 AA025582); NIAAA NIH HHS (F31 AA027129); NIAAA NIH HHS (R01 AA019454),2026-04-29T05:51:56Z
doi:10.1002/14651858.cd000181,10.1002/14651858.cd000181,107965030,10796503,Journal Article; Systematic Review,,2026-04-29T05:51:56Z
doi:10.1002/14651858.cd000181.pub2,10.1002/14651858.cd000181.pub2,154949910,15494991,Journal Article; Meta-Analysis; Systematic Review,,2026-04-29T05:51:56Z
doi:10.1002/14651858.cd000181.pub3,10.1002/14651858.cd000181.pub3,172534460,17253446,Journal Article; Meta-Analysis; Systematic Review,,2026-04-29T05:51:56Z
doi:10.1002/14651858.cd002094.pub2,10.1002/14651858.cd002094.pub2,152664620,15266462,Journal Article; Meta-Analysis; Systematic Review,,2026-04-29T05:51:56Z
doi:10.1002/14651858.cd002094.pub3,10.1002/14651858.cd002094.pub3,164374410,16437441,Journal Article; Meta-Analysis; Systematic Review,,2026-04-29T05:51:56Z
doi:10.1093/nar/gkp136,10.1093/nar/gkp136,193395170,19339517,"Journal Article; Research Support, Non-U.S. Gov't; Retracted Publication",,2026-04-29T05:51:56Z
doi:10.1002/14651858.cd001727,10.1002/14651858.cd001727,118696040,11869604,Journal Article; Systematic Review,,2026-04-29T05:51:56Z
doi:10.1002/14651858.cd001727.pub2,10.1002/14651858.cd001727.pub2,152664510,15266451,Journal Article; Meta-Analysis; Systematic Review,,2026-04-29T05:51:56Z
doi:10.1002/14651858.cd001727.pub3,10.1002/14651858.cd001727.pub3,176366820,17636682,Journal Article; Systematic Review,,2026-04-29T05:51:56Z
doi:10.1002/14651858.cd000050,10.1002/14651858.cd000050,107962880,10796288,Journal Article; Systematic Review,,2026-04-29T05:51:56Z
doi:10.1371/journal.pone.0213918,10.1371/journal.pone.0213918,309432440,30943244,"Journal Article; Research Support, Non-U.S. Gov't; Retracted Publication",,2026-04-29T05:51:56Z
doi:10.1002/14651858.cd001042,10.1002/14651858.cd001042,107967390,10796739,Journal Article; Systematic Review,,2026-04-29T05:51:56Z
doi:10.1002/14651858.cd000045,10.1002/14651858.cd000045,107964740,10796474,Journal Article; Systematic Review,,2026-04-29T05:51:56Z
doi:10.1002/14651858.cd002081,10.1002/14651858.cd002081,125354260,12535426,Journal Article; Meta-Analysis; Systematic Review,,2026-04-29T05:51:56Z
doi:10.1002/14651858.cd003851,10.1002/14651858.cd003851,125196110,12519611,Journal Article; Meta-Analysis; Systematic Review,,2026-04-29T05:51:56Z
doi:10.1002/14651858.cd002915,10.1002/14651858.cd002915,129179360,12917936,Journal Article; Meta-Analysis; Systematic Review,,2026-04-29T05:51:56Z
doi:10.1021/acsmacrolett.9b00296,10.1021/acsmacrolett.9b00296,356195060,35619506,Journal Article; Retracted Publication,,2026-04-29T05:51:56Z
doi:10.1103/physreve.102.011001,10.1103/physreve.102.011001,327948960,32794896,Journal Article; Retracted Publication,,2026-04-29T05:51:56Z
doi:10.1002/14651858.cd002939.pub2,10.1002/14651858.cd002939.pub2,158466440,15846644,Journal Article; Systematic Review,,2026-04-29T05:51:56Z
doi:10.1111/ejn.14727,10.1111/ejn.14727,322274080,32227408,Journal Article; Review; Retracted Publication,,2026-04-29T05:51:56Z
doi:10.1101/2020.09.15.20195099,10.1101/2020.09.15.20195099,329958100,32995810,Preprint; Journal Article,,2026-04-29T05:51:56Z
doi:10.1128/jcm.06252-11,10.1128/jcm.06252-11,221709110,22170911,Case Reports; Journal Article; Retracted Publication,,2026-04-29T05:51:56Z
doi:10.1348/000712608x318617,10.1348/000712608x318617,185591380,18559138,Journal Article; Retracted Publication,,2026-04-29T05:51:56Z
doi:10.1016/j.cpcardiol.2021.101011,10.1016/j.cpcardiol.2021.101011,346010060,34601006,Journal Article; Review,,2026-04-29T05:51:56Z
doi:10.1037/xge0000985,10.1037/xge0000985,331193580,33119358,Journal Article; Retracted Publication,,2026-04-29T05:51:56Z
doi:10.1371/journal.pone.0211066,10.1371/journal.pone.0211066,306821760,30682176,"Journal Article; Research Support, Non-U.S. Gov't; Retracted Publication",,2026-04-29T05:51:56Z
doi:10.1002/14651858.cd000447.pub2,10.1002/14651858.cd000447.pub2,149739580,14973958,Journal Article; Meta-Analysis; Systematic Review,,2026-04-29T05:51:56Z
doi:10.3389/fnmol.2019.00268,10.3389/fnmol.2019.00268,317878800,31787880,Journal Article; Retracted Publication,NIA NIH HHS (R01 AG050721); NIA NIH HHS (R01 AG060149); NINDS NIH HHS (R03 NS111482); NIA NIH HHS (RF1 AG054000),2026-04-29T05:51:56Z
doi:10.1089/dna.2014.2376,10.1089/dna.2014.2376,250509740,25050974,"Journal Article; Research Support, Non-U.S. Gov't; Retracted Publication",,2026-04-29T05:51:56Z
doi:10.1111/tbed.13990,10.1111/tbed.13990,340373370,34037337,Published Erratum; Retracted Publication,,2026-04-29T05:51:56Z
doi:10.1002/14651858.cd009217,10.1002/14651858.cd009217,217354390,21735439,Journal Article; Meta-Analysis; Systematic Review,,2026-04-29T05:51:56Z
doi:10.1073/pnas.2000174117,10.1073/pnas.2000174117,331064110,33106411,"Journal Article; Research Support, Non-U.S. Gov't; Retracted Publication",,2026-04-29T05:51:56Z
doi:10.1002/14651858.cd005367.pub2,10.1002/14651858.cd005367.pub2,198213450,19821345,Journal Article; Meta-Analysis; Systematic Review,,2026-04-29T05:51:56Z
doi:10.1002/14651858.cd004843.pub2,10.1002/14651858.cd004843.pub2,166256140,16625614,Journal Article; Meta-Analysis; Systematic Review,,2026-04-29T05:51:56Z
doi:10.1002/14651858.cd005178,10.1002/14651858.cd005178,156547070,15654707,Journal Article; Meta-Analysis; Systematic Review,,2026-04-29T05:51:56Z
doi:10.5187/jast.2021.e60,10.5187/jast.2021.e60,341895150,34189515,Journal Article,,2026-04-29T05:51:56Z
doi:10.1073/pnas.82.16.5465,10.1073/pnas.82.16.5465,29919280,2991928,"Journal Article; Research Support, Non-U.S. Gov't; Research Support, U.S. Gov't, P.H.S.; Retracted Publication",NIADDK NIH HHS (AM-33910); NICHD NIH HHS (HD-04583),2026-04-29T05:51:56Z
doi:10.3390/ijms20133205,10.3390/ijms20133205,312618920,31261892,Journal Article; Retracted Publication,,2026-04-29T05:51:56Z
doi:10.2147/cmar.s211856,10.2147/cmar.s211856,314475850,31447585,Journal Article; Retracted Publication,,2026-04-29T05:51:56Z
doi:10.1038/s41586-020-03074-x,10.1038/s41586-020-03074-x,333618180,33361818,"Journal Article; Research Support, N.I.H., Extramural; Research Support, Non-U.S. Gov't; Research Support, U.S. Gov't, Non-P.H.S.; Retracted Publication",NCI NIH HHS (P30 CA010815); NIH HHS (S10 OD023586),2026-04-29T05:51:56Z
doi:10.4103/1673-5374.284981,10.4103/1673-5374.284981,325940330,32594033,Journal Article; Review; Retracted Publication,,2026-04-29T05:51:56Z
doi:10.4103/1673-5374.280306,10.4103/1673-5374.280306,322466230,32246623,Journal Article; Review; Retracted Publication,,2026-04-29T05:51:56Z
doi:10.1002/14651858.cd007169.pub2,10.1002/14651858.cd007169.pub2,200916190,20091619,Journal Article; Meta-Analysis; Systematic Review,,2026-04-29T05:51:56Z
doi:10.17912/micropub.biology.000407,10.17912/micropub.biology.000407,341894230,34189423,Journal Article; Retracted Publication,NIGMS NIH HHS (R25 GM130517),2026-04-29T05:51:56Z
doi:10.1213/xaa.0000000000001351,10.1213/xaa.0000000000001351,332368700,33236870,Journal Article; Retracted Publication,,2026-04-29T05:51:56Z
doi:10.1007/s12195-015-0386-7,10.1007/s12195-015-0386-7,345222340,34522234,Journal Article; Retracted Publication,NHLBI NIH HHS (K25 HL097246); NHLBI NIH HHS (R01 HL119371),2026-04-29T05:51:56Z
doi:10.1212/wnl.0000000000012086,10.1212/wnl.0000000000012086,345203860,34520386,Editorial; Retracted Publication,,2026-04-29T05:51:56Z
doi:10.1002/bab.2183,10.1002/bab.2183,,33970493,Journal Article; Retracted Publication,,2026-04-29T05:51:56Z
doi:10.1002/14651858.cd006265.pub2,10.1002/14651858.cd006265.pub2,179439020,17943902,Journal Article; Meta-Analysis; Systematic Review,,2026-04-29T05:51:56Z
doi:10.7759/cureus.8464,10.7759/cureus.8464,325287850,32528785,Case Reports; Journal Article; Retracted Publication,,2026-04-29T05:51:56Z
doi:10.1002/14651858.cd001398,10.1002/14651858.cd001398,125195550,12519555,Journal Article; Meta-Analysis; Systematic Review,,2026-04-29T05:51:56Z
doi:10.1002/14651858.cd001398.pub2,10.1002/14651858.cd001398.pub2,200915190,20091519,Journal Article; Meta-Analysis; Systematic Review,,2026-04-29T05:51:56Z
doi:10.1002/14651858.cd001878.pub2,10.1002/14651858.cd001878.pub2,152664580,15266458,Journal Article; Systematic Review,,2026-04-29T05:51:56Z
doi:10.1002/14651858.cd002285.pub2,10.1002/14651858.cd002285.pub2,166255600,16625560,Journal Article; Meta-Analysis; Systematic Review,,2026-04-29T05:51:56Z
doi:10.1073/pnas.1209746109,10.1073/pnas.1209746109,229274080,22927408,"Journal Article; Research Support, Non-U.S. Gov't; Retracted Publication",,2026-04-29T05:51:56Z
doi:10.1002/14651858.cd000387,10.1002/14651858.cd000387,110346860,11034686,Journal Article; Systematic Review,,2026-04-29T05:51:56Z
doi:10.1093/ajhp/zxaa436,10.1093/ajhp/zxaa436,334119080,33411908,Journal Article; Retracted Publication,,2026-04-29T05:51:56Z
doi:10.1155/2011/548068,10.1155/2011/548068,221909320,22190932,Journal Article; Retracted Publication,,2026-04-29T05:51:56Z
doi:10.1002/14651858.cd006581.pub2,10.1002/14651858.cd006581.pub2,211543710,21154371,Journal Article; Meta-Analysis; Systematic Review,,2026-04-29T05:51:56Z
doi:10.1016/j.addbeh.2018.12.028,10.1016/j.addbeh.2018.12.028,305973350,30597335,Journal Article; Retracted Publication,,2026-04-29T05:51:56Z
doi:10.1016/j.wneu.2020.07.075,10.1016/j.wneu.2020.07.075,326880350,32688035,Retraction Notice; Journal Article; Retracted Publication,,2026-04-29T05:51:56Z
doi:10.1002/14651858.cd000319.pub3,10.1002/14651858.cd000319.pub3,158466030,15846603,Journal Article; Meta-Analysis; Systematic Review,,2026-04-29T05:51:56Z
doi:10.1002/14651858.cd000319.pub4,10.1002/14651858.cd000319.pub4,176366290,17636629,Journal Article; Meta-Analysis; Systematic Review,,2026-04-29T05:51:56Z
doi:10.1002/14651858.cd008626.pub2,10.1002/14651858.cd008626.pub2,217354340,21735434,Journal Article; Meta-Analysis; Systematic Review,,2026-04-29T05:51:56Z
doi:10.1007/s00436-015-4794-3,10.1007/s00436-015-4794-3,264906830,26490683,Journal Article; Retracted Publication,,2026-04-29T05:51:56Z
doi:10.1161/circresaha.111.250423,10.1161/circresaha.111.250423,219801250,21980125,"Journal Article; Research Support, N.I.H., Extramural; Research Support, Non-U.S. Gov't; Retracted Publication",NHLBI NIH HHS (R01 HL089920); NHLBI NIH HHS (R01 HL074399); NHLBI NIH HHS (R01 HL079584); NHLBI NIH HHS (R01 HL080499); NHLBI NIH HHS (R01 HL096032); NHLBI NIH HHS (R01 HL110488); NHLBI NIH HHS (R01 HL105157),2026-04-29T05:51:56Z
doi:10.1002/14651858.cd009173.pub2,10.1002/14651858.cd009173.pub2,229721370,22972137,"Journal Article; Meta-Analysis; Research Support, Non-U.S. Gov't; Systematic Review",,2026-04-29T05:51:56Z
doi:10.1038/s41598-017-10087-6,10.1038/s41598-017-10087-6,288356970,28835697,"Journal Article; Research Support, N.I.H., Extramural; Research Support, Non-U.S. Gov't; Retracted Publication",NIAID NIH HHS (R01 AI103106); NCI NIH HHS (R01 CA089121); NCI NIH HHS (R01 CA095441); NCI NIH HHS (R01 CA127724),2026-04-29T05:51:56Z
doi:10.1007/s10532-015-9743-4,10.1007/s10532-015-9743-4,263858450,26385845,Journal Article; Retracted Publication,National Natural Science Foundation of China (50978164); Key project of basic research in Shanghai (11JC1409100); The Special Foundation of Chinese Colleges and Universities Doctoral Discipline (20113127110002),2026-04-29T05:51:56Z
doi:10.1002/jts.22528,10.1002/jts.22528,325164940,32516494,Journal Article; Retracted Publication,,2026-04-29T05:51:56Z
doi:10.1186/1476-4598-9-148,10.1186/1476-4598-9-148,205507080,20550708,"Journal Article; Research Support, N.I.H., Extramural; Research Support, Non-U.S. Gov't; Retracted Publication",NCI NIH HHS (NIH/NCI-P20 CA103680-SCHWARTZ/),2026-04-29T05:51:56Z
doi:10.1038/s42003-020-01565-1,10.1038/s42003-020-01565-1,334203210,33420321,Evaluation Study; Journal Article; Retracted Publication,,2026-04-29T05:51:56Z
doi:10.1002/14651858.cd005180,10.1002/14651858.cd005180,156547080,15654708,Journal Article; Systematic Review,,2026-04-29T05:51:56Z
doi:10.1002/14651858.cd001869,10.1002/14651858.cd001869,116871270,11687127,Journal Article; Systematic Review,,2026-04-29T05:51:56Z
doi:10.1002/14651858.cd006491.pub2,10.1002/14651858.cd006491.pub2,198213710,19821371,Journal Article; Meta-Analysis; Systematic Review,,2026-04-29T05:51:56Z
doi:10.1002/mc.21915,10.1002/mc.21915,224958280,22495828,"Journal Article; Research Support, N.I.H., Extramural; Retracted Publication",NCI NIH HHS (R01 CA116708); NCI NIH HHS (CA116708),2026-04-29T05:51:56Z
doi:10.1002/smll.202100819,10.1002/smll.202100819,339381420,33938142,Journal Article; Retracted Publication,META Inc. (No ID),2026-04-29T05:51:56Z
doi:10.1002/14651858.cd000243,10.1002/14651858.cd000243,128043920,12804392,Journal Article; Systematic Review,,2026-04-29T05:51:56Z
doi:10.1002/14651858.cd000243.pub2,10.1002/14651858.cd000243.pub2,184258610,18425861,Journal Article; Meta-Analysis; Systematic Review,,2026-04-29T05:51:56Z
doi:10.1002/14651858.cd000243.pub3,10.1002/14651858.cd000243.pub3,245156100,24515610,"Journal Article; Meta-Analysis; Research Support, Non-U.S. Gov't; Systematic Review",,2026-04-29T05:51:56Z
doi:10.1002/14651858.cd003231,10.1002/14651858.cd003231,129179550,12917955,Journal Article; Meta-Analysis; Systematic Review,,2026-04-29T05:51:56Z
doi:10.1111/acem.14252,10.1111/acem.14252,337304460,33730446,Journal Article; Retracted Publication,Eunice Kennedy Shriver National Institute of Child Health and Human Development (5R24HD087149-04),2026-04-29T05:51:56Z
doi:10.1021/acsami.9b14240,10.1021/acsami.9b14240,315580140,31558014,Journal Article; Retracted Publication,,2026-04-29T05:51:56Z
doi:10.1097/tp.0000000000003882,10.1097/tp.0000000000003882,342245420,34224542,Journal Article; Retracted Publication,,2026-04-29T05:51:56Z
doi:10.1007/s11051-020-05041-z,10.1007/s11051-020-05041-z,331008940,33100894,Journal Article; Retracted Publication,,2026-04-29T05:51:56Z
doi:10.1080/10799893.2020.1759091,10.1080/10799893.2020.1759091,324565200,32456520,Journal Article; Review; Retracted Publication,,2026-04-29T05:51:56Z
doi:10.1002/14651858.cd001425.pub2,10.1002/14651858.cd001425.pub2,156748770,15674877,Journal Article; Meta-Analysis; Systematic Review,,2026-04-29T05:51:56Z
doi:10.1124/mol.109.056002,10.1124/mol.109.056002,195208990,19520899,"Journal Article; Research Support, N.I.H., Extramural; Retracted Publication",NIGMS NIH HHS (R01 GM044037); NIDDK NIH HHS (DK26506); NIGMS NIH HHS (GM44037); NIDDK NIH HHS (P30-DK26743); NIDDK NIH HHS (R01 DK026506); NIDDK NIH HHS (P30 DK026743),2026-04-29T05:51:56Z
doi:10.1124/mol.109.061259,10.1124/mol.109.061259,200714490,20071449,Journal Article; Retracted Publication,NIDDK NIH HHS (R21 DK078442); NIDDK NIH HHS (R01 DK016272); NIDDK NIH HHS (R01 DK087984); NIDDK NIH HHS (R56 DK026506); NIDDK NIH HHS (R56 DK016272); NIDDK NIH HHS (R01 DK026506); NIDDK NIH HHS (P30 DK026743),2026-04-29T05:51:56Z
doi:10.1080/00207454.2020.1748623,10.1080/00207454.2020.1748623,324297910,32429791,Journal Article,,2026-04-29T05:51:56Z
doi:10.1371/journal.pgen.1009415,10.1371/journal.pgen.1009415,337300500,33730050,"Journal Article; Research Support, Non-U.S. Gov't; Retracted Publication",,2026-04-29T05:51:56Z
doi:10.1080/00015385.2020.1800963,10.1080/00015385.2020.1800963,327318430,32731843,Journal Article; Retracted Publication,,2026-04-29T05:51:56Z
doi:10.4103/1673-5374.308073,10.4103/1673-5374.308073,336423710,33642371,Journal Article; Review; Retracted Publication,NINDS NIH HHS (R01 NS104218); NINDS NIH HHS (R21 NS099921),2026-04-29T05:51:56Z
doi:10.1007/s13402-019-00461-z,10.1007/s13402-019-00461-z,313326470,31332647,Journal Article; Retracted Publication,,2026-04-29T05:51:56Z
doi:10.1111/cas.14647,10.1111/cas.14647,329265070,32926507,"Clinical Trial, Phase III; Journal Article; Multicenter Study; Randomized Controlled Trial; Retracted Publication",Merck Sharp & Dohme Corp. (No ID),2026-04-29T05:51:56Z
doi:10.1038/nature13005,10.1038/nature13005,245723530,24572353,"Journal Article; Research Support, N.I.H., Extramural; Research Support, Non-U.S. Gov't; Retracted Publication",NIAAA NIH HHS (R01 AA007535); NIAAA NIH HHS (R01 AA014041); NIAAA NIH HHS (AA13320); NIGMS NIH HHS (GM099568); NIAAA NIH HHS (R01 AA013321); Medical Research Council (MC_PC_15018); NIGMS NIH HHS (GM057091); NIDA NIH HHS (R01 DA012854); NIAAA NIH HHS (AA13326); NIDA NIH HHS (DA12854); NIGMS NIH HHS (P01 GM099568); NIAAA NIH HHS (AA13321); NIAAA NIH HHS (AA10248); NIAAA NIH HHS (R01 AA013326); NIDA NIH HHS (R56 DA012854); NIAAA NIH HHS (AA014041); NIGMS NIH HHS (R01 GM075091); Medical Research Council (G9815508); NIAAA NIH HHS (R01 AA013320),2026-04-29T05:51:56Z
doi:10.1002/jcb.27904,10.1002/jcb.27904,303045660,30304566,"Journal Article; Research Support, Non-U.S. Gov't; Retracted Publication",,2026-04-29T05:51:56Z
doi:10.1038/s41698-017-0008-z,10.1038/s41698-017-0008-z,288047840,28804784,Journal Article; Retracted Publication,NCI NIH HHS (R01 CA183877); NCI NIH HHS (U54 CA143931); NIMHD NIH HHS (U54 MD007598),2026-04-29T05:51:56Z
doi:10.1001/jamafacial.2015.0676,10.1001/jamafacial.2015.0676,261361580,26136158,Letter; Comment; Retracted Publication,,2026-04-29T05:51:56Z
doi:10.1016/j.bbamcr.2018.09.005,10.1016/j.bbamcr.2018.09.005,302624350,30262435,"Journal Article; Research Support, Non-U.S. Gov't; Retracted Publication",,2026-04-29T05:51:56Z
doi:10.1002/14651858.cd005041.pub2,10.1002/14651858.cd005041.pub2,252307100,25230710,Journal Article; Meta-Analysis; Systematic Review,,2026-04-29T05:51:56Z
doi:10.1002/14651858.cd003226.pub2,10.1002/14651858.cd003226.pub2,152664760,15266476,Journal Article; Meta-Analysis; Systematic Review,,2026-04-29T05:51:56Z
doi:10.1210/en.2004-0524,10.1210/en.2004-0524,152974370,15297437,"Journal Article; Research Support, Non-U.S. Gov't; Research Support, U.S. Gov't, P.H.S.; Retracted Publication",NIDDK NIH HHS (DK-40456); NIDDK NIH HHS (DK-62071); NIGMS NIH HHS (GM-R37-39519),2026-04-29T05:51:56Z
doi:10.1016/j.rvsc.2017.03.019,10.1016/j.rvsc.2017.03.019,283910570,28391057,Journal Article; Retracted Publication,,2026-04-29T05:51:56Z
doi:10.1016/j.rvsc.2017.05.004,10.1016/j.rvsc.2017.05.004,285055870,28505587,Journal Article; Retracted Publication,,2026-04-29T05:51:56Z
doi:10.1113/ep087720,10.1113/ep087720,314082270,31408227,Journal Article; Review; Retracted Publication,,2026-04-29T05:51:56Z
doi:10.1128/aem.00991-18,10.1128/aem.00991-18,298847570,29884757,"Journal Article; Research Support, U.S. Gov't, Non-P.H.S.; Retracted Publication",,2026-04-29T05:51:56Z
doi:10.1186/1743-422x-3-100,10.1186/1743-422x-3-100,171293820,17129382,"Journal Article; Research Support, N.I.H., Extramural; Research Support, Non-U.S. Gov't; Retracted Publication",NCI NIH HHS (R01 CA089121); NCI NIH HHS (CA89121),2026-04-29T05:51:56Z
doi:10.3390/ijerph17228674,10.3390/ijerph17228674,332664570,33266457,"Journal Article; Research Support, Non-U.S. Gov't; Retracted Publication",,2026-04-29T05:51:56Z
doi:10.1097/aog.0000000000003989,10.1097/aog.0000000000003989,327696470,32769647,"Journal Article; Randomized Controlled Trial; Research Support, N.I.H., Extramural; Retracted Publication",NICHD NIH HHS (U10 HD041261); NICHD NIH HHS (UG1 HD069013); NICHD NIH HHS (U10 HD054215); NICHD NIH HHS (U10 HD054214); NICHD NIH HHS (U01 HD069031); NICHD NIH HHS (U10 HD069013); NICHD NIH HHS (U10 HD041267); NICHD NIH HHS (U24 HD069031); NICHD NIH HHS (U10 HD069025); NICHD NIH HHS (U10 HD069006); NICHD NIH HHS (U10 HD069010),2026-04-29T05:51:56Z
doi:10.1097/aog.0000000000001220,10.1097/aog.0000000000001220,266955650,26695565,Journal Article; Comment; Retracted Publication,,2026-04-29T05:51:56Z
doi:10.1177/2150132720954687,10.1177/2150132720954687,328651520,32865152,Comparative Study; Journal Article; Retracted Publication,,2026-04-29T05:51:56Z
doi:10.1177/2150132720970717,10.1177/2150132720970717,331355510,33135551,Journal Article; Retracted Publication,,2026-04-29T05:51:56Z
doi:10.1016/j.compmedimag.2020.101779,10.1016/j.compmedimag.2020.101779,329498460,32949846,Journal Article; Retracted Publication,,2026-04-29T05:51:56Z
doi:10.1002/14651858.cd010782,10.1002/14651858.cd010782,241298530,24129853,Journal Article; Meta-Analysis; Systematic Review,,2026-04-29T05:51:56Z
doi:10.1016/j.canlet.2018.06.039,10.1016/j.canlet.2018.06.039,299696580,29969658,"Journal Article; Research Support, Non-U.S. Gov't; Retracted Publication",,2026-04-29T05:51:56Z
doi:10.1016/j.neo.2016.12.004,10.1016/j.neo.2016.12.004,280383190,28038319,Journal Article; Retracted Publication,NCI NIH HHS (K22 CA143148); NCI NIH HHS (R01 CA133162),2026-04-29T05:51:56Z
doi:10.1016/j.canlet.2009.02.045,10.1016/j.canlet.2009.02.045,193244940,19324494,"Journal Article; Research Support, Non-U.S. Gov't; Retracted Publication",,2026-04-29T05:51:56Z
doi:10.1016/j.juro.2008.01.007,10.1016/j.juro.2008.01.007,183558550,18355855,"Journal Article; Research Support, N.I.H., Extramural; Research Support, Non-U.S. Gov't; Retracted Publication",NIDDK NIH HHS (DK-R01-54084),2026-04-29T05:51:56Z
doi:10.1016/j.juro.2011.07.107,10.1016/j.juro.2011.07.107,220191710,22019171,"Journal Article; Research Support, Non-U.S. Gov't; Retracted Publication",,2026-04-29T05:51:56Z
doi:10.1097/aog.0000000000004286,10.1097/aog.0000000000004286,335438900,33543890,Comparative Study; Journal Article; Randomized Controlled Trial; Retracted Publication,,2026-04-29T05:51:56Z
doi:10.31083/j.jin.2020.03.0196,10.31083/j.jin.2020.03.0196,330705330,33070533,Journal Article; Review; Retracted Publication,,2026-04-29T05:51:56Z
doi:10.1016/j.jstrokecerebrovasdis.2021.105639,10.1016/j.jstrokecerebrovasdis.2021.105639,335403350,33540335,Comparative Study; Journal Article; Retracted Publication,,2026-04-29T05:51:56Z
doi:10.1093/scan/soz169,10.1093/scan/soz169,320257240,32025724,Journal Article; Retracted Publication,,2026-04-29T05:51:56Z
doi:10.1126/science.1254234,10.1126/science.1254234,251043780,25104378,"Journal Article; Research Support, U.S. Gov't, Non-P.H.S.; Retracted Publication",,2026-04-29T05:51:56Z
doi:10.1074/jbc.270.37.21998,10.1074/jbc.270.37.21998,75451740,7545174,"Journal Article; Research Support, Non-U.S. Gov't; Research Support, U.S. Gov't, P.H.S.; Retracted Publication",NHLBI NIH HHS (R01HL46549); NHLBI NIH HHS (R01HL49202); NCI NIH HHS (R37CA36464),2026-04-29T05:51:56Z
doi:10.1073/pnas.85.18.6577,10.1073/pnas.85.18.6577,165939770,16593977,Journal Article; Retracted Publication,,2026-04-29T05:51:56Z
doi:10.1073/pnas.83.18.7008,10.1073/pnas.83.18.7008,34892360,3489236,"Journal Article; Research Support, Non-U.S. Gov't; Research Support, U.S. Gov't, P.H.S.; Retracted Publication",NIAID NIH HHS (AI 19807); NIAID NIH HHS (AI 21226); NCI NIH HHS (CA 40134),2026-04-29T05:51:56Z
doi:10.1016/j.athoracsur.2020.05.022,10.1016/j.athoracsur.2020.05.022,325404400,32540440,Retraction Notice,,2026-04-29T05:51:56Z
doi:10.1016/j.athoracsur.2020.04.109,10.1016/j.athoracsur.2020.04.109,325404370,32540437,Retraction Notice; Retracted Publication,,2026-04-29T05:51:56Z
doi:10.2144/fsoa-2020-0006,10.2144/fsoa-2020-0006,329835610,32983561,Journal Article; Review; Retracted Publication,,2026-04-29T05:51:56Z
doi:10.1093/ajhp/zxaa435,10.1093/ajhp/zxaa435,334118950,33411895,Journal Article; Retracted Publication,,2026-04-29T05:51:56Z
doi:10.1016/j.lfs.2014.01.085,10.1016/j.lfs.2014.01.085,245302910,24530291,Journal Article; Retracted Publication,,2026-04-29T05:51:56Z
doi:10.2337/db09-0979,10.2337/db09-0979,199339990,19933999,"Journal Article; Research Support, N.I.H., Extramural; Research Support, Non-U.S. Gov't; Retracted Publication",NIDA NIH HHS (K05 DA021696); NIDA NIH HHS (R01 DA011322); NIDA NIH HHS (DA11322),2026-04-29T05:51:56Z
doi:10.1002/14651858.cd003814.pub2,10.1002/14651858.cd003814.pub2,223367940,22336794,"Journal Article; Research Support, Non-U.S. Gov't; Systematic Review",,2026-04-29T05:51:56Z
doi:10.1371/journal.pbio.1002336,10.1371/journal.pbio.1002336,267418840,26741884,"Journal Article; Research Support, N.I.H., Intramural; Retracted Publication",Intramural NIH HHS (No ID),2026-04-29T05:51:56Z
doi:10.1016/j.msec.2017.03.154,10.1016/j.msec.2017.03.154,284825640,28482564,Journal Article; Retracted Publication,,2026-04-29T05:51:56Z
doi:10.1038/s41586-019-1043-4,10.1038/s41586-019-1043-4,308947500,30894750,"Historical Article; Journal Article; Research Support, Non-U.S. Gov't; Retracted Publication",,2026-04-29T05:51:56Z
doi:10.1002/14651858.cd008033.pub2,10.1002/14651858.cd008033.pub2,202383610,20238361,Journal Article; Meta-Analysis; Systematic Review,British Heart Foundation (PG/08/047/25082),2026-04-29T05:51:56Z
doi:10.1002/14651858.cd008033.pub3,10.1002/14651858.cd008033.pub3,231522520,23152252,"Journal Article; Meta-Analysis; Research Support, Non-U.S. Gov't; Systematic Review",,2026-04-29T05:51:56Z
doi:10.2174/138955709788452685,10.2174/138955709788452685,195195000,19519500,Journal Article; Review; Retracted Publication,,2026-04-29T05:51:56Z
doi:10.1016/j.yrtph.2021.104927,10.1016/j.yrtph.2021.104927,338529460,33852946,Journal Article; Retracted Publication,,2026-04-29T05:51:56Z
doi:10.1080/15402002.2021.1892679,10.1080/15402002.2021.1892679,336610600,33661060,"Journal Article; Research Support, N.I.H., Extramural; Research Support, Non-U.S. Gov't; Retracted Publication",,2026-04-29T05:51:56Z
doi:10.1007/s00418-012-0967-7,10.1007/s00418-012-0967-7,226694600,22669460,"Journal Article; Research Support, Non-U.S. Gov't; Retracted Publication",,2026-04-29T05:51:56Z
doi:10.2337/db14-0026,10.2337/db14-0026,250243730,25024373,"Journal Article; Research Support, N.I.H., Extramural; Research Support, Non-U.S. Gov't; Retracted Publication",NHLBI NIH HHS (R01 HL089920); NHLBI NIH HHS (HL-10488); NHLBI NIH HHS (R01 HL074399); NIA NIH HHS (R01 AG047776); NIA NIH HHS (AG047776); NHLBI NIH HHS (R01 HL079584); NHLBI NIH HHS (HL-080499); NHLBI NIH HHS (HL-074399); NHLBI NIH HHS (R01 HL080499); NHLBI NIH HHS (F32 HL010488); NHLBI NIH HHS (HL-105157); NHLBI NIH HHS (HL-096032); NHLBI NIH HHS (HL-079584); NHLBI NIH HHS (R01 HL105157); NHLBI NIH HHS (HL-089920); NHLBI NIH HHS (R01 HL096032),2026-04-29T05:51:56Z
doi:10.1158/1541-7786.mcr-10-0399,10.1158/1541-7786.mcr-10-0399,211486330,21148633,"Journal Article; Research Support, N.I.H., Extramural; Retracted Publication",NCI NIH HHS (R01 CA138409); NCI NIH HHS (CA138409),2026-04-29T05:51:56Z
doi:10.1016/j.neurobiolaging.2018.03.032,10.1016/j.neurobiolaging.2018.03.032,297294220,29729422,"Journal Article; Research Support, N.I.H., Extramural; Research Support, Non-U.S. Gov't; Retracted Publication",NIA NIH HHS (R01 AG037637); NIA NIH HHS (RF1 AG037637),2026-04-29T05:51:56Z
doi:10.1089/acm.2020.0025,10.1089/acm.2020.0025,339022910,33902291,Journal Article; Retracted Publication,,2026-04-29T05:51:56Z
doi:10.7759/cureus.15108,10.7759/cureus.15108,341554660,34155466,Journal Article; Retracted Publication,,2026-04-29T05:51:56Z
doi:10.1016/j.janxdis.2021.102409,10.1016/j.janxdis.2021.102409,339326330,33932633,Journal Article; Retracted Publication,,2026-04-29T05:51:56Z
doi:10.2147/ijn.s70449,10.2147/ijn.s70449,255658120,25565812,"Comparative Study; Journal Article; Research Support, Non-U.S. Gov't; Retracted Publication",,2026-04-29T05:51:56Z
doi:10.2217/nnm.14.183,10.2217/nnm.14.183,258168750,25816875,"Journal Article; Research Support, Non-U.S. Gov't; Retracted Publication",,2026-04-29T05:51:56Z
doi:10.1074/jbc.m113.526772,10.1074/jbc.m113.526772,246925450,24692545,"Journal Article; Research Support, N.I.H., Extramural; Research Support, Non-U.S. Gov't; Retracted Publication",NIDCR NIH HHS (R01 DE015404); NIDCR NIH HHS (R01 DE022565); NIDCR NIH HHS (R01DE015404),2026-04-29T05:51:56Z
doi:10.1186/1476-4598-10-115,10.1186/1476-4598-10-115,219297450,21929745,"Journal Article; Research Support, N.I.H., Extramural; Research Support, Non-U.S. Gov't; Retracted Publication",NCI NIH HHS (2P50CA93683),2026-04-29T05:51:56Z
doi:10.1186/1476-4598-12-17,10.1186/1476-4598-12-17,234972560,23497256,"Journal Article; Research Support, N.I.H., Extramural; Research Support, Non-U.S. Gov't; Retracted Publication",NCI NIH HHS (5P50CA101942),2026-04-29T05:51:56Z
doi:10.1371/journal.pone.0092478,10.1371/journal.pone.0092478,246580610,24658061,"Journal Article; Research Support, N.I.H., Extramural; Research Support, U.S. Gov't, Non-P.H.S.; Retracted Publication",NCRR NIH HHS (P20 RR017695); NIGMS NIH HHS (P20GM103421); NCRR NIH HHS (P20 RR 017695); NIGMS NIH HHS (P20 GM103421); NCI NIH HHS (1R01 CA102128-01A2); NCI NIH HHS (R01 CA102128),2026-04-29T05:51:56Z
doi:10.1158/1055-9965.epi-19-0767,10.1158/1055-9965.epi-19-0767,316662820,31666282,"Journal Article; Research Support, Non-U.S. Gov't; Retracted Publication",,2026-04-29T05:51:56Z
doi:10.12788/jhm.3589,10.12788/jhm.3589,338227120,33822712,Journal Article,,2026-04-29T05:51:56Z
doi:10.1001/jamadermatol.2021.0144,10.1001/jamadermatol.2021.0144,336889240,33688924,Journal Article; Retracted Publication,Medical Research Council (MC_PC_17228); Medical Research Council (MC_QA137853),2026-04-29T05:51:56Z
doi:10.1016/s0140-6736(20)30730-3,10.1016/s0140-6736(20)30730-3,322243000,32224300,Letter,,2026-04-29T05:51:56Z
doi:10.1111/j.1600-079x.2009.00743.x,10.1111/j.1600-079x.2009.00743.x,204432240,20443224,Journal Article; Retracted Publication,,2026-04-29T05:51:56Z
doi:10.1371/journal.ppat.1003818,10.1371/journal.ppat.1003818,243672630,24367263,"Journal Article; Research Support, N.I.H., Extramural; Research Support, Non-U.S. Gov't; Retracted Publication",NIAID NIH HHS (R01 AI077746); NIAID NIH HHS (R01AI077746),2026-04-29T05:51:56Z
doi:10.1186/s13229-021-00427-9,10.1186/s13229-021-00427-9,336534000,33653400,"Journal Article; Research Support, N.I.H., Extramural; Research Support, Non-U.S. Gov't; Retracted Publication",NIDCD NIH HHS (F30 DC019510); NIMH NIH HHS (R01 MH113576); NIGMS NIH HHS (T32 GM007347); NIGMS NIH HHS (T32 GM152284),2026-04-29T05:51:56Z
doi:10.4049/jimmunol.0903188,10.4049/jimmunol.0903188,203355270,20335527,"Journal Article; Research Support, Non-U.S. Gov't; Retracted Publication",NIAMS NIH HHS (R01 AR042334),2026-04-29T05:51:56Z
doi:10.1099/vir.0.81132-0,10.1099/vir.0.81132-0,162272270,16227227,"Journal Article; Research Support, N.I.H., Extramural; Research Support, Non-U.S. Gov't; Research Support, U.S. Gov't, P.H.S.; Retracted Publication",NCI NIH HHS (CA89121); Wellcome Trust (No ID),2026-04-29T05:51:56Z
doi:10.1037/pha0000336,10.1037/pha0000336,317895530,31789553,Journal Article; Retracted Publication,NIAAA NIH HHS (K05 AA017242); NIAAA NIH HHS (F31 AA026177); NIAAA NIH HHS (T32 AA013526); NIH HHS (No ID); NIAAA NIH HHS (R21 AA019492); NIH HHS (No ID),2026-04-29T05:51:56Z
doi:10.1016/j.jamda.2016.05.009,10.1016/j.jamda.2016.05.009,273218680,27321868,Journal Article; Review; Retracted Publication,,2026-04-29T05:51:56Z
doi:10.1192/bjpo.bp.115.002394,10.1192/bjpo.bp.115.002394,277037740,27703774,Journal Article; Retracted Publication,,2026-04-29T05:51:56Z
doi:10.1016/j.eclinm.2020.100648,10.1016/j.eclinm.2020.100648,332948270,33294827,Journal Article; Retracted Publication,,2026-04-29T05:51:56Z
doi:10.1021/acsnano.8b05189,10.1021/acsnano.8b05189,304819590,30481959,"Journal Article; Research Support, N.I.H., Extramural; Retracted Publication",NCI NIH HHS (T32 CA009120); NCI NIH HHS (U01 CA198846),2026-04-29T05:51:56Z
doi:10.1016/j.cbpa.2021.110938,10.1016/j.cbpa.2021.110938,337370410,33737041,Journal Article; Retracted Publication,,2026-04-29T05:51:56Z
doi:10.1002/anie.201510712,10.1002/anie.201510712,269702210,26970221,"Journal Article; Research Support, Non-U.S. Gov't; Research Support, U.S. Gov't, Non-P.H.S.",,2026-04-29T05:51:56Z
doi:10.1002/ctm2.215,10.1002/ctm2.215,333776610,33377661,Journal Article; Review; Retracted Publication,,2026-04-29T05:51:56Z
doi:10.1038/nature15519,10.1038/nature15519,265245210,26524521,"Journal Article; Research Support, N.I.H., Extramural; Research Support, Non-U.S. Gov't; Research Support, U.S. Gov't, Non-P.H.S.; Retracted Publication",NIGMS NIH HHS (P41 GM104603); NIGMS NIH HHS (R01 GM077387); NIGMS NIH HHS (R01 GM093903); NIGMS NIH HHS (R01 GM104896),2026-04-29T05:51:56Z
doi:10.24926/iip.v11i3.3352,10.24926/iip.v11i3.3352,340076270,34007627,Journal Article; Retracted Publication,,2026-04-29T05:51:56Z
doi:10.1038/s41559-020-01326-7,10.1038/s41559-020-01326-7,331066050,33106605,Journal Article; Comment; Retracted Publication,,2026-04-29T05:51:56Z
doi:10.1038/s41559-020-01306-x,10.1038/s41559-020-01306-x,331066040,33106604,"Journal Article; Research Support, Non-U.S. Gov't; Retracted Publication",,2026-04-29T05:51:56Z
doi:10.1007/s00383-003-1016-3,10.1007/s00383-003-1016-3,127217100,12721710,Journal Article; Retracted Publication,,2026-04-29T05:51:56Z
doi:10.1152/ajpgi.00217.2002,10.1152/ajpgi.00217.2002,123881750,12388175,"Journal Article; Research Support, Non-U.S. Gov't; Research Support, U.S. Gov't, P.H.S.; Retracted Publication",NIDDK NIH HHS (DK-40456); NIGMS NIH HHS (GM-53008); NIGMS NIH HHS (GM-R37-39519),2026-04-29T05:51:56Z
doi:10.1007/978-1-62703-971-0_2,10.1007/978-1-62703-971-0_2,245907760,24590776,"Journal Article; Research Support, N.I.H., Extramural",NIGMS NIH HHS (R01 GM038277); NIGMS NIH HHS (R01 GM084177); NIGMS NIH HHS (GM038277); NIGMS NIH HHS (GM084177),2026-04-29T05:51:56Z
doi:10.1007/s10329-018-0651-1,10.1007/s10329-018-0651-1,294235330,29423533,Journal Article,,2026-04-29T05:51:56Z
doi:10.1200/jco.2018.78.7986,10.1200/jco.2018.78.7986,307211100,30721110,"Clinical Trial, Phase II; Journal Article; Multicenter Study; Research Support, N.I.H., Extramural; Research Support, Non-U.S. Gov't; Retracted Publication",NCI NIH HHS (P30 CA006973); NCI NIH HHS (P30 CA016672); NCI NIH HHS (U01 CA140204),2026-04-29T05:51:56Z
doi:10.1111/sltb.12590,10.1111/sltb.12590,315667980,31566798,Journal Article; Retracted Publication,,2026-04-29T05:51:56Z
doi:10.1016/j.yexcr.2009.07.030,10.1016/j.yexcr.2009.07.030,196650180,19665018,"Journal Article; Research Support, Non-U.S. Gov't; Retracted Publication",,2026-04-29T05:51:56Z
doi:10.1021/acsbiomaterials.9b00547,10.1021/acsbiomaterials.9b00547,334488160,33448816,Journal Article; Retracted Publication,,2026-04-29T05:51:56Z
doi:10.1093/pcp/pcab029,10.1093/pcp/pcab029,335944170,33594417,Journal Article; Retracted Publication,,2026-04-29T05:51:56Z
doi:10.3945/ajcn.114.098616,10.3945/ajcn.114.098616,260168590,26016859,"Journal Article; Randomized Controlled Trial; Research Support, Non-U.S. Gov't; Retracted Publication",,2026-04-29T05:51:56Z
doi:10.1093/nar/gkg727,10.1093/nar/gkg727,129547660,12954766,"Journal Article; Research Support, Non-U.S. Gov't; Retracted Publication",,2026-04-29T05:51:56Z
doi:10.1093/carcin/bgw034,10.1093/carcin/bgw034,269929000,26992900,"Journal Article; Research Support, Non-U.S. Gov't; Retracted Publication",,2026-04-29T05:51:56Z
doi:10.1158/2159-8290.cd-11-0241,10.1158/2159-8290.cd-11-0241,225762120,22576212,"Journal Article; Research Support, N.I.H., Extramural; Research Support, Non-U.S. Gov't; Retracted Publication",NCI NIH HHS (N01 CN043302); NCI NIH HHS (R01 CA154481); NCI NIH HHS (1R01CA154481); NCI NIH HHS (N01-CN-43302),2026-04-29T05:51:56Z
doi:10.1016/j.mehy.2020.110411,10.1016/j.mehy.2020.110411,333033030,33303303,Journal Article; Review; Retracted Publication,,2026-04-29T05:51:56Z
doi:10.2174/138161211796957508,10.2174/138161211796957508,217747850,21774785,Journal Article; Review; Retracted Publication,,2026-04-29T05:51:56Z
doi:10.1016/j.bbalip.2017.12.012,10.1016/j.bbalip.2017.12.012,293060750,29306075,"Journal Article; Research Support, Non-U.S. Gov't; Retracted Publication",,2026-04-29T05:51:56Z
doi:10.1371/journal.ppat.1002418,10.1371/journal.ppat.1002418,221746810,22174681,"Journal Article; Research Support, N.I.H., Extramural; Retracted Publication",NCI NIH HHS (1R01CA138434-01A209); NCI NIH HHS (5R01CA091792-08); NCI NIH HHS (R01 CA138434); NCI NIH HHS (1R01CA137894-01); NCI NIH HHS (R01 CA091792); NIAID NIH HHS (R01 AI067037); NCI NIH HHS (5R01CA108461-05); NIAID NIH HHS (5R01AI067037-04); NIDCR NIH HHS (R01 DE017338); NIDCR NIH HHS (5R01DE017338-03); NCI NIH HHS (R01 CA108461); NCI NIH HHS (R01 CA137894),2026-04-29T05:51:56Z
doi:10.1177/2164956119831221,10.1177/2164956119831221,308341770,30834177,Journal Article; Retracted Publication,,2026-04-29T05:51:56Z
doi:10.1002/ijc.22962,10.1002/ijc.22962,176577400,17657740,"Journal Article; Research Support, N.I.H., Extramural; Research Support, Non-U.S. Gov't; Retracted Publication",NINDS NIH HHS (NS47699); NINDS NIH HHS (R01 NS057529); NCI NIH HHS (R01 CA075557); NINDS NIH HHS (NS57529); NCI NIH HHS (CA 75557); NCI NIH HHS (CA 92393); NINDS NIH HHS (R01 NS047699); NCI NIH HHS (R01 CA095058); NCI NIH HHS (CA 95058); NCI NIH HHS (R01 CA116708); NCI NIH HHS (R01 CA092393); NCI NIH HHS (CA 116708),2026-04-29T05:51:56Z
doi:10.1021/ol901114f,10.1021/ol901114f,195270030,19527003,"Journal Article; Research Support, N.I.H., Extramural; Research Support, Non-U.S. Gov't; Retracted Publication",NINDS NIH HHS (R01 NS059690); NIGMS NIH HHS (T32 GM008353); NIGMS NIH HHS (T32 GM145304); NINDS NIH HHS (NS059690),2026-04-29T05:51:56Z
doi:10.1186/s12967-017-1242-4,10.1186/s12967-017-1242-4,286294660,28629466,"Journal Article; Research Support, Non-U.S. Gov't; Retracted Publication",,2026-04-29T05:51:56Z
doi:10.1038/s41598-017-18334-6,10.1038/s41598-017-18334-6,292697490,29269749,"Journal Article; Research Support, Non-U.S. Gov't; Retracted Publication",,2026-04-29T05:51:56Z
doi:10.1007/s11010-007-9684-2,10.1007/s11010-007-9684-2,180808020,18080802,"Journal Article; Research Support, Non-U.S. Gov't; Retracted Publication",,2026-04-29T05:51:56Z
doi:10.1038/s41592-021-01078-7,10.1038/s41592-021-01078-7,336334100,33633410,"Journal Article; Research Support, N.I.H., Extramural; Research Support, Non-U.S. Gov't; Retracted Publication",NIDDK NIH HHS (R01 DK122253); NIGMS NIH HHS (R01 GM129291); NIGMS NIH HHS (R01 GM118675),2026-04-29T05:51:56Z
doi:10.1016/j.micinf.2014.10.010,10.1016/j.micinf.2014.10.010,254618000,25461800,"Journal Article; Research Support, Non-U.S. Gov't; Retracted Publication",,2026-04-29T05:51:56Z
doi:10.1038/emi.2017.93,10.1038/emi.2017.93,291841540,29184154,Journal Article; Retracted Publication,,2026-04-29T05:51:56Z
doi:10.1093/cvr/cvq068,10.1093/cvr/cvq068,202029770,20202977,"Journal Article; Research Support, N.I.H., Extramural; Retracted Publication",NHLBI NIH HHS (HL R01 47794),2026-04-29T05:51:56Z
doi:10.1016/j.heliyon.2021.e06219,10.1016/j.heliyon.2021.e06219,336444780,33644478,Journal Article; Retracted Publication,,2026-04-29T05:51:56Z
doi:10.1016/j.cellsig.2011.10.008,10.1016/j.cellsig.2011.10.008,220242820,22024282,"Journal Article; Research Support, N.I.H., Extramural; Retracted Publication",NINDS NIH HHS (R01 NS047699); NINDS NIH HHS (NS047699),2026-04-29T05:51:56Z
doi:10.1183/13993003.02144-2020,10.1183/13993003.02144-2020,327323250,32732325,Journal Article; Retracted Publication,,2026-04-29T05:51:56Z
doi:10.1164/rccm.201903-0646oc,10.1164/rccm.201903-0646oc,316478770,31647877,"Journal Article; Research Support, N.I.H., Extramural; Retracted Publication",NIAID NIH HHS (U19 AI111211); NIAID NIH HHS (UC6 AI058609); NIH HHS (P51 OD011132); NIAID NIH HHS (R01 AI123047); NIAID NIH HHS (K24 AI114444); NIAID NIH HHS (R01 AI134240); NIH HHS (P51 OD011133); NIAID NIH HHS (R01 AI111943); NIH HHS (P51 OD011104),2026-04-29T05:51:56Z
doi:10.1016/j.jacl.2014.08.001,10.1016/j.jacl.2014.08.001,254999440,25499944,"Journal Article; Randomized Controlled Trial; Research Support, Non-U.S. Gov't; Retracted Publication",,2026-04-29T05:51:56Z
doi:10.1016/j.healun.2019.06.010,10.1016/j.healun.2019.06.010,313244430,31324443,"Journal Article; Research Support, Non-U.S. Gov't; Retracted Publication",,2026-04-29T05:51:56Z
doi:10.1158/1541-7786.mcr-06-0060,10.1158/1541-7786.mcr-06-0060,168855640,16885564,"Journal Article; Research Support, N.I.H., Extramural; Research Support, Non-U.S. Gov't; Retracted Publication",NCI NIH HHS (CA77738),2026-04-29T05:51:56Z
doi:10.1186/s13395-016-0075-9,10.1186/s13395-016-0075-9,268349620,26834962,"Journal Article; Research Support, Non-U.S. Gov't; Retracted Publication",NIA NIH HHS (R01 AG019787),2026-04-29T05:51:56Z
doi:10.1161/atvbaha.119.312964,10.1161/atvbaha.119.312964,313154380,31315438,"Journal Article; Research Support, N.I.H., Extramural; Research Support, Non-U.S. Gov't; Retracted Publication",NHLBI NIH HHS (R56 HL126558); NIA NIH HHS (R01 AG042127); NHLBI NIH HHS (R33 HL138657); NIGMS NIH HHS (P30 GM127211); NHLBI NIH HHS (R01 HL130471); NHLBI NIH HHS (P01 HL086773); NIDDK NIH HHS (P30 DK111024); NHLBI NIH HHS (R01 HL109413); NHLBI NIH HHS (R01 HL095479); NIA NIH HHS (RF1 AG051633); NHLBI NIH HHS (U10 HL110302); NHLBI NIH HHS (P20 HL113451); NHLBI NIH HHS (P01 HL101398); NHLBI NIH HHS (R61 HL138657); NIGMS NIH HHS (P20 GM103527); NCATS NIH HHS (TL1 TR001997),2026-04-29T05:51:56Z
doi:10.1165/rcmb.2018-0219oc,10.1165/rcmb.2018-0219oc,302813320,30281332,"Journal Article; Research Support, N.I.H., Extramural; Research Support, Non-U.S. Gov't; Retracted Publication",NHLBI NIH HHS (R01 HL063039),2026-04-29T05:51:56Z
doi:10.1074/jbc.ra118.003940,10.1074/jbc.ra118.003940,303274280,30327428,"Journal Article; Research Support, N.I.H., Extramural; Research Support, Non-U.S. Gov't; Retracted Publication",NIGMS NIH HHS (P20 GM121327); NCI NIH HHS (T32 CA165990); NCI NIH HHS (T32 CA160003); NCI NIH HHS (P30 CA177558); NCI NIH HHS (R01 CA131075),2026-04-29T05:51:56Z
doi:10.1038/ncomms6883,10.1038/ncomms6883,255229350,25522935,"Journal Article; Research Support, Non-U.S. Gov't; Research Support, U.S. Gov't, Non-P.H.S.; Retracted Publication",,2026-04-29T05:51:56Z
doi:10.1371/journal.pone.0236446,10.1371/journal.pone.0236446,330219790,33021979,Journal Article; Retracted Publication,,2026-04-29T05:51:56Z
doi:10.1038/s41598-020-58458-w,10.1038/s41598-020-58458-w,319967550,31996755,Journal Article; Retracted Publication,,2026-04-29T05:51:56Z
doi:10.1080/07357907.2020.1847290,10.1080/07357907.2020.1847290,331480360,33148036,Journal Article,,2026-04-29T05:51:56Z
doi:10.7759/cureus.12545,10.7759/cureus.12545,335645390,33564539,Case Reports; Journal Article; Retracted Publication,,2026-04-29T05:51:56Z
doi:10.7759/cureus.9600,10.7759/cureus.9600,329232040,32923204,Case Reports; Journal Article; Retracted Publication,,2026-04-29T05:51:56Z
doi:10.7759/cureus.8734,10.7759/cureus.8734,327146730,32714673,Case Reports; Journal Article; Retracted Publication,,2026-04-29T05:51:56Z
doi:10.7759/cureus.7206,10.7759/cureus.7206,383483910,38348391,Journal Article; Retracted Publication,,2026-04-29T05:51:56Z
doi:10.7759/cureus.10185,10.7759/cureus.10185,330294640,33029464,Case Reports; Journal Article; Retracted Publication,,2026-04-29T05:51:56Z
doi:10.7759/cureus.8992,10.7759/cureus.8992,327750740,32775074,Case Reports; Journal Article; Retracted Publication,,2026-04-29T05:51:56Z
doi:10.1093/infdis/jiy116,10.1093/infdis/jiy116,295062720,29506272,"Journal Article; Research Support, N.I.H., Extramural; Retracted Publication",,2026-04-29T05:51:56Z
doi:10.1158/0008-5472.can-06-2971,10.1158/0008-5472.can-06-2971,172106940,17210694,"Journal Article; Research Support, N.I.H., Extramural; Research Support, U.S. Gov't, Non-P.H.S.; Retracted Publication",NCI NIH HHS (CA 93900); NIDCR NIH HHS (DE 13701),2026-04-29T05:51:56Z
doi:10.1007/s11060-011-0727-x,10.1007/s11060-011-0727-x,219647390,21964739,"Journal Article; Research Support, N.I.H., Extramural; Retracted Publication",NCI NIH HHS (R01 CA116708); NCI NIH HHS (CA116708),2026-04-29T05:51:56Z
doi:10.1016/j.virol.2015.06.003,10.1016/j.virol.2015.06.003,260996950,26099695,"Journal Article; Research Support, N.I.H., Extramural; Retracted Publication",NIAID NIH HHS (R21 AI100195); NIAID NIH HHS (1R21AI100195),2026-04-29T05:51:56Z
doi:10.1098/rspb.2013.1407,10.1098/rspb.2013.1407,239029070,23902907,"Journal Article; Research Support, Non-U.S. Gov't; Retracted Publication",,2026-04-29T05:51:56Z
doi:10.1097/corr.0000000000000956,10.1097/corr.0000000000000956,314903520,31490352,Journal Article; Retracted Publication,,2026-04-29T05:51:56Z
doi:10.1007/s00415-020-10145-6,10.1007/s00415-020-10145-6,327721720,32772172,Letter; Retracted Publication,,2026-04-29T05:51:56Z
doi:10.3892/ijo.2011.1255,10.3892/ijo.2011.1255,220766760,22076676,"Journal Article; Research Support, N.I.H., Extramural; Retracted Publication",NINDS NIH HHS (R01 NS047699); NINDS NIH HHS (NS047699),2026-04-29T05:51:56Z
doi:10.3892/ijo.2011.987,10.3892/ijo.2011.987,214555710,21455571,"Journal Article; Research Support, N.I.H., Extramural; Research Support, Non-U.S. Gov't; Retracted Publication",NINDS NIH HHS (R01 NS061835); NINDS NIH HHS (NS061835),2026-04-29T05:51:56Z
doi:10.3892/ijo.2011.934,10.3892/ijo.2011.934,212900900,21290090,"Journal Article; Research Support, N.I.H., Extramural; Retracted Publication",NINDS NIH HHS (R01 NS061835); NINDS NIH HHS (NS61835),2026-04-29T05:51:56Z
doi:10.1002/eat.22940,10.1002/eat.22940,301891130,30189113,Case Reports; Journal Article,,2026-04-29T05:51:56Z
doi:10.2147/cpaa.s72234,10.2147/cpaa.s72234,254845980,25484598,Journal Article; Retracted Publication,,2026-04-29T05:51:56Z
doi:10.2147/ndt.s74952,10.2147/ndt.s74952,255253620,25525362,Journal Article; Retracted Publication,,2026-04-29T05:51:56Z
doi:10.2147/cpaa.s70707,10.2147/cpaa.s70707,253642780,25364278,Journal Article; Retracted Publication,,2026-04-29T05:51:56Z
doi:10.2147/cpaa.s67271,10.2147/cpaa.s67271,250929990,25092999,Journal Article; Review; Retracted Publication,,2026-04-29T05:51:56Z
doi:10.2147/ndt.s33259,10.2147/ndt.s33259,228882520,22888252,Journal Article; Retracted Publication,,2026-04-29T05:51:56Z
doi:10.2147/ijnrd.s22783,10.2147/ijnrd.s22783,219124870,21912487,Journal Article; Retracted Publication,,2026-04-29T05:51:56Z
doi:10.1016/s0008-8749(03)00157-6,10.1016/s0008-8749(03)00157-6,145275080,14527508,"Journal Article; Research Support, U.S. Gov't, P.H.S.",NIDDK NIH HHS (U19DK57958),2026-04-29T05:51:56Z
doi:10.1177/0146167204271660,10.1177/0146167204271660,157439810,15743981,"Journal Article; Research Support, N.I.H., Extramural; Research Support, Non-U.S. Gov't; Research Support, U.S. Gov't, Non-P.H.S.; Research Support, U.S. Gov't, P.H.S.",NIMH NIH HHS (MH62376),2026-04-29T05:51:56Z
doi:10.1155/2010/414650,10.1155/2010/414650,209533680,20953368,Journal Article; Review,,2026-04-29T05:51:56Z
doi:10.1038/nature26142,10.1038/nature26142,295900940,29590094,"Journal Article; Research Support, Non-U.S. Gov't; Research Support, U.S. Gov't, Non-P.H.S.; Retracted Publication",,2026-04-29T05:51:56Z
doi:10.1165/rcmb.2018-0194oc,10.1165/rcmb.2018-0194oc,305129670,30512967,"Journal Article; Research Support, Non-U.S. Gov't; Retracted Publication",,2026-04-29T05:51:56Z
doi:10.1039/d0sc04161k,10.1039/d0sc04161k,,34123208,Journal Article; Retracted Publication,,2026-04-29T05:51:56Z
doi:10.3389/fnins.2018.01057,10.3389/fnins.2018.01057,307189970,30718997,Journal Article; Retracted Publication,NCCIH NIH HHS (R01 AT009347); NHLBI NIH HHS (R01 HL072125); NCATS NIH HHS (UL1 TR001414),2026-04-29T05:51:56Z
doi:10.1002/jbm.a.34259,10.1002/jbm.a.34259,228151380,22815138,Journal Article; Retracted Publication,,2026-04-29T05:51:56Z
doi:10.1038/nchembio.2266,10.1038/nchembio.2266,279928820,27992882,"Journal Article; Research Support, N.I.H., Extramural; Research Support, Non-U.S. Gov't; Retracted Publication",NIAID NIH HHS (R01 AI118985); NIAID NIH HHS (R21 AI121918); NIAID NIH HHS (R21 AI122211); NIGMS NIH HHS (R01 GM117424); NIGMS NIH HHS (R01 GM071872),2026-04-29T05:51:56Z
doi:10.1039/d0ob00884b,10.1039/d0ob00884b,325843620,32584362,"Journal Article; Research Support, Non-U.S. Gov't; Research Support, U.S. Gov't, Non-P.H.S.; Retracted Publication",,2026-04-29T05:51:56Z
doi:10.1038/s41598-019-45325-6,10.1038/s41598-019-45325-6,312175150,31217515,Journal Article; Retracted Publication,,2026-04-29T05:51:56Z
doi:10.1021/acsami.7b01424,10.1021/acsami.7b01424,284252870,28425287,Journal Article; Retracted Publication,,2026-04-29T05:51:56Z
doi:10.2217/nnm-2017-0304,10.2217/nnm-2017-0304,291483020,29148302,"Editorial; Research Support, N.I.H., Extramural; Retracted Publication",NIGMS NIH HHS (P20 GM103638); NIH HHS (R01 DE018713),2026-04-29T05:51:56Z
doi:10.1038/srep11463,10.1038/srep11463,261269360,26126936,Journal Article; Retracted Publication,,2026-04-29T05:51:56Z
doi:10.1001/jamanetworkopen.2020.1417,10.1001/jamanetworkopen.2020.1417,322078310,32207831,"Journal Article; Research Support, N.I.H., Extramural; Research Support, Non-U.S. Gov't; Retracted Publication",,2026-04-29T05:51:56Z
doi:10.1038/sj.bjc.6602595,10.1038/sj.bjc.6602595,158707080,15870708,Journal Article; Retracted Publication,,2026-04-29T05:51:56Z
doi:10.1152/ajpheart.00294.2009,10.1152/ajpheart.00294.2009,195025580,19502558,"Journal Article; Research Support, N.I.H., Extramural; Research Support, Non-U.S. Gov't; Retracted Publication",NHLBI NIH HHS (R01-HL-47794),2026-04-29T05:51:56Z
doi:10.1152/ajpheart.00763.2003,10.1152/ajpheart.00763.2003,150597750,15059775,"Journal Article; Research Support, U.S. Gov't, P.H.S.; Retracted Publication",NHLBI NIH HHS (HL-27838); NHLBI NIH HHS (HL-47794),2026-04-29T05:51:56Z
doi:10.1084/jem.20031467,10.1084/jem.20031467,150670350,15067035,"Journal Article; Research Support, Non-U.S. Gov't; Research Support, U.S. Gov't, P.H.S.; Retracted Publication",NCI NIH HHS (R01 CA068939); NCI NIH HHS (R29 CA068939); NCI NIH HHS (CA68939),2026-04-29T05:51:56Z
doi:10.1016/j.jhazmat.2017.12.004,10.1016/j.jhazmat.2017.12.004,302169610,30216961,"Journal Article; Research Support, Non-U.S. Gov't; Retracted Publication",,2026-04-29T05:51:56Z
doi:10.1371/journal.pone.0036941,10.1371/journal.pone.0036941,226495030,22649503,"Journal Article; Research Support, N.I.H., Extramural; Retracted Publication",NCI NIH HHS (P30 CA134274); NIAMS NIH HHS (R01 AR046494),2026-04-29T05:51:56Z
doi:10.1007/s11095-008-9634-z,10.1007/s11095-008-9634-z,185512500,18551250,"Journal Article; Research Support, Non-U.S. Gov't; Review; Retracted Publication",,2026-04-29T05:51:56Z
doi:10.1161/01.res.0000190589.52286.41,10.1161/01.res.0000190589.52286.41,162240660,16224066,"Journal Article; Research Support, N.I.H., Extramural; Research Support, Non-U.S. Gov't; Research Support, U.S. Gov't, P.H.S.; Retracted Publication",NIDDK NIH HHS (R01 DK095867); NHLBI NIH HHS (R01 HL 70762); NIDDK NIH HHS (1P50-DK064233),2026-04-29T05:51:56Z
doi:10.1371/journal.pone.0102536,10.1371/journal.pone.0102536,250991240,25099124,"Journal Article; Research Support, Non-U.S. Gov't; Retracted Publication",,2026-04-29T05:51:56Z
doi:10.1093/nar/gkw871,10.1093/nar/gkw871,276832200,27683220,"Journal Article; Research Support, Non-U.S. Gov't; Research Support, N.I.H., Extramural; Retracted Publication",NCI NIH HHS (P30 CA177558); NCI NIH HHS (R01 CA131075); NCI NIH HHS (T32 CA165990),2026-04-29T05:51:56Z
doi:10.1039/d0ra04058d,10.1039/d0ra04058d,,35517321,Journal Article; Retracted Publication,,2026-04-29T05:51:56Z
doi:10.4315/jfp-20-315,10.4315/jfp-20-315,332708710,33270871,Journal Article; Retracted Publication,,2026-04-29T05:51:56Z
doi:10.1002/ece3.6353,10.1002/ece3.6353,331449410,33144941,Journal Article; Retracted Publication,,2026-04-29T05:51:56Z
doi:10.1038/s41598-018-22004-6,10.1038/s41598-018-22004-6,294836310,29483631,"Journal Article; Research Support, Non-U.S. Gov't; Retracted Publication",,2026-04-29T05:51:56Z
doi:10.1002/anie.202011597,10.1002/anie.202011597,328460430,32846043,Journal Article; Retraction Notice,,2026-04-29T05:51:56Z
doi:10.1111/jre.12492,10.1111/jre.12492,288721840,28872184,Comparative Study; Journal Article; Retracted Publication,NIDCR NIH HHS (R00 DE023584); NIDCR NIH HHS (R21 DE021837); NIDCR NIH HHS (R56 DE023807); NIDCR NIH HHS (L30 DE020037); NIDCR NIH HHS (R01 DE025255),2026-04-29T05:51:56Z
doi:10.1530/jme-14-0213,10.1530/jme-14-0213,253813900,25381390,"Journal Article; Research Support, N.I.H., Extramural; Research Support, Non-U.S. Gov't; Retracted Publication",NHLBI NIH HHS (HL074399); NHLBI NIH HHS (R01 HL089920); NHLBI NIH HHS (R01 HL074399); NHLBI NIH HHS (HL089920); NHLBI NIH HHS (HL080499); NIA NIH HHS (R01 AG047776); NHLBI NIH HHS (HL079584); NHLBI NIH HHS (HL105157); NHLBI NIH HHS (R01 HL110488); NHLBI NIH HHS (R01 HL105157); NHLBI NIH HHS (R01 HL079584); NHLBI NIH HHS (R01 HL080499); NHLBI NIH HHS (R01 HL096032); NHLBI NIH HHS (HL10488); NHLBI NIH HHS (HL096032),2026-04-29T05:51:56Z
doi:10.7759/cureus.10369,10.7759/cureus.10369,330624920,33062492,Journal Article; Retracted Publication,,2026-04-29T05:51:56Z
doi:10.7759/cureus.9995,10.7759/cureus.9995,329836940,32983694,Journal Article; Retracted Publication,,2026-04-29T05:51:56Z
doi:10.1086/667576,10.1086/667576,229760120,22976012,"Journal Article; Research Support, Non-U.S. Gov't; Retracted Publication",,2026-04-29T05:51:56Z
doi:10.1016/j.cellsig.2005.03.022,10.1016/j.cellsig.2005.03.022,160051850,16005185,"Journal Article; Research Support, N.I.H., Extramural; Research Support, U.S. Gov't, Non-P.H.S.; Research Support, U.S. Gov't, P.H.S.; Retracted Publication",NIAMS NIH HHS (AR46024); NCI NIH HHS (CA46952); NIDCR NIH HHS (DE13701); NIDCR NIH HHS (DE15998); NCI NIH HHS (P01-CA-93900),2026-04-29T05:51:56Z
doi:10.1001/jamainternmed.2018.5394,10.1001/jamainternmed.2018.5394,306889860,30688986,Journal Article,,2026-04-29T05:51:56Z
doi:10.1111/1756-185x.13818,10.1111/1756-185x.13818,324635960,32463596,Editorial; Retracted Publication,,2026-04-29T05:51:56Z
doi:10.1016/j.vaccine.2014.06.061,10.1016/j.vaccine.2014.06.061,249681580,24968158,"Journal Article; Research Support, N.I.H., Extramural; Research Support, N.I.H., Intramural; Retracted Publication",Intramural NIH HHS (ZIA AI000938); PHS HHS (N01A060009),2026-04-29T05:51:56Z
doi:10.1037/h0093937,10.1037/h0093937,223530480,22353048,"Journal Article; Research Support, Non-U.S. Gov't; Retracted Publication",,2026-04-29T05:51:56Z
doi:10.1128/mcb.00925-10,10.1128/mcb.00925-10,216061950,21606195,"Journal Article; Research Support, N.I.H., Extramural; Research Support, Non-U.S. Gov't; Retracted Publication",NIDA NIH HHS (R01 DA030339); NIGMS NIH HHS (R01 GM086213),2026-04-29T05:51:56Z
doi:10.1016/j.stem.2019.09.001,10.1016/j.stem.2019.09.001,315433680,31543368,Journal Article; Retracted Publication,,2026-04-29T05:51:56Z
doi:10.1038/s41598-017-12056-5,10.1038/s41598-017-12056-5,289168310,28916831,"Journal Article; Research Support, N.I.H., Extramural; Research Support, Non-U.S. Gov't; Retracted Publication",NCI NIH HHS (P30 CA177558); NCI NIH HHS (R01 CA131075),2026-04-29T05:51:56Z
doi:10.1080/02652048.2018.1485755,10.1080/02652048.2018.1485755,298732880,29873288,Journal Article; Retracted Publication,,2026-04-29T05:51:56Z
doi:10.3389/fpsyg.2018.01333,10.3389/fpsyg.2018.01333,301162100,30116210,News; Retracted Publication,,2026-04-29T05:51:56Z
doi:10.7150/thno.28228,10.7150/thno.28228,305555470,30555547,"Journal Article; Research Support, Non-U.S. Gov't; Retracted Publication",,2026-04-29T05:51:56Z
doi:10.2119/molmed.2013.00086,10.2119/molmed.2013.00086,246642370,24664237,Journal Article; Retracted Publication,,2026-04-29T05:51:56Z
doi:10.2119/molmed.2011.00389,10.2119/molmed.2011.00389,221056040,22105604,"Journal Article; Research Support, N.I.H., Extramural; Research Support, Non-U.S. Gov't; Retracted Publication",NIGMS NIH HHS (R01 GM057226); NCRR NIH HHS (M01 RR018535); NCRR NIH HHS (M01RR018535); NIGMS NIH HHS (GM098446); Medical Research Council (G0700654); NIGMS NIH HHS (R01 GM098446),2026-04-29T05:51:56Z
doi:10.1371/journal.pone.0090660,10.1371/journal.pone.0090660,245874070,24587407,"Journal Article; Research Support, Non-U.S. Gov't; Retracted Publication",,2026-04-29T05:51:56Z
doi:10.1177/0146167218795157,10.1177/0146167218795157,302264120,30226412,"Journal Article; Research Support, N.I.H., Extramural; Retracted Publication",NIGMS NIH HHS (R01 GM094536),2026-04-29T05:51:56Z
doi:10.1186/s13010-020-00093-4,10.1186/s13010-020-00093-4,330407370,33040737,Letter; Retracted Publication,,2026-04-29T05:51:56Z
doi:10.1186/s40942-020-00234-z,10.1186/s40942-020-00234-z,326706120,32670612,Journal Article; Review; Retracted Publication,,2026-04-29T05:51:56Z
doi:10.1016/j.aanat.2016.09.009,10.1016/j.aanat.2016.09.009,277771150,27777115,Journal Article; Retracted Publication,,2026-04-29T05:51:56Z
doi:10.2217/fon-2020-0300,10.2217/fon-2020-0300,324564610,32456461,Journal Article; Review; Retracted Publication,,2026-04-29T05:51:56Z
doi:10.1016/j.aanat.2017.12.010,10.1016/j.aanat.2017.12.010,294548910,29454891,Journal Article,,2026-04-29T05:51:56Z
doi:10.1152/ajplung.00230.2019,10.1152/ajplung.00230.2019,327836250,32783625,Journal Article; Retracted Publication,Rebecca Cooper Foundation (PG2018113),2026-04-29T05:51:56Z
doi:10.1053/j.jrn.2020.02.001,10.1053/j.jrn.2020.02.001,333426770,33342677,Retraction Notice; Journal Article; Retracted Publication,,2026-04-29T05:51:56Z
doi:10.1152/ajplung.00212.2002,10.1152/ajplung.00212.2002,123883370,12388337,"Journal Article; Research Support, Non-U.S. Gov't; Research Support, U.S. Gov't, P.H.S.; Retracted Publication",NIAID NIH HHS (AI 42365); NHLBI NIH HHS (HL 55330); NHLBI NIH HHS (HL 60234); NHLBI NIH HHS (HL/AI 63738),2026-04-29T05:51:56Z
doi:10.1111/evj.13092,10.1111/evj.13092,308491860,30849186,Journal Article; Retracted Publication,Southern California Equine Foundation (DG-2015-A1); Boehringer Ingelheim Advancement in Equine Research Award (No ID),2026-04-29T05:51:56Z
doi:10.1002/opfl.1412,10.1002/opfl.1412,328342170,32834217,Journal Article,,2026-04-29T05:51:56Z
doi:10.1007/s10489-020-01714-3,10.1007/s10489-020-01714-3,386243720,38624372,Journal Article,,2026-04-29T05:51:56Z
doi:10.1016/j.ijid.2020.08.014,10.1016/j.ijid.2020.08.014,327775860,32777586,Editorial,,2026-04-29T05:51:56Z
doi:10.1371/journal.pone.0075456,10.1371/journal.pone.0075456,241307130,24130713,"Journal Article; Research Support, N.I.H., Extramural; Research Support, N.I.H., Intramural; Retracted Publication",PHS HHS (N01A060009); Intramural NIH HHS (No ID),2026-04-29T05:51:56Z
doi:10.1371/journal.pone.0078521,10.1371/journal.pone.0078521,240986000,24098600,"Comparative Study; Journal Article; Research Support, N.I.H., Extramural; Retracted Publication",NIAID NIH HHS (R21 AI093198); NIAID NIH HHS (R21 AI-093198); PHS HHS (HHSN27201100016C),2026-04-29T05:51:56Z
doi:10.1371/journal.pone.0103951,10.1371/journal.pone.0103951,250933300,25093330,"Journal Article; Research Support, N.I.H., Extramural; Research Support, N.I.H., Intramural; Retracted Publication",PHS HHS (N01A060009); Intramural NIH HHS (No ID),2026-04-29T05:51:56Z
doi:10.1016/j.gerinurse.2019.12.006,10.1016/j.gerinurse.2019.12.006,319545530,31954553,Journal Article; Retracted Publication,,2026-04-29T05:51:56Z
doi:10.1371/journal.pone.0074022,10.1371/journal.pone.0074022,240153130,24015313,"Journal Article; Research Support, N.I.H., Extramural; Research Support, N.I.H., Intramural; Retracted Publication",PHS HHS (N01A060009); Intramural NIH HHS (No ID),2026-04-29T05:51:56Z
doi:10.1371/journal.pone.0050598,10.1371/journal.pone.0050598,233418740,23341874,"Journal Article; Research Support, N.I.H., Extramural; Research Support, N.I.H., Intramural; Retracted Publication",PHS HHS (N01A060009); Intramural NIH HHS (No ID),2026-04-29T05:51:56Z
doi:10.1371/journal.pone.0034927,10.1371/journal.pone.0034927,225581040,22558104,"Journal Article; Research Support, N.I.H., Extramural; Research Support, N.I.H., Intramural; Retracted Publication",PHS HHS (N01A060009); Intramural NIH HHS (No ID),2026-04-29T05:51:56Z
doi:10.1016/j.ajpath.2020.07.001,10.1016/j.ajpath.2020.07.001,326289310,32628931,"Journal Article; Research Support, N.I.H., Extramural; Research Support, Non-U.S. Gov't",NCI NIH HHS (P30 CA016087),2026-04-29T05:51:56Z
doi:10.1016/j.jaccas.2020.05.030,10.1016/j.jaccas.2020.05.030,328383300,32838330,Journal Article,,2026-04-29T05:51:56Z
doi:10.1016/j.jaad.2020.09.010,10.1016/j.jaad.2020.09.010,329269800,32926980,Journal Article,,2026-04-29T05:51:56Z
doi:10.1164/rccm.202009-3684cp,10.1164/rccm.202009-3684cp,330268200,33026820,Journal Article,,2026-04-29T05:51:56Z
doi:10.2147/dhps.s24798,10.2147/dhps.s24798,221711640,22171164,Journal Article; Retracted Publication,,2026-04-29T05:51:56Z
doi:10.2147/ijgm.s27824,10.2147/ijgm.s27824,223716560,22371656,Journal Article; Retracted Publication,,2026-04-29T05:51:56Z
doi:10.2147/ceg.s15340,10.2147/ceg.s15340,216948630,21694863,Case Reports; Journal Article; Retracted Publication,,2026-04-29T05:51:56Z
doi:10.2147/ndt.s98367,10.2147/ndt.s98367,271038050,27103805,Journal Article; Retracted Publication,,2026-04-29T05:51:56Z
doi:10.2147/ndt.s14353,10.2147/ndt.s14353,211738820,21173882,Journal Article; Retracted Publication,,2026-04-29T05:51:56Z
doi:10.2147/ijgm.s31179,10.2147/ijgm.s31179,226155370,22615537,Journal Article; Retracted Publication,,2026-04-29T05:51:56Z
doi:10.2147/ndt.s23676,10.2147/ndt.s23676,218577860,21857786,Journal Article; Retracted Publication,,2026-04-29T05:51:56Z
doi:10.2147/oaju.s16637,10.2147/oaju.s16637,241986310,24198631,Journal Article; Retracted Publication,,2026-04-29T05:51:56Z
doi:10.2147/ijgm.s16621,10.2147/ijgm.s16621,214756220,21475622,Case Reports; Journal Article; Retracted Publication,,2026-04-29T05:51:56Z
doi:10.2147/ndt.s16270,10.2147/ndt.s16270,213266530,21326653,Journal Article; Retracted Publication,,2026-04-29T05:51:56Z
doi:10.2147/oaju.s13370,10.2147/oaju.s13370,241986260,24198626,Journal Article; Retracted Publication,,2026-04-29T05:51:56Z
doi:10.2147/ndt.s11704,10.2147/ndt.s11704,208566020,20856602,Journal Article; Retracted Publication,,2026-04-29T05:51:56Z
doi:10.2147/ndt.s5040,10.2147/ndt.s5040,195571170,19557117,Journal Article; Retracted Publication,,2026-04-29T05:51:56Z
doi:10.1371/journal.pone.0016776,10.1371/journal.pone.0016776,213473130,21347313,"Journal Article; Research Support, N.I.H., Extramural; Research Support, N.I.H., Intramural; Retracted Publication",PHS HHS (N01A060009); Intramural NIH HHS (No ID),2026-04-29T05:51:56Z
doi:10.1016/j.anndiagpath.2020.151529,10.1016/j.anndiagpath.2020.151529,323616350,32361635,Journal Article; Retracted Publication,,2026-04-29T05:51:56Z
doi:10.1016/j.scitotenv.2020.142830,10.1016/j.scitotenv.2020.142830,330711420,33071142,Retraction Notice; Journal Article; Retracted Publication,NIAID NIH HHS (R21 AI135412),2026-04-29T05:51:56Z
doi:10.1093/ecam/nem178,10.1093/ecam/nem178,189553000,18955300,Journal Article; Retracted Publication,,2026-04-29T05:51:56Z
doi:10.1128/jvi.00314-18,10.1128/jvi.00314-18,299766660,29976666,"Journal Article; Research Support, N.I.H., Extramural; Research Support, Non-U.S. Gov't; Retracted Publication",NIAID NIH HHS (R21 AI126304),2026-04-29T05:51:56Z
doi:10.1021/acs.accounts.9b00537,10.1021/acs.accounts.9b00537,321816370,32181637,Journal Article; Retracted Publication,,2026-04-29T05:51:56Z
doi:10.1038/s41398-020-00987-z,10.1038/s41398-020-00987-z,328737810,32873781,"Journal Article; Research Support, N.I.H., Extramural; Research Support, Non-U.S. Gov't; Retracted Publication",NLM NIH HHS (R01 LM012806); NIMH NIH HHS (R01 MH085560); NIMH NIH HHS (R01 MH101054),2026-04-29T05:51:56Z
doi:10.1074/jbc.m006462200,10.1074/jbc.m006462200,111546890,11154689,"Journal Article; Research Support, Non-U.S. Gov't; Research Support, U.S. Gov't, Non-P.H.S.; Research Support, U.S. Gov't, P.H.S.; Retracted Publication",NIA NIH HHS (AG11658); NIGMS NIH HHS (GM59901),2026-04-29T05:51:56Z
doi:10.7554/elife.59795,10.7554/elife.59795,330741030,33074103,"Journal Article; Research Support, Non-U.S. Gov't; Research Support, U.S. Gov't, Non-P.H.S.; Retracted Publication","National Natural Science Foundation of China (Major International (Regional) Joint Research Project of NSFC,31620103915); National Natural Science Foundation of China (Key Program of National Natural Science Foundation of China,31830074); National Natural Science Foundation of China (31772238); National Key Research and Development Program of China (2017YFD0200400); National Key Research and Development Program of China (2017YFD0200904); National Science Foundation (IOS-1456233); National Natural Science Foundation of China (Major International (Regional) Joint Research Project of National Natural Science Foundation of China 31620103915); National Natural Science Foundation of China (Key Program of National Natural Science Foundation of China 31830074)",2026-04-29T05:51:56Z
doi:10.1038/srep04136,10.1038/srep04136,246705180,24670518,"Journal Article; Research Support, N.I.H., Extramural; Research Support, Non-U.S. Gov't; Retracted Publication",NCI NIH HHS (R01 CA143128); NCI NIH HHS (R01CA143128),2026-04-29T05:51:56Z
doi:10.1177/171516350613900610,10.1177/171516350613900610,332084160,33208416,Letter; Retraction Notice,,2026-04-29T05:51:56Z
doi:10.1021/jacs.7b06847,10.1021/jacs.7b06847,288373190,28837319,"Journal Article; Research Support, N.I.H., Extramural; Research Support, Non-U.S. Gov't; Retracted Publication",NIGMS NIH HHS (R01 GM115697),2026-04-29T05:51:56Z
doi:10.1086/699838,10.1086/699838,303325810,30332581,"Journal Article; Research Support, Non-U.S. Gov't; Research Support, U.S. Gov't, Non-P.H.S.; Retracted Publication",,2026-04-29T05:51:56Z
doi:10.1002/hipo.23127,10.1002/hipo.23127,312069070,31206907,"Journal Article; Research Support, N.I.H., Extramural; Research Support, Non-U.S. Gov't; Retracted Publication",NIDA NIH HHS (T32 DA024635); NIH HHS (DA024635); Hellman Foundation (No ID),2026-04-29T05:51:56Z
doi:10.1155/2014/790902,10.1155/2014/790902,256108790,25610879,Journal Article; Retracted Publication,,2026-04-29T05:51:56Z
doi:10.3389/fmicb.2018.02703,10.3389/fmicb.2018.02703,304832300,30483230,Journal Article; Retracted Publication,,2026-04-29T05:51:56Z
doi:10.3390/dj6020012,10.3390/dj6020012,297347740,29734774,Journal Article; Retracted Publication,,2026-04-29T05:51:56Z
doi:10.1186/s13046-018-0910-4,10.1186/s13046-018-0910-4,302492780,30249278,Journal Article; Retracted Publication,Henan medical science and technology research project (201702105); University Key Project of Henan Province (15A320064),2026-04-29T05:51:56Z
doi:10.1186/s11671-019-3202-9,10.1186/s11671-019-3202-9,318582810,31858281,Journal Article; Retracted Publication,,2026-04-29T05:51:56Z
doi:10.1128/jb.00859-15,10.1128/jb.00859-15,265276440,26527644,"Journal Article; Research Support, N.I.H., Extramural; Retracted Publication",NIAID NIH HHS (R01 AI044198); NIAID NIH HHS (R56 AI044198); NIAID NIH HHS (AI44198),2026-04-29T05:51:56Z
doi:10.1074/jbc.m707931200,10.1074/jbc.m707931200,179917340,17991734,"Journal Article; Research Support, N.I.H., Extramural; Research Support, Non-U.S. Gov't; Retracted Publication",NINDS NIH HHS (R01 NS057529); NINDS NIH HHS (NS 47699); NCI NIH HHS (R01 CA075557); NINDS NIH HHS (NS 57529); NCI NIH HHS (CA 75557); NCI NIH HHS (CA 92393); NINDS NIH HHS (R01 NS047699); NCI NIH HHS (R01 CA095058); NCI NIH HHS (CA 95058); NCI NIH HHS (R01 CA116708); NCI NIH HHS (R01 CA092393); NCI NIH HHS (CA 116708),2026-04-29T05:51:56Z
doi:10.1074/jbc.m402037200,10.1074/jbc.m402037200,153855430,15385543,"Journal Article; Research Support, U.S. Gov't, P.H.S.; Retracted Publication",NHLBI NIH HHS (HL27833); NHLBI NIH HHS (HL47794),2026-04-29T05:51:56Z
doi:10.1074/jbc.m308488200,10.1074/jbc.m308488200,149702390,14970239,"Journal Article; Research Support, U.S. Gov't, P.H.S.; Retracted Publication",PHS HHS (R01 27838); PHS HHS (R01 47794),2026-04-29T05:51:56Z
doi:10.1101/cshperspect.a033415,10.1101/cshperspect.a033415,287102580,28710258,"Journal Article; Research Support, N.I.H., Extramural; Research Support, Non-U.S. Gov't; Review; Retracted Publication",NCI NIH HHS (R01 CA170595); NCI NIH HHS (U54 CA143970),2026-04-29T05:51:56Z
doi:10.1165/rcmb.2016-0310oc,10.1165/rcmb.2016-0310oc,282777430,28277743,Journal Article; Retracted Publication,NIDDK NIH HHS (R01 DK091841); NHLBI NIH HHS (R01 HL105490),2026-04-29T05:51:56Z
doi:10.1038/s41598-020-60534-0,10.1038/s41598-020-60534-0,321074460,32107446,Journal Article; Retracted Publication,,2026-04-29T05:51:56Z
doi:10.1165/rcmb.2014-0127oc,10.1165/rcmb.2014-0127oc,249408280,24940828,"Journal Article; Research Support, N.I.H., Extramural; Retracted Publication",NIAAA NIH HHS (R21 AA023571); NIAAA NIH HHS (R01 AA011290); NIAAA NIH HHS (R37 AA011290); NIAAA NIH HHS (R37 AA11290); NHLBI NIH HHS (R01 HL105490); NIDDK NIH HHS (R01 DK091841); NHLBI NIH HHS (R01HL105490),2026-04-29T05:51:56Z
doi:10.1113/ep087329,10.1113/ep087329,325391920,32539192,Journal Article; Review; Retracted Publication,Karolinska Institutet (No ID); Vetenskapsrådet (#201900987),2026-04-29T05:51:56Z
doi:10.1002/jbm.a.34495,10.1002/jbm.a.34495,232257870,23225787,"Journal Article; Research Support, Non-U.S. Gov't; Retracted Publication",,2026-04-29T05:51:56Z
doi:10.1159/000491718,10.1159/000491718,300079570,30007957,Journal Article; Retracted Publication,,2026-04-29T05:51:56Z
doi:10.1016/j.comppsych.2020.152206,10.1016/j.comppsych.2020.152206,330991050,33099105,Journal Article,,2026-04-29T05:51:56Z
doi:10.1093/jncics/pkz003,10.1093/jncics/pkz003,313608910,31360891,Journal Article; Retracted Publication,,2026-04-29T05:51:56Z
doi:10.1016/j.jacr.2020.09.044,10.1016/j.jacr.2020.09.044,330650740,33065074,Retraction Notice; Journal Article; Retracted Publication,,2026-04-29T05:51:56Z
doi:10.1371/journal.pone.0056123,10.1371/journal.pone.0056123,234411620,23441162,"Journal Article; Research Support, N.I.H., Extramural; Research Support, Non-U.S. Gov't; Retracted Publication",NIAMS NIH HHS (P50 AR060780); NIAMS NIH HHS (R01 AR042334); NIAMS NIH HHS (R01 AR051089); NIAMS NIH HHS (R03 AR062721),2026-04-29T05:51:56Z
doi:10.5001/omj.2013.59,10.5001/omj.2013.59,237722920,23772292,Journal Article; Retracted Publication,,2026-04-29T05:51:56Z
doi:10.1016/j.jhep.2011.12.019,10.1016/j.jhep.2011.12.019,222666040,22266604,"Journal Article; Research Support, N.I.H., Extramural; Research Support, Non-U.S. Gov't; Retracted Publication",NIDDK NIH HHS (R01 DK070195); Medical Research Council (G0700654),2026-04-29T05:51:56Z
doi:10.1146/annurev-vision-091517-034018,10.1146/annurev-vision-091517-034018,302225330,30222533,"Journal Article; Research Support, N.I.H., Extramural; Research Support, Non-U.S. Gov't; Review; Retracted Publication",NICHD NIH HHS (P30 HD018655); NEI NIH HHS (R01 EY017017); NEI NIH HHS (R24 EY024864); NICHD NIH HHS (U54 HD090255),2026-04-29T05:51:56Z
doi:10.1038/s41598-017-06656-4,10.1038/s41598-017-06656-4,288310350,28831035,"Journal Article; Research Support, Non-U.S. Gov't; Retracted Publication",,2026-04-29T05:51:56Z
doi:10.1155/2015/532984,10.1155/2015/532984,260649840,26064984,"Journal Article; Research Support, N.I.H., Extramural; Research Support, Non-U.S. Gov't; Retracted Publication",NCCIH NIH HHS (R01 AT007077); NCCIH NIH HHS (1R01AT007077),2026-04-29T05:51:56Z
doi:10.1039/c4nr00282b,10.1039/c4nr00282b,247280460,24728046,"Journal Article; Research Support, Non-U.S. Gov't; Retracted Publication",,2026-04-29T05:51:56Z
doi:10.1364/ol.43.004615,10.1364/ol.43.004615,302727050,30272705,Journal Article; Retracted Publication,,2026-04-29T05:51:56Z
doi:10.1177/0024363919863548,10.1177/0024363919863548,411221070,41122107,Journal Article; Retracted Publication,,2026-04-29T05:51:56Z
doi:10.11622/smedj.2015176,10.11622/smedj.2015176,266684120,26668412,Letter; Retracted Publication,,2026-04-29T05:51:56Z
doi:10.11622/smedj.2015191,10.11622/smedj.2015191,267021660,26702166,Letter; Retracted Publication,,2026-04-29T05:51:56Z
doi:10.1172/jci89092,10.1172/jci89092,287375080,28737508,Journal Article; Retracted Publication,NINDS NIH HHS (R01 NS083767); NCI NIH HHS (R21 CA175875); NCI NIH HHS (R01 CA183991); NINDS NIH HHS (R01 NS087913); NCI NIH HHS (P01 CA163205); NCI NIH HHS (P30 CA013148); NIGMS NIH HHS (T32 GM008804),2026-04-29T05:51:56Z
doi:10.1016/j.surg.2020.07.057,10.1016/j.surg.2020.07.057,329801670,32980167,Journal Article,,2026-04-29T05:51:56Z
doi:10.1080/00016489.2020.1737330,10.1080/00016489.2020.1737330,321862240,32186224,Journal Article; Retracted Publication,,2026-04-29T05:51:56Z
doi:10.1177/1938640019899828,10.1177/1938640019899828,320287920,32028792,Journal Article; Retracted Publication,,2026-04-29T05:51:56Z
doi:10.1016/j.cmet.2013.05.002,10.1016/j.cmet.2013.05.002,237472500,23747250,"Journal Article; Research Support, N.I.H., Extramural; Research Support, Non-U.S. Gov't; Retracted Publication",NIDDK NIH HHS (R01 DK072041);  CIHR (MOP-125981),2026-04-29T05:51:56Z
doi:10.2174/092986712800229078,10.2174/092986712800229078,224141060,22414106,Journal Article; Retracted Publication,,2026-04-29T05:51:56Z
doi:10.1099/vir.0.055285-0,10.1099/vir.0.055285-0,241975340,24197534,"Journal Article; Research Support, N.I.H., Extramural; Research Support, Non-U.S. Gov't; Retracted Publication",PHS HHS (N01A060009),2026-04-29T05:51:56Z
doi:10.1016/j.sder.2010.06.005,10.1016/j.sder.2010.06.005,210510140,21051014,Journal Article; Review,,2026-04-29T05:51:56Z
doi:10.1099/jgv.0.000439,10.1099/jgv.0.000439,269323000,26932300,"Journal Article; Research Support, N.I.H., Intramural; Research Support, N.I.H., Extramural; Retracted Publication",,2026-04-29T05:51:56Z
doi:10.1016/j.jvs.2019.11.002,10.1016/j.jvs.2019.11.002,327119070,32711907,Journal Article; Retracted Publication,,2026-04-29T05:51:56Z
doi:10.1016/j.jvs.2019.10.069,10.1016/j.jvs.2019.10.069,318823130,31882313,Journal Article; Retracted Publication,,2026-04-29T05:51:56Z
doi:10.1161/circulationaha.107.716498,10.1161/circulationaha.107.716498,178759680,17875968,"Journal Article; Research Support, N.I.H., Extramural; Research Support, Non-U.S. Gov't; Retracted Publication",NHLBI NIH HHS (HL074399); NHLBI NIH HHS (HL079584); NHLBI NIH HHS (HL080499),2026-04-29T05:51:56Z
doi:10.1074/jbc.m702991200,10.1074/jbc.m702991200,178848190,17884819,Journal Article; Retracted Publication,,2026-04-29T05:51:56Z
doi:10.1074/jbc.m705867200,10.1074/jbc.m705867200,179234790,17923479,"Journal Article; Research Support, N.I.H., Extramural; Retracted Publication",NINDS NIH HHS (NS47699); NINDS NIH HHS (R01 NS057529); NCI NIH HHS (CA116708); NCI NIH HHS (CA95058); NCI NIH HHS (R01 CA116708); NCI NIH HHS (R01 CA095058); NCI NIH HHS (R01 CA092393); NCI NIH HHS (CA92393); NCI NIH HHS (R01 CA075557); NCI NIH HHS (CA75557); NINDS NIH HHS (R01 NS047699); NINDS NIH HHS (NS057529),2026-04-29T05:51:56Z
doi:10.1128/jvi.79.3.1569-1580.2005,10.1128/jvi.79.3.1569-1580.2005,156501830,15650183,"Journal Article; Research Support, U.S. Gov't, P.H.S.; Retracted Publication",NIDDK NIH HHS (R01 DK061566); NIDDK NIH HHS (DK 61566),2026-04-29T05:51:56Z
doi:10.1128/jvi.79.15.9725-9734.2005,10.1128/jvi.79.15.9725-9734.2005,160149340,16014934,"Journal Article; Research Support, N.I.H., Extramural; Research Support, U.S. Gov't, P.H.S.; Retracted Publication",NIDDK NIH HHS (R01 DK061566); NIDDK NIH HHS (DK061566),2026-04-29T05:51:56Z
doi:10.1128/jvi.00763-07,10.1128/jvi.00763-07,176260770,17626077,"Journal Article; Research Support, N.I.H., Extramural; Research Support, Non-U.S. Gov't; Retracted Publication",NIDDK NIH HHS (R01 DK061566); NCI NIH HHS (CA107263); NIAID NIH HHS (U19 AI066313); NCI NIH HHS (R01 CA107263); NIDDK NIH HHS (DK061566),2026-04-29T05:51:56Z
doi:10.1128/jvi.00125-07,10.1128/jvi.00125-07,175074840,17507484,"Journal Article; Research Support, N.I.H., Extramural; Research Support, Non-U.S. Gov't; Retracted Publication",NIDDK NIH HHS (R01 DK061566); NIDDK NIH HHS (DK61566); NIAID NIH HHS (U19 AI066313),2026-04-29T05:51:56Z
doi:10.2337/db06-0989,10.2337/db06-0989,172593850,17259385,"Journal Article; Research Support, Non-U.S. Gov't; Retracted Publication",,2026-04-29T05:51:56Z
doi:10.1371/journal.pone.0024849,10.1371/journal.pone.0024849,219497670,21949767,"Journal Article; Research Support, N.I.H., Extramural; Research Support, Non-U.S. Gov't; Retracted Publication",,2026-04-29T05:51:56Z
doi:10.1074/jbc.m503111200,10.1074/jbc.m503111200,161271740,16127174,"Journal Article; Research Support, N.I.H., Extramural; Research Support, Non-U.S. Gov't; Research Support, U.S. Gov't, P.H.S.; Retracted Publication",NCI NIH HHS (R01 CA085216); NINDS NIH HHS (NS47699); NCI NIH HHS (R01 CA075557); NCI NIH HHS (CA75557); NCI NIH HHS (CA116708); NCI NIH HHS (CA95058); NCI NIH HHS (CA85216); NCI NIH HHS (R01 CA116708); NINDS NIH HHS (R01 NS047699); NCI NIH HHS (R01 CA095058); NCI NIH HHS (R01 CA092393); NCI NIH HHS (CA92393),2026-04-29T05:51:56Z
doi:10.1074/jbc.m408520200,10.1074/jbc.m408520200,158241070,15824107,"Journal Article; Research Support, N.I.H., Extramural; Research Support, Non-U.S. Gov't; Research Support, U.S. Gov't, P.H.S.; Retracted Publication",NCI NIH HHS (CA 75557); NCI NIH HHS (CA 92393); NINDS NIH HHS (NS 47699),2026-04-29T05:51:56Z
doi:10.1074/jbc.m104334200,10.1074/jbc.m104334200,115728560,11572856,"Journal Article; Research Support, U.S. Gov't, P.H.S.; Retracted Publication",NCI NIH HHS (CA 75557); NCI NIH HHS (CA 76350),2026-04-29T05:51:56Z
doi:10.1074/jbc.m113.462218,10.1074/jbc.m113.462218,239400390,23940039,"Journal Article; Research Support, Non-U.S. Gov't; Retracted Publication",,2026-04-29T05:51:56Z
doi:10.1038/npp.2014.110,10.1038/npp.2014.110,248205370,24820537,"Journal Article; Research Support, N.I.H., Extramural; Research Support, U.S. Gov't, Non-P.H.S.; Retracted Publication",NCRR NIH HHS (UL1 RR024139); NIMH NIH HHS (R21 MH096105); NIMH NIH HHS (R01MH102566); NIMH NIH HHS (R21 MH085627); NIMH NIH HHS (R21MH085627); NIMH NIH HHS (R21MH096105); NCATS NIH HHS (UL1 TR000142); NIMH NIH HHS (R01 MH096876); NIMH NIH HHS (R34 MH102871); NIMH NIH HHS (R01MH096876); NIMH NIH HHS (R01 MH102566),2026-04-29T05:51:56Z
doi:10.1016/j.dcn.2020.100822,10.1016/j.dcn.2020.100822,328682650,32868265,Journal Article; Retracted Publication,,2026-04-29T05:51:56Z
doi:10.1016/j.jacc.2017.12.046,10.1016/j.jacc.2017.12.046,294959960,29495996,"Journal Article; Multicenter Study; Research Support, Non-U.S. Gov't; Retracted Publication",British Heart Foundation (FS/15/11/31233); British Heart Foundation (RE/08/004),2026-04-29T05:51:56Z
doi:10.1016/j.jacc.2017.11.071,10.1016/j.jacc.2017.11.071,294959950,29495995,"Journal Article; Research Support, Non-U.S. Gov't; Retracted Publication",British Heart Foundation (FS/15/11/31233); British Heart Foundation (RE/08/004),2026-04-29T05:51:56Z
doi:10.1200/jco.2017.74.7824,10.1200/jco.2017.74.7824,292445280,29244528,"Clinical Trial, Phase II; Journal Article; Randomized Controlled Trial; Research Support, Non-U.S. Gov't; Retracted Publication",NCI NIH HHS (P30 CA014089); Department of Health (No ID),2026-04-29T05:51:56Z
doi:10.1016/j.biopsych.2018.11.021,10.1016/j.biopsych.2018.11.021,305838520,30583852,"Journal Article; Randomized Controlled Trial; Research Support, N.I.H., Extramural; Retracted Publication",NIMH NIH HHS (K23 MH118426); NIMH NIH HHS (R01 MH098454); NICHD NIH HHS (U54 HD087011); NIMH NIH HHS (L30 MH108015); NIMH NIH HHS (K23 MH115074),2026-04-29T05:51:56Z
doi:10.1128/mcb.00045-06,10.1128/mcb.00045-06,169085280,16908528,"Journal Article; Research Support, N.I.H., Extramural; Retracted Publication",NCI NIH HHS (R01 CA106471); NIEHS NIH HHS (T32 ES007250); NCI NIH HHS (CA106471); NIEHS NIH HHS (T32 ES07250-16),2026-04-29T05:51:56Z
doi:10.1242/dev.146894,10.1242/dev.146894,285069990,28506999,Journal Article; Retracted Publication,Intramural NIH HHS (Z01 DE000525),2026-04-29T05:51:56Z
doi:10.1038/mp.2016.139,10.1038/mp.2016.139,275738780,27573878,"Journal Article; Research Support, Non-U.S. Gov't; Research Support, N.I.H., Extramural; Retracted Publication",NIA NIH HHS (R01 AG037637); NIA NIH HHS (RF1 AG037637),2026-04-29T05:51:56Z
doi:10.1016/j.phymed.2018.12.002,10.1016/j.phymed.2018.12.002,306683220,30668322,Journal Article; Randomized Controlled Trial; Retracted Publication,NCCIH NIH HHS (R15 AT008277),2026-04-29T05:51:56Z
doi:10.1016/j.phymed.2018.10.014,10.1016/j.phymed.2018.10.014,304666220,30466622,Journal Article; Randomized Controlled Trial; Retracted Publication; Equivalence Trial,NCCIH NIH HHS (R15 AT008277),2026-04-29T05:51:56Z
doi:10.1007/s13311-016-0500-0,10.1007/s13311-016-0500-0,280838050,28083805,"Journal Article; Research Support, Non-U.S. Gov't; Retracted Publication",,2026-04-29T05:51:56Z
doi:10.1371/journal.pone.0094213,10.1371/journal.pone.0094213,247280040,24728004,"Journal Article; Research Support, Non-U.S. Gov't; Retracted Publication",,2026-04-29T05:51:56Z
doi:10.4162/nrp.2013.7.1.15,10.4162/nrp.2013.7.1.15,234236900,23423690,Journal Article; Retracted Publication,,2026-04-29T05:51:56Z
doi:10.1161/jaha.120.015959,10.1161/jaha.120.015959,322046670,32204667,Journal Article; Retracted Publication,,2026-04-29T05:51:56Z
doi:10.3390/cells8111466,10.3390/cells8111466,317523830,31752383,"Journal Article; Research Support, N.I.H., Extramural; Research Support, Non-U.S. Gov't; Retracted Publication",,2026-04-29T05:51:56Z
doi:10.1371/journal.pone.0097242,10.1371/journal.pone.0097242,248209710,24820971,"Journal Article; Research Support, N.I.H., Extramural; Research Support, Non-U.S. Gov't; Retracted Publication",NCI NIH HHS (R01 CA160417); NCI NIH HHS (R01CA160417),2026-04-29T05:51:56Z
doi:10.1098/rspb.2015.2888,10.1098/rspb.2015.2888,268177710,26817771,"Journal Article; Research Support, U.S. Gov't, Non-P.H.S.; Retracted Publication",,2026-04-29T05:51:56Z
doi:10.1371/journal.pone.0146671,10.1371/journal.pone.0146671,267658420,26765842,"Journal Article; Research Support, Non-U.S. Gov't; Retracted Publication",,2026-04-29T05:51:56Z
doi:10.23812/20-269-e-4,10.23812/20-269-e-4,326688700,32668870,Editorial; Retracted Publication,,2026-04-29T05:51:56Z
doi:10.1016/j.neuron.2019.06.015,10.1016/j.neuron.2019.06.015,314374520,31437452,"Journal Article; Research Support, N.I.H., Extramural; Review; Retracted Publication",,2026-04-29T05:51:56Z
doi:10.1002/cssc.201200171,10.1002/cssc.201200171,227074770,22707477,"Journal Article; Research Support, Non-U.S. Gov't; Retracted Publication",,2026-04-29T05:51:56Z
doi:10.1038/s41586-020-2068-4,10.1038/s41586-020-2068-4,321613880,32161388,Journal Article; Retracted Publication,,2026-04-29T05:51:56Z
doi:10.1371/journal.pone.0042913,10.1371/journal.pone.0042913,229000630,22900063,"Journal Article; Research Support, N.I.H., Extramural; Research Support, Non-U.S. Gov't; Retracted Publication",NIAMS NIH HHS (P01 AR048564); NIGMS NIH HHS (P20 GM104937); NHLBI NIH HHS (R01 HL112860); NIAMS NIH HHS (P01-AR048564),2026-04-29T05:51:56Z
doi:10.1002/chem.201904095,10.1002/chem.201904095,315885990,31588599,Journal Article; Retracted Publication,Fundamental Research Funds for the Central Universities (JUSRP 51627B),2026-04-29T05:51:56Z
doi:10.1371/journal.pone.0233149,10.1371/journal.pone.0233149,325556810,32555681,Journal Article; Retracted Publication,,2026-04-29T05:51:56Z
doi:10.1016/j.ajpath.2011.12.009,10.1016/j.ajpath.2011.12.009,222522340,22252234,"Journal Article; Research Support, N.I.H., Extramural; Research Support, Non-U.S. Gov't; Retracted Publication",NCI NIH HHS (R01 CA133162),2026-04-29T05:51:56Z
doi:10.17912/w2mw2d,10.17912/w2mw2d,326565070,32656507,Journal Article; Retracted Publication,,2026-04-29T05:51:56Z
doi:10.1073/pnas.1903856116,10.1073/pnas.1903856116,313320140,31332014,Journal Article; Retracted Publication,,2026-04-29T05:51:56Z
doi:10.1038/s41423-020-0424-9,10.1038/s41423-020-0424-9,322655130,32265513,Journal Article; Retracted Publication,National Natural Science Foundation of China (National Science Foundation of China) (81822045); National Natural Science Foundation of China (National Science Foundation of China) (81703571); National Natural Science Foundation of China (National Science Foundation of China) (81630090),2026-04-29T05:51:56Z
doi:10.1016/j.psyneuen.2013.10.003,10.1016/j.psyneuen.2013.10.003,242750070,24275007,"Journal Article; Research Support, N.I.H., Extramural; Research Support, U.S. Gov't, Non-P.H.S.; Retracted Publication",NIMH NIH HHS (R21 MH096105); NIMH NIH HHS (R21 MH085627); NIMH NIH HHS (R21MH085627); NIMH NIH HHS (R21MH096105); NIMH NIH HHS (R01 MH096876); NIMH NIH HHS (R01MH096876); NIMH NIH HHS (R01 MH102566),2026-04-29T05:51:56Z
doi:10.1001/jamapsychiatry.2019.0020,10.1001/jamapsychiatry.2019.0020,308652360,30865236,"Journal Article; Research Support, N.I.H., Extramural; Research Support, N.I.H., Intramural; Retracted Publication",NIDA NIH HHS (U24 DA041147); NIDA NIH HHS (U01 DA041134); NIDA NIH HHS (U01 DA041174); NIDA NIH HHS (U01 DA041048); NIDA NIH HHS (U01 DA041156); NIDA NIH HHS (U24 DA041123); NIDA NIH HHS (U01 DA041093); NIDA NIH HHS (U01 DA041106); NIDA NIH HHS (U01 DA041148); NIDA NIH HHS (U01 DA041089); NIDA NIH HHS (U01 DA041120); Intramural NIH HHS (ZIA MH002957); NIDA NIH HHS (U01 DA041022); NIDA NIH HHS (U01 DA041025); NIDA NIH HHS (U01 DA041028); NIDA NIH HHS (U01 DA041117),2026-04-29T05:51:56Z
doi:10.1126/sciadv.aba0145,10.1126/sciadv.aba0145,322700480,32270048,"Journal Article; Research Support, N.I.H., Extramural; Research Support, Non-U.S. Gov't; Research Support, U.S. Gov't, Non-P.H.S.; Retracted Publication",NCI NIH HHS (R01 CA193880); NCI NIH HHS (R01 CA222959); NCI NIH HHS (U54 CA210181),2026-04-29T05:51:56Z
doi:10.3758/s13423-017-1376-7,10.3758/s13423-017-1376-7,289249460,28924946,"Journal Article; Research Support, N.I.H., Extramural; Retracted Publication",NIDCD NIH HHS (R01 DC013064); NIDCD NIH HHS (T32 DC017703),2026-04-29T05:51:56Z
doi:10.1038/s41477-017-0085-6,10.1038/s41477-017-0085-6,292989930,29298993,"Journal Article; Research Support, U.S. Gov't, Non-P.H.S.; Retracted Publication",NIH HHS (S10 OD018164),2026-04-29T05:51:56Z
doi:10.1016/j.cell.2014.03.064,10.1016/j.cell.2014.03.064,248569690,24856969,"Journal Article; Research Support, N.I.H., Extramural; Research Support, Non-U.S. Gov't; Retracted Publication",NIDCR NIH HHS (R01 DE022743); NIDCR NIH HHS (R01DE17794); NIDCR NIH HHS (R01 DE017794); NIH HHS (DP2 OD008380); NINDS NIH HHS (R01 NS067686); NIH HHS (1 DP2 OD008380-01); NINDS NIH HHS (R01NS67686); NIDCR NIH HHS (R01DE22743),2026-04-29T05:51:56Z
doi:10.1177/0956797619897915,10.1177/0956797619897915,319617750,31961775,Journal Article; Retracted Publication,,2026-04-29T05:51:56Z
doi:10.1242/jeb.211904,10.1242/jeb.211904,321273800,32127380,Journal Article; Retracted Publication,,2026-04-29T05:51:56Z
doi:10.1038/s41586-019-1511-x,10.1038/s41586-019-1511-x,314627710,31462771,Journal Article; Retracted Publication,NCI NIH HHS (R01 CA160979); NCI NIH HHS (R01 CA181537); NCI NIH HHS (R01 CA238270); NIDDK NIH HHS (R01 DK107651); NCRR NIH HHS (S10 RR027673),2026-04-29T05:51:56Z
doi:10.1371/journal.pone.0098623,10.1371/journal.pone.0098623,248924250,24892425,"Journal Article; Research Support, N.I.H., Extramural; Retracted Publication",NIMH NIH HHS (R01 MH067167); NHLBI NIH HHS (R01 HL067167); NCI NIH HHS (R00 CA131552); NHLBI NIH HHS (R01 HL109481); NCI NIH HHS (P30 CA016058); NIGMS NIH HHS (R25 GM089571),2026-04-29T05:51:56Z
doi:10.1016/j.biocel.2019.01.021,10.1016/j.biocel.2019.01.021,307107530,30710753,Journal Article; Retracted Publication,,2026-04-29T05:51:56Z
doi:10.1021/acs.jpcb.0c03743,10.1021/acs.jpcb.0c03743,,32364730,Journal Article; Retracted Publication,,2026-04-29T05:51:56Z
doi:10.1001/jamapsychiatry.2014.1221,10.1001/jamapsychiatry.2014.1221,252292570,25229257,"Journal Article; Research Support, N.I.H., Extramural; Research Support, Non-U.S. Gov't; Retracted Publication",NIMH NIH HHS (R01MH096876); NIMH NIH HHS (R01MH102566); NIMH NIH HHS (R21MH085627); NIMH NIH HHS (R21MH096105); NCRR NIH HHS (UL1 RR024139),2026-04-29T05:51:56Z
doi:10.1001/jamapsychiatry.2013.399,10.1001/jamapsychiatry.2013.399,240482100,24048210,"Journal Article; Research Support, American Recovery and Reinvestment Act; Research Support, N.I.H., Extramural; Research Support, U.S. Gov't, Non-P.H.S.; Retracted Publication",NIMH NIH HHS (R21 MH096105); NIMH NIH HHS (R01MH096876-01A1); NIMH NIH HHS (R01 MH102566); NIAAA NIH HHS (RL1 AA017540); NIMH NIH HHS (R01 MH096876); NIMH NIH HHS (R21 MH081103); NIMH NIH HHS (R21 MH085627),2026-04-29T05:51:56Z
doi:10.1371/journal.pone.0044174,10.1371/journal.pone.0044174,229844720,22984472,"Journal Article; Research Support, N.I.H., Extramural; Research Support, Non-U.S. Gov't; Retracted Publication",NIDDK NIH HHS (R01 DK054084); NIDDK NIH HHS (NIH-RO1-DK-54084),2026-04-29T05:51:56Z
doi:10.1371/journal.pone.0073481,10.1371/journal.pone.0073481,240238780,24023878,Journal Article; Retracted Publication,NCATS NIH HHS (UL1 TR000460),2026-04-29T05:51:56Z
doi:10.1097/eja.0000000000001196,10.1097/eja.0000000000001196,322055720,32205572,Journal Article; Retracted Publication,,2026-04-29T05:51:56Z
doi:10.1016/j.joca.2012.01.018,10.1016/j.joca.2012.01.018,223431710,22343171,"Journal Article; Research Support, Non-U.S. Gov't; Retracted Publication",,2026-04-29T05:51:56Z
doi:10.1212/wnl.0000000000007645,10.1212/wnl.0000000000007645,311270740,31127074,"Journal Article; Research Support, N.I.H., Extramural; Research Support, Non-U.S. Gov't",NCATS NIH HHS (UL1 TR001872),2026-04-29T05:51:56Z
doi:10.1056/nejmoa2007621,10.1056/nejmoa2007621,323566260,32356626,"Journal Article; Research Support, Non-U.S. Gov't; Retracted Publication",,2026-04-29T05:51:56Z
doi:10.1016/s0140-6736(20)31180-6,10.1016/s0140-6736(20)31180-6,324501070,32450107,Journal Article; Retracted Publication,,2026-04-29T05:51:56Z
doi:10.1371/journal.pone.0039426,10.1371/journal.pone.0039426,227457520,22745752,"Journal Article; Research Support, Non-U.S. Gov't; Retracted Publication",,2026-04-29T05:51:56Z
doi:10.1038/nature13375,10.1038/nature13375,250430550,25043055,"Journal Article; Research Support, American Recovery and Reinvestment Act; Research Support, N.I.H., Extramural; Research Support, Non-U.S. Gov't; Research Support, U.S. Gov't, Non-P.H.S.; Retracted Publication",NCI NIH HHS (R01 CA139067); NCI NIH HHS (U01 CA213759); NCATS NIH HHS (UH2 TR000943); NCRR NIH HHS (S10 RR025648); NCI NIH HHS (P01 CA134292); NCI NIH HHS (P30 CA142543); NCI NIH HHS (1P30 CA142543); NIDDK NIH HHS (R01 DK089113); NCI NIH HHS (R01 CA120185); NCATS NIH HHS (UH3 TR000943); NCRR NIH HHS (1S10RR02564801); NCI NIH HHS (U54 CA151668); NCRR NIH HHS (S10 RR024757),2026-04-29T05:51:56Z
doi:10.1016/j.scr.2018.07.008,10.1016/j.scr.2018.07.008,300290550,30029055,"Journal Article; Research Support, Non-U.S. Gov't; Retracted Publication",,2026-04-29T05:51:56Z
doi:10.1111/j.1365-2958.2011.07695.x,10.1111/j.1365-2958.2011.07695.x,215643360,21564336,"Journal Article; Research Support, N.I.H., Extramural",NIGMS NIH HHS (R01 GM043756); NIGMS NIH HHS (R01 GM057720); NIGMS NIH HHS (GM043756); NIGMS NIH HHS (GM057720),2026-04-29T05:51:56Z
doi:10.1128/aac.01250-07,10.1128/aac.01250-07,186630250,18663025,Journal Article,,2026-04-29T05:51:56Z
doi:10.1089/ten.tea.2019.0175,10.1089/ten.tea.2019.0175,315599230,31559923,"Journal Article; Research Support, N.I.H., Extramural; Research Support, Non-U.S. Gov't; Retracted Publication",NIBIB NIH HHS (P41 EB023833),2026-04-29T05:51:56Z
doi:10.1371/journal.pone.0031056,10.1371/journal.pone.0031056,223635460,22363546,"Journal Article; Research Support, N.I.H., Extramural; Research Support, Non-U.S. Gov't; Retracted Publication",NHLBI NIH HHS (R01 HL105157); NHLBI NIH HHS (R01 HL110488),2026-04-29T05:51:56Z
doi:10.1177/0025817219875307,10.1177/0025817219875307,316317400,31631740,Journal Article; Retracted Publication,,2026-04-29T05:51:56Z
doi:10.1007/s00726-020-02828-1,10.1007/s00726-020-02828-1,320722980,32072298,Journal Article; Review; Retraction Notice,,2026-04-29T05:51:56Z
doi:10.1186/s12967-017-1187-7,10.1186/s12967-017-1187-7,284545430,28454543,"Journal Article; Research Support, N.I.H., Extramural; Research Support, Non-U.S. Gov't; Retracted Publication",NHLBI NIH HHS (R01 HL116042); NHLBI NIH HHS (R01 HL128063),2026-04-29T05:51:56Z
doi:10.1371/journal.pone.0039684,10.1371/journal.pone.0039684,227618680,22761868,"Journal Article; Research Support, N.I.H., Extramural; Retracted Publication",NCI NIH HHS (R01 CA075059); NCI NIH HHS (CA-R37-075059),2026-04-29T05:51:56Z
doi:10.1371/journal.pone.0132998,10.1371/journal.pone.0132998,261717860,26171786,"Journal Article; Research Support, Non-U.S. Gov't; Retracted Publication",,2026-04-29T05:51:56Z
doi:10.1158/1541-7786.mcr-11-0615,10.1158/1541-7786.mcr-11-0615,224528830,22452883,"Journal Article; Research Support, N.I.H., Extramural",NCI NIH HHS (5T32CA059366-15); NCI NIH HHS (R01 CA102074); NCI NIH HHS (1F31CA142311-01); NCI NIH HHS (R01 CA134878); NCI NIH HHS (R01CA102074); NCI NIH HHS (P30 CA043703); NCI NIH HHS (T32 CA059366); NCI NIH HHS (R01CA134878); NCI NIH HHS (P30 CA43703); NCI NIH HHS (F31 CA142311),2026-04-29T05:51:56Z
doi:10.1080/00918369.2018.1495978,10.1080/00918369.2018.1495978,300524980,30052498,Journal Article; Retracted Publication,,2026-04-29T05:51:56Z
doi:10.1016/j.wasman.2020.01.006,10.1016/j.wasman.2020.01.006,319520230,31952023,Journal Article; Retracted Publication,,2026-04-29T05:51:56Z
doi:10.1158/0008-5472.can-10-1119,10.1158/0008-5472.can-10-1119,210629880,21062988,"Journal Article; Research Support, N.I.H., Extramural; Research Support, Non-U.S. Gov't; Retracted Publication",NIA NIH HHS (R01AG031903); NCI NIH HHS (5T32CA059366-15); NCI NIH HHS (R01 CA102074); NCI NIH HHS (T32 CA059366); NCI NIH HHS (1F31CA142311-01); NCI NIH HHS (P30 CA-43703); NCI NIH HHS (R01 CA134878); NIA NIH HHS (R01 AG031903); NCI NIH HHS (R01CA102074); NCI NIH HHS (P30 CA043703); NCI NIH HHS (R01 CA092102); NCI NIH HHS (R01CA092102); NCI NIH HHS (P30 CA43703); NCI NIH HHS (F31 CA142311),2026-04-29T05:51:56Z
doi:10.1038/ncomms8956,10.1038/ncomms8956,262341820,26234182,"Journal Article; Research Support, N.I.H., Extramural; Research Support, Non-U.S. Gov't; Retracted Publication",NCI NIH HHS (R01 CA183877); NCATS NIH HHS (UL1 TR000124); NCI NIH HHS (R01CA183877); NCATS NIH HHS (UL1TR000124),2026-04-29T05:51:56Z
doi:10.1074/jbc.m116.772392,10.1074/jbc.m116.772392,280964670,28096467,"Journal Article; Research Support, Non-U.S. Gov't; Research Support, N.I.H., Extramural; Retracted Publication",NCI NIH HHS (P30 CA138292); NCI NIH HHS (R01 CA186129); NCI NIH HHS (R21 CA185882),2026-04-29T05:51:56Z
doi:10.1074/jbc.m114.604959,10.1074/jbc.m114.604959,252100330,25210033,"Journal Article; Research Support, N.I.H., Extramural; Research Support, U.S. Gov't, Non-P.H.S.; Retracted Publication",NCI NIH HHS (P30 CA138292); NCI NIH HHS (P30CA138292),2026-04-29T05:51:56Z
doi:10.1097/aci.0000000000000617,10.1097/aci.0000000000000617,319046200,31904620,"Journal Article; Research Support, Non-U.S. Gov't; Research Support, N.I.H., Extramural; Retracted Publication",NCATS NIH HHS (KL2 TR001879); NIAID NIH HHS (U54 AI117804),2026-04-29T05:51:56Z
doi:10.4081/oncol.2020.429,10.4081/oncol.2020.429,321537250,32153725,Journal Article; Retracted Publication,,2026-04-29T05:51:56Z
doi:10.1523/eneuro.0183-19.2019,10.1523/eneuro.0183-19.2019,317921160,31792116,"Journal Article; Research Support, N.I.H., Extramural; Retracted Publication",NIEHS NIH HHS (K01 ES026839),2026-04-29T05:51:56Z
doi:10.1123/ijspp.2018-0914,10.1123/ijspp.2018-0914,311886440,31188644,Journal Article; Retracted Publication,,2026-04-29T05:51:56Z
doi:10.2147/dhps.s67328,10.2147/dhps.s67328,250929970,25092997,Journal Article; Retracted Publication,,2026-04-29T05:51:56Z
doi:10.1016/j.jpainsymman.2015.10.020,10.1016/j.jpainsymman.2015.10.020,266202340,26620234,Journal Article; Retracted Publication,NHLBI NIH HHS (K01 HL133466); AHRQ HHS (K12 HS022989); NCATS NIH HHS (L30 TR001226),2026-04-29T05:51:56Z
doi:10.1042/bsr20192414,10.1042/bsr20192414,317100810,31710081,"Journal Article; Research Support, Non-U.S. Gov't; Retracted Publication",,2026-04-29T05:51:56Z
doi:10.1097/aln.0000000000002816,10.1097/aln.0000000000002816,312466040,31246604,"Journal Article; Randomized Controlled Trial; Research Support, N.I.H., Extramural; Research Support, Non-U.S. Gov't; Retracted Publication",NCATS NIH HHS (UL1 TR000071),2026-04-29T05:51:56Z
doi:10.3389/fonc.2013.00153,10.3389/fonc.2013.00153,237856670,23785667,Journal Article; Retracted Publication,,2026-04-29T05:51:56Z
doi:10.1111/j.1365-2958.2007.05928.x,10.1111/j.1365-2958.2007.05928.x,178502600,17850260,"Journal Article; Research Support, N.I.H., Extramural; Retracted Publication",NIAID NIH HHS (AI56021),2026-04-29T05:51:56Z
doi:10.1016/j.exer.2018.11.016,10.1016/j.exer.2018.11.016,304483410,30448341,"Journal Article; Research Support, N.I.H., Extramural; Research Support, Non-U.S. Gov't; Retracted Publication",NEI NIH HHS (R01 EY002027),2026-04-29T05:51:56Z
doi:10.1001/jama.2019.12803,10.1001/jama.2019.12803,315033080,31503308,"Journal Article; Research Support, N.I.H., Extramural",NIMHD NIH HHS (R01 MD010290); NIMHD NIH HHS (U01 MD010611); NIDDK NIH HHS (F32 DK107191); NCATS NIH HHS (TL1 TR002382); NCATS NIH HHS (UL1 TR002378),2026-04-29T05:51:56Z
doi:10.1111/jeb.13289,10.1111/jeb.13289,297467040,29746704,Retraction Notice,,2026-04-29T05:51:56Z
doi:10.1038/sdata.2017.11,10.1038/sdata.2017.11,281955790,28195579,"Dataset; Journal Article; Research Support, N.I.H., Extramural; Research Support, Non-U.S. Gov't; Retracted Publication",Wellcome Trust (No ID); European Research Council (617306); NIMH NIH HHS (R01 MH100549); NIMH NIH HHS (T32 MH020030),2026-04-29T05:51:56Z
doi:10.1097/ico.0000000000001635,10.1097/ico.0000000000001635,297948260,29794826,Journal Article; Retracted Publication,,2026-04-29T05:51:56Z
doi:10.1111/anae.14939,10.1111/anae.14939,317973470,31797347,Journal Article,,2026-04-29T05:51:56Z
doi:10.1093/nar/gkh243,10.1093/nar/gkh243,147622040,14762204,"Journal Article; Research Support, U.S. Gov't, P.H.S.; Retracted Publication",NCI NIH HHS (P30 CA056036); NCI NIH HHS (CA56706); NCI NIH HHS (CA76203); NCI NIH HHS (P30-CA56036),2026-04-29T05:51:56Z
doi:10.1161/strokeaha.109.553644,10.1161/strokeaha.109.553644,195209820,19520982,"Comparative Study; Journal Article; Research Support, Non-U.S. Gov't; Retracted Publication",,2026-04-29T05:51:56Z
doi:10.1161/strokeaha.111.626325,10.1161/strokeaha.111.626325,219409600,21940960,"Journal Article; Research Support, Non-U.S. Gov't; Retracted Publication",,2026-04-29T05:51:56Z
doi:10.1359/jbmr.2000.15.9.1842,10.1359/jbmr.2000.15.9.1842,109770040,10977004,Journal Article,,2026-04-29T05:51:56Z
doi:10.18632/oncotarget.6427,10.18632/oncotarget.6427,266252020,26625202,"Journal Article; Research Support, Non-U.S. Gov't; Retracted Publication",NIH HHS (T32 OD010429),2026-04-29T05:51:56Z
doi:10.2106/jbjs.19.00017,10.2106/jbjs.19.00017,314834030,31483403,Journal Article; Retracted Publication,,2026-04-29T05:51:56Z
doi:10.1007/s10571-010-9592-y,10.1007/s10571-010-9592-y,210611620,21061162,"Journal Article; Research Support, N.I.H., Intramural; Retracted Publication",Intramural NIH HHS (ZIA HD008804),2026-04-29T05:51:56Z
doi:10.1093/aje/kwy283,10.1093/aje/kwy283,306085270,30608527,"Journal Article; Research Support, N.I.H., Extramural; Research Support, N.I.H., Intramural; Research Support, Non-U.S. Gov't; Retracted Publication",NCI NIH HHS (P30 CA023108); NIEHS NIH HHS (P42 ES007373); Intramural NIH HHS (Z01 ES044005),2026-04-29T05:51:56Z
doi:10.3109/02713680903374208,10.3109/02713680903374208,200212540,20021254,"Journal Article; Research Support, N.I.H., Extramural; Research Support, Non-U.S. Gov't; Retracted Publication",NEI NIH HHS (P30 EY016665); NEI NIH HHS (R01 EY016695); NEI NIH HHS (EY16995),2026-04-29T05:51:56Z
doi:10.1563/aaid-joi-d-17-00118,10.1563/aaid-joi-d-17-00118,286042620,28604262,Journal Article; Systematic Review,,2026-04-29T05:51:56Z
doi:10.1016/s1499-3872(11)60104-5,10.1016/s1499-3872(11)60104-5,221466250,22146625,"Comparative Study; Journal Article; Research Support, N.I.H., Extramural; Research Support, Non-U.S. Gov't",NINDS NIH HHS (R01NS051646-01A2),2026-04-29T05:51:56Z
doi:10.1158/1078-0432.ccr-15-2158,10.1158/1078-0432.ccr-15-2158,271549140,27154914,Journal Article; Retracted Publication,,2026-04-29T05:51:56Z
doi:10.1093/toxsci/kfs242,10.1093/toxsci/kfs242,228720600,22872060,"Journal Article; Research Support, N.I.H., Extramural; Retracted Publication",NIEHS NIH HHS (T32 ES007266); NIEHS NIH HHS (R01ES015518); NIEHS NIH HHS (R01ES015375); NCI NIH HHS (R01CA116697); NIEHS NIH HHS (R01 ES020870),2026-04-29T05:51:56Z
doi:10.1371/journal.pone.0010350,10.1371/journal.pone.0010350,204366710,20436671,"Journal Article; Research Support, N.I.H., Extramural; Retracted Publication",NINDS NIH HHS (R01 NS057529); NINDS NIH HHS (NS057529),2026-04-29T05:51:56Z
doi:10.1007/s00109-005-0691-z,10.1007/s00109-005-0691-z,161334250,16133425,"Comparative Study; Journal Article; Research Support, N.I.H., Extramural; Retracted Publication",NHLBI NIH HHS (HL R01 47794),2026-04-29T05:51:56Z
doi:10.1080/19390211.2018.1494661,10.1080/19390211.2018.1494661,303468500,30346850,Journal Article; Retracted Publication,,2026-04-29T05:51:56Z
doi:10.1021/jacs.5b09827,10.1021/jacs.5b09827,265599230,26559923,"Journal Article; Research Support, U.S. Gov't, Non-P.H.S.; Retracted Publication",,2026-04-29T05:51:56Z
doi:10.1073/pnas.1919403117,10.1073/pnas.1919403117,320295820,32029582,Journal Article; Retracted Publication,,2026-04-29T05:51:56Z
doi:10.1074/jbc.m116.713735,10.1074/jbc.m116.713735,273300760,27330076,Journal Article; Retracted Publication,NIGMS NIH HHS (P30 GM106397); NCI NIH HHS (R01 CA140988),2026-04-29T05:51:56Z
doi:10.1074/jbc.m111.221697,10.1074/jbc.m111.221697,214546880,21454688,"Journal Article; Research Support, N.I.H., Extramural; Retracted Publication",NCRR NIH HHS (P20 RR018759); NCI NIH HHS (R01 CA140988); NCI NIH HHS (R01CA140988-01); NCRR NIH HHS (P20RR018759),2026-04-29T05:51:56Z
doi:10.3758/s13423-018-1489-7,10.3758/s13423-018-1489-7,297901220,29790122,Journal Article; Randomized Controlled Trial,,2026-04-29T05:51:56Z
doi:10.1371/journal.pone.0006049,10.1371/journal.pone.0006049,195571770,19557177,"Journal Article; Research Support, N.I.H., Extramural; Research Support, Non-U.S. Gov't; Retracted Publication",NHLBI NIH HHS (R01 HL064832); Telethon (TGM06A05); NHLBI NIH HHS (HL064832),2026-04-29T05:51:56Z
doi:10.1038/nature04695,10.1038/nature04695,166420010,16642001,"Journal Article; Research Support, N.I.H., Extramural; Research Support, Non-U.S. Gov't; Retracted Publication",NCI NIH HHS (T32 CA009151),2026-04-29T05:51:56Z
doi:10.1016/j.biopsych.2018.02.787,10.1016/j.biopsych.2018.02.787,320053210,32005321,Retraction Notice; Retracted Publication,,2026-04-29T05:51:56Z
doi:10.1001/jamaophthalmol.2019.0900,10.1001/jamaophthalmol.2019.0900,310460670,31046067,"Journal Article; Research Support, N.I.H., Extramural; Retracted Publication",NEI NIH HHS (R01 EY026641); NCI NIH HHS (UM1 CA176726); NCI NIH HHS (UM1 CA186107); NCI NIH HHS (UM1 CA167552),2026-04-29T05:51:56Z
doi:10.1007/s10456-012-9268-y,10.1007/s10456-012-9268-y,224769300,22476930,"Journal Article; Research Support, N.I.H., Extramural; Retracted Publication",NCI NIH HHS (R01 CA133162); NCI NIH HHS (R01-CA133162),2026-04-29T05:51:56Z
doi:10.1074/jbc.m113.467159,10.1074/jbc.m113.467159,235927910,23592791,"Journal Article; Research Support, Non-U.S. Gov't; Retracted Publication",,2026-04-29T05:51:56Z
doi:10.1371/journal.pone.0012015,10.1371/journal.pone.0012015,207004880,20700488,"Journal Article; Research Support, Non-U.S. Gov't; Retracted Publication",NCI NIH HHS (P01 CA108671),2026-04-29T05:51:56Z
doi:10.3177/jnsv.52.21,10.3177/jnsv.52.21,166372260,16637226,Comparative Study; Journal Article; Retracted Publication,,2026-04-29T05:51:56Z
doi:10.1210/en.2019-00483,10.1210/en.2019-00483,316179090,31617909,"Journal Article; Research Support, N.I.H., Extramural; Research Support, Non-U.S. Gov't",NHLBI NIH HHS (K08 HL132012); NHLBI NIH HHS (K08 HL129074); NHLBI NIH HHS (R01 HL137769); NHLBI NIH HHS (R01 HL088105); BLRD VA (I01 BX003391); NHLBI NIH HHS (R01 HL142770); BLRD VA (I01 BX001981),2026-04-29T05:51:56Z
doi:10.1210/en.2019-00259,10.1210/en.2019-00259,316218800,31621880,"Journal Article; Research Support, N.I.H., Extramural; Research Support, Non-U.S. Gov't",NIGMS NIH HHS (P30 GM106391); NIDDK NIH HHS (R01 DK095908); NIGMS NIH HHS (P30 GM103392); NIGMS NIH HHS (P20 GM121301); NIMH NIH HHS (R01 MH096050); NIGMS NIH HHS (U54 GM115516),2026-04-29T05:51:56Z
doi:10.1128/jvi.00367-11,10.1128/jvi.00367-11,215253400,21525340,"Evaluation Study; Journal Article; Research Support, N.I.H., Extramural; Research Support, N.I.H., Intramural; Retracted Publication",PHS HHS (N01A060009); Intramural NIH HHS (No ID),2026-04-29T05:51:56Z
doi:10.1128/jvi.05050-11,10.1128/jvi.05050-11,218494670,21849467,"Journal Article; Research Support, N.I.H., Extramural; Research Support, N.I.H., Intramural; Retracted Publication",PHS HHS (N01A060009); Intramural NIH HHS (No ID),2026-04-29T05:51:56Z
doi:10.1128/jvi.01570-14,10.1128/jvi.01570-14,249208150,24920815,"Journal Article; Research Support, N.I.H., Extramural; Retracted Publication",NIAID NIH HHS (R21 AI100195); NIAID NIH HHS (1R21AI100195),2026-04-29T05:51:56Z
doi:10.1007/s10441-019-09349-9,10.1007/s10441-019-09349-9,311399750,31139975,Journal Article; Retracted Publication,the Fundamental Research Funds for the Central Universities (BLX201609),2026-04-29T05:51:56Z
doi:10.1007/s10456-013-9395-0,10.1007/s10456-013-9395-0,241141990,24114199,"Journal Article; Research Support, N.I.H., Extramural; Retracted Publication",NCI NIH HHS (R01 CA133162); NCI NIH HHS (R01-CA133162),2026-04-29T05:51:56Z
doi:10.1128/jcm.02540-14,10.1128/jcm.02540-14,256945190,25694519,"Evaluation Study; Journal Article; Research Support, U.S. Gov't, Non-P.H.S.; Retracted Publication",,2026-04-29T05:51:56Z
doi:10.1111/j.1471-4159.2007.04469.x,10.1111/j.1471-4159.2007.04469.x,173552430,17355243,"Journal Article; Research Support, N.I.H., Extramural; Research Support, Non-U.S. Gov't; Retracted Publication",NICHD NIH HHS (R03 HD053477),2026-04-29T05:51:56Z
doi:10.3390/sports7040095,10.3390/sports7040095,310272030,31027203,Journal Article; Retracted Publication,Kansas State University Office of Undergraduate Research and Creative Inquiry (N/A),2026-04-29T05:51:56Z
doi:10.1038/nbt.2747,10.1038/nbt.2747,242403910,24240391,"Journal Article; Research Support, N.I.H., Extramural; Research Support, Non-U.S. Gov't; Retracted Publication",NIDDK NIH HHS (U01 DK089541); NIDDK NIH HHS (R01 DK021344); NIDDK NIH HHS (U01 DK089570); NIDDK NIH HHS (U01 DK 089570); NIDDK NIH HHS (P01 DK042502); NIDDK NIH HHS (P30 DK063720); NIDDK NIH HHS (U19 DK 042502); NIDDK NIH HHS (U19 DK042502); NIDDK NIH HHS (R01 DK065949); Wellcome Trust (101033),2026-04-29T05:51:56Z
doi:10.1098/rsbl.2014.0419,10.1098/rsbl.2014.0419,251654520,25165452,"Journal Article; Research Support, Non-U.S. Gov't; Research Support, U.S. Gov't, Non-P.H.S.; Retracted Publication",,2026-04-29T05:51:56Z
doi:10.3727/096368915x686760,10.3727/096368915x686760,257068170,25706817,Journal Article,,2026-04-29T05:51:56Z
doi:10.1186/s12967-017-1243-3,10.1186/s12967-017-1243-3,286294760,28629476,Journal Article; Retracted Publication,,2026-04-29T05:51:56Z
doi:10.1161/jaha.119.012317,10.1161/jaha.119.012317,311656620,31165662,Journal Article; Retracted Publication,NCI NIH HHS (P50 CA180890); NIDA NIH HHS (R01 DA043950); NHLBI NIH HHS (U54 HL147127),2026-04-29T05:51:56Z
doi:10.1371/journal.pone.0102706,10.1371/journal.pone.0102706,250329910,25032991,"Journal Article; Research Support, N.I.H., Extramural; Research Support, Non-U.S. Gov't; Retracted Publication",NCI NIH HHS (P30 CA013148); NIDDK NIH HHS (P30 DK079626); NIAMS NIH HHS (R01 AR047830); NIAMS NIH HHS (AR47830),2026-04-29T05:51:56Z
doi:10.1089/ten.tea.2010.0385,10.1089/ten.tea.2010.0385,208831150,20883115,"Journal Article; Research Support, Non-U.S. Gov't; Retracted Publication",,2026-04-29T05:51:56Z
doi:10.3389/fimmu.2018.03102,10.3389/fimmu.2018.03102,306710630,30671063,"Journal Article; Research Support, Non-U.S. Gov't; Retracted Publication",,2026-04-29T05:51:56Z
doi:10.1021/acscentsci.9b00224,10.1021/acscentsci.9b00224,312637670,31263767,Journal Article; Retracted Publication,NCI NIH HHS (R35 CA197589),2026-04-29T05:51:56Z
doi:10.1002/1521-3773(20020415)41:81429::aid-anie14293.0.co;2-j,10.1002/1521-3773(20020415)41:81429::aid-anie14293.0.co;2-j,197507880,19750788,Journal Article,,2026-04-29T05:51:56Z
doi:10.1038/nature22821,10.1038/nature22821,286143010,28614301,"Journal Article; Research Support, N.I.H., Extramural; Research Support, Non-U.S. Gov't; Retracted Publication",NIH HHS (AI039246); NIH HHS (AI42269); NIH HHS (T32 AI74549),2026-04-29T05:51:56Z
doi:10.1002/ca.22539,10.1002/ca.22539,258734160,25873416,"Journal Article; Research Support, Non-U.S. Gov't; Retracted Publication",,2026-04-29T05:51:56Z
doi:10.3928/1081597x-20170620-02,10.3928/1081597x-20170620-02,288803370,28880337,Journal Article; Randomized Controlled Trial; Video-Audio Media; Retracted Publication,,2026-04-29T05:51:56Z
doi:10.1371/journal.pone.0031783,10.1371/journal.pone.0031783,223637310,22363731,"Journal Article; Research Support, N.I.H., Extramural; Research Support, Non-U.S. Gov't; Retracted Publication",NIEHS NIH HHS (R01 ES015375); NIEHS NIH HHS (R21 ES019249); NIEHS NIH HHS (1R21ES019249),2026-04-29T05:51:56Z
doi:10.1089/pop.2019.0105,10.1089/pop.2019.0105,315895630,31589563,Journal Article; Retracted Publication,,2026-04-29T05:51:56Z
doi:10.1021/jm2001663,10.1021/jm2001663,216572710,21657271,"Journal Article; Research Support, N.I.H., Intramural; Retracted Publication",Intramural NIH HHS (Z01 BC005598); Intramural NIH HHS (Z01 HL005090),2026-04-29T05:51:56Z
doi:10.1111/bcpt.12670,10.1111/bcpt.12670,276253360,27625336,Journal Article,,2026-04-29T05:51:56Z
doi:10.1093/geront/gnz086,10.1093/geront/gnz086,312914560,31291456,Journal Article; Retracted Publication,,2026-04-29T05:51:56Z
doi:10.1016/j.yhbeh.2018.12.014,10.1016/j.yhbeh.2018.12.014,305971400,30597140,"Journal Article; Research Support, Non-U.S. Gov't; Retracted Publication",,2026-04-29T05:51:56Z
doi:10.1093/nar/gkz432,10.1093/nar/gkz432,311149030,31114903,"Journal Article; Research Support, N.I.H., Extramural; Research Support, Non-U.S. Gov't; Retracted Publication",NCI NIH HHS (P30 CA016086); NIGMS NIH HHS (R01 GM121806); NCI NIH HHS (T32 CA217824); NIGMS NIH HHS (T32 GM007092),2026-04-29T05:51:56Z
doi:10.1080/03007995.2019.1703664,10.1080/03007995.2019.1703664,318221370,31822137,Journal Article; Retracted Publication,,2026-04-29T05:51:56Z
doi:10.1371/journal.pone.0017123,10.1371/journal.pone.0017123,213472600,21347260,"Journal Article; Research Support, N.I.H., Extramural; Retracted Publication",NINDS NIH HHS (R01 NS061835); NINDS NIH HHS (NS61835),2026-04-29T05:51:56Z
doi:10.1371/journal.pone.0036093,10.1371/journal.pone.0036093,225671260,22567126,"Journal Article; Research Support, N.I.H., Extramural; Retracted Publication",NCI NIH HHS (R01 CA147792); NCI NIH HHS (CA147792),2026-04-29T05:51:56Z
doi:10.1371/journal.pone.0013731,10.1371/journal.pone.0013731,210608330,21060833,"Journal Article; Research Support, N.I.H., Extramural; Retracted Publication",NCI NIH HHS (R01 CA075557); NCI NIH HHS (R01 CA116708); NCI NIH HHS (CA75557); NCI NIH HHS (CA116708),2026-04-29T05:51:56Z
doi:10.1371/journal.pone.0011668,10.1371/journal.pone.0011668,206614710,20661471,"Journal Article; Research Support, N.I.H., Extramural; Retracted Publication",NCI NIH HHS (R01 CA116708); NCI NIH HHS (CA116708),2026-04-29T05:51:56Z
doi:10.1371/journal.pone.0020614,10.1371/journal.pone.0020614,216982330,21698233,"Journal Article; Research Support, N.I.H., Extramural; Retracted Publication",NINDS NIH HHS (R01 NS064535); NINDS NIH HHS (NS064535),2026-04-29T05:51:56Z
doi:10.1098/rspb.2013.3166,10.1098/rspb.2013.3166,246719720,24671972,Journal Article; Retracted Publication,,2026-04-29T05:51:56Z
doi:10.1177/1090198119873959,10.1177/1090198119873959,316152860,31615286,Journal Article; Retracted Publication,,2026-04-29T05:51:56Z
doi:10.1016/j.biortech.2019.01.123,10.1016/j.biortech.2019.01.123,307166040,30716604,Journal Article; Retracted Publication,,2026-04-29T05:51:56Z
doi:10.1186/s12938-018-0571-8,10.1186/s12938-018-0571-8,303963430,30396343,Journal Article; Randomized Controlled Trial; Retracted Publication,,2026-04-29T05:51:56Z
doi:10.1208/s12249-016-0596-x,10.1208/s12249-016-0596-x,275111110,27511111,Journal Article; Retracted Publication,,2026-04-29T05:51:56Z
doi:10.1007/s12035-018-1441-x,10.1007/s12035-018-1441-x,307063680,30706368,Journal Article; Retracted Publication,NIA NIH HHS (R01 AG038834); NIA NIH HHS (R01 AG018031); NIGMS NIH HHS (U54 GM104940); National Institute on Aging (NIA AG18031 and NIA AG038834); NEI NIH HHS (R01 EY006311),2026-04-29T05:51:56Z
doi:10.1186/s12978-019-0732-7,10.1186/s12978-019-0732-7,311382530,31138253,Journal Article; Retracted Publication,,2026-04-29T05:51:56Z
doi:10.1016/j.biortech.2018.08.102,10.1016/j.biortech.2018.08.102,302052650,30205265,Journal Article; Retracted Publication,,2026-04-29T05:51:56Z
doi:10.1016/j.biortech.2019.02.058,10.1016/j.biortech.2019.02.058,307800950,30780095,Journal Article; Retracted Publication,,2026-04-29T05:51:56Z
doi:10.1016/j.biortech.2019.121586,10.1016/j.biortech.2019.121586,311762030,31176203,Journal Article; Retracted Publication,,2026-04-29T05:51:56Z
doi:10.1016/j.biortech.2019.122035,10.1016/j.biortech.2019.122035,314547310,31454731,Journal Article; Retracted Publication,,2026-04-29T05:51:56Z
doi:10.1016/j.biortech.2019.122143,10.1016/j.biortech.2019.122143,315631140,31563114,Journal Article; Retracted Publication,,2026-04-29T05:51:56Z
doi:10.1016/j.jse.2018.09.017,10.1016/j.jse.2018.09.017,305955030,30595503,Journal Article; Retracted Publication,,2026-04-29T05:51:56Z
doi:10.4103/jehp.jehp_391_18,10.4103/jehp.jehp_391_18,313342590,31334259,Journal Article; Review; Retracted Publication,,2026-04-29T05:51:56Z
doi:10.15585/mmwr.mm6809a1,10.15585/mmwr.mm6809a1,308451170,30845117,Journal Article,,2026-04-29T05:51:56Z
doi:10.15585/mmwr.ss6513a1,10.15585/mmwr.ss6513a1,304398680,30439868,"Journal Article; Research Support, Non-U.S. Gov't",NIEHS NIH HHS (P30 ES010126); NICHD NIH HHS (U54 HD087011),2026-04-29T05:51:56Z
doi:10.1086/686220,10.1086/686220,271725960,27172596,"Journal Article; Research Support, Non-U.S. Gov't; Research Support, U.S. Gov't, Non-P.H.S.; Retracted Publication",,2026-04-29T05:51:56Z
doi:10.1016/j.envpol.2017.10.018,10.1016/j.envpol.2017.10.018,290735240,29073524,Journal Article; Retracted Publication,,2026-04-29T05:51:56Z
doi:10.2337/db05-1586,10.2337/db05-1586,169361930,16936193,"Journal Article; Research Support, Non-U.S. Gov't; Retracted Publication",,2026-04-29T05:51:56Z
doi:10.2337/db05-1430,10.2337/db05-1430,170033350,17003335,"Journal Article; Research Support, N.I.H., Extramural; Research Support, Non-U.S. Gov't; Retracted Publication",,2026-04-29T05:51:56Z
doi:10.1074/jbc.m110.102491,10.1074/jbc.m110.102491,202337220,20233722,"Journal Article; Research Support, N.I.H., Extramural; Research Support, Non-U.S. Gov't; Research Support, U.S. Gov't, Non-P.H.S.; Retracted Publication",NHLBI NIH HHS (HL080499); NHLBI NIH HHS (HL079584); NHLBI NIH HHS (HL105157); NHLBI NIH HHS (R01 HL105157); NHLBI NIH HHS (R01 HL079584); NHLBI NIH HHS (R01 HL080499); NHLBI NIH HHS (R01 HL096032); NHLBI NIH HHS (HL096032),2026-04-29T05:51:56Z
doi:10.1074/jbc.m802578200,10.1074/jbc.m802578200,186932490,18693249,"Journal Article; Research Support, N.I.H., Extramural; Research Support, Non-U.S. Gov't; Retracted Publication",NHLBI NIH HHS (HL074399); NHLBI NIH HHS (HL079584); NHLBI NIH HHS (HL080499); NHLBI NIH HHS (HL089920),2026-04-29T05:51:56Z
doi:10.1074/jbc.m703701200,10.1074/jbc.m703701200,176359210,17635921,"Journal Article; Research Support, N.I.H., Extramural; Retracted Publication",NHLBI NIH HHS (HL 074399); NHLBI NIH HHS (HL 079584); NHLBI NIH HHS (HL 080499),2026-04-29T05:51:56Z
doi:10.1124/mol.116.103697,10.1124/mol.116.103697,269213990,26921399,"Journal Article; Research Support, N.I.H., Extramural; Retracted Publication",NIGMS NIH HHS (R01 GM111772); NIGMS NIH HHS (R01 GM081569); NIDDK NIH HHS (P30 DK035816); NIGMS NIH HHS (R01 GM081569-S1); NIGMS NIH HHS (R01GM081569),2026-04-29T05:51:56Z
doi:10.1016/j.biortech.2018.05.006,10.1016/j.biortech.2018.05.006,297471000,29747100,Journal Article; Retracted Publication,,2026-04-29T05:51:56Z
doi:10.1172/jci24813,10.1172/jci24813,161515320,16151532,"Journal Article; Research Support, N.I.H., Extramural; Research Support, Non-U.S. Gov't; Research Support, U.S. Gov't, P.H.S.; Retracted Publication",NIDDK NIH HHS (DK55001); NIDDK NIH HHS (R01 DK55000); NIDDK NIH HHS (R01 DK062987); NIDDK NIH HHS (R01 DK055001); NIDDK NIH HHS (R01 DK055000); NIDDK NIH HHS (DK62987),2026-04-29T05:51:56Z
doi:10.1074/jbc.m808999200,10.1074/jbc.m808999200,191580840,19158084,"Journal Article; Research Support, N.I.H., Extramural; Research Support, Non-U.S. Gov't; Retracted Publication",NCI NIH HHS (P01 CA106451),2026-04-29T05:51:56Z
doi:10.1074/jbc.m805490200,10.1074/jbc.m805490200,188425810,18842581,"Journal Article; Research Support, Non-U.S. Gov't; Retracted Publication",,2026-04-29T05:51:56Z
doi:10.1074/jbc.m705409200,10.1074/jbc.m705409200,180837120,18083712,"Journal Article; Research Support, N.I.H., Extramural; Research Support, Non-U.S. Gov't; Retracted Publication",NCI NIH HHS (P01CA77839),2026-04-29T05:51:56Z
doi:10.1074/jbc.m503201200,10.1074/jbc.m503201200,159943130,15994313,"Journal Article; Research Support, N.I.H., Extramural; Research Support, Non-U.S. Gov't; Research Support, U.S. Gov't, P.H.S.; Retracted Publication",NCI NIH HHS (P01-CA106451); NCI NIH HHS (R01 CA111469),2026-04-29T05:51:56Z
doi:10.1074/jbc.m312972200,10.1074/jbc.m312972200,147220580,14722058,"Journal Article; Research Support, Non-U.S. Gov't; Retracted Publication",,2026-04-29T05:51:56Z
doi:10.1074/jbc.m301481200,10.1074/jbc.m301481200,128266790,12826679,"Journal Article; Research Support, Non-U.S. Gov't; Retracted Publication",,2026-04-29T05:51:56Z
doi:10.1074/jbc.m007237200,10.1074/jbc.m007237200,112783360,11278336,"Journal Article; Research Support, Non-U.S. Gov't; Research Support, U.S. Gov't, P.H.S.; Retracted Publication",NCI NIH HHS (1 RO1 CA89578); NCI NIH HHS (P01 CA29502); NCI NIH HHS (T32 CA09685),2026-04-29T05:51:56Z
doi:10.1074/jbc.m115.698902,10.1074/jbc.m115.698902,274675820,27467582,"Journal Article; Research Support, Non-U.S. Gov't; Research Support, N.I.H., Extramural; Retracted Publication",NCI NIH HHS (R01 CA108773),2026-04-29T05:51:56Z
doi:10.1074/jbc.m113.532523,10.1074/jbc.m113.532523,244513730,24451373,"Journal Article; Research Support, N.I.H., Extramural; Research Support, Non-U.S. Gov't; Retracted Publication",Wellcome Trust (092096); NCI NIH HHS (R01 CA108773),2026-04-29T05:51:56Z
doi:10.1016/j.actatropica.2018.07.006,10.1016/j.actatropica.2018.07.006,300039060,30003906,Journal Article; Retracted Publication,,2026-04-29T05:51:56Z
doi:10.1126/science.aaw9068,10.1126/science.aaw9068,310730630,31073063,"Journal Article; Research Support, Non-U.S. Gov't; Retracted Publication",,2026-04-29T05:51:56Z
doi:10.1111/j.1524-6175.2006.05667.x,10.1111/j.1524-6175.2006.05667.x,170860170,29024436,Journal Article; Retracted Publication,,2026-04-29T05:51:56Z
doi:10.1371/journal.pbio.3000063,10.1371/journal.pbio.3000063,309588150,30958815,"Journal Article; Research Support, Non-U.S. Gov't; Comment; Retracted Publication",,2026-04-29T05:51:56Z
doi:10.1371/journal.pbio.1002593,10.1371/journal.pbio.1002593,281418030,28141803,"Journal Article; Research Support, N.I.H., Intramural; Research Support, Non-U.S. Gov't; Retracted Publication",,2026-04-29T05:51:56Z
doi:10.1126/sciadv.aax7894,10.1126/sciadv.aax7894,318400680,31840068,Journal Article; Retracted Publication,,2026-04-29T05:51:56Z
doi:10.1080/15287394.2018.1477640,10.1080/15287394.2018.1477640,298896220,29889622,"Journal Article; Research Support, Non-U.S. Gov't; Retracted Publication",,2026-04-29T05:51:56Z
doi:10.1007/s00247-018-4130-z,10.1007/s00247-018-4130-z,297077390,29707739,Conference Proceedings; Retracted Publication,,2026-04-29T05:51:56Z
doi:10.1074/jbc.m111.236612,10.1074/jbc.m111.236612,213986980,21398698,"Journal Article; Research Support, N.I.H., Extramural; Retracted Publication",NCI NIH HHS (CA097216); NCI NIH HHS (R01 CA097216); NCI NIH HHS (P01 CA080058); NCI NIH HHS (CA127247); NCI NIH HHS (R01 CA127247); NCI NIH HHS (CA80058),2026-04-29T05:51:56Z
doi:10.1037/lhb0000349,10.1037/lhb0000349,314979830,31497983,Journal Article; Retracted Publication,,2026-04-29T05:51:56Z
doi:10.1371/journal.pone.0216079,10.1371/journal.pone.0216079,310595250,31059525,Journal Article; Retracted Publication,,2026-04-29T05:51:56Z
doi:10.1016/j.jtcvs.2017.06.017,10.1016/j.jtcvs.2017.06.017,287125800,28712580,Retraction Notice; Journal Article; Retracted Publication,,2026-04-29T05:51:56Z
doi:10.1074/jbc.m306111200,10.1074/jbc.m306111200,128815180,12881518,"Journal Article; Research Support, Non-U.S. Gov't; Research Support, U.S. Gov't, P.H.S.; Retracted Publication",NCI NIH HHS (CA 82858); NCI NIH HHS (CA 81504); NCI NIH HHS (R01 CA098536); NCI NIH HHS (R01 CA082858); NCI NIH HHS (R01 CA081504),2026-04-29T05:51:56Z
doi:10.3389/fnins.2018.00529,10.3389/fnins.2018.00529,301316690,30131669,Journal Article; Retracted Publication,NIA NIH HHS (K01 AG049152); NIGMS NIH HHS (T32 GM007175); NCATS NIH HHS (TL1 TR001871); NIA NIH HHS (U01 AG024904),2026-04-29T05:51:56Z
doi:10.1371/journal.pone.0154419,10.1371/journal.pone.0154419,271238540,27123854,Journal Article; Retracted Publication,,2026-04-29T05:51:56Z
doi:10.1016/j.gie.2008.06.002,10.1016/j.gie.2008.06.002,186565910,18656591,Journal Article; Practice Guideline; Review,,2026-04-29T05:51:56Z
doi:10.1073/pnas.1013021107,10.1073/pnas.1013021107,211640320,21164032,"Journal Article; Research Support, N.I.H., Extramural; Research Support, U.S. Gov't, Non-P.H.S.; Retracted Publication",NIGMS NIH HHS (R01 GM065383); NIGMS NIH HHS (GM-065383),2026-04-29T05:51:56Z
doi:10.1074/jbc.m112.355495,10.1074/jbc.m112.355495,225470750,22547075,"Journal Article; Research Support, N.I.H., Extramural; Research Support, Non-U.S. Gov't; Retracted Publication",NCI NIH HHS (R01 CA133322); NCI NIH HHS (R01 CA140346); NCI NIH HHS (CA149251); NCI NIH HHS (CA133322); NCI NIH HHS (R01 CA149251),2026-04-29T05:51:56Z
doi:10.1074/jbc.m300215200,10.1074/jbc.m300215200,128241770,12824177,"Journal Article; Research Support, Non-U.S. Gov't; Research Support, U.S. Gov't, P.H.S.; Retracted Publication",NHLBI NIH HHS (HL55620); NHLBI NIH HHS (HL68758); NHLBI NIH HHS (HL68812),2026-04-29T05:51:56Z
doi:10.1105/tpc.18.00239,10.1105/tpc.18.00239,300650460,30065046,"Journal Article; Research Support, Non-U.S. Gov't; Retracted Publication",,2026-04-29T05:51:56Z
doi:10.1097/spv.0b013e31825f36ed,10.1097/spv.0b013e31825f36ed,227773660,22777366,Journal Article; Practice Guideline; Retracted Publication,,2026-04-29T05:51:56Z
doi:10.1016/j.jtcvs.2016.09.094,10.1016/j.jtcvs.2016.09.094,282745520,28274552,Retraction Notice; Journal Article; Retracted Publication,,2026-04-29T05:51:56Z
doi:10.1038/srep37227,10.1038/srep37227,278768130,27876813,"Journal Article; Research Support, N.I.H., Extramural; Retracted Publication",NCI NIH HHS (P30 CA177558); NIEHS NIH HHS (R01 ES017244); NIEHS NIH HHS (R01 ES025515),2026-04-29T05:51:56Z
doi:10.3389/fpubh.2014.00154,10.3389/fpubh.2014.00154,256950400,25695040,Journal Article; Retracted Publication,,2026-04-29T05:51:56Z
doi:10.3109/08820139.2015.1074246,10.3109/08820139.2015.1074246,264368520,26436852,Journal Article; Retracted Publication,,2026-04-29T05:51:56Z
doi:10.1016/j.phymed.2019.152980,10.1016/j.phymed.2019.152980,317083230,31708323,Retraction Notice; Journal Article; Retracted Publication,,2026-04-29T05:51:56Z
doi:10.1016/j.phymed.2019.152943,10.1016/j.phymed.2019.152943,311586950,31158695,"Letter; Research Support, N.I.H., Extramural; Research Support, Non-U.S. Gov't; Comment",NCCIH NIH HHS (R15 AT008277),2026-04-29T05:51:56Z
doi:10.1104/pp.106.079038,10.1104/pp.106.079038,165818740,16581874,"Journal Article; Research Support, N.I.H., Extramural; Research Support, U.S. Gov't, Non-P.H.S.; Retracted Publication",NIGMS NIH HHS (GM65989-01),2026-04-29T05:51:56Z
doi:10.1038/srep27449,10.1038/srep27449,273118110,27311811,"Journal Article; Research Support, Non-U.S. Gov't; Retracted Publication",,2026-04-29T05:51:56Z
doi:10.1371/journal.pone.0209359,10.1371/journal.pone.0209359,305717460,30571746,"Journal Article; Research Support, N.I.H., Extramural; Retracted Publication",NIDDK NIH HHS (R01 DK015564); NIDDK NIH HHS (R01 DK028300),2026-04-29T05:51:56Z
doi:10.1016/j.aprim.2017.10.010,10.1016/j.aprim.2017.10.010,295512610,29551261,Retraction Notice; Journal Article; Retracted Publication,,2026-04-29T05:51:56Z
doi:10.1016/j.ijcard.2017.05.134,10.1016/j.ijcard.2017.05.134,286296250,28629625,Retraction Notice; Journal Article; Retracted Publication,,2026-04-29T05:51:56Z
doi:10.1016/j.jtho.2018.07.018,10.1016/j.jtho.2018.07.018,301580660,30158066,Retraction Notice; Journal Article; Retracted Publication,,2026-04-29T05:51:56Z
doi:10.1128/mra.00809-18,10.1128/mra.00809-18,305339400,30533940,Journal Article; Retracted Publication,,2026-04-29T05:51:56Z
doi:10.1128/mra.01508-18,10.1128/mra.01508-18,306374030,30637403,Journal Article; Retracted Publication,,2026-04-29T05:51:56Z
doi:10.1128/jvi.76.2.912-917.2002,10.1128/jvi.76.2.912-917.2002,117521800,11752180,Journal Article; Retracted Publication,,2026-04-29T05:51:56Z
doi:10.1099/vir.0.034033-0,10.1099/vir.0.034033-0,219943220,21994322,"Journal Article; Research Support, N.I.H., Extramural; Research Support, Non-U.S. Gov't; Retracted Publication",NIAID NIH HHS (R21 AI078532),2026-04-29T05:51:56Z
doi:10.1038/s41370-018-0047-8,10.1038/s41370-018-0047-8,298555160,29855516,Journal Article; Retracted Publication,,2026-04-29T05:51:56Z
doi:10.1099/vir.0.014340-0,10.1099/vir.0.014340-0,198899350,19889935,"Journal Article; Research Support, Non-U.S. Gov't; Retracted Publication",,2026-04-29T05:51:56Z
doi:10.31128/ajgp-01-19-4825,10.31128/ajgp-01-19-4825,312208820,31220882,Journal Article; Retracted Publication,,2026-04-29T05:51:56Z
doi:10.1016/j.dld.2017.05.014,10.1016/j.dld.2017.05.014,286192570,28619257,Retraction Notice; Journal Article; Retracted Publication,,2026-04-29T05:51:56Z
doi:10.1111/jpi.12261,10.1111/jpi.12261,261849240,26184924,"Journal Article; Research Support, Non-U.S. Gov't; Retracted Publication",,2026-04-29T05:51:56Z
doi:10.1001/jama.2018.17508,10.1001/jama.2018.17508,304190980,30419098,Editorial; Comment,HSRD VA (IK2 HX002248),2026-04-29T05:51:56Z
doi:10.1074/jbc.m116.715797,10.1074/jbc.m116.715797,272266400,27226640,Journal Article; Retracted Publication,NCI NIH HHS (P30 CA177558); NIEHS NIH HHS (R01 ES018883); NIEHS NIH HHS (R01 ES021771); NCI NIH HHS (R03 CA171604),2026-04-29T05:51:56Z
doi:10.1194/jlr.m068692,10.1194/jlr.m068692,271658570,27165857,Journal Article; Retracted Publication,,2026-04-29T05:51:56Z
doi:10.1186/1471-2180-6-26,10.1186/1471-2180-6-26,165244800,16524480,"Journal Article; Research Support, N.I.H., Extramural; Retracted Publication",NEI NIH HHS (EY013826); NIAID NIH HHS (AI045803); NIAID NIH HHS (R01 AI045803); NEI NIH HHS (R01 EY013826); NCRR NIH HHS (C06 RR11174),2026-04-29T05:51:56Z
doi:10.1371/journal.pone.0042310,10.1371/journal.pone.0042310,228799380,22879938,"Journal Article; Research Support, Non-U.S. Gov't; Retracted Publication",,2026-04-29T05:51:56Z
doi:10.1007/s10865-012-9399-z,10.1007/s10865-012-9399-z,223111030,22311103,Journal Article; Retracted Publication,,2026-04-29T05:51:56Z
doi:10.1038/sj.mp.4001888,10.1038/sj.mp.4001888,169833910,16983391,"Journal Article; Research Support, N.I.H., Intramural; Retracted Publication",Intramural NIH HHS (No ID),2026-04-29T05:51:56Z
doi:10.1371/journal.pone.0053654,10.1371/journal.pone.0053654,233497270,23349727,"Journal Article; Research Support, Non-U.S. Gov't; Retracted Publication",NCI NIH HHS (R01 CA148621); NCI NIH HHS (R01 CA163737),2026-04-29T05:51:56Z
doi:10.1158/0008-5472.can-05-0808,10.1158/0008-5472.can-05-0808,164522200,16452220,"Journal Article; Research Support, N.I.H., Extramural; Retracted Publication",NCI NIH HHS (P50 CA 93683),2026-04-29T05:51:56Z
doi:10.1016/j.mri.2017.01.005,10.1016/j.mri.2017.01.005,280899380,28089938,Retraction Notice; Journal Article; Retracted Publication,NIBIB NIH HHS (T32 EB001628),2026-04-29T05:51:56Z
doi:10.1016/j.jsat.2017.04.015,10.1016/j.jsat.2017.04.015,284871870,28487187,Journal Article; Retracted Publication,,2026-04-29T05:51:56Z
doi:10.1016/j.clgc.2016.07.002,10.1016/j.clgc.2016.07.002,290791640,29079164,Retraction Notice,,2026-04-29T05:51:56Z
doi:10.1016/j.jtcvs.2017.05.070,10.1016/j.jtcvs.2017.05.070,286519440,28651944,Retraction Notice; Journal Article; Retracted Publication,,2026-04-29T05:51:56Z
doi:10.1080/10773525.2015.1123379,10.1080/10773525.2015.1123379,271286260,27128626,Journal Article; Retracted Publication,,2026-04-29T05:51:56Z
doi:10.1002/pros.23483,10.1002/pros.23483,293684350,29368435,"Journal Article; Research Support, N.I.H., Extramural; Retracted Publication",NCI NIH HHS (UM1 CA186712),2026-04-29T05:51:56Z
doi:10.1038/s41591-019-0459-6,10.1038/s41591-019-0459-6,311608140,31160814,"Journal Article; Research Support, N.I.H., Extramural; Retracted Publication",NIGMS NIH HHS (R01 GM116044),2026-04-29T05:51:56Z
doi:10.1038/s41591-019-0481-8,10.1038/s41591-019-0481-8,311608160,31160816,Journal Article; Comment; Retracted Publication,,2026-04-29T05:51:56Z
doi:10.1001/jama.2018.17933,10.1001/jama.2018.17933,304191030,30419103,"Comparative Study; Journal Article; Randomized Controlled Trial; Research Support, Non-U.S. Gov't; Retracted Publication",,2026-04-29T05:51:56Z
doi:10.1073/pnas.0808357105,10.1073/pnas.0808357105,188321730,18832173,"Journal Article; Research Support, N.I.H., Extramural; Retracted Publication",NHLBI NIH HHS (R21 HL094894),2026-04-29T05:51:56Z
doi:10.1073/pnas.0907622106,10.1073/pnas.0907622106,197174200,19717420,"Journal Article; Research Support, Non-U.S. Gov't; Retracted Publication",NHLBI NIH HHS (R21 HL094894),2026-04-29T05:51:56Z
doi:10.1093/ofid/ofz077,10.1093/ofid/ofz077,313383810,31338381,Journal Article; Retraction Notice,,2026-04-29T05:51:56Z
doi:10.1038/srep22747,10.1038/srep22747,269566130,26956613,"Journal Article; Research Support, N.I.H., Extramural; Research Support, Non-U.S. Gov't; Retracted Publication",NIGMS NIH HHS (R01 GM083144); NHLBI NIH HHS (HL091196); NICHD NIH HHS (R03 HD053477); NHLBI NIH HHS (R01 HL091196); NIGMS NIH HHS (GM083144); NICHD NIH HHS (R03 HD058697),2026-04-29T05:51:56Z
doi:10.1371/journal.pone.0025826,10.1371/journal.pone.0025826,220287920,22028792,"Journal Article; Research Support, N.I.H., Extramural; Research Support, Non-U.S. Gov't; Retracted Publication",NCI NIH HHS (R01 CA133162),2026-04-29T05:51:56Z
doi:10.1038/s41586-018-0651-8,10.1038/s41586-018-0651-8,303822010,30382201,Journal Article; Retracted Publication,,2026-04-29T05:51:56Z
doi:10.1155/2014/410341,10.1155/2014/410341,250250490,25025049,Journal Article; Review; Retracted Publication,,2026-04-29T05:51:56Z
doi:10.3171/foc.2006.20.4.5,10.3171/foc.2006.20.4.5,167090390,16709039,Journal Article; Review,,2026-04-29T05:51:56Z
doi:10.1177/1352458515595191,10.1177/1352458515595191,265377520,26537752,Journal Article; Published Erratum; Retracted Publication,,2026-04-29T05:51:56Z
doi:10.1074/jbc.m708208200,10.1074/jbc.m708208200,183218490,18321849,"Journal Article; Research Support, N.I.H., Extramural; Research Support, Non-U.S. Gov't; Retracted Publication",NHLBI NIH HHS (HL074399); NHLBI NIH HHS (HL079584); NHLBI NIH HHS (HL080499); NHLBI NIH HHS (HL089920),2026-04-29T05:51:56Z
doi:10.1074/jbc.m109.012583,10.1074/jbc.m109.012583,194035250,19403525,"Journal Article; Research Support, N.I.H., Extramural; Research Support, Non-U.S. Gov't; Retracted Publication",NHLBI NIH HHS (HL074399); NHLBI NIH HHS (R01 HL089920); NHLBI NIH HHS (HL080499); NHLBI NIH HHS (HL079584); NHLBI NIH HHS (R01 HL079584); NHLBI NIH HHS (R01 HL080499); NHLBI NIH HHS (R01 HL096032); NHLBI NIH HHS (HL096032); NHLBI NIH HHS (R01 HL074399); NHLBI NIH HHS (HL089920),2026-04-29T05:51:56Z
doi:10.1039/c7fo02038d,10.1039/c7fo02038d,294936700,29493670,Journal Article; Retracted Publication,NIEHS NIH HHS (R15 ES022828),2026-04-29T05:51:56Z
doi:10.1002/hep.28893,10.1002/hep.28893,277746300,27774630,"Journal Article; Research Support, N.I.H., Extramural",NIGMS NIH HHS (P50 GM053789); NIGMS NIH HHS (R01 GM102146); NHLBI NIH HHS (R01 HL079669),2026-04-29T05:51:56Z
doi:10.1074/jbc.m404421200,10.1074/jbc.m404421200,152658710,15265871,"Journal Article; Research Support, Non-U.S. Gov't; Research Support, U.S. Gov't, P.H.S.; Retracted Publication",,2026-04-29T05:51:56Z
doi:10.1038/s41419-018-0536-7,10.1038/s41419-018-0536-7,297250060,29725006,Journal Article; Retracted Publication,,2026-04-29T05:51:56Z
doi:10.1038/pr.2013.58,10.1038/pr.2013.58,235631920,23563192,"Journal Article; Research Support, Non-U.S. Gov't; Retracted Publication",,2026-04-29T05:51:56Z
doi:10.1111/bph.14571,10.1111/bph.14571,306445340,30644534,Journal Article; Retracted Publication,Southern Medical University (B1040903); National Natural Science Foundation of China (81773556); Science and Technology Department of Guangdong Province of China (2014A020210014); Science and Technology Department of Guangdong Province of China (2015A020211010),2026-04-29T05:51:56Z
doi:10.1016/j.jss.2019.05.002,10.1016/j.jss.2019.05.002,311530140,31153014,Journal Article; Retracted Publication,,2026-04-29T05:51:56Z
doi:10.1097/01.aog.0000263914.70071.60,10.1097/01.aog.0000263914.70071.60,176019240,17601924,Journal Article,,2026-04-29T05:51:56Z
doi:10.1097/01.aog.0000461764.54910.a8,10.1097/01.aog.0000461764.54910.a8,257302540,25730254,Journal Article,,2026-04-29T05:51:56Z
doi:10.1194/jlr.m011155,10.1194/jlr.m011155,214474840,21447484,"Journal Article; Research Support, N.I.H., Extramural; Research Support, Non-U.S. Gov't; Research Support, U.S. Gov't, Non-P.H.S.; Retracted Publication",NHLBI NIH HHS (P01 HL028481); NHLBI NIH HHS (HL-028481),2026-04-29T05:51:56Z
doi:10.1371/journal.pone.0051309,10.1371/journal.pone.0051309,234089290,23408929,"Journal Article; Research Support, N.I.H., Extramural; Retracted Publication",PHS HHS (21766); NIAID NIH HHS (AI069285); NCI NIH HHS (CA23099); NCI NIH HHS (R01 CA133322); NCI NIH HHS (P01 CA023099); NIAID NIH HHS (R56 AI069285); NIAID NIH HHS (R01 AI069285); NCI NIH HHS (CA133322),2026-04-29T05:51:56Z
doi:10.30802/aalas-jaalas-18-000079,10.30802/aalas-jaalas-18-000079,309713270,30971327,Journal Article; Retracted Publication,,2026-04-29T05:51:56Z
doi:10.1007/978-3-319-92564-6_8,10.1007/978-3-319-92564-6_8,,41788969,Journal Article,,2026-04-29T05:51:56Z
doi:10.1186/s40478-019-0709-3,10.1186/s40478-019-0709-3,310233790,31023379,Journal Article; Retracted Publication,Lundbeckfonden (R118-A11472); Lundbeckfonden (R260-2017-1247); Lundbeckfonden (R296-2018-2502); Scleroseforeningen (R458-A31829-B15690); Scleroseforeningen (R487-A33600-B15690); South Denmark Region (14/24200); Jascha Fonden (5589); Direktør Ejnar Jonasson Kaldet Johnsen og Hustrus Mindelegat (5609); Odense Universitetshospital (29A-1501); Sanofi (REG-NOBA-COMPL-SD-017); FIKP 2 theme (20765/3/2018/FEKUTSTRAT); Villum Fonden (Young Investigator grant nr. 13154); H2020 European Research Council (777111 (REPOTRIAL).),2026-04-29T05:51:56Z
doi:10.1016/j.wneu.2019.01.300,10.1016/j.wneu.2019.01.300,308445280,30844528,Retraction Notice; Journal Article; Retracted Publication,,2026-04-29T05:51:56Z
doi:10.2174/1871524919666190115130655,10.2174/1871524919666190115130655,306443500,30644350,Journal Article; Retraction Notice,,2026-04-29T05:51:56Z
doi:10.1097/pcc.0000000000001588,10.1097/pcc.0000000000001588,300808060,30080806,Journal Article; Retracted Publication,,2026-04-29T05:51:56Z
doi:10.1016/j.pmrj.2018.07.005,10.1016/j.pmrj.2018.07.005,300319620,30031962,Journal Article; Retracted Publication,NICHD NIH HHS (R03 HD088668); NICHD NIH HHS (T32 HD007490); NIH HHS (5T32HD007490-17),2026-04-29T05:51:56Z
doi:10.1074/jbc.m310051200,10.1074/jbc.m310051200,146309210,14630921,"Journal Article; Research Support, U.S. Gov't, Non-P.H.S.; Research Support, U.S. Gov't, P.H.S.; Retracted Publication",NHLBI NIH HHS (HL28481),2026-04-29T05:51:56Z
doi:10.1074/jbc.m108128200,10.1074/jbc.m108128200,117967090,11796709,"Journal Article; Research Support, U.S. Gov't, Non-P.H.S.; Research Support, U.S. Gov't, P.H.S.; Retracted Publication",NHLBI NIH HHS (HL28481),2026-04-29T05:51:56Z
doi:10.1016/j.jacc.2019.07.041,10.1016/j.jacc.2019.07.041,314046080,31404608,Retraction Notice; Journal Article; Retracted Publication,,2026-04-29T05:51:56Z
doi:10.1038/cddis.2016.268,10.1038/cddis.2016.268,277359500,27735950,Journal Article; Retracted Publication,European Research Council (636855); Medical Research Council (MC_PC_13052),2026-04-29T05:51:56Z
doi:10.1016/j.jtcvs.2019.02.047,10.1016/j.jtcvs.2019.02.047,309282200,30928220,Retraction Notice; Journal Article; Retracted Publication,,2026-04-29T05:51:56Z
doi:10.1016/j.wneu.2019.01.301,10.1016/j.wneu.2019.01.301,308770050,30877005,Retraction Notice; Journal Article; Retracted Publication,,2026-04-29T05:51:56Z
doi:10.1074/jbc.m109.049395,10.1074/jbc.m109.049395,197838580,19783858,"Journal Article; Research Support, N.I.H., Extramural; Research Support, Non-U.S. Gov't; Research Support, U.S. Gov't, Non-P.H.S.; Retracted Publication",NHLBI NIH HHS (P01 HL028481); NHLBI NIH HHS (HL24841),2026-04-29T05:51:56Z
doi:10.1155/2016/9282087,10.1155/2016/9282087,270514130,27051413,Journal Article; Retracted Publication,NIMHD NIH HHS (G12 MD007600); NIGMS NIH HHS (R25 GM061838); NHLBI NIH HHS (SC1 HL118669),2026-04-29T05:51:56Z
doi:10.7759/cureus.4639,10.7759/cureus.4639,313125650,31312565,Journal Article; Retracted Publication,,2026-04-29T05:51:56Z
doi:10.1159/000085681,10.1159/000085681,158864870,15886487,Journal Article; Retracted Publication,,2026-04-29T05:51:56Z
doi:10.1016/j.cub.2015.09.056,10.1016/j.cub.2015.09.056,265492590,26549259,"Journal Article; Research Support, Non-U.S. Gov't; Retracted Publication",,2026-04-29T05:51:56Z
doi:10.7759/cureus.4671,10.7759/cureus.4671,313280630,31328063,Case Reports; Journal Article; Retracted Publication,,2026-04-29T05:51:56Z
doi:10.1002/anie.201704704,10.1002/anie.201704704,287875520,28787552,"Journal Article; Research Support, Non-U.S. Gov't; Research Support, U.S. Gov't, Non-P.H.S.; Retracted Publication",,2026-04-29T05:51:56Z
doi:10.1371/journal.pone.0102195,10.1371/journal.pone.0102195,250292710,25029271,"Journal Article; Research Support, N.I.H., Extramural; Research Support, Non-U.S. Gov't; Retracted Publication",NHLBI NIH HHS (P01 HL014985); NHLBI NIH HHS (R01 HL114887); NHLBI NIH HHS (HL-14985-36); NHLBI NIH HHS (HL K25-097246),2026-04-29T05:51:56Z
doi:10.1002/sim.8145,10.1002/sim.8145,309002820,30900282,Journal Article,,2026-04-29T05:51:56Z
doi:10.1371/journal.pone.0102832,10.1371/journal.pone.0102832,250795980,25079598,"Journal Article; Research Support, Non-U.S. Gov't; Retracted Publication",,2026-04-29T05:51:56Z
doi:10.1093/jisesa/iey013,10.1093/jisesa/iey013,297184820,29718482,Comparative Study; Journal Article; Retracted Publication,,2026-04-29T05:51:56Z
doi:10.1107/s2052252519005761,10.1107/s2052252519005761,313168060,31316806,Journal Article; Retracted Publication,,2026-04-29T05:51:56Z
doi:10.1021/ol902949d,10.1021/ol902949d,201048980,20104898,Journal Article; Retracted Publication,,2026-04-29T05:51:56Z
doi:10.1107/s2059798317015303,10.1107/s2059798317015303,291999760,29199976,Journal Article; Retracted Publication,NCI NIH HHS (CA92584); NIAID NIH HHS (R21 AI109219); NIAID NIH HHS (R21 AI115696); NIAID NIH HHS (T32 AI007405); NIH HHS (AI109219); NIH HHS (T32 5T32AI074491-07); NCI NIH HHS (P01 CA092584); NIH HHS (T32 AI 7405-27); NIH HHS (AI22295); NIEHS NIH HHS (R21 ES025885); NIH HHS (AI115696); NIAID NIH HHS (T32 AI074491); NIEHS NIH HHS (R01 ES025797); NIAID NIH HHS (P01 AI022295),2026-04-29T05:51:56Z
doi:10.1182/blood-2010-08-301945,10.1182/blood-2010-08-301945,211936970,21193697,"Journal Article; Research Support, N.I.H., Extramural; Research Support, Non-U.S. Gov't; Retracted Publication",NCI NIH HHS (R01 CA153248); NCI NIH HHS (P01 CA034233); NIAID NIH HHS (AI56363); NIAID NIH HHS (AI057157); NIAID NIH HHS (U19 AI056363); NCI NIH HHS (CA33399); NCI NIH HHS (R37 CA033399); NIAID NIH HHS (U54 AI057157); Howard Hughes Medical Institute (No ID); NCI NIH HHS (CA34233),2026-04-29T05:51:56Z
doi:10.1371/journal.pone.0160224,10.1371/journal.pone.0160224,274906850,27490685,Journal Article; Retracted Publication,NIA NIH HHS (P30 AG028718); NCRR NIH HHS (UL1 RR029884),2026-04-29T05:51:56Z
doi:10.1371/journal.pone.0207258,10.1371/journal.pone.0207258,306156260,30615626,Journal Article; Retracted Publication,,2026-04-29T05:51:56Z
doi:10.3928/0147-7447-19870301-06,10.3928/0147-7447-19870301-06,35541860,3554186,Journal Article; Retracted Publication,,2026-04-29T05:51:56Z
doi:10.1074/jbc.m803020200,10.1074/jbc.m803020200,184745920,18474592,"Journal Article; Research Support, N.I.H., Extramural; Research Support, Non-U.S. Gov't; Retracted Publication",NHLBI NIH HHS (HL 089220); NHLBI NIH HHS (R01 HL074399); NHLBI NIH HHS (HL 07439); NHLBI NIH HHS (R01 HL079584); NHLBI NIH HHS (R01 HL096032); NHLBI NIH HHS (HL 080499); NHLBI NIH HHS (R01 HL110488); NHLBI NIH HHS (R01 HL105157); NHLBI NIH HHS (R01 HL080499); NHLBI NIH HHS (HL 079584),2026-04-29T05:51:56Z
doi:10.1074/jbc.m608310200,10.1074/jbc.m608310200,172551040,17255104,"Journal Article; Research Support, N.I.H., Extramural; Research Support, Non-U.S. Gov't; Retracted Publication",NHLBI NIH HHS (HL074399); NHLBI NIH HHS (HL079584); NHLBI NIH HHS (HL080499),2026-04-29T05:51:56Z
doi:10.1016/s0925-4773(02)00306-4,10.1016/s0925-4773(02)00306-4,126178530,12617853,"Journal Article; Research Support, U.S. Gov't, Non-P.H.S.; Research Support, U.S. Gov't, P.H.S.; Retracted Publication",NICHD NIH HHS (HD 36345),2026-04-29T05:51:56Z
doi:10.1016/s0925-4773(02)00305-2,10.1016/s0925-4773(02)00305-2,126178540,12617854,"Journal Article; Research Support, U.S. Gov't, P.H.S.; Retracted Publication",NIDDK NIH HHS (KO8-DK02421); NIDDK NIH HHS (R01 DK59333),2026-04-29T05:51:56Z
doi:10.1074/jbc.m203957200,10.1074/jbc.m203957200,121965130,12196513,"Journal Article; Research Support, U.S. Gov't, P.H.S.; Retracted Publication",NIDDK NIH HHS (DK28492); NIDDK NIH HHS (DK60635); NHLBI NIH HHS (HL063407),2026-04-29T05:51:56Z
doi:10.1074/jbc.m204665200,10.1074/jbc.m204665200,121719970,12171997,"Journal Article; Research Support, U.S. Gov't, P.H.S.; Retracted Publication",NIDDK NIH HHS (DK-28492); NIDDK NIH HHS (DK-60635),2026-04-29T05:51:56Z
doi:10.1074/jbc.m115.669952,10.1074/jbc.m115.669952,267928590,26792859,"Journal Article; Research Support, N.I.H., Extramural; Research Support, Non-U.S. Gov't; Retracted Publication",NIDDK NIH HHS (R01 DK060635); NIDDK NIH HHS (DK60635),2026-04-29T05:51:56Z
doi:10.1074/jbc.m111.241778,10.1074/jbc.m111.241778,217956900,21795690,"Journal Article; Research Support, N.I.H., Extramural; Retracted Publication",NIDDK NIH HHS (R01 DK060635); NIDDK NIH HHS (DK60635),2026-04-29T05:51:56Z
doi:10.1016/s0925-4773(02)00349-0,10.1016/s0925-4773(02)00349-0,126178330,12617833,"Journal Article; Research Support, Non-U.S. Gov't; Research Support, U.S. Gov't, P.H.S.; Retracted Publication",NICHD NIH HHS (HD36847); NICHD NIH HHS (HD42706),2026-04-29T05:51:56Z
doi:10.1016/s1567-133x(02)00053-4,10.1016/s1567-133x(02)00053-4,126178240,12617824,"Journal Article; Research Support, U.S. Gov't, P.H.S.; Retracted Publication",NHLBI NIH HHS (HL 62397),2026-04-29T05:51:56Z
doi:10.1016/s0925-4773(02)00389-1,10.1016/s0925-4773(02)00389-1,126178230,12617823,"Journal Article; Research Support, Non-U.S. Gov't; Research Support, U.S. Gov't, P.H.S.; Retracted Publication",,2026-04-29T05:51:56Z
doi:10.1016/s1567-133x(02)00054-6,10.1016/s1567-133x(02)00054-6,126178120,12617812,"Journal Article; Research Support, Non-U.S. Gov't; Research Support, U.S. Gov't, P.H.S.; Retracted Publication",NIAID NIH HHS (AI32494); NIDDK NIH HHS (DK32520),2026-04-29T05:51:56Z
doi:10.1016/s0925-4773(02)00395-7,10.1016/s0925-4773(02)00395-7,126178080,12617808,"Journal Article; Research Support, Non-U.S. Gov't; Research Support, U.S. Gov't, P.H.S.; Retracted Publication",,2026-04-29T05:51:56Z
doi:10.1016/s1567-133x(02)00055-8,10.1016/s1567-133x(02)00055-8,126178070,12617807,"Journal Article; Research Support, Non-U.S. Gov't; Research Support, U.S. Gov't, P.H.S.; Retracted Publication",NIGMS NIH HHS (F32 GM019977); NIGMS NIH HHS (GM07616); NICHD NIH HHS (HD27211),2026-04-29T05:51:56Z
doi:10.1016/s1567-133x(02)00058-3,10.1016/s1567-133x(02)00058-3,126178050,12617805,Journal Article; Retracted Publication,,2026-04-29T05:51:56Z
doi:10.1016/s1567-133x(02)00061-3,10.1016/s1567-133x(02)00061-3,126178020,12617802,"Journal Article; Research Support, Non-U.S. Gov't; Research Support, U.S. Gov't, P.H.S.; Retracted Publication",NICHD NIH HHS (HD39156),2026-04-29T05:51:56Z
doi:10.1016/s0925-4773(03)00113-8,10.1016/s0925-4773(03)00113-8,126177990,14516682,"Journal Article; Research Support, Non-U.S. Gov't",NICHD NIH HHS (R37 HD021502),2026-04-29T05:51:56Z
doi:10.1016/s0925-4773(02)00347-7,10.1016/s0925-4773(02)00347-7,126178300,12617830,"Journal Article; Research Support, Non-U.S. Gov't; Research Support, U.S. Gov't, P.H.S.; Retracted Publication",NICHD NIH HHS (HD40343); NINDS NIH HHS (NS35714); NCRR NIH HHS (P20-RR15583),2026-04-29T05:51:56Z
doi:10.4300/jgme-d-17-00910.1,10.4300/jgme-d-17-00910.1,299463960,29946396,Journal Article; Retracted Publication,,2026-04-29T05:51:56Z
doi:10.1016/j.cub.2006.10.056,10.1016/j.cub.2006.10.056,171749230,17174923,"Journal Article; Research Support, N.I.H., Extramural; Research Support, Non-U.S. Gov't; Retracted Publication",NIAMS NIH HHS (T32 AR007098); NCI NIH HHS (CA097216); NCI NIH HHS (R01 CA097216); NCI NIH HHS (CA127247); NCI NIH HHS (P01 CA080058); NIAMS NIH HHS (TG-AR007098-31); NCI NIH HHS (R01 CA127247); NCI NIH HHS (CA80058),2026-04-29T05:51:56Z
doi:10.1007/s10653-015-9784-y,10.1007/s10653-015-9784-y,266617450,26661745,Journal Article; Retracted Publication,,2026-04-29T05:51:56Z
doi:10.1093/bioinformatics/btu701,10.1093/bioinformatics/btu701,310510400,31051040,Journal Article,,2026-04-29T05:51:56Z
doi:10.1074/jbc.m306360200,10.1074/jbc.m306360200,129444130,12944413,"Journal Article; Research Support, Non-U.S. Gov't; Retracted Publication",NICHD NIH HHS (R03 HD053477),2026-04-29T05:51:56Z
doi:10.1074/jbc.m116.713693,10.1074/jbc.m116.713693,269213190,26921319,"Clinical Trial; Journal Article; Research Support, N.I.H., Extramural; Research Support, Non-U.S. Gov't; Retracted Publication",NHLBI NIH HHS (R01 HL091196); NICHD NIH HHS (R03 HD053477); NICHD NIH HHS (R03 HD058697),2026-04-29T05:51:56Z
doi:10.1074/jbc.m706367200,10.1074/jbc.m706367200,182270690,18227069,"Journal Article; Research Support, Non-U.S. Gov't; Research Support, U.S. Gov't, Non-P.H.S.; Retracted Publication",NIGMS NIH HHS (R01 GM083144); NHLBI NIH HHS (R01 HL091196),2026-04-29T05:51:56Z
doi:10.1177/0024363918788559,10.1177/0024363918788559,324314600,32431460,Journal Article; Retracted Publication,,2026-04-29T05:51:56Z
doi:10.1186/s13287-018-0952-8,10.1186/s13287-018-0952-8,301393770,30139377,"Journal Article; Research Support, Non-U.S. Gov't; Retracted Publication",,2026-04-29T05:51:56Z
doi:10.1155/2017/5179265,10.1155/2017/5179265,294303120,29430312,Case Reports; Journal Article; Retracted Publication,,2026-04-29T05:51:56Z
doi:10.1177/0956797618761374,10.1177/0956797618761374,297577010,29757701,Journal Article; Retracted Publication,,2026-04-29T05:51:56Z
doi:10.1074/mcp.ra118.000792,10.1074/mcp.ra118.000792,300725780,30072578,"Journal Article; Research Support, Non-U.S. Gov't; Retracted Publication",Cancer Research UK (15951); Medical Research Council (MR/P024351/1),2026-04-29T05:51:56Z
doi:10.1172/jci61226,10.1172/jci61226,223269550,22326955,"Journal Article; Research Support, N.I.H., Extramural; Research Support, Non-U.S. Gov't; Retracted Publication",NCI NIH HHS (R01 CA153248); Howard Hughes Medical Institute (No ID); NCI NIH HHS (R01 CA153248-01),2026-04-29T05:51:56Z
doi:10.1172/jci73014,10.1172/jci73014,248374340,24837434,"Journal Article; Research Support, N.I.H., Extramural; Research Support, Non-U.S. Gov't; Retracted Publication",NCI NIH HHS (R01 CA153248); NIAID NIH HHS (T32 AI007290); NCI NIH HHS (F30 CA168059); Howard Hughes Medical Institute (No ID); NCI NIH HHS (R01 CA153248-01),2026-04-29T05:51:56Z
doi:10.1042/bj20131441,10.1042/bj20131441,244988740,24498874,"Journal Article; Research Support, U.S. Gov't, Non-P.H.S.; Retracted Publication",,2026-04-29T05:51:56Z
doi:10.3889/oamjms.2017.010,10.3889/oamjms.2017.010,282933200,28293320,Journal Article; Retracted Publication,,2026-04-29T05:51:56Z
doi:10.1158/1535-7163.mct-14-0220,10.1158/1535-7163.mct-14-0220,252399350,25239935,"Journal Article; Research Support, N.I.H., Extramural; Research Support, Non-U.S. Gov't; Retracted Publication",NCI NIH HHS (P50CA142509); NCI NIH HHS (CA63753); NCI NIH HHS (R01 CA100866); NCI NIH HHS (R01 CA063753); NCI NIH HHS (R01 CA093738); NCI NIH HHS (CA100866); NCI NIH HHS (P50 CA130805); NCI NIH HHS (CA93738); NCI NIH HHS (1P50 CA130805); NCI NIH HHS (P50 CA142509),2026-04-29T05:51:56Z
doi:10.1158/1535-7163.mct-12-0021,10.1158/1535-7163.mct-12-0021,224118990,22411899,"Journal Article; Research Support, N.I.H., Extramural; Research Support, Non-U.S. Gov't; Retracted Publication",NCI NIH HHS (P50CA142509); NCI NIH HHS (CA63753); NCI NIH HHS (R01 CA100866); NCI NIH HHS (R01 CA063753); NCI NIH HHS (R01 CA093738); NCI NIH HHS (CA100866); NCI NIH HHS (P50 CA130805); NCI NIH HHS (R01 CA141703); NCI NIH HHS (CA93738); NIDDK NIH HHS (R01 DK052825); NCI NIH HHS (R01 CA150214); NCI NIH HHS (1P50 CA130805); NCI NIH HHS (P50 CA142509),2026-04-29T05:51:56Z
doi:10.1158/1535-7163.mct-10-1108,10.1158/1535-7163.mct-10-1108,217502240,21750224,"Journal Article; Research Support, N.I.H., Extramural; Research Support, Non-U.S. Gov't; Retracted Publication",NCI NIH HHS (CA63753); NCI NIH HHS (R01 CA100866); NCI NIH HHS (R01 CA063753); NCI NIH HHS (R01 CA093738); NCI NIH HHS (CA100866); NCI NIH HHS (P50 CA130805); NCI NIH HHS (R01 CA141703); NCI NIH HHS (CA93738); NIDDK NIH HHS (R01 DK052825); NCI NIH HHS (R01 CA150214); NCI NIH HHS (1P50 CA130805); NCI NIH HHS (P50 CA142509),2026-04-29T05:51:56Z
doi:10.1186/s41687-019-0094-5,10.1186/s41687-019-0094-5,306806610,30680661,Journal Article; Retracted Publication,,2026-04-29T05:51:56Z
doi:10.1021/jacs.6b08854,10.1021/jacs.6b08854,279340120,27934012,"Journal Article; Research Support, Non-U.S. Gov't; Retracted Publication",,2026-04-29T05:51:56Z
doi:10.1093/brain/awx117,10.1093/brain/awx117,285751530,28575153,Journal Article; Retracted Publication,NINDS NIH HHS (R01 NS039587); NINDS NIH HHS (R01 NS086423),2026-04-29T05:51:56Z
doi:10.1182/blood-2005-06-2302,10.1182/blood-2005-06-2302,161665890,16166589,"Journal Article; Research Support, N.I.H., Extramural; Research Support, Non-U.S. Gov't; Research Support, U.S. Gov't, Non-P.H.S.; Retracted Publication",NCI NIH HHS (CA 100866); NCI NIH HHS (CA 63753); NCI NIH HHS (CA 93738),2026-04-29T05:51:56Z
doi:10.1159/000077346,10.1159/000077346,150316150,15031615,Journal Article; Retracted Publication,,2026-04-29T05:51:56Z
doi:10.1182/blood-2009-12-257261,10.1182/blood-2009-12-257261,202339730,20233973,"Journal Article; Research Support, N.I.H., Extramural; Research Support, Non-U.S. Gov't; Retracted Publication",NCI NIH HHS (1P50 CA130805); NCI NIH HHS (CA63753); NCI NIH HHS (R01 CA100866); NCI NIH HHS (R01 CA063753); NCI NIH HHS (R01 CA093738); NCI NIH HHS (CA100866); NCI NIH HHS (P50 CA130805); NCI NIH HHS (R01 CA141703); NCI NIH HHS (CA93738); NIDDK NIH HHS (R01 DK052825); NCI NIH HHS (R01 CA150214),2026-04-29T05:51:56Z
doi:10.1080/10641955.2018.1538378,10.1080/10641955.2018.1538378,303847820,30384782,Journal Article; Retracted Publication,,2026-04-29T05:51:56Z
doi:10.1074/jbc.m405730200,10.1074/jbc.m405730200,152107030,15210703,"Journal Article; Research Support, U.S. Gov't, P.H.S.; Retracted Publication",,2026-04-29T05:51:56Z
doi:10.1074/jbc.m201147200,10.1074/jbc.m201147200,120820910,12082091,Journal Article; Retracted Publication,,2026-04-29T05:51:56Z
doi:10.1056/nejm197702242960822,10.1056/nejm197702242960822,8505290,834219,Letter,,2026-04-29T05:51:56Z
doi:10.1152/ajpheart.00164.2015,10.1152/ajpheart.00164.2015,260014110,26001411,"Comparative Study; Journal Article; Research Support, Non-U.S. Gov't; Retracted Publication",,2026-04-29T05:51:56Z
doi:10.1002/cncr.24236,10.1002/cncr.24236,194020600,19402060,"Journal Article; Research Support, N.I.H., Extramural; Research Support, Non-U.S. Gov't; Review; Retracted Publication",NCI NIH HHS (P50 CA101942-01),2026-04-29T05:51:56Z
doi:10.1158/1078-0432.ccr-06-0429,10.1158/1078-0432.ccr-06-0429,169512390,16951239,"Journal Article; Research Support, N.I.H., Extramural; Research Support, Non-U.S. Gov't; Retracted Publication",NCI NIH HHS (CA112250); NCI NIH HHS (CA94829),2026-04-29T05:51:56Z
doi:10.1017/thg.2017.63,10.1017/thg.2017.63,291925830,29192583,Journal Article; Retracted Publication,,2026-04-29T05:51:56Z
doi:10.1371/journal.pone.0056367,10.1371/journal.pone.0056367,234371180,23437118,"Journal Article; Research Support, N.I.H., Extramural; Research Support, Non-U.S. Gov't; Retracted Publication",PHS HHS (A1078532),2026-04-29T05:51:56Z
doi:10.1371/journal.pone.0087464,10.1371/journal.pone.0087464,244981110,24498111,"Journal Article; Research Support, N.I.H., Extramural; Research Support, Non-U.S. Gov't; Retracted Publication",NIAID NIH HHS (R56 AI089772); NIAID NIH HHS (1R56AI089772-01A1),2026-04-29T05:51:56Z
doi:10.7759/cureus.3129,10.7759/cureus.3129,303451880,30345188,Journal Article; Review; Retracted Publication,,2026-04-29T05:51:56Z
doi:10.7759/cureus.3288,10.7759/cureus.3288,304434580,30443458,Journal Article; Review; Retracted Publication,,2026-04-29T05:51:56Z
doi:10.7759/cureus.3321,10.7759/cureus.3321,304739540,30473954,Journal Article; Review; Retracted Publication,,2026-04-29T05:51:56Z
doi:10.21037/jss.2018.05.20,10.21037/jss.2018.05.20,300695150,30069515,Journal Article; Retracted Publication,,2026-04-29T05:51:56Z
doi:10.1093/carcin/bgt251,10.1093/carcin/bgt251,238643870,23864387,"Journal Article; Research Support, N.I.H., Extramural; Retracted Publication",NCI NIH HHS (P30 CA016058); NCI NIH HHS (R01 CA112250); NCI NIH HHS (R01CA112250),2026-04-29T05:51:56Z
doi:10.1093/carcin/bgu124,10.1093/carcin/bgu124,248796350,24879635,"Journal Article; Research Support, N.I.H., Extramural; Research Support, Non-U.S. Gov't; Retracted Publication",NCI NIH HHS (R01 CA112250); NCI NIH HHS (R01CA112250),2026-04-29T05:51:56Z
doi:10.3390/ma10050464,10.3390/ma10050464,287728220,28772822,Journal Article; Retracted Publication,,2026-04-29T05:51:56Z
doi:10.1080/08998280.2018.1460127,10.1080/08998280.2018.1460127,309490140,30949014,Journal Article; Retracted Publication,,2026-04-29T05:51:56Z
doi:10.1371/journal.pone.0040148,10.1371/journal.pone.0040148,228599310,22859931,"Journal Article; Research Support, N.I.H., Extramural; Research Support, Non-U.S. Gov't; Retracted Publication",NCI NIH HHS (R01 CA039481); NCI NIH HHS (R01 CA047282); NIDDK NIH HHS (R01 DK068419); NCI NIH HHS (R01 CA39481),2026-04-29T05:51:56Z
doi:10.1177/2047487317723212,10.1177/2047487317723212,287895670,28789567,Journal Article; Retracted Publication,,2026-04-29T05:51:56Z
doi:10.1016/j.drugalcdep.2017.07.026,10.1016/j.drugalcdep.2017.07.026,288509030,28850903,Journal Article; Retracted Publication,,2026-04-29T05:51:56Z
doi:10.3389/fonc.2017.00151,10.3389/fonc.2017.00151,287701680,28770168,Journal Article; Retracted Publication,NHLBI NIH HHS (R01 HL112597); NHLBI NIH HHS (R01 HL116042); NHLBI NIH HHS (R01 HL120659); NHLBI NIH HHS (R01 HL104516); NHLBI NIH HHS (R01 HL128063),2026-04-29T05:51:56Z
doi:10.1371/journal.pone.0124344,10.1371/journal.pone.0124344,258810190,25881019,"Journal Article; Meta-Analysis; Research Support, Non-U.S. Gov't; Systematic Review; Retracted Publication",,2026-04-29T05:51:56Z
doi:10.1371/journal.pone.0031388,10.1371/journal.pone.0031388,223196270,22319627,"Journal Article; Research Support, Non-U.S. Gov't; Retracted Publication",,2026-04-29T05:51:56Z
doi:10.1007/s00432-017-2566-4,10.1007/s00432-017-2566-4,293057070,29305707,Journal Article; Review,,2026-04-29T05:51:56Z
doi:10.1136/neurintsurg-2018-013994,10.1136/neurintsurg-2018-013994,299706180,29970618,Journal Article; Multicenter Study; Retracted Publication,,2026-04-29T05:51:56Z
doi:10.1172/jci92001,10.1172/jci92001,285046450,28504645,Journal Article; Retracted Publication,Medical Research Council (G1000417); Medical Research Council (MC_PC_14110); Medical Research Council (MR/L006758/1),2026-04-29T05:51:56Z
doi:10.1186/s13660-018-1890-9,10.1186/s13660-018-1890-9,308397950,30839795,Journal Article,,2026-04-29T05:51:56Z
doi:10.1371/journal.pone.0167692,10.1371/journal.pone.0167692,279975530,27997553,Historical Article; Journal Article; Retracted Publication,,2026-04-29T05:51:56Z
doi:10.1111/gcb.14505,10.1111/gcb.14505,303757070,30375707,Retraction Notice; Journal Article; Retracted Publication,Grantová Agentura České Republiky (16-18079S),2026-04-29T05:51:56Z
doi:10.7554/elife.18129,10.7554/elife.18129,279219940,27921994,"Journal Article; Research Support, N.I.H., Extramural; Retracted Publication",NIAID NIH HHS (R01 AI055926),2026-04-29T05:51:56Z
doi:10.1002/ijc.25589,10.1002/ijc.25589,207151730,20715173,"Journal Article; Research Support, Non-U.S. Gov't; Retracted Publication",,2026-04-29T05:51:56Z
doi:10.1194/jlr.m055566,10.1194/jlr.m055566,255567640,25556764,"Journal Article; Research Support, N.I.H., Extramural; Retracted Publication",NCI NIH HHS (P30 CA013148); NHLBI NIH HHS (R01 HL074860); NHLBI NIH HHS (HL074860); NCI NIH HHS (P30CA13148-38),2026-04-29T05:51:56Z
doi:10.1172/jci40433,10.1172/jci40433,212855110,21285511,"Journal Article; Research Support, N.I.H., Extramural; Research Support, N.I.H., Intramural; Research Support, Non-U.S. Gov't; Retracted Publication",Intramural NIH HHS (No ID),2026-04-29T05:51:56Z
doi:10.1158/1535-7163.mct-07-0434,10.1158/1535-7163.mct-07-0434,184137930,18413793,"Journal Article; Research Support, Non-U.S. Gov't; Retracted Publication",,2026-04-29T05:51:56Z
doi:10.2133/dmpk.dmpk-13-rg-126,10.2133/dmpk.dmpk-13-rg-126,249198370,24919837,"Clinical Trial, Phase I; Clinical Trial, Phase II; Journal Article; Randomized Controlled Trial; Research Support, Non-U.S. Gov't; Retracted Publication",,2026-04-29T05:51:56Z
doi:10.1002/ca.23029,10.1002/ca.23029,291971210,29197121,Journal Article; Review; Retracted Publication,,2026-04-29T05:51:56Z
doi:10.1089/pop.2018.0024,10.1089/pop.2018.0024,305621430,30562143,Journal Article; Retracted Publication,,2026-04-29T05:51:56Z
doi:10.1001/jama.2018.12615,10.1001/jama.2018.12615,304222990,30422299,"Journal Article; Research Support, N.I.H., Extramural; Research Support, Non-U.S. Gov't",NHLBI NIH HHS (R01 HL085631); NHLBI NIH HHS (R01 HL085631),2026-04-29T05:51:56Z
doi:10.1371/journal.pone.0010105,10.1371/journal.pone.0010105,204191280,20419128,"Journal Article; Research Support, N.I.H., Extramural; Research Support, Non-U.S. Gov't; Retracted Publication",NCI NIH HHS (R01 CA138345),2026-04-29T05:51:56Z
doi:10.1177/1071100718766658,10.1177/1071100718766658,296198440,29619844,Journal Article; Retracted Publication,,2026-04-29T05:51:56Z
doi:10.1002/cncr.31393,10.1002/cncr.31393,296691620,29669162,Journal Article; Retracted Publication,NICHD NIH HHS (K12 HD052023); NCATS NIH HHS (UL1 TR001439),2026-04-29T05:51:56Z
doi:10.1001/jamapediatrics.2018.1012,10.1001/jamapediatrics.2018.1012,299466800,29946680,Letter,,2026-04-29T05:51:56Z
doi:10.1038/s41467-018-06201-5,10.1038/s41467-018-06201-5,302542270,30254227,"Journal Article; Research Support, Non-U.S. Gov't; Retracted Publication",Universidade de Macau (University of Macau) (MYRG2016-00199-FHS); Universidade de Macau (University of Macau) (MYRG2016-00073-FHS); Fundo para o Desenvolvimento das Ciências e da Tecnologia (Science and Technology Development Fund) (FDCT/066/2015/A2); Fundo para o Desenvolvimento das Ciências e da Tecnologia (Science and Technology Development Fund) (FDCT/0058/2018/A2),2026-04-29T05:51:56Z
doi:10.1016/s0140-6736(11)61590-0,10.1016/s0140-6736(11)61590-0,220888000,22088800,"Clinical Trial, Phase I; Journal Article; Randomized Controlled Trial; Research Support, N.I.H., Extramural; Research Support, Non-U.S. Gov't; Retracted Publication",NHLBI NIH HHS (P01 HL078825); NHLBI NIH HHS (R01 HL039902); NHLBI NIH HHS (R37 HL081737); NHLBI NIH HHS (R37HL081737),2026-04-29T05:51:56Z
doi:10.1016/s1097-2765(03)00276-4,10.1016/s1097-2765(03)00276-4,145360820,14536082,"Journal Article; Research Support, Non-U.S. Gov't; Research Support, U.S. Gov't, P.H.S.",NIMH NIH HHS (F31MH65097); NICHD NIH HHS (HD40301),2026-04-29T05:51:56Z
doi:10.1093/eurheartj/eht397,10.1093/eurheartj/eht397,240464310,24046431,Journal Article,,2026-04-29T05:51:56Z
doi:10.1016/j.socscimed.2013.06.005,10.1016/j.socscimed.2013.06.005,238300120,23830012,Journal Article,NIDA NIH HHS (K01 DA032558); NIMHD NIH HHS (RC2 MD004768),2026-04-29T05:51:56Z
doi:10.1158/0008-5472.can-03-2654,10.1158/0008-5472.can-03-2654,150599060,15059906,"Journal Article; Research Support, U.S. Gov't, P.H.S.; Retracted Publication",NCI NIH HHS (CA 38173); NCI NIH HHS (CA 50457); NCI NIH HHS (CA 72001),2026-04-29T05:51:56Z
doi:10.3390/biom8040099,10.3390/biom8040099,302575230,30257523,"Journal Article; Research Support, Non-U.S. Gov't; Retracted Publication",,2026-04-29T05:51:56Z
doi:10.1124/mol.105.016154,10.1124/mol.105.016154,162199080,16219908,"Journal Article; Research Support, N.I.H., Extramural; Research Support, Non-U.S. Gov't; Research Support, U.S. Gov't, Non-P.H.S.; Retracted Publication",NCI NIH HHS (CA100866); NCI NIH HHS (CA63753); NCI NIH HHS (CA93738),2026-04-29T05:51:56Z
doi:10.1124/mol.105.017145,10.1124/mol.105.017145,161892960,16189296,"Journal Article; Research Support, N.I.H., Extramural; Research Support, Non-U.S. Gov't; Research Support, U.S. Gov't, Non-P.H.S.; Retracted Publication",NCI NIH HHS (CA100866); NCI NIH HHS (CA61774); NCI NIH HHS (CA63753); NCI NIH HHS (CA93738),2026-04-29T05:51:56Z
doi:10.3177/jnsv.53.191,10.3177/jnsv.53.191,178748220,17874822,Journal Article; Retracted Publication,,2026-04-29T05:51:56Z
doi:10.3177/jnsv.52.307,10.3177/jnsv.52.307,171901000,17190100,Journal Article; Retracted Publication,,2026-04-29T05:51:56Z
doi:10.3177/jnsv.52.1,10.3177/jnsv.52.1,166372240,16637224,Journal Article,,2026-04-29T05:51:56Z
doi:10.3177/jnsv.52.393,10.3177/jnsv.52.393,173305010,17330501,Comparative Study; Journal Article; Retracted Publication,,2026-04-29T05:51:56Z
doi:10.3177/jnsv.51.211,10.3177/jnsv.51.211,162619910,16261991,Comparative Study; Journal Article; Retracted Publication,,2026-04-29T05:51:56Z
doi:10.1242/jcs.02697,10.1242/jcs.02697,163716500,16371650,"Journal Article; Research Support, N.I.H., Extramural; Retracted Publication",NCI NIH HHS (R01 CA107193),2026-04-29T05:51:56Z
doi:10.1371/journal.pone.0019605,10.1371/journal.pone.0019605,215731840,21573184,"Journal Article; Research Support, N.I.H., Extramural; Research Support, Non-U.S. Gov't; Retracted Publication",NCI NIH HHS (R01 CA106439); NCI NIH HHS (R01 CA128865); NCI NIH HHS (CA106439); NCI NIH HHS (CA128865),2026-04-29T05:51:56Z
doi:10.1038/s41586-018-0499-y,10.1038/s41586-018-0499-y,301859050,30185905,"Journal Article; Research Support, N.I.H., Extramural; Retracted Publication",NHLBI NIH HHS (T32 HL092332); NIAID NIH HHS (R01 AI067946); NCI NIH HHS (R35 CA197743); NIAID NIH HHS (R37 AI067946); NCI NIH HHS (P30 CA125123); NIH HHS (S10 OD020151); NCI NIH HHS (P50 CA165962); NCI NIH HHS (P01 CA080124); NIDDK NIH HHS (P30 DK056338),2026-04-29T05:51:56Z
doi:10.1017/s0033291718002921,10.1017/s0033291718002921,303115990,30311599,Journal Article; Retracted Publication,,2026-04-29T05:51:56Z
doi:10.1148/85.3.474,10.1148/85.3.474,58284480,5828448,Journal Article,,2026-04-29T05:51:56Z
doi:10.1021/acs.jmedchem.6b01469,10.1021/acs.jmedchem.6b01469,283880500,28388050,Journal Article; Retracted Publication,,2026-04-29T05:51:56Z
doi:10.1002/smll.201704464,10.1002/smll.201704464,294848100,29484810,"Journal Article; Research Support, Non-U.S. Gov't; Retracted Publication",,2026-04-29T05:51:56Z
doi:10.1038/s41467-017-00254-8,10.1038/s41467-017-00254-8,287944700,28794470,"Journal Article; Research Support, N.I.H., Extramural; Research Support, Non-U.S. Gov't; Retracted Publication",NCATS NIH HHS (UL1 TR000124),2026-04-29T05:51:56Z
doi:10.1371/journal.pone.0004730,10.1371/journal.pone.0004730,192707310,19270731,"Journal Article; Research Support, N.I.H., Extramural; Research Support, U.S. Gov't, Non-P.H.S.; Retracted Publication",NIGMS NIH HHS (R01 GM083144); NHLBI NIH HHS (R01 HL091196); NICHD NIH HHS (R03 HD053477); NICHD NIH HHS (HD053477),2026-04-29T05:51:56Z
doi:10.7326/0003-4819-145-5-200609050-00003,10.7326/0003-4819-145-5-200609050-00003,169543550,16954355,Patient Education Handout; Journal Article; Retracted Publication,,2026-04-29T05:51:56Z
doi:10.1074/jbc.m006045200,10.1074/jbc.m006045200,109649250,10964925,"Journal Article; Research Support, Non-U.S. Gov't; Retracted Publication",,2026-04-29T05:51:56Z
doi:10.3928/01913913-20180806-01,10.3928/01913913-20180806-01,301802420,30180242,Case Reports; Journal Article; Retracted Publication,,2026-04-29T05:51:56Z
doi:10.1371/journal.pone.0018076,10.1371/journal.pone.0018076,214649490,21464949,"Journal Article; Research Support, N.I.H., Extramural; Research Support, Non-U.S. Gov't; Retracted Publication",Medical Research Council (G0700288); NEI NIH HHS (R01 EY012601); NEI NIH HHS (R01 EY007739); NHLBI NIH HHS (U01 HL087366); NEI NIH HHS (R01 EY012021); NEI NIH HHS (EY012601); Medical Research Council (G0601295); NEI NIH HHS (P30 EY021721); NEI NIH HHS (R01 EY018358); NEI NIH HHS (EY017164); NEI NIH HHS (R01 EY017164); British Heart Foundation (RG/09/001/25940); NEI NIH HHS (EY007739); Wellcome Trust (No ID); NEI NIH HHS (EY018358); NEI NIH HHS (EY012021); NIDDK NIH HHS (R01 DK090730),2026-04-29T05:51:56Z
doi:10.4103/0019-5545.105526,10.4103/0019-5545.105526,238582530,23858253,Journal Article; Retracted Publication,,2026-04-29T05:51:56Z
doi:10.1093/molbev/msy210,10.1093/molbev/msy210,304280720,30428072,"Journal Article; Research Support, N.I.H., Extramural; Research Support, Non-U.S. Gov't; Research Support, U.S. Gov't, Non-P.H.S.",National Science Foundation (DBI-0939454); NIGMS NIH HHS (DP1 GM106408); NIGMS NIH HHS (K99 GM087550); NIGMS NIH HHS (R01 GM088344); NIGMS NIH HHS (R35 GM122480),2026-04-29T05:51:56Z
doi:10.1124/mol.118.113407,10.1124/mol.118.113407,305042410,30504241,Journal Article; Retracted Publication,,2026-04-29T05:51:56Z
doi:10.1597/16-006,10.1597/16-006,276186130,27618613,Journal Article; Retracted Publication,,2026-04-29T05:51:56Z
doi:10.1016/j.pbb.2018.05.015,10.1016/j.pbb.2018.05.015,298070650,29807065,Journal Article; Retracted Publication,,2026-04-29T05:51:56Z
doi:10.1074/jbc.m112.345058,10.1074/jbc.m112.345058,224516490,22451649,"Journal Article; Research Support, N.I.H., Extramural; Retracted Publication",NICHD NIH HHS (HD058697); NICHD NIH HHS (R03 HD053477); NICHD NIH HHS (HD053477); NHLBI NIH HHS (R01 HL091196); NICHD NIH HHS (R03 HD058697); NHLBI NIH HHS (HL091196-01A2W1); NHLBI NIH HHS (HL091196),2026-04-29T05:51:56Z
doi:10.1074/jbc.m113.536805,10.1074/jbc.m113.536805,243687680,24368768,"Journal Article; Research Support, N.I.H., Extramural; Research Support, Non-U.S. Gov't; Retracted Publication",NHLBI NIH HHS (R01 HL093196); NHLBI NIH HHS (HL093196),2026-04-29T05:51:56Z
doi:10.1016/j.ijom.2016.11.015,10.1016/j.ijom.2016.11.015,279934470,27993447,Journal Article; Retracted Publication,,2026-04-29T05:51:56Z
doi:10.1371/journal.pone.0021539,10.1371/journal.pone.0021539,217386960,21738696,"Journal Article; Research Support, U.S. Gov't, Non-P.H.S.; Retracted Publication",,2026-04-29T05:51:56Z
doi:10.1371/journal.pone.0023000,10.1371/journal.pone.0023000,218295750,21829575,"Journal Article; Research Support, U.S. Gov't, Non-P.H.S.; Retracted Publication",,2026-04-29T05:51:56Z
doi:10.1371/journal.pone.0025224,10.1371/journal.pone.0025224,220223840,22022384,"Journal Article; Research Support, N.I.H., Extramural; Research Support, U.S. Gov't, Non-P.H.S.; Retracted Publication",NCCIH NIH HHS (R01 AT002536); NCCIH NIH HHS (5R01 AT002536),2026-04-29T05:51:56Z
doi:10.1371/journal.pone.0031093,10.1371/journal.pone.0031093,222990510,22299051,"Journal Article; Research Support, U.S. Gov't, Non-P.H.S.; Retracted Publication",,2026-04-29T05:51:56Z
doi:10.1165/rcmb.2012-0088oc,10.1165/rcmb.2012-0088oc,228656230,22865623,"Journal Article; Research Support, Non-U.S. Gov't; Retracted Publication",Howard Hughes Medical Institute (No ID),2026-04-29T05:51:56Z
doi:10.1177/0018578718758970,10.1177/0018578718758970,343932630,34393263,Journal Article; Retracted Publication,,2026-04-29T05:51:56Z
doi:10.1074/jbc.m303248200,10.1074/jbc.m303248200,129096380,12909638,"Journal Article; Research Support, U.S. Gov't, P.H.S.; Retracted Publication",NIDDK NIH HHS (DK61566),2026-04-29T05:51:56Z
doi:10.1074/jbc.m115.694059,10.1074/jbc.m115.694059,266988810,26698881,"Journal Article; Research Support, N.I.H., Extramural; Research Support, Non-U.S. Gov't; Retracted Publication",NIDDK NIH HHS (R01 DK106244); NIAID NIH HHS (R56 AI089772); NIAID NIH HHS (1R56AI089772-01A1),2026-04-29T05:51:56Z
doi:10.1074/jbc.m113.492314,10.1074/jbc.m113.492314,242400950,24240095,"Journal Article; Research Support, N.I.H., Extramural; Research Support, Non-U.S. Gov't; Retracted Publication",NIAID NIH HHS (R56 AI089772); NIAID NIH HHS (1R56AI089772-01A1),2026-04-29T05:51:56Z
doi:10.1016/j.jpsychores.2018.11.014,10.1016/j.jpsychores.2018.11.014,305795590,30579559,Retraction Notice; Journal Article; Retracted Publication,,2026-04-29T05:51:56Z
doi:10.1016/j.ophtha.2018.03.003,10.1016/j.ophtha.2018.03.003,296063780,29606378,Journal Article; Retracted Publication,NEI NIH HHS (P30 EY000331); NEI NIH HHS (R01 EY008313),2026-04-29T05:51:56Z
doi:10.1084/jem.20121486,10.1084/jem.20121486,234400410,23440041,"Journal Article; Research Support, N.I.H., Extramural; Research Support, Non-U.S. Gov't; Retracted Publication",NIAID NIH HHS (R01 AI071087); NIAID NIH HHS (AI071087),2026-04-29T05:51:56Z
doi:10.1172/jci63068,10.1172/jci63068,232814110,23281411,Journal Article; Review; Retracted Publication,NIA NIH HHS (R01 AG017042); NHLBI NIH HHS (R01 HL111183); NIA NIH HHS (P01 AG043353); NHLBI NIH HHS (R01 HL114346); NHLBI NIH HHS (P01 HL092868); NHLBI NIH HHS (P01 HL078825); NHLBI NIH HHS (R01 HL091021); NHLBI NIH HHS (R01 HL039902); NHLBI NIH HHS (R01 HL105532); NIA NIH HHS (R01 AG026107); NHLBI NIH HHS (R01 HL065577); NHLBI NIH HHS (R37 HL081737),2026-04-29T05:51:56Z
doi:10.1177/0962280216680651,10.1177/0962280216680651,299846380,29984638,Journal Article; Retracted Publication,,2026-04-29T05:51:56Z
doi:10.1177/0956797617749637,10.1177/0956797617749637,297505980,29750598,Journal Article; Retracted Publication,,2026-04-29T05:51:56Z
doi:10.3349/ymj.2004.45.2.314,10.3349/ymj.2004.45.2.314,151190050,15119005,Journal Article; Retracted Publication,,2026-04-29T05:51:56Z
doi:10.1001/jama.2016.20036,10.1001/jama.2016.20036,282678460,28267846,Letter,,2026-04-29T05:51:56Z
doi:10.1038/ncb3207,10.1038/ncb3207,262141340,26214134,"Journal Article; Research Support, Non-U.S. Gov't; Retracted Publication",Howard Hughes Medical Institute (No ID),2026-04-29T05:51:56Z
doi:10.1158/0008-5472.can-05-1889,10.1158/0008-5472.can-05-1889,165105700,16510570,"Journal Article; Research Support, Non-U.S. Gov't; Retracted Publication",,2026-04-29T05:51:56Z
doi:10.1016/s0092-8674(01)00214-8,10.1016/s0092-8674(01)00214-8,112073700,11207370,"Journal Article; Research Support, Non-U.S. Gov't; Retracted Publication",,2026-04-29T05:51:56Z
doi:10.1161/circresaha.112.272526,10.1161/circresaha.112.272526,227734220,22773422,"Editorial; Research Support, N.I.H., Extramural; Comment; Retracted Publication",NHLBI NIH HHS (R01 HL111183); NIA NIH HHS (P01 AG043353); NHLBI NIH HHS (R01 HL114346); NIA NIH HHS (R01 AG037490); NIA NIH HHS (R01 AG026107); NHLBI NIH HHS (R01 HL065577); NIA NIH HHS (P01 AG023071),2026-04-29T05:51:56Z
doi:10.1161/circresaha.112.273649,10.1161/circresaha.112.273649,228515390,22851539,"Journal Article; Research Support, N.I.H., Extramural; Retracted Publication",NHLBI NIH HHS (R01 HL111183); NHLBI NIH HHS (R01 HL075480); NHLBI NIH HHS (R01 HL114346); NHLBI NIH HHS (P01 HL092868); NHLBI NIH HHS (R01 HL091021); NHLBI NIH HHS (R01 HL039902); NHLBI NIH HHS (R01 HL105532); NIA NIH HHS (R01 AG037495); NIA NIH HHS (R01 AG026107); NHLBI NIH HHS (R01 HL065577); NHLBI NIH HHS (R37 HL081737); NIA NIH HHS (R01 AG037490); NHLBI NIH HHS (P01 HL078825); NIA NIH HHS (P01 AG023071); NHLBI NIH HHS (R01 HL065573),2026-04-29T05:51:56Z
doi:10.1161/circresaha.111.259507,10.1161/circresaha.111.259507,222754870,22275487,"Journal Article; Research Support, N.I.H., Extramural; Retracted Publication",NIA NIH HHS (R01 AG017042); NHLBI NIH HHS (R01 HL111183); NHLBI NIH HHS (R01 HL075480); NHLBI NIH HHS (P01 HL092868); NIA NIH HHS (R01 AG037490); NHLBI NIH HHS (R01 HL091021); NHLBI NIH HHS (R01 HL105532); NIA NIH HHS (R01 AG037495); NIA NIH HHS (R01 AG026107); NHLBI NIH HHS (R01 HL065577); NHLBI NIH HHS (R01 HL065573); NHLBI NIH HHS (R37 HL081737),2026-04-29T05:51:56Z
doi:10.1161/circresaha.111.240648,10.1161/circresaha.111.240648,215466060,21546606,"Journal Article; Research Support, N.I.H., Extramural; Retracted Publication",NIA NIH HHS (R01 AG015756); NIA NIH HHS (R01 AG017042); NHLBI NIH HHS (R01 HL111183); NHLBI NIH HHS (R01 HL075480); NHLBI NIH HHS (R01 HL114346); NHLBI NIH HHS (P01 HL092868); NIA NIH HHS (R01 AG037490); NHLBI NIH HHS (R01 HL091021); NHLBI NIH HHS (R01 HL039902); NHLBI NIH HHS (R01 HL105532); NIA NIH HHS (R01 AG037495); NIA NIH HHS (R01 AG026107); NHLBI NIH HHS (R01 HL065577); NHLBI NIH HHS (R37 HL081737); NHLBI NIH HHS (R01 HL065573); NCI NIH HHS (P30 CA006516); NIA NIH HHS (P01 AG023071),2026-04-29T05:51:56Z
doi:10.1161/circresaha.110.239459,10.1161/circresaha.110.239459,214153920,21415392,"Journal Article; Research Support, N.I.H., Extramural; Retracted Publication",NIA NIH HHS (R01 AG017042); NHLBI NIH HHS (R01 HL111183); NHLBI NIH HHS (R01 HL075480); NHLBI NIH HHS (P01 HL092868); NIA NIH HHS (R01 AG037490); NHLBI NIH HHS (R01 HL091021); NHLBI NIH HHS (R01 HL039902); NIA NIH HHS (R01 AG037495); NIA NIH HHS (R01 AG026107); NHLBI NIH HHS (R01 HL065577); NHLBI NIH HHS (R37 HL081737); NIA NIH HHS (P01 AG023071); NHLBI NIH HHS (R21 HL094894); NHLBI NIH HHS (R01 HL065573),2026-04-29T05:51:56Z
doi:10.1161/circresaha.111.243154,10.1161/circresaha.111.243154,219607260,21960726,"Journal Article; Research Support, N.I.H., Extramural; Review; Retracted Publication",NIA NIH HHS (R01 AG017042); NHLBI NIH HHS (R01 HL111183); NHLBI NIH HHS (R01 HL075480); NHLBI NIH HHS (R01 HL114346); NHLBI NIH HHS (P01 HL092868); NIA NIH HHS (R01 AG037490); NHLBI NIH HHS (R01 HL039902); NHLBI NIH HHS (R01 HL105532); NIA NIH HHS (R01 AG037495); NIA NIH HHS (R01 AG026107); NHLBI NIH HHS (R01 HL065577); NHLBI NIH HHS (R01 HL065573); NHLBI NIH HHS (R37 HL081737),2026-04-29T05:51:56Z
doi:10.1161/circresaha.110.231498,10.1161/circresaha.110.231498,210882850,21088285,"Comparative Study; Journal Article; Research Support, N.I.H., Extramural; Research Support, Non-U.S. Gov't; Research Support, U.S. Gov't, Non-P.H.S.; Retracted Publication",NHLBI NIH HHS (R01 HL091021); PHS HHS (NCRR13641),2026-04-29T05:51:56Z
doi:10.1161/circresaha.110.223024,10.1161/circresaha.110.223024,205228020,20522802,"Journal Article; Research Support, N.I.H., Extramural; Retracted Publication",NIA NIH HHS (R01 AG017042); NHLBI NIH HHS (R01 HL111183); NHLBI NIH HHS (R01 HL075480); NHLBI NIH HHS (P01 HL092868); NHLBI NIH HHS (P01 HL078825); NHLBI NIH HHS (R01 HL091021); NHLBI NIH HHS (R01 HL039902); NIA NIH HHS (R01 AG037495); NHLBI NIH HHS (R37 HL081737); NIA NIH HHS (P01 AG023071); NHLBI NIH HHS (R01 HL065573),2026-04-29T05:51:56Z
doi:10.1161/circresaha.109.207266,10.1161/circresaha.109.207266,198158200,19815820,"Journal Article; Research Support, N.I.H., Extramural; Research Support, Non-U.S. Gov't; Retracted Publication",NIA NIH HHS (R01 AG017042); NHLBI NIH HHS (R01 HL111183); NHLBI NIH HHS (R01 HL075480); NHLBI NIH HHS (P01 HL092868); NHLBI NIH HHS (R01 HL091021); NHLBI NIH HHS (R01 HL039902); NIA NIH HHS (R01 AG026107); NHLBI NIH HHS (R01 HL065577); NHLBI NIH HHS (R37 HL081737); NIA NIH HHS (P01 AG023071); NHLBI NIH HHS (R21 HL094894),2026-04-29T05:51:56Z
doi:10.1161/circresaha.107.165464,10.1161/circresaha.107.165464,182023130,18202313,"Journal Article; Research Support, N.I.H., Extramural; Research Support, Non-U.S. Gov't; Retracted Publication",,2026-04-29T05:51:56Z
doi:10.1161/circulationaha.110.982918,10.1161/circulationaha.110.982918,214030940,21403094,"Journal Article; Research Support, N.I.H., Extramural; Retracted Publication",NIA NIH HHS (R01 AG017042); NHLBI NIH HHS (R01 HL111183); NHLBI NIH HHS (R01 HL075480); NHLBI NIH HHS (P01 HL092868); NIA NIH HHS (R01 AG037490); NHLBI NIH HHS (R01 HL091021); NHLBI NIH HHS (R01 HL039902); NHLBI NIH HHS (R01 HL105532); NIA NIH HHS (R01 AG037495); NHLBI NIH HHS (R01 HL065577); NHLBI NIH HHS (R37 HL081737); NIA NIH HHS (P01 AG023071); NHLBI NIH HHS (R21 HL094894); NHLBI NIH HHS (R01 HL065573),2026-04-29T05:51:56Z
doi:10.1161/circulationaha.113.004698,10.1161/circulationaha.113.004698,241412560,24141256,"Journal Article; Research Support, N.I.H., Extramural; Research Support, Non-U.S. Gov't; Retracted Publication",NIA NIH HHS (R01 AG017042); NHLBI NIH HHS (R01 HL111183); NIA NIH HHS (P01 AG043353); NHLBI NIH HHS (R01 HL114346); NHLBI NIH HHS (P01 HL092868); NHLBI NIH HHS (R01 HL091021); NHLBI NIH HHS (R01 HL039902); NHLBI NIH HHS (R01 HL105532); NIA NIH HHS (R01 AG037495); NIA NIH HHS (R01 AG026107); NHLBI NIH HHS (R01 HL065577); NHLBI NIH HHS (R37 HL081737); NIA NIH HHS (R01 AG037490); NHLBI NIH HHS (P01 HL078825); NIA NIH HHS (P01 AG023071); NHLBI NIH HHS (R01 HL065573),2026-04-29T05:51:56Z
doi:10.1161/circulationaha.113.006591,10.1161/circulationaha.113.006591,242497200,24249720,"Journal Article; Research Support, N.I.H., Extramural; Research Support, Non-U.S. Gov't; Retracted Publication",NIA NIH HHS (R01 AG017042); NIA NIH HHS (P01 AG043353); NHLBI NIH HHS (R01 HL114346); NHLBI NIH HHS (P01 HL092868); NIA NIH HHS (R01 AG037490); NHLBI NIH HHS (R01 HL039902); NHLBI NIH HHS (R01 HL105532); NIA NIH HHS (R01 AG037495); NIA NIH HHS (R01 AG026107); NHLBI NIH HHS (R01 HL065577); NHLBI NIH HHS (R37 HL081737),2026-04-29T05:51:56Z
doi:10.1126/scitranslmed.3009443,10.1126/scitranslmed.3009443,251861790,25186179,"Journal Article; Research Support, N.I.H., Extramural; Retracted Publication",NHLBI NIH HHS (R01 HL109288); NIDDK NIH HHS (R01 DK100905); NIGMS NIH HHS (T32 GM077229); NHLBI NIH HHS (R01 HL112669); NHLBI NIH HHS (R01 HL096845); BLRD VA (I01 BX002209); NIAID NIH HHS (P01 AI056097); NIAID NIH HHS (P01 AI084853); NIAID NIH HHS (P01AI084853),2026-04-29T05:51:56Z
doi:10.1016/j.contraception.2016.08.004,10.1016/j.contraception.2016.08.004,275460940,27546094,"Journal Article; Observational Study; Research Support, Non-U.S. Gov't; Retracted Publication",,2026-04-29T05:51:56Z
doi:10.7326/0003-4819-150-4-200902170-00028,10.7326/0003-4819-150-4-200902170-00028,192213910,19221391,Letter; Retracted Publication,,2026-04-29T05:51:56Z
doi:10.7326/0003-4819-145-5-200609050-00005,10.7326/0003-4819-145-5-200609050-00005,169543580,16954358,Journal Article; Randomized Controlled Trial; Retracted Publication,,2026-04-29T05:51:56Z
doi:10.1158/0008-5472.can-06-0218,10.1158/0008-5472.can-06-0218,167074810,16707481,"Journal Article; Research Support, N.I.H., Extramural; Research Support, U.S. Gov't, Non-P.H.S.; Retracted Publication",NCCIH NIH HHS (1 R01 AT002536); NIAMS NIH HHS (AR050948-01); NCRR NIH HHS (C06 RR15490),2026-04-29T05:51:56Z
doi:10.1158/0008-5472.can-06-3134,10.1158/0008-5472.can-06-3134,174400920,17440092,"Journal Article; Research Support, N.I.H., Extramural; Research Support, U.S. Gov't, Non-P.H.S.; Retracted Publication",NIAMS NIH HHS (P30 AR050948); NCCIH NIH HHS (R01 AT002536); NCCIH NIH HHS (AT 002536); NIAMS NIH HHS (AR 050948-01),2026-04-29T05:51:56Z
doi:10.1039/c7cc06409h,10.1039/c7cc06409h,289260360,28926036,Journal Article; Retracted Publication,NIA NIH HHS (R01 AG048934); NIGMS NIH HHS (R01 GM084018),2026-04-29T05:51:56Z
doi:10.1073/pnas.1620982114,10.1073/pnas.1620982114,282892210,28289221,"Journal Article; Research Support, Non-U.S. Gov't; Retracted Publication",CIHR (PPP144245),2026-04-29T05:51:56Z
doi:10.1186/s12918-018-0550-5,10.1186/s12918-018-0550-5,295895650,29589565,Journal Article; Retracted Publication,,2026-04-29T05:51:56Z
doi:10.1016/j.ijcard.2011.08.849,10.1016/j.ijcard.2011.08.849,220300250,22030025,"Journal Article; Research Support, Non-U.S. Gov't; Retracted Publication",British Heart Foundation (No ID),2026-04-29T05:51:56Z
doi:10.15585/mmwr.mm6525a1,10.15585/mmwr.mm6525a1,273591670,27359167,Journal Article; Retracted Publication,,2026-04-29T05:51:56Z
doi:10.1155/2018/5324320,10.1155/2018/5324320,301236050,30123605,Case Reports; Journal Article; Retracted Publication,,2026-04-29T05:51:56Z
doi:10.1523/jneurosci.3722-16.2017,10.1523/jneurosci.3722-16.2017,281936900,28193690,Journal Article,,2026-04-29T05:51:56Z
doi:10.1186/s13013-016-0102-y,10.1186/s13013-016-0102-y,278225600,27822560,Journal Article; Retracted Publication,,2026-04-29T05:51:56Z
doi:10.1002/clc.23047,10.1002/clc.23047,302600040,30260004,Journal Article; Retraction Notice,,2026-04-29T05:51:56Z
doi:10.1371/journal.pone.0003258,10.1371/journal.pone.0003258,188068750,18806875,"Journal Article; Research Support, Non-U.S. Gov't; Retracted Publication",,2026-04-29T05:51:56Z
doi:10.1038/srep13149,10.1038/srep13149,262890330,26289033,"Journal Article; Research Support, N.I.H., Extramural; Retracted Publication",NIA NIH HHS (R01 AG039561); NIAMS NIH HHS (AR047628); NIAMS NIH HHS (AR050968); NIAMS NIH HHS (R03 AR047628); NIAMS NIH HHS (R01 AR050968),2026-04-29T05:51:56Z
doi:10.1016/j.micres.2017.12.008,10.1016/j.micres.2017.12.008,294588590,29458859,Journal Article; Retracted Publication,,2026-04-29T05:51:56Z
doi:10.1093/aje/kwx362,10.1093/aje/kwx362,291944750,29194475,"Journal Article; Research Support, Non-U.S. Gov't; Retracted Publication",,2026-04-29T05:51:56Z
doi:10.1158/1535-7163.mct-14-0672,10.1158/1535-7163.mct-14-0672,259766790,25976679,"Journal Article; Research Support, N.I.H., Extramural; Research Support, Non-U.S. Gov't; Retracted Publication",NCI NIH HHS (R01 CA062483); NIEHS NIH HHS (R01 ES012265); NIEHS NIH HHS (R01 ES021483); NIGMS NIH HHS (R01 GM047466),2026-04-29T05:51:56Z
doi:10.1158/1078-0432.ccr-08-1783,10.1158/1078-0432.ccr-08-1783,192234980,19223498,"Journal Article; Research Support, N.I.H., Extramural; Retracted Publication",NCI NIH HHS (R01 CA081057); NIEHS NIH HHS (R01 ES007943); NCI NIH HHS (R01 CA81057); NIEHS NIH HHS (R01 ES07943),2026-04-29T05:51:56Z
doi:10.1158/0008-5472.can-06-1181,10.1158/0008-5472.can-06-1181,169511520,16951152,"Journal Article; Research Support, N.I.H., Extramural; Retracted Publication",NIGMS NIH HHS (R01 GM47466),2026-04-29T05:51:56Z
doi:10.1158/0008-5472.can-09-2938,10.1158/0008-5472.can-09-2938,201036450,20103645,"Journal Article; Research Support, N.I.H., Extramural; Retracted Publication",NIEHS NIH HHS (R01 ES007943); NIEHS NIH HHS (R01 ES07943),2026-04-29T05:51:56Z
doi:10.1056/nejmoa1101324,10.1056/nejmoa1101324,215613450,21561345,"Journal Article; Research Support, N.I.H., Extramural; Research Support, Non-U.S. Gov't; Retracted Publication",NHLBI NIH HHS (P01 HL048743); NHLBI NIH HHS (R01 HL102897); NHLBI NIH HHS (R37 HL061795); NHLBI NIH HHS (U54 HL070819),2026-04-29T05:51:56Z
doi:10.1016/j.appet.2005.07.011,10.1016/j.appet.2005.07.011,165742750,16574275,Journal Article; Retracted Publication,,2026-04-29T05:51:56Z
doi:10.1016/j.ajem.2016.10.069,10.1016/j.ajem.2016.10.069,278363130,27836313,Journal Article; Comment; Retracted Publication,,2026-04-29T05:51:56Z
doi:10.1016/j.canlet.2018.02.014,10.1016/j.canlet.2018.02.014,294540930,29454093,Journal Article; Retracted Publication,,2026-04-29T05:51:56Z
doi:10.1002/sim.7315,10.1002/sim.7315,284216220,28421622,Journal Article; Retracted Publication,,2026-04-29T05:51:56Z
doi:10.1158/0008-5472.can-06-2147,10.1158/0008-5472.can-06-2147,173323440,17332344,"Comparative Study; Evaluation Study; Journal Article; Research Support, Non-U.S. Gov't; Retracted Publication",,2026-04-29T05:51:56Z
doi:10.1074/jbc.m116.773986,10.1074/jbc.m116.773986,283308700,28330870,"Journal Article; Research Support, Non-U.S. Gov't; Research Support, N.I.H., Extramural; Retracted Publication",NCI NIH HHS (R01 CA119028); NIEHS NIH HHS (R01 ES015518); NCI NIH HHS (R01 CA116697); NCI NIH HHS (P30 CA177558); NIEHS NIH HHS (R01 ES015375),2026-04-29T05:51:56Z
doi:10.1074/jbc.m115.675371,10.1074/jbc.m115.675371,263859190,26385919,"Journal Article; Research Support, N.I.H., Extramural; Retracted Publication",NCI NIH HHS (P30CA177558); NIEHS NIH HHS (R01 ES020870); NIEHS NIH HHS (R01 ES025515); NIEHS NIH HHS (T32 ES007266); NIEHS NIH HHS (R01 ES021771); NCI NIH HHS (P30 CA177558),2026-04-29T05:51:56Z
doi:10.1074/jbc.m114.595496,10.1074/jbc.m114.595496,251571030,25157103,"Journal Article; Research Support, N.I.H., Extramural; Retracted Publication",NCI NIH HHS (R01 CA119028); NIEHS NIH HHS (R01 ES015518); NCI NIH HHS (R01 CA116697); NCI NIH HHS (P30 CA177558); NIEHS NIH HHS (R01 ES015375),2026-04-29T05:51:56Z
doi:10.1021/bi026069w,10.1021/bi026069w,122698100,12269810,"Journal Article; Research Support, Non-U.S. Gov't; Research Support, U.S. Gov't, P.H.S.; Retracted Publication",,2026-04-29T05:51:56Z
doi:10.1021/bi050401x,10.1021/bi050401x,160865780,16086578,"Journal Article; Research Support, N.I.H., Extramural; Research Support, Non-U.S. Gov't; Research Support, U.S. Gov't, P.H.S.; Retracted Publication",NIAID NIH HHS (AI51615); Wellcome Trust (No ID),2026-04-29T05:51:56Z
doi:10.1371/journal.pone.0069485,10.1371/journal.pone.0069485,239227210,23922721,"Journal Article; Research Support, Non-U.S. Gov't; Retracted Publication",,2026-04-29T05:51:56Z
doi:10.1371/journal.pone.0020537,10.1371/journal.pone.0020537,216739860,21673986,"Journal Article; Research Support, N.I.H., Extramural; Research Support, Non-U.S. Gov't; Retracted Publication",NCI NIH HHS (R01 CA131151); NCI NIH HHS (5R01CA131151); NCI NIH HHS (5R01CA132794); NCI NIH HHS (CA-075059); NCI NIH HHS (5R01CA131151-S02); NCI NIH HHS (R37 CA075059); NCI NIH HHS (R01 CA132794); NCI NIH HHS (R01 CA075059),2026-04-29T05:51:56Z
doi:10.1371/journal.pone.0017850,10.1371/journal.pone.0017850,214080270,21408027,"Journal Article; Research Support, N.I.H., Extramural; Research Support, Non-U.S. Gov't; Retracted Publication",NCI NIH HHS (R01 CA131151); NCI NIH HHS (5R01CA131151); NCI NIH HHS (R01 CA154321); NCI NIH HHS (5R01CA132794); NCI NIH HHS (R01 CA132794); NCI NIH HHS (3R01CA131151-02S1),2026-04-29T05:51:56Z
doi:10.1371/journal.pone.0016068,10.1371/journal.pone.0016068,212491520,21249152,Journal Article; Retracted Publication,,2026-04-29T05:51:56Z
doi:10.1007/s00204-016-1747-2,10.1007/s00204-016-1747-2,273118210,27311821,Journal Article; Review; Retracted Publication,,2026-04-29T05:51:56Z
doi:10.1158/1535-7163.mct-06-0221,10.1158/1535-7163.mct-06-0221,171219210,17121921,"Journal Article; Research Support, Non-U.S. Gov't; Retracted Publication",,2026-04-29T05:51:56Z
doi:10.1158/1535-7163.mct-08-0354,10.1158/1535-7163.mct-08-0354,185662420,18566242,"Journal Article; Research Support, Non-U.S. Gov't; Retracted Publication",NCI NIH HHS (R01 CA131151); NCI NIH HHS (R01 CA132794),2026-04-29T05:51:56Z
doi:10.1002/mp.12825,10.1002/mp.12825,294686990,29468699,Journal Article,,2026-04-29T05:51:56Z
doi:10.1097/prs.0000000000004170,10.1097/prs.0000000000004170,294813980,29481398,Journal Article; Retracted Publication,NIGMS NIH HHS (R01 GM087609),2026-04-29T05:51:56Z
doi:10.1001/jama.293.14.1727,10.1001/jama.293.14.1727,158273100,15827310,Letter; Retracted Publication,,2026-04-29T05:51:56Z
doi:10.1001/jamapediatrics.2013.82,10.1001/jamapediatrics.2013.82,236451880,23645188,"Letter; Research Support, U.S. Gov't, Non-P.H.S.; Retracted Publication",,2026-04-29T05:51:56Z
doi:10.1001/jamainternmed.2014.4098,10.1001/jamainternmed.2014.4098,251791570,25179157,"Journal Article; Research Support, Non-U.S. Gov't; Retracted Publication",,2026-04-29T05:51:56Z
doi:10.1001/archinternmed.2012.1278,10.1001/archinternmed.2012.1278,227327520,22732752,"Letter; Randomized Controlled Trial; Research Support, Non-U.S. Gov't; Retracted Publication",,2026-04-29T05:51:56Z
doi:10.1001/jamainternmed.2013.650,10.1001/jamainternmed.2013.650,227327520,23649173,"Comparative Study; Journal Article; Research Support, Non-U.S. Gov't; Retracted Publication",,2026-04-29T05:51:56Z
doi:10.1001/archpedi.162.10.994,10.1001/archpedi.162.10.994,188386550,18838655,"Journal Article; Randomized Controlled Trial; Research Support, Non-U.S. Gov't; Retracted Publication",,2026-04-29T05:51:56Z
doi:10.1186/s40169-017-0161-6,10.1186/s40169-017-0161-6,287820900,28782090,Journal Article; Retracted Publication,,2026-04-29T05:51:56Z
doi:10.1158/0008-5472.can-05-2968,10.1158/0008-5472.can-05-2968,164240380,16424038,"Journal Article; Research Support, N.I.H., Extramural; Research Support, Non-U.S. Gov't; Retracted Publication",NCI NIH HHS (1R01 CA 101870-02); NCI NIH HHS (P20 CA 101936-02),2026-04-29T05:51:56Z
doi:10.1158/0008-5472.can-05-4281,10.1158/0008-5472.can-05-4281,165105990,16510599,"Journal Article; Research Support, N.I.H., Extramural; Retracted Publication",NCI NIH HHS (1P20-CA10193-01); NCI NIH HHS (5R01CA101870-02),2026-04-29T05:51:56Z
doi:10.1158/0008-5472.can-05-3752,10.1158/0008-5472.can-05-3752,166514370,16651437,"Journal Article; Research Support, N.I.H., Extramural; Research Support, Non-U.S. Gov't; Retracted Publication",NCI NIH HHS (5R01CA083695); NCI NIH HHS (5R01CA101870); NIDDK NIH HHS (5R01DK067687),2026-04-29T05:51:56Z
doi:10.1158/0008-5472.can-06-1019,10.1158/0008-5472.can-06-1019,168853660,16885366,"Journal Article; Research Support, N.I.H., Extramural; Retracted Publication",NCI NIH HHS (1R01 CA 101870-02); NCI NIH HHS (P20 CA 101936-02),2026-04-29T05:51:56Z
doi:10.1158/0008-5472.can-06-2011,10.1158/0008-5472.can-06-2011,170470700,17047070,"Journal Article; Research Support, N.I.H., Extramural; Research Support, U.S. Gov't, Non-P.H.S.; Retracted Publication",NCI NIH HHS (5R01CA108535),2026-04-29T05:51:56Z
doi:10.1158/0008-5472.can-06-2333,10.1158/0008-5472.can-06-2333,170794790,17079479,"Journal Article; Research Support, N.I.H., Extramural; Retracted Publication",NCI NIH HHS (1R01CA101870-03); NCI NIH HHS (SP20CA101936-04),2026-04-29T05:51:56Z
doi:10.1158/0008-5472.can-06-4277,10.1158/0008-5472.can-06-4277,174094400,17409440,"Journal Article; Research Support, N.I.H., Extramural; Research Support, U.S. Gov't, Non-P.H.S.; Retracted Publication",NCI NIH HHS (5R01CA108535-03),2026-04-29T05:51:56Z
doi:10.1158/0008-5472.can-07-1265,10.1158/0008-5472.can-07-1265,178047440,17804744,"Journal Article; Research Support, N.I.H., Extramural; Retracted Publication",NCI NIH HHS (5 R01 CA101870-05),2026-04-29T05:51:56Z
doi:10.1158/0008-5472.can-07-2803,10.1158/0008-5472.can-07-2803,180564650,18056465,"Journal Article; Research Support, N.I.H., Extramural; Research Support, Non-U.S. Gov't; Retracted Publication",NCI NIH HHS (1P20-CA010193-01); NCI NIH HHS (5R01CA101870-05),2026-04-29T05:51:56Z
doi:10.1158/0008-5472.can-08-4235,10.1158/0008-5472.can-08-4235,195499120,19549912,Journal Article; Retracted Publication,,2026-04-29T05:51:56Z
doi:10.1158/0008-5472.can-09-0838,10.1158/0008-5472.can-09-0838,195316480,19531648,"Journal Article; Research Support, N.I.H., Extramural; Retracted Publication",NCI NIH HHS (R01 CA101870),2026-04-29T05:51:56Z
doi:10.1158/0008-5472.can-09-4598,10.1158/0008-5472.can-09-4598,203887820,20388782,"Journal Article; Research Support, N.I.H., Extramural; Retracted Publication",NCI NIH HHS (R01 CA131151); NCI NIH HHS (5R01CA131151); NCI NIH HHS (R01 CA154321); NCI NIH HHS (5R01CA132794); NCI NIH HHS (R01 CA132794); NCI NIH HHS (3R01CA131151-02S1),2026-04-29T05:51:56Z
doi:10.1186/s13000-015-0348-3,10.1186/s13000-015-0348-3,262451980,26245198,Journal Article; Retracted Publication,,2026-04-29T05:51:56Z
doi:10.1016/j.ajhg.2017.09.002,10.1016/j.ajhg.2017.09.002,289658480,28965848,Journal Article; Retracted Publication,Medical Research Council (MR/N026063/1); NIMH NIH HHS (U01 MH101723),2026-04-29T05:51:56Z
doi:10.1158/1535-7163.mct-08-0432,10.1158/1535-7163.mct-08-0432,188521340,18852134,Journal Article; Retracted Publication,,2026-04-29T05:51:56Z
doi:10.1158/1535-7163.mct-09-1113,10.1158/1535-7163.mct-09-1113,203717230,20371723,"Journal Article; Research Support, N.I.H., Extramural; Research Support, Non-U.S. Gov't; Retracted Publication",NCI NIH HHS (P01 CA091844); NCI NIH HHS (P01 CA124787); NCI NIH HHS (CA-16 672); NCI NIH HHS (CA-124787-01A2),2026-04-29T05:51:56Z
doi:10.1158/1535-7163.mct-10-0277,10.1158/1535-7163.mct-10-0277,206826500,20682650,"Journal Article; Research Support, Non-U.S. Gov't; Retracted Publication",,2026-04-29T05:51:56Z
doi:10.1158/1541-7786.mcr-10-0141,10.1158/1541-7786.mcr-10-0141,208265450,20826545,"Journal Article; Research Support, N.I.H., Extramural; Research Support, Non-U.S. Gov't; Retracted Publication",NCI NIH HHS (P01 CA091844); NCI NIH HHS (P01 CA124787); NCI NIH HHS (CA-16 672); NCI NIH HHS (CA-124787-01A2),2026-04-29T05:51:56Z
doi:10.1158/1541-7786.mcr-08-0154,10.1158/1541-7786.mcr-08-0154,191475430,19147543,"Journal Article; Research Support, N.I.H., Extramural; Research Support, Non-U.S. Gov't; Retracted Publication",NCI NIH HHS (P01 CA091844); NCI NIH HHS (P01 CA124787),2026-04-29T05:51:56Z
doi:10.1158/1940-6207.capr-10-0340,10.1158/1940-6207.capr-10-0340,214901330,21490133,"Journal Article; Research Support, N.I.H., Extramural; Research Support, Non-U.S. Gov't; Retracted Publication",NCI NIH HHS (P01 CA124787); NCI NIH HHS (CA-106672); NCI NIH HHS (CA-124787-01A2),2026-04-29T05:51:56Z
doi:10.1158/0008-5472.can-10-3121,10.1158/0008-5472.can-10-3121,211271980,21127198,"Journal Article; Research Support, N.I.H., Extramural; Research Support, Non-U.S. Gov't; Retracted Publication",NCI NIH HHS (CA-124787-01A2); NCI NIH HHS (CA-16672); NCI NIH HHS (P30 CA016672); NCI NIH HHS (P01 CA124787); NCI NIH HHS (R01 CA026582),2026-04-29T05:51:56Z
doi:10.1158/0008-5472.can-08-3249,10.1158/0008-5472.can-08-3249,191903270,19190327,"Journal Article; Research Support, N.I.H., Extramural; Retracted Publication",NCI NIH HHS (1P01-CA1248701-A2); NCI NIH HHS (KO1CA104180),2026-04-29T05:51:56Z
doi:10.1158/0008-5472.can-08-1902,10.1158/0008-5472.can-08-1902,189741300,18974130,"Journal Article; Research Support, N.I.H., Extramural; Retracted Publication",NCI NIH HHS (P30 CA016672); NCI NIH HHS (5P30CA016672-32),2026-04-29T05:51:56Z
doi:10.1371/journal.pone.0183803,10.1371/journal.pone.0183803,288377060,28837706,Journal Article; Retracted Publication,,2026-04-29T05:51:56Z
doi:10.1093/jee/100.6.1938,10.1093/jee/100.6.1938,182324140,18232414,"Journal Article; Research Support, Non-U.S. Gov't; Retracted Publication",,2026-04-29T05:51:56Z
doi:10.1097/ta.0000000000001662,10.1097/ta.0000000000001662,290731180,29073118,Case Reports; Journal Article; Retracted Publication,,2026-04-29T05:51:56Z
doi:10.1001/jamaophthalmol.2017.4512,10.1001/jamaophthalmol.2017.4512,290757810,29075781,"Journal Article; Multicenter Study; Observational Study; Research Support, N.I.H., Extramural; Research Support, Non-U.S. Gov't",NHLBI NIH HHS (HHSN268201600018C); NHLBI NIH HHS (HHSN268201600001C); NHLBI NIH HHS (HHSN268201600002C); NHLBI NIH HHS (HHSN268201600003C),2026-04-29T05:51:56Z
doi:10.1016/j.cyto.2013.04.009,10.1016/j.cyto.2013.04.009,236647700,23664770,"Journal Article; Research Support, N.I.H., Extramural; Research Support, Non-U.S. Gov't; Retracted Publication",NIDDK NIH HHS (5P60-DK020572),2026-04-29T05:51:56Z
doi:10.1074/jbc.m111662200,10.1074/jbc.m111662200,118447960,11844796,"Journal Article; Research Support, U.S. Gov't, P.H.S.; Retracted Publication",NCI NIH HHS (R01 CA081024); NIEHS NIH HHS (R01 ES010874); NCI NIH HHS (CA81024); NIEHS NIH HHS (ES10874),2026-04-29T05:51:56Z
doi:10.1074/jbc.m206958200,10.1074/jbc.m206958200,121981310,12198131,"Journal Article; Research Support, U.S. Gov't, P.H.S.; Retracted Publication",NCI NIH HHS (R01 CA081024); NIEHS NIH HHS (R01 ES010874); NCI NIH HHS (CA 81024); NIEHS NIH HHS (ES 10874),2026-04-29T05:51:56Z
doi:10.1074/jbc.m308225200,10.1074/jbc.m308225200,147424390,14742439,"Journal Article; Research Support, U.S. Gov't, P.H.S.; Retracted Publication",NINDS NIH HHS (R01 NS041649); NINDS NIH HHS (NS 41649),2026-04-29T05:51:56Z
doi:10.1074/jbc.m804788200,10.1074/jbc.m804788200,188182060,18818206,"Journal Article; Research Support, N.I.H., Extramural; Retracted Publication",NCI NIH HHS (P01 CA101956); NCI NIH HHS (R21 CA122694); NCI NIH HHS (CA122695); NCI NIH HHS (P01CA101956),2026-04-29T05:51:56Z
doi:10.1016/j.copsyc.2017.04.011,10.1016/j.copsyc.2017.04.011,292792300,29279230,Journal Article; Review; Retracted Publication,,2026-04-29T05:51:56Z
doi:10.1097/pra.0000000000000106,10.1097/pra.0000000000000106,265543250,26554325,Journal Article; Meta-Analysis; Systematic Review; Retracted Publication,,2026-04-29T05:51:56Z
doi:10.1016/j.pmedr.2018.04.002,10.1016/j.pmedr.2018.04.002,298683760,29868376,Journal Article; Retracted Publication,,2026-04-29T05:51:56Z
doi:10.1371/journal.pone.0067149,10.1371/journal.pone.0067149,238406050,23840605,Journal Article; Retracted Publication,NCI NIH HHS (R01 CA112250),2026-04-29T05:51:56Z
doi:10.1007/s12022-017-9478-3,10.1007/s12022-017-9478-3,283613920,28361392,Journal Article; Review; Retracted Publication,,2026-04-29T05:51:56Z
doi:10.1111/clr.12978,10.1111/clr.12978,275964900,27596490,Journal Article; Retracted Publication,,2026-04-29T05:51:56Z
doi:10.1111/clr.12656,10.1111/clr.12656,262493610,26249361,Journal Article,,2026-04-29T05:51:56Z
doi:10.1124/dmd.115.069229,10.1124/dmd.115.069229,269659860,26965986,"Journal Article; Research Support, N.I.H., Extramural; Retracted Publication",NIDA NIH HHS (P01 DA032507); NIDA NIH HHS (P01DA032507),2026-04-29T05:51:56Z
doi:10.1158/1078-0432.ccr-06-1872,10.1158/1078-0432.ccr-06-1872,172552990,17255299,"Journal Article; Research Support, N.I.H., Extramural; Review; Retracted Publication",NCI NIH HHS (P50 CA 101942-01),2026-04-29T05:51:56Z
doi:10.1126/scisignal.aad5582,10.1126/scisignal.aad5582,271657810,27165781,Journal Article,NCI NIH HHS (R01 CA142724); NHLBI NIH HHS (R01 HL084151),2026-04-29T05:51:56Z
doi:10.1538/expanim.55.457,10.1538/expanim.55.457,170909620,17090962,Journal Article; Retracted Publication,,2026-04-29T05:51:56Z
doi:10.1538/expanim.55.357,10.1538/expanim.55.357,168806830,16880683,Comparative Study; Journal Article; Retracted Publication,,2026-04-29T05:51:56Z
doi:10.1538/expanim.55.333,10.1538/expanim.55.333,168806800,16880680,Comparative Study; Journal Article; Retracted Publication,,2026-04-29T05:51:56Z
doi:10.1093/biolre/ioy104,10.1093/biolre/ioy104,297181010,29718101,Journal Article; Retracted Publication,,2026-04-29T05:51:56Z
doi:10.1002/adhm.201200141,10.1002/adhm.201200141,231846810,23184681,"Journal Article; Research Support, N.I.H., Extramural; Research Support, Non-U.S. Gov't",NIBIB NIH HHS (R01 EB010043); NIBIB NIH HHS (R01EB010043),2026-04-29T05:51:56Z
doi:10.1038/nature10167,10.1038/nature10167,217538540,21753854,"Journal Article; Research Support, N.I.H., Extramural; Research Support, Non-U.S. Gov't; Retracted Publication",NCI NIH HHS (RC2 CA148399); NCRR NIH HHS (UL1RR024924); NIDDK NIH HHS (P30 DK043351); NHGRI NIH HHS (RL1HG004671); NCI NIH HHS (R01 CA085681); Howard Hughes Medical Institute (No ID); NCI NIH HHS (CA080058); NCI NIH HHS (R01 CA142805); NCRR NIH HHS (UL1 RR024924); NCI NIH HHS (5 RC2 CA148399-02); NCI NIH HHS (CA142805); NIGMS NIH HHS (RL1 GM084437); NCI NIH HHS (CA085681); NCI NIH HHS (CA127247); NCI NIH HHS (R01 CA127247); NHGRI NIH HHS (RL1 HG004671); NCI NIH HHS (RL1 CA133834); NCI NIH HHS (RL1CA133834); NIGMS NIH HHS (RL1GM084437); NCI NIH HHS (P01 CA080058); NCI NIH HHS (N01 CO012400),2026-04-29T05:51:56Z
doi:10.3758/s13423-017-1319-3,10.3758/s13423-017-1319-3,285772740,28577274,"Journal Article; Research Support, Non-U.S. Gov't; Research Support, N.I.H., Extramural; Retracted Publication",James S. McDonnell Foundation (220020375); NIH HHS (R21 NS085543),2026-04-29T05:51:56Z
doi:10.1074/jbc.m404058200,10.1074/jbc.m404058200,151810150,15181015,"Journal Article; Research Support, Non-U.S. Gov't; Retracted Publication",,2026-04-29T05:51:56Z
doi:10.1371/journal.pone.0133117,10.1371/journal.pone.0133117,261865880,26186588,"Journal Article; Research Support, N.I.H., Extramural; Research Support, U.S. Gov't, Non-P.H.S.; Retracted Publication",NIBIB NIH HHS (R01 EB010043); NIGMS NIH HHS (R01 GM112017); NIGMS NIH HHS (R01GM112017); NIBIB NIH HHS (R01EB010043),2026-04-29T05:51:56Z
doi:10.1016/j.bone.2013.03.018,10.1016/j.bone.2013.03.018,235671600,23567160,Case Reports; Journal Article,,2026-04-29T05:51:56Z
doi:10.1016/j.tet.2013.04.128,10.1016/j.tet.2013.04.128,240393060,24039306,Journal Article,NINDS NIH HHS (RC1 NS068963),2026-04-29T05:51:56Z
doi:10.1016/j.envres.2014.04.010,10.1016/j.envres.2014.04.010,248348310,24834831,"Journal Article; Research Support, N.I.H., Extramural; Research Support, Non-U.S. Gov't; Research Support, U.S. Gov't, Non-P.H.S.; Retracted Publication",NIEHS NIH HHS (P30ES017885); NIEHS NIH HHS (R01ES021446); NIEHS NIH HHS (P20ES018171); NIEHS NIH HHS (R01ES021465); NIEHS NIH HHS (R01ES007821); NIEHS NIH HHS (P42ES017198); NIEHS NIH HHS (P30 ES017885),2026-04-29T05:51:56Z
doi:10.1038/s41598-018-20620-w,10.1038/s41598-018-20620-w,294104960,29410496,"Journal Article; Research Support, Non-U.S. Gov't; Retracted Publication",NIDDK NIH HHS (R01 DK107309),2026-04-29T05:51:56Z
doi:10.1158/0008-5472.can-06-3996,10.1158/0008-5472.can-06-3996,175456120,17545612,"Journal Article; Research Support, N.I.H., Extramural; Research Support, Non-U.S. Gov't; Research Support, U.S. Gov't, Non-P.H.S.; Retracted Publication",NCI NIH HHS (CA112250),2026-04-29T05:51:56Z
doi:10.1038/s41598-017-03978-1,10.1038/s41598-017-03978-1,286304030,28630403,"Journal Article; Research Support, Non-U.S. Gov't; Retracted Publication",NIGMS NIH HHS (R01 GM089778); NIAID NIH HHS (T32 AI007323),2026-04-29T05:51:56Z
doi:10.1177/1753944715589717,10.1177/1753944715589717,260823390,26082339,"Journal Article; Research Support, N.I.H., Extramural; Retracted Publication",NIA NIH HHS (AG042758); NHLBI NIH HHS (P01 HL051952); NIA NIH HHS (AG033727); NIA NIH HHS (R03 AG042758); NIA NIH HHS (R01 AG033727); NHLBI NIH HHS (HL-051952),2026-04-29T05:51:56Z
doi:10.1016/j.canlet.2005.12.042,10.1016/j.canlet.2005.12.042,164949960,16494996,Journal Article; Retracted Publication,,2026-04-29T05:51:56Z
doi:10.1016/j.bbagrm.2018.01.005,10.1016/j.bbagrm.2018.01.005,294138960,29413896,"Journal Article; Research Support, Non-U.S. Gov't; Retracted Publication",,2026-04-29T05:51:56Z
doi:10.1038/nature16193,10.1038/nature16193,266757210,26675721,"Journal Article; Research Support, N.I.H., Extramural; Research Support, Non-U.S. Gov't; Retracted Publication",NCI NIH HHS (T32 CA009161); NCI NIH HHS (P30 CA016087); NHGRI NIH HHS (R01 HG004361); NHGRI NIH HHS (P50-HG007735); NIDDK NIH HHS (R01DK103358); NIAID NIH HHS (R01 AI121436); Howard Hughes Medical Institute (No ID); NCI NIH HHS (1F30CA189514-01); NIAID NIH HHS (T32 AI100853); NCI NIH HHS (F30 CA189514); NIAID NIH HHS (R01AI080885); NHGRI NIH HHS (R01HG004361); NIDDK NIH HHS (R01 DK101520); NHGRI NIH HHS (P50 HG007735); NIDDK NIH HHS (R01 DK103358); NIAID NIH HHS (R01 AI080885),2026-04-29T05:51:56Z
doi:10.1007/bf00236466,10.1007/bf00236466,242214030,24221403,Journal Article,,2026-04-29T05:51:56Z
doi:10.1016/s0140-6736(12)60073-7,10.1016/s0140-6736(12)60073-7,224057970,22405797,"Journal Article; Research Support, N.I.H., Extramural; Research Support, Non-U.S. Gov't; Review; Retracted Publication",NHLBI NIH HHS (R21HL094611); NHLBI NIH HHS (RC4HL106625),2026-04-29T05:51:56Z
doi:10.1073/pnas.0506877103,10.1073/pnas.0506877103,164521690,16452169,"Journal Article; Research Support, N.I.H., Extramural; Research Support, U.S. Gov't, Non-P.H.S.; Retracted Publication",NIAID NIH HHS (R01 AI045623); NHLBI NIH HHS (R01 HL064272); NIDDK NIH HHS (R01 DK046900); NIDDK NIH HHS (R29 DK046900); NIAID NIH HHS (R01 AI051615); NIDDK NIH HHS (R56 DK046900); NHLBI NIH HHS (P01 HL034343),2026-04-29T05:51:56Z
doi:10.1073/pnas.0400744101,10.1073/pnas.0400744101,151787630,15178763,"Comparative Study; Journal Article; Research Support, Non-U.S. Gov't; Research Support, U.S. Gov't, Non-P.H.S.; Research Support, U.S. Gov't, P.H.S.; Retracted Publication",Wellcome Trust (No ID); NIAID NIH HHS (R01 AI051615); NIAID NIH HHS (AI51615),2026-04-29T05:51:56Z
doi:10.1016/j.cbi.2006.05.009,10.1016/j.cbi.2006.05.009,168061340,16806134,"Journal Article; Research Support, N.I.H., Extramural; Research Support, Non-U.S. Gov't; Retracted Publication",NCI NIH HHS (R01 CA81057),2026-04-29T05:51:56Z
doi:10.5045/br.2018.53.1.87,10.5045/br.2018.53.1.87,296628700,29662870,Case Reports; Journal Article; Retracted Publication,,2026-04-29T05:51:56Z
doi:10.1023/a:1026313031091,10.1023/a:1026313031091,146825220,14682522,"Journal Article; Research Support, Non-U.S. Gov't; Research Support, U.S. Gov't, Non-P.H.S.",,2026-04-29T05:51:56Z
doi:10.1007/11523468_114,10.1007/11523468_114,,41689641,Journal Article,,2026-04-29T05:51:56Z
doi:10.1007/978-90-313-8645-1_127,10.1007/978-90-313-8645-1_127,,41635730,Journal Article,NHGRI NIH HHS (R01 HG010476),2026-04-29T05:51:56Z
doi:10.1186/s12889-017-4385-6,10.1186/s12889-017-4385-6,285116820,28511682,Journal Article; Retracted Publication,,2026-04-29T05:51:56Z
doi:10.1371/journal.pone.0128753,10.1371/journal.pone.0128753,260353060,26035306,"Journal Article; Research Support, N.I.H., Extramural; Research Support, Non-U.S. Gov't; Retracted Publication",NCI NIH HHS (CA016672); NCI NIH HHS (R01 CA169122); NCI NIH HHS (R01CA169122); NIDCR NIH HHS (U01 DE019765-01); NCI NIH HHS (P30 CA016672); NIDCR NIH HHS (U01 DE019765),2026-04-29T05:51:56Z
doi:10.1158/0008-5472.can-07-0751,10.1158/0008-5472.can-07-0751,176388740,17638874,"Journal Article; Research Support, N.I.H., Extramural; Research Support, Non-U.S. Gov't; Retracted Publication",NINDS NIH HHS (NS 057529); NINDS NIH HHS (R01 NS057529); NINDS NIH HHS (NS 47699); NCI NIH HHS (R01 CA075557); NCI NIH HHS (CA 75557); NCI NIH HHS (CA 92393); NINDS NIH HHS (R01 NS047699); NCI NIH HHS (R01 CA095058); NCI NIH HHS (CA 95058); NCI NIH HHS (R01 CA116708); NCI NIH HHS (R01 CA092393); NCI NIH HHS (CA 116708),2026-04-29T05:51:56Z
doi:10.1158/0008-5472.can-06-2892,10.1158/0008-5472.can-06-2892,172831230,17283123,"Journal Article; Research Support, N.I.H., Extramural; Research Support, Non-U.S. Gov't; Retracted Publication",NINDS NIH HHS (NS 47699); NCI NIH HHS (R01 CA075557); NINDS NIH HHS (NS 57529); NCI NIH HHS (CA 75557); NCI NIH HHS (CA 92393); NCI NIH HHS (CA 95058); NCI NIH HHS (R01 CA116708); NINDS NIH HHS (R01 NS047699); NCI NIH HHS (R01 CA095058); NCI NIH HHS (R01 CA092393); NCI NIH HHS (CA 116708),2026-04-29T05:51:56Z
doi:10.1016/j.bbrc.2014.09.039,10.1016/j.bbrc.2014.09.039,252411910,25241191,"Journal Article; Research Support, Non-U.S. Gov't; Retracted Publication",,2026-04-29T05:51:56Z
doi:10.1016/j.bbrc.2014.09.078,10.1016/j.bbrc.2014.09.078,252641060,25264106,"Journal Article; Research Support, Non-U.S. Gov't; Retracted Publication",,2026-04-29T05:51:56Z
doi:10.1016/j.brainres.2009.02.060,10.1016/j.brainres.2009.02.060,192850460,19285046,"Journal Article; Research Support, N.I.H., Extramural; Retracted Publication",NINDS NIH HHS (R01 NS039860); NINDS NIH HHS (NS 39860),2026-04-29T05:51:56Z
doi:10.1111/clr.12569,10.1111/clr.12569,256648450,25664845,Journal Article; Retracted Publication,,2026-04-29T05:51:56Z
doi:10.1111/clr.12681,10.1111/clr.12681,264346450,26434645,Journal Article; Retracted Publication,,2026-04-29T05:51:56Z
doi:10.1111/clr.12364,10.1111/clr.12364,246020800,24602080,Comparative Study; Journal Article; Retracted Publication,,2026-04-29T05:51:56Z
doi:10.1007/978-94-017-9263-9_4,10.1007/978-94-017-9263-9_4,,41853119,Journal Article; Review,,2026-04-29T05:51:56Z
doi:10.1371/journal.pone.0105555,10.1371/journal.pone.0105555,251480400,25148040,"Journal Article; Research Support, N.I.H., Extramural; Retracted Publication",NCI NIH HHS (R01 CA138466); NCI NIH HHS (CA138466),2026-04-29T05:51:56Z
doi:10.1186/1748-7161-2-15,10.1186/1748-7161-2-15,179566330,17956633,Case Reports; Journal Article; Retracted Publication,,2026-04-29T05:51:56Z
doi:10.1016/j.bbrc.2008.09.133,10.1016/j.bbrc.2008.09.133,188519530,18851953,"Journal Article; Research Support, N.I.H., Extramural; Retracted Publication",NCI NIH HHS (R01 CA081057); NCI NIH HHS (R01 CA81057),2026-04-29T05:51:56Z
doi:10.1111/bph.13259,10.1111/bph.13259,262207360,26220736,Journal Article; Retracted Publication,,2026-04-29T05:51:56Z
doi:10.1128/jcm.01920-16,10.1128/jcm.01920-16,277953480,27795348,Letter; Retracted Publication,,2026-04-29T05:51:56Z
doi:10.1074/jbc.m116.752493,10.1074/jbc.m116.752493,276877250,27687725,Journal Article; Retracted Publication,NIDDK NIH HHS (R01 DK105825); NIDDK NIH HHS (R24 DK092759); NIDDK NIH HHS (R01 DK070127); NIDCR NIH HHS (R01 DE011723); NIDCR NIH HHS (R56 DE011723),2026-04-29T05:51:56Z
doi:10.1128/iai.01192-08,10.1128/iai.01192-08,190750270,19075027,"Journal Article; Research Support, N.I.H., Extramural; Research Support, Non-U.S. Gov't; Retracted Publication",NIAID NIH HHS (R01 AI040567); NIAID NIH HHS (AI 49473); NIAID NIH HHS (AI 40567); NIAID NIH HHS (R29 AI040567); NIAID NIH HHS (R01 AI049473),2026-04-29T05:51:56Z
doi:10.1097/mpg.0000000000001772,10.1097/mpg.0000000000001772,289918390,28991839,Journal Article,,2026-04-29T05:51:56Z
doi:10.1111/clr.12258,10.1111/clr.12258,240251590,24025159,Comparative Study; Journal Article; Retracted Publication,,2026-04-29T05:51:56Z
doi:10.1111/j.1600-0501.2011.02193.x,10.1111/j.1600-0501.2011.02193.x,214922380,21492238,"Journal Article; Research Support, Non-U.S. Gov't; Retracted Publication",,2026-04-29T05:51:56Z
doi:10.1021/jm901773d,10.1021/jm901773d,201701850,20170185,"Journal Article; Research Support, N.I.H., Extramural; Research Support, Non-U.S. Gov't; Retracted Publication",NCI NIH HHS (R01 CA112250); NCI NIH HHS (CA112250),2026-04-29T05:51:56Z
doi:10.1021/jm300015m,10.1021/jm300015m,224689700,22468970,"Journal Article; Research Support, N.I.H., Extramural; Research Support, Non-U.S. Gov't; Research Support, U.S. Gov't, Non-P.H.S.; Retracted Publication",NCI NIH HHS (R01 CA112250); NCI NIH HHS (CA112250),2026-04-29T05:51:56Z
doi:10.1016/j.colsurfb.2015.02.048,10.1016/j.colsurfb.2015.02.048,257796060,25779606,"Journal Article; Research Support, Non-U.S. Gov't; Retracted Publication",,2026-04-29T05:51:56Z
doi:10.1016/j.ijcard.2017.10.096,10.1016/j.ijcard.2017.10.096,294070940,29407094,"Journal Article; Research Support, Non-U.S. Gov't; Retracted Publication",,2026-04-29T05:51:56Z
doi:10.1111/clr.12465,10.1111/clr.12465,251638020,25163802,Journal Article; Retracted Publication,,2026-04-29T05:51:56Z
doi:10.1074/jbc.m007281200,10.1074/jbc.m007281200,112783390,11278339,Journal Article; Retracted Publication,,2026-04-29T05:51:56Z
doi:10.1111/clr.12381,10.1111/clr.12381,246658970,24665897,Journal Article; Retracted Publication,,2026-04-29T05:51:56Z
doi:10.1016/j.jmbbm.2014.11.009,10.1016/j.jmbbm.2014.11.009,254609300,25460930,"Journal Article; Research Support, Non-U.S. Gov't; Retracted Publication",,2026-04-29T05:51:56Z
doi:10.1016/j.msec.2015.01.081,10.1016/j.msec.2015.01.081,256870170,25687017,"Journal Article; Research Support, Non-U.S. Gov't; Retracted Publication",,2026-04-29T05:51:56Z
doi:10.1562/2005-04-11-ra-487,10.1562/2005-04-11-ra-487,159386470,15938647,"Journal Article; Research Support, N.I.H., Extramural; Research Support, Non-U.S. Gov't; Research Support, U.S. Gov't, Non-P.H.S.; Retracted Publication",NIAMS NIH HHS (AR050948-01); NCI NIH HHS (CA105368),2026-04-29T05:51:56Z
doi:10.1093/carcin/bgl043,10.1093/carcin/bgl043,166218860,16621886,"Journal Article; Research Support, N.I.H., Extramural; Research Support, U.S. Gov't, Non-P.H.S.; Retracted Publication",NIAMS NIH HHS (AR050948-01),2026-04-29T05:51:56Z
doi:10.1093/carcin/bgg025,10.1093/carcin/bgg025,127710380,12771038,"Journal Article; Research Support, Non-U.S. Gov't; Research Support, U.S. Gov't, P.H.S.; Retracted Publication",NCI NIH HHS (CA94593); NIEHS NIH HHS (ES11421),2026-04-29T05:51:56Z
doi:10.1093/carcin/bgq215,10.1093/carcin/bgq215,209746860,20974686,"Journal Article; Research Support, U.S. Gov't, Non-P.H.S.; Retracted Publication",BLRD VA (I01 BX001410); NCCIH NIH HHS (R01 AT002536),2026-04-29T05:51:56Z
doi:10.1093/carcin/bgq282,10.1093/carcin/bgq282,211862980,21186298,"Journal Article; Research Support, N.I.H., Extramural; Research Support, U.S. Gov't, Non-P.H.S.; Retracted Publication",NCI NIH HHS (R21 CA140832); NCI NIH HHS (CA140832),2026-04-29T05:51:56Z
doi:10.1016/j.molcel.2006.10.028,10.1016/j.molcel.2006.10.028,171572520,17157252,"Journal Article; Research Support, N.I.H., Extramural; Research Support, Non-U.S. Gov't; Research Support, U.S. Gov't, Non-P.H.S.; Retracted Publication",NIGMS NIH HHS (GM65267),2026-04-29T05:51:56Z
doi:10.1016/j.cell.2005.03.028,10.1016/j.cell.2005.03.028,159074690,15907469,"Journal Article; Research Support, N.I.H., Extramural; Research Support, Non-U.S. Gov't; Research Support, U.S. Gov't, P.H.S.; Retracted Publication",NIBIB NIH HHS (EB 00264); NCI NIH HHS (P30 CA 08748); NIGMS NIH HHS (GM 65267); NIGMS NIH HHS (GM 54703); NIAID NIH HHS (K25 AI 060036); NIAID NIH HHS (K25 AI060036),2026-04-29T05:51:56Z
doi:10.1021/ac302855m,10.1021/ac302855m,231405410,23140541,"Journal Article; Research Support, N.I.H., Extramural; Research Support, U.S. Gov't, Non-P.H.S.; Retracted Publication",NIBIB NIH HHS (R01 EB010043); NIBIB NIH HHS (R21EB005348); NIBIB NIH HHS (R01EB010043),2026-04-29T05:51:56Z
doi:10.1016/j.jaad.2018.01.028,10.1016/j.jaad.2018.01.028,294099150,29409915,Retraction Notice; Retracted Publication,,2026-04-29T05:51:56Z
doi:10.1016/j.chom.2013.03.011,10.1016/j.chom.2013.03.011,236843070,23684307,"Journal Article; Research Support, N.I.H., Extramural; Research Support, Non-U.S. Gov't; Retracted Publication",NIAID NIH HHS (R56 AI093589); NIDDK NIH HHS (R01 DK084424); Howard Hughes Medical Institute (No ID); NIDDK NIH HHS (1K01DK093597-01A1); NIDDK NIH HHS (DK48106); NIDDK NIH HHS (F32 DK081256); NIDDK NIH HHS (P30 DK034854); NIDDK NIH HHS (R01 DK089211); NIAID NIH HHS (R01AI075037); Wellcome Trust (084812); NIAID NIH HHS (R01 AI032412); NIDDK NIH HHS (DK083894); NIDDK NIH HHS (DK084424); NIAID NIH HHS (R01 AI093589); NIDDK NIH HHS (DK090603); NIDDK NIH HHS (R01 DK048106); NIDDK NIH HHS (R21 DK090603); NIAID NIH HHS (R01 AI075037); NIDDK NIH HHS (P30 DK34854); NIDDK NIH HHS (R01DK089211); NIDDK NIH HHS (F32 DK083894); NIDDK NIH HHS (R37 DK048106); NIDDK NIH HHS (R01 DK082448); Wellcome Trust (084812/Z/08/Z); NIDDK NIH HHS (R01DK082448); NIAID NIH HHS (AI093589); NIDDK NIH HHS (K01 DK093597),2026-04-29T05:51:56Z
doi:10.1529/biophysj.104.039842,10.1529/biophysj.104.039842,153455580,15345558,"Journal Article; Research Support, Non-U.S. Gov't",,2026-04-29T05:51:56Z
doi:10.3389/fphar.2017.00871,10.3389/fphar.2017.00871,293119140,29311914,Journal Article; Retracted Publication,NCI NIH HHS (P30 CA016672); NCI NIH HHS (R01 CA211975),2026-04-29T05:51:56Z
doi:10.1002/eji.200637002,10.1002/eji.200637002,175497350,17549735,"Journal Article; Research Support, N.I.H., Extramural; Research Support, Non-U.S. Gov't",NCI NIH HHS (CA104996),2026-04-29T05:51:56Z
doi:10.1002/eji.200737952,10.1002/eji.200737952,188190710,18819071,"Journal Article; Research Support, N.I.H., Extramural",NHLBI NIH HHS (R01 HL077296); NHLBI NIH HHS (R01 HL077296-3),2026-04-29T05:51:56Z
doi:10.1016/j.cell.2016.10.023,10.1016/j.cell.2016.10.023,278398640,27839864,Journal Article; Comment; Retracted Publication,NIH HHS (DP5 OD017885); Intramural NIH HHS (Z01 HL005105),2026-04-29T05:51:56Z
doi:10.1016/j.vetmic.2010.07.008,10.1016/j.vetmic.2010.07.008,208134680,20813468,"Journal Article; Research Support, Non-U.S. Gov't",,2026-04-29T05:51:56Z
doi:10.1016/j.gaitpost.2010.09.011,10.1016/j.gaitpost.2010.09.011,209716430,20971643,Journal Article,Intramural NIH HHS (Z99 MH999999),2026-04-29T05:51:56Z
doi:10.1148/radiol.2017172255,10.1148/radiol.2017172255,292614550,29261455,Journal Article; Retraction Notice,,2026-04-29T05:51:56Z
doi:10.1148/radiol.2017170102,10.1148/radiol.2017170102,287313750,28731375,Journal Article; Retracted Publication,,2026-04-29T05:51:56Z
doi:10.1097/dss.0000000000001347,10.1097/dss.0000000000001347,290649860,29064986,Journal Article; Review; Retracted Publication,,2026-04-29T05:51:56Z
doi:10.1016/j.jaad.2016.07.062,10.1016/j.jaad.2016.07.062,280890160,28089016,Letter; Retracted Publication,,2026-04-29T05:51:56Z
doi:10.1016/j.jen.2016.08.014,10.1016/j.jen.2016.08.014,277733340,27773334,Journal Article; Retracted Publication,,2026-04-29T05:51:56Z
doi:10.1016/j.canlet.2009.01.009,10.1016/j.canlet.2009.01.009,192310690,19231069,Journal Article; Retracted Publication,NCI NIH HHS (P50 CA097248),2026-04-29T05:51:56Z
doi:10.1016/j.canlet.2011.03.012,10.1016/j.canlet.2011.03.012,214639190,21463919,"Journal Article; Research Support, N.I.H., Extramural; Research Support, Non-U.S. Gov't; Retracted Publication",NCI NIH HHS (R01 CA131151); NCI NIH HHS (5R01CA131151); NCI NIH HHS (5R01CA132794); NCI NIH HHS (R01 CA132794); NCI NIH HHS (3R01CA131151-02S1),2026-04-29T05:51:56Z
doi:10.1096/fj.201700932rr,10.1096/fj.201700932rr,294015840,29401584,Journal Article; Retracted Publication,,2026-04-29T05:51:56Z
doi:10.1038/nmeth.4293,10.1038/nmeth.4293,285579810,28557981,"Journal Article; Research Support, N.I.H., Extramural; Research Support, Non-U.S. Gov't",NEI NIH HHS (F31 EY026789); NIA NIH HHS (R21 AG050437); NEI NIH HHS (R01 EY018213); NEI NIH HHS (R01 EY024665); NEI NIH HHS (K08 EY020530); NEI NIH HHS (R01 EY026682); NINDS NIH HHS (R01 NS098590); NEI NIH HHS (R01 EY025225); NCI NIH HHS (P30 CA013696); NEI NIH HHS (R01 EY024698); NEI NIH HHS (P30 EY019007),2026-04-29T05:51:56Z
doi:10.1016/j.canlet.2016.12.030,10.1016/j.canlet.2016.12.030,280439130,28043913,"Journal Article; Research Support, Non-U.S. Gov't; Research Support, N.I.H., Extramural; Retracted Publication",NCI NIH HHS (P50 CA101955); NCI NIH HHS (R01 CA124531); NCI NIH HHS (R21 CA182056),2026-04-29T05:51:56Z
doi:10.1016/j.jcjd.2016.04.003,10.1016/j.jcjd.2016.04.003,272830910,27283091,Journal Article; Retracted Publication,,2026-04-29T05:51:56Z
doi:10.1016/j.neuroimage.2013.02.041,10.1016/j.neuroimage.2013.02.041,234669400,23466940,Journal Article; Retracted Publication,,2026-04-29T05:51:56Z
doi:10.1016/j.gie.2016.09.017,10.1016/j.gie.2016.09.017,276637140,27663714,Journal Article; Multicenter Study; Retracted Publication,,2026-04-29T05:51:56Z
doi:10.1371/journal.pone.0010581,10.1371/journal.pone.0010581,204987230,20498723,"Journal Article; Research Support, N.I.H., Extramural; Retracted Publication",NIGMS NIH HHS (R01 GM073776); NIGMS NIH HHS (GM073776),2026-04-29T05:51:56Z
doi:10.1177/0300060517732486,10.1177/0300060517732486,292103130,29210313,Journal Article; Retracted Publication,,2026-04-29T05:51:56Z
doi:10.1016/j.transproceed.2011.08.047,10.1016/j.transproceed.2011.08.047,220998360,22099836,Journal Article; Retracted Publication,,2026-04-29T05:51:56Z
doi:10.1016/j.febslet.2008.02.035,10.1016/j.febslet.2008.02.035,182956010,18295601,Journal Article; Retracted Publication,,2026-04-29T05:51:56Z
doi:10.1073/pnas.1100186108,10.1073/pnas.1100186108,217884970,21788497,"Journal Article; Research Support, Non-U.S. Gov't; Retracted Publication",Wellcome Trust (No ID),2026-04-29T05:51:56Z
doi:10.1073/pnas.1505035112,10.1073/pnas.1505035112,259184200,25918420,"Journal Article; Research Support, N.I.H., Intramural; Retracted Publication",Intramural NIH HHS (No ID),2026-04-29T05:51:56Z
doi:10.15252/emmm.201505088,10.15252/emmm.201505088,259953360,25995336,"Journal Article; Research Support, N.I.H., Extramural; Research Support, Non-U.S. Gov't; Retracted Publication",Wellcome Trust (100204); NIAID NIH HHS (R37 AI083256); Wellcome Trust (WT100204AIA); NIAID NIH HHS (2 R37 AI83256-06),2026-04-29T05:51:56Z
doi:10.1097/aog.0000000000002256,10.1097/aog.0000000000002256,288854180,28885418,Case Reports; Journal Article; Retracted Publication,,2026-04-29T05:51:56Z
doi:10.1097/aog.0000000000001628,10.1097/aog.0000000000001628,276078700,27607870,Journal Article; Retracted Publication,,2026-04-29T05:51:56Z
doi:10.1001/jamapsychiatry.2014.763,10.1001/jamapsychiatry.2014.763,250069690,25006969,"Journal Article; Research Support, N.I.H., Extramural; Research Support, Non-U.S. Gov't",NIMH NIH HHS (R01 MH086654); NIMH NIH HHS (R37 MH059105); NIMH NIH HHS (R01 MH099064); NIMH NIH HHS (R01 MH096773); NIMH NIH HHS (F32 MH098632); NIMH NIH HHS (R00 MH091238); NIMH NIH HHS (R01 MH115357); NIMH NIH HHS (R01 MH059105),2026-04-29T05:51:56Z
doi:10.1074/jbc.m513278200,10.1074/jbc.m513278200,165375330,16537533,"Journal Article; Research Support, N.I.H., Extramural; Retracted Publication",NCI NIH HHS (R01 CA086978); NIEHS NIH HHS (R01 ES010874); NIEHS NIH HHS (ES 10874); NCI NIH HHS (CA 86978),2026-04-29T05:51:56Z
doi:10.1074/jbc.m601155200,10.1074/jbc.m601155200,167355070,16735507,"Journal Article; Research Support, N.I.H., Extramural; Retracted Publication",NCI NIH HHS (R01 CA086978); NIEHS NIH HHS (R01 ES010874); NIEHS NIH HHS (ES10874); NCI NIH HHS (CA86978),2026-04-29T05:51:56Z
doi:10.1074/jbc.m700691200,10.1074/jbc.m700691200,176315040,17631504,"Journal Article; Research Support, N.I.H., Extramural; Retracted Publication",NCI NIH HHS (P01 CA101956); NCI NIH HHS (R01 CA086978); NCI NIH HHS (CA 10195); NCI NIH HHS (CA 86978),2026-04-29T05:51:56Z
doi:10.1074/jbc.m802840200,10.1074/jbc.m802840200,189971740,18997174,"Journal Article; Research Support, N.I.H., Extramural; Retracted Publication",NCI NIH HHS (R01 CA086978); NCI NIH HHS (CA086978); NCI NIH HHS (CA101956); NCI NIH HHS (CA122695),2026-04-29T05:51:56Z
doi:10.1074/jbc.m111.270926,10.1074/jbc.m111.270926,220097550,22009755,"Journal Article; Research Support, N.I.H., Extramural; Retracted Publication",NCI NIH HHS (R21 CA137567); NCRR NIH HHS (UL1 RR025755); NCI NIH HHS (CA137567),2026-04-29T05:51:56Z
doi:10.7554/elife.03011,10.7554/elife.03011,250972490,25097249,"Journal Article; Research Support, N.I.H., Extramural; Research Support, Non-U.S. Gov't; Retracted Publication",NIDCD NIH HHS (F30 DC013716); NINDS NIH HHS (R01NS032405); NIMH NIH HHS (T32 MH020017); NIDA NIH HHS (K01 DA029044); NINDS NIH HHS (R01 NS032405); NINDS NIH HHS (T32NS007484); NIDCD NIH HHS (F30-DC013716-01); NIDA NIH HHS (K01DA029044); NINDS NIH HHS (T32 NS007484),2026-04-29T05:51:56Z
doi:10.1016/j.ijpharm.2012.05.025,10.1016/j.ijpharm.2012.05.025,226339040,22633904,"Comparative Study; Journal Article; Research Support, N.I.H., Extramural",NEI NIH HHS (EY018940); NEI NIH HHS (R01 EY017533); NEI NIH HHS (R01 EY018940); NEI NIH HHS (EY017533); NEI NIH HHS (R24 EY017045); NEI NIH HHS (EY017045),2026-04-29T05:51:56Z
doi:10.3390/ijerph120809375,10.3390/ijerph120809375,262706710,26270671,Journal Article; Retracted Publication,,2026-04-29T05:51:56Z
doi:10.1016/j.japh.2017.03.008,10.1016/j.japh.2017.03.008,285063770,28506377,Journal Article; Retracted Publication,,2026-04-29T05:51:56Z
doi:10.1128/mcb.21.7.2485-2495.2001,10.1128/mcb.21.7.2485-2495.2001,112595970,11259597,"Journal Article; Research Support, Non-U.S. Gov't; Retracted Publication",,2026-04-29T05:51:56Z
doi:10.1016/j.ypmed.2012.07.012,10.1016/j.ypmed.2012.07.012,228465020,22846502,"Comparative Study; Journal Article; Research Support, Non-U.S. Gov't; Research Support, U.S. Gov't, Non-P.H.S.; Retracted Publication",,2026-04-29T05:51:56Z
doi:10.1242/bio.20134747,10.1242/bio.20134747,238620160,23862016,Journal Article; Retracted Publication,,2026-04-29T05:51:56Z
doi:10.1128/jvi.56.1.284-292.1985,10.1128/jvi.56.1.284-292.1985,29936560,2993656,"Journal Article; Research Support, Non-U.S. Gov't; Retracted Publication",,2026-04-29T05:51:56Z
doi:10.1074/jbc.m403481200,10.1074/jbc.m403481200,150845920,15084592,Journal Article,,2026-04-29T05:51:56Z
doi:10.1074/jbc.m312310200,10.1074/jbc.m312310200,146453720,14645372,Journal Article,,2026-04-29T05:51:56Z
doi:10.1007/978-3-319-71976-4_6,10.1007/978-3-319-71976-4_6,,41583538,Journal Article,NICHD NIH HHS (P2C HD058484),2026-04-29T05:51:56Z
doi:10.1016/j.anpedi.2010.01.002,10.1016/j.anpedi.2010.01.002,202072080,20207208,Consensus Statement; Journal Article; Practice Guideline,,2026-04-29T05:51:56Z
doi:10.1128/aem.02599-10,10.1128/aem.02599-10,216227970,21622797,"Journal Article; Research Support, N.I.H., Extramural; Research Support, U.S. Gov't, Non-P.H.S.; Retracted Publication",NIAID NIH HHS (R01 AI052217); NIAID NIH HHS (AI52217),2026-04-29T05:51:56Z
doi:10.1016/j.jse.2005.05.009,10.1016/j.jse.2005.05.009,169790440,16979044,Case Reports; Duplicate Publication; Journal Article,,2026-04-29T05:51:56Z
doi:10.1016/j.jconhyd.2005.05.014,10.1016/j.jconhyd.2005.05.014,161263040,16126304,"Comparative Study; Duplicate Publication; Journal Article; Research Support, U.S. Gov't, Non-P.H.S.",,2026-04-29T05:51:56Z
doi:10.1248/bpb.b15-00585,10.1248/bpb.b15-00585,265484200,26548420,Journal Article,,2026-04-29T05:51:56Z
doi:10.1088/0957-4484/18/49/495606,10.1088/0957-4484/18/49/495606,204463710,20446371,Journal Article; Retracted Publication,,2026-04-29T05:51:56Z
doi:10.1111/1751-2980.12219,10.1111/1751-2980.12219,254955590,25495559,Journal Article; Review; Retracted Publication,,2026-04-29T05:51:56Z
doi:10.1073/pnas.94.9.4526,10.1073/pnas.94.9.4526,91140230,9114023,"Comparative Study; Journal Article; Research Support, Non-U.S. Gov't; Retracted Publication",,2026-04-29T05:51:56Z
doi:10.1155/2017/7539735,10.1155/2017/7539735,291707190,29170719,Journal Article; Review; Retracted Publication,,2026-04-29T05:51:56Z
doi:10.1021/ja501979g,10.1021/ja501979g,247128380,24712838,"Journal Article; Research Support, N.I.H., Extramural; Research Support, U.S. Gov't, Non-P.H.S.; Retracted Publication",NIGMS NIH HHS (R01 GM075107),2026-04-29T05:51:56Z
doi:10.1210/me.2006-0514,10.1210/me.2006-0514,175050580,17505058,"Journal Article; Research Support, N.I.H., Extramural",NCI NIH HHS (CA098823); NCI NIH HHS (CA90970),2026-04-29T05:51:56Z
doi:10.1016/j.drudis.2014.03.027,10.1016/j.drudis.2014.03.027,247475610,24747561,Journal Article,,2026-04-29T05:51:56Z
doi:10.1021/ol201980r,10.1021/ol201980r,218883270,21888327,"Journal Article; Research Support, N.I.H., Extramural; Research Support, Non-U.S. Gov't; Retracted Publication",NIGMS NIH HHS (R01 GM025439); NIGMS NIH HHS (R01 GM031077); NIGMS NIH HHS (GM25439); NIGMS NIH HHS (GM31077),2026-04-29T05:51:56Z
doi:10.1089/jpm.2015.0230,10.1089/jpm.2015.0230,268357430,26835743,Journal Article; Retracted Publication,,2026-04-29T05:51:56Z
doi:10.1111/jphp.12787,10.1111/jphp.12787,287766730,28776673,Journal Article; Retraction Notice,,2026-04-29T05:51:56Z
doi:10.1017/s0007114516003822,10.1017/s0007114516003822,278900440,27890044,Comparative Study; Journal Article,,2026-04-29T05:51:56Z
doi:10.1038/nchem.807,10.1038/nchem.807,208618880,20861888,Comment; News; Retracted Publication,,2026-04-29T05:51:56Z
doi:10.1038/sj.npp.1300740,10.1038/sj.npp.1300740,158275660,15827566,"Comparative Study; Journal Article; Research Support, N.I.H., Extramural; Research Support, U.S. Gov't, P.H.S.; Retracted Publication",,2026-04-29T05:51:56Z
doi:10.1111/j.1467-7687.2009.00842.x,10.1111/j.1467-7687.2009.00842.x,198400470,19840047,Journal Article; Retracted Publication,,2026-04-29T05:51:56Z
doi:10.4081/or.2012.e1,10.4081/or.2012.e1,225774970,22577497,Journal Article; Retracted Publication,,2026-04-29T05:51:56Z
doi:10.1186/2044-5040-2-6,10.1186/2044-5040-2-6,225416440,22541644,Journal Article; Retracted Publication,,2026-04-29T05:51:56Z
doi:10.1038/cr.2011.194,10.1038/cr.2011.194,221435670,22143567,Journal Article; Retracted Publication,,2026-04-29T05:51:56Z
doi:10.1017/s1355617717000856,10.1017/s1355617717000856,288898320,28889832,Journal Article; Retracted Publication,,2026-04-29T05:51:56Z
doi:10.1021/ja402927u,10.1021/ja402927u,237958140,23795814,"Journal Article; Research Support, N.I.H., Extramural; Research Support, Non-U.S. Gov't; Retracted Publication",NIGMS NIH HHS (R01 GM062159); NIGMS NIH HHS (R01 GM083114),2026-04-29T05:51:56Z
doi:10.3390/ijms12042325,10.3390/ijms12042325,217314440,21731444,Journal Article; Retracted Publication,NCRR NIH HHS (S10 RR011973),2026-04-29T05:51:56Z
doi:10.1016/j.socscimed.2011.06.045,10.1016/j.socscimed.2011.06.045,218202230,21820223,"Journal Article; Research Support, Non-U.S. Gov't; Research Support, U.S. Gov't, Non-P.H.S.; Retracted Publication",,2026-04-29T05:51:56Z
doi:10.1002/prot.24679,10.1002/prot.24679,251793440,30338965,Journal Article; Retracted Publication,,2026-04-29T05:51:56Z
doi:10.1002/prot.24661,10.1002/prot.24661,250928000,30338968,Journal Article; Retracted Publication,,2026-04-29T05:51:56Z
doi:10.1002/2016jd026070,10.1002/2016jd026070,286036810,28603681,Journal Article,,2026-04-29T05:51:56Z
doi:10.1016/j.jmr.2012.11.030,10.1016/j.jmr.2012.11.030,233334560,23333456,"Journal Article; Research Support, U.S. Gov't, Non-P.H.S.",,2026-04-29T05:51:56Z
doi:10.1038/srep00537,10.1038/srep00537,228445780,22844578,Journal Article,,2026-04-29T05:51:56Z
doi:10.1038/nmat4795,10.1038/nmat4795,278208120,27820812,Journal Article; Retracted Publication,,2026-04-29T05:51:56Z
doi:10.1371/journal.pone.0146809,10.1371/journal.pone.0146809,268158570,26815857,"Journal Article; Research Support, Non-U.S. Gov't; Retracted Publication",,2026-04-29T05:51:56Z
doi:10.1038/cdd.2010.27,10.1038/cdd.2010.27,203393780,20339378,Journal Article; Retracted Publication,,2026-04-29T05:51:56Z
doi:10.1097/ccm.0000000000002689,10.1097/ccm.0000000000002689,288374290,28837429,Journal Article; Retracted Publication,,2026-04-29T05:51:56Z
doi:10.1074/jbc.m500417200,10.1074/jbc.m500417200,158241170,15824117,"Journal Article; Research Support, N.I.H., Extramural; Research Support, U.S. Gov't, P.H.S.; Retracted Publication",NIEHS NIH HHS (P30 ES005022); NIEHS NIH HHS (ES 05022),2026-04-29T05:51:56Z
doi:10.1016/s0195-6663(03)00120-x,10.1016/s0195-6663(03)00120-x,146373310,14637331,"Journal Article; Research Support, Non-U.S. Gov't",,2026-04-29T05:51:56Z
doi:10.1155/s1064744999000046,10.1155/s1064744999000046,102310030,10231003,Journal Article; Retracted Publication,,2026-04-29T05:51:56Z
doi:10.1007/s40615-016-0330-0,10.1007/s40615-016-0330-0,280786590,28078659,Journal Article; Retraction Notice,NIGMS NIH HHS (R25 GM056929); NHLBI NIH HHS (R25 HL108853); NIGMS NIH HHS (R25_GM56929); NHLBI NIH HHS (HL07480),2026-04-29T05:51:56Z
doi:10.1111/jcpt.12653,10.1111/jcpt.12653,291646350,29164635,Journal Article; Retracted Publication,,2026-04-29T05:51:56Z
doi:10.1126/science.141.3584.919,10.1126/science.141.3584.919,140433370,14043337,Journal Article; Retracted Publication,,2026-04-29T05:51:56Z
doi:10.1126/science.254.5033.826,10.1126/science.254.5033.826,177871700,17787170,Journal Article,,2026-04-29T05:51:56Z
doi:10.1126/science.243.4894.1047,10.1126/science.243.4894.1047,177348070,17734807,Journal Article,,2026-04-29T05:51:56Z
doi:10.1002/cncr.29381,10.1002/cncr.29381,258239300,25823930,"Journal Article; Research Support, N.I.H., Extramural; Research Support, Non-U.S. Gov't; Retracted Publication",NCI NIH HHS (P30 CA016672); NIDCR NIH HHS (U01 DE019765); NCI NIH HHS (CA016672); NCI NIH HHS (R01 CA169122); NCI NIH HHS (R01CA169122); NIDCR NIH HHS (U01 DE019765-01),2026-04-29T05:51:56Z
doi:10.1111/j.1529-8817.2011.01041.x,10.1111/j.1529-8817.2011.01041.x,270283470,27028347,Journal Article,,2026-04-29T05:51:56Z
doi:10.1016/j.exer.2011.07.014,10.1016/j.exer.2011.07.014,218199810,21819981,Journal Article,,2026-04-29T05:51:56Z
doi:10.1371/journal.pone.0144268,10.1371/journal.pone.0144268,267600330,26760033,Journal Article; Retracted Publication,,2026-04-29T05:51:56Z
doi:10.1016/j.ijom.2003.09.011,10.1016/j.ijom.2003.09.011,212567120,21256712,Journal Article,,2026-04-29T05:51:56Z
doi:10.1074/jbc.m111.255711,10.1074/jbc.m111.255711,219875780,21987578,"Journal Article; Research Support, N.I.H., Extramural; Research Support, Non-U.S. Gov't; Retracted Publication",NIAID NIH HHS (T32 AI007324); NIAID NIH HHS (AI66290); NIAID NIH HHS (U19 AI066290); NIAID NIH HHS (T32 AI-07324-17); NIAID NIH HHS (AI52845); NIAID NIH HHS (R01 AI052845),2026-04-29T05:51:56Z
doi:10.1073/pnas.1516945113,10.1073/pnas.1516945113,269036310,26903631,"Journal Article; Research Support, Non-U.S. Gov't; Research Support, U.S. Gov't, Non-P.H.S.; Retracted Publication",,2026-04-29T05:51:56Z
doi:10.1093/jnci/djq427,10.1093/jnci/djq427,210449640,21044964,"Journal Article; Research Support, N.I.H., Extramural",NCI NIH HHS (CA15083),2026-04-29T05:51:56Z
doi:10.1016/j.brat.2010.10.009,10.1016/j.brat.2010.10.009,211297300,21129730,Journal Article,,2026-04-29T05:51:56Z
doi:10.1016/j.canlet.2012.01.013,10.1016/j.canlet.2012.01.013,222613380,22261338,"Journal Article; Research Support, N.I.H., Extramural; Retracted Publication",NCI NIH HHS (3R01CA131151-02S109); NCI NIH HHS (R01 CA131151); NCI NIH HHS (R01 CA154321); NCI NIH HHS (1R01CA132794); NCI NIH HHS (R01 CA132794); NCI NIH HHS (1R01CA154321); NCI NIH HHS (5R01CA131151),2026-04-29T05:51:56Z
doi:10.1021/acschembio.5b00632,10.1021/acschembio.5b00632,263178480,26317848,"Journal Article; Research Support, N.I.H., Extramural; Research Support, Non-U.S. Gov't; Retracted Publication",NIGMS NIH HHS (R01 GM100919); NIGMS NIH HHS (R01GM100919),2026-04-29T05:51:56Z
doi:10.1136/ip.2006.015115,10.1136/ip.2006.015115,180563170,18056317,"Comparative Study; Evaluation Study; Journal Article; Research Support, U.S. Gov't, P.H.S.; Retracted Publication",,2026-04-29T05:51:56Z
doi:10.1073/pnas.1012753108,10.1073/pnas.1012753108,213211910,21321191,"Journal Article; Research Support, N.I.H., Extramural; Research Support, Non-U.S. Gov't; Retracted Publication",NIAID NIH HHS (R01 AI/HL-51390); NHLBI NIH HHS (R01 HL097088); NIDDK NIH HHS (P01 DK058327); NHLBI NIH HHS (P01 HL-076901); NHLBI NIH HHS (P01 HL-078810); NHLBI NIH HHS (R01 HL076901); NHLBI NIH HHS (P01 HL078810); NHLBI NIH HHS (R01 HL-097088); NIDDK NIH HHS (P01 DK-058327); NIAID NIH HHS (R01 AI051390),2026-04-29T05:51:56Z
doi:10.1073/pnas.1613440113,10.1073/pnas.1613440113,278723020,27872302,"Journal Article; Research Support, Non-U.S. Gov't; Research Support, U.S. Gov't, Non-P.H.S.; Retracted Publication",,2026-04-29T05:51:56Z
doi:10.1038/sj.tpj.6500391,10.1038/sj.tpj.6500391,166366840,16636684,"Journal Article; Research Support, N.I.H., Intramural; Retracted Publication",Intramural NIH HHS (No ID),2026-04-29T05:51:56Z
doi:10.1186/s40478-016-0393-5,10.1186/s40478-016-0393-5,278635070,27863507,"Journal Article; Research Support, N.I.H., Extramural; Research Support, Non-U.S. Gov't; Retracted Publication",NINDS NIH HHS (P01 NS058901); NINDS NIH HHS (R01 NS098819); NINDS NIH HHS (R21 NS091435); NINDS NIH HHS (T32 NS082168),2026-04-29T05:51:56Z
doi:10.1016/j.nbd.2011.02.007,10.1016/j.nbd.2011.02.007,213243630,21324363,"Journal Article; Research Support, Non-U.S. Gov't; Retracted Publication",,2026-04-29T05:51:56Z
doi:10.3349/ymj.2009.50.2.189,10.3349/ymj.2009.50.2.189,194305490,19430549,Journal Article; Retracted Publication,,2026-04-29T05:51:56Z
doi:10.1074/jbc.m112.398776,10.1074/jbc.m112.398776,229552860,22955286,"Journal Article; Research Support, Non-U.S. Gov't; Retracted Publication",,2026-04-29T05:51:56Z
doi:10.1016/s0899-9007(02)90845-2,10.1016/s0899-9007(02)90845-2,122972170,12297217,Case Reports; Journal Article,,2026-04-29T05:51:56Z
doi:10.1016/s0300-483x(02)00028-8,10.1016/s0300-483x(02)00028-8,119556900,11955690,Journal Article; Review,,2026-04-29T05:51:56Z
doi:10.1016/s0092-8674(00)81866-8,10.1016/s0092-8674(00)81866-8,90194000,9019400,"Journal Article; Research Support, Non-U.S. Gov't; Research Support, U.S. Gov't, P.H.S.; Retracted Publication",NHGRI NIH HHS (HG00298),2026-04-29T05:51:56Z
doi:10.1016/s1049-3867(05)80247-6,10.1016/s1049-3867(05)80247-6,82748680,8274868,Autobiography; Biography; Historical Article; Journal Article,,2026-04-29T05:51:56Z
doi:10.1128/mcb.00802-12,10.1128/mcb.00802-12,232754420,23275442,"Journal Article; Research Support, N.I.H., Extramural; Research Support, Non-U.S. Gov't; Retracted Publication",NIAMS NIH HHS (R03 AR054070); NIAMS NIH HHS (5R03AR054070),2026-04-29T05:51:56Z
doi:10.1128/jvi.01208-12,10.1128/jvi.01208-12,227872220,22787222,"Journal Article; Research Support, Non-U.S. Gov't; Retracted Publication",Wellcome Trust (097997),2026-04-29T05:51:56Z
doi:10.1016/j.bbrc.2016.05.128,10.1016/j.bbrc.2016.05.128,272355540,27235554,Journal Article; Retracted Publication,,2026-04-29T05:51:56Z
doi:10.1016/j.genhosppsych.2017.04.008,10.1016/j.genhosppsych.2017.04.008,291221440,29122144,Editorial,,2026-04-29T05:51:56Z
doi:10.3389/fpsyg.2016.01298,10.3389/fpsyg.2016.01298,276561520,27656152,Journal Article; Retracted Publication,,2026-04-29T05:51:56Z
doi:10.1038/nchem.2551,10.1038/nchem.2551,276578660,27657866,"Journal Article; Research Support, Non-U.S. Gov't; Research Support, U.S. Gov't, Non-P.H.S.; Retracted Publication",Howard Hughes Medical Institute (No ID),2026-04-29T05:51:56Z
doi:10.1016/j.freeradbiomed.2011.11.027,10.1016/j.freeradbiomed.2011.11.027,221982630,22198263,"Journal Article; Research Support, N.I.H., Extramural; Research Support, Non-U.S. Gov't; Retracted Publication",NIEHS NIH HHS (R21 ES020426); NIEHS NIH HHS (ES020426); NIEHS NIH HHS (ES016126); NIEHS NIH HHS (R01 ES016126); NIEHS NIH HHS (ES016347); NIEHS NIH HHS (R01 ES016347),2026-04-29T05:51:56Z
doi:10.1542/peds.2016-2539,10.1542/peds.2016-2539,281937900,28193790,Journal Article; Retracted Publication,,2026-04-29T05:51:56Z
doi:10.7314/apjcp.2012.13.3.1043,10.7314/apjcp.2012.13.3.1043,226316350,22631635,"Journal Article; Research Support, Non-U.S. Gov't; Retracted Publication",,2026-04-29T05:51:56Z
doi:10.1128/aem.03445-16,10.1128/aem.03445-16,281597850,28159785,Journal Article; Retracted Publication,,2026-04-29T05:51:56Z
doi:10.1097/00000542-200603000-00006,10.1097/00000542-200603000-00006,165083860,16508386,Journal Article; Randomized Controlled Trial; Retracted Publication,,2026-04-29T05:51:56Z
doi:10.1161/circheartfailure.117.003960,10.1161/circheartfailure.117.003960,286111280,28611128,Journal Article; Retracted Publication,NHLBI NIH HHS (R01 HL130346),2026-04-29T05:51:56Z
doi:10.1128/genomea.00731-17,10.1128/genomea.00731-17,287981740,28798174,Journal Article; Retracted Publication,,2026-04-29T05:51:56Z
doi:10.1213/01.ane.0000237279.08847.2d,10.1213/01.ane.0000237279.08847.2d,170569680,17056968,Comparative Study; Journal Article; Randomized Controlled Trial; Retracted Publication,,2026-04-29T05:51:56Z
doi:10.1007/s11948-015-9713-6,10.1007/s11948-015-9713-6,265072050,26507205,Journal Article; Review; Retraction Notice,,2026-04-29T05:51:56Z
doi:10.1016/j.jnutbio.2008.05.003,10.1016/j.jnutbio.2008.05.003,187896720,18789672,"Journal Article; Research Support, N.I.H., Extramural; Retracted Publication",NHLBI NIH HHS (HL 22559); NHLBI NIH HHS (HL 33889); NHLBI NIH HHS (HL 56322); NHLBI NIH HHS (HL 56803),2026-04-29T05:51:56Z
doi:10.1016/j.canlet.2011.12.011,10.1016/j.canlet.2011.12.011,221824520,22182452,Journal Article,NCI NIH HHS (P01 CA124787); NCI NIH HHS (P30 CA016672),2026-04-29T05:51:56Z
doi:10.1016/j.bbadis.2012.01.002,10.1016/j.bbadis.2012.01.002,222658470,22265847,Journal Article,NCI NIH HHS (P01 CA124787); NCI NIH HHS (P30 CA016672),2026-04-29T05:51:56Z
doi:10.1517/13543776.2015.1064899,10.1517/13543776.2015.1064899,263720040,26372004,"Journal Article; Research Support, Non-U.S. Gov't; Retracted Publication",,2026-04-29T05:51:56Z
doi:10.7150/thno/v01p0003,10.7150/thno/v01p0003,215471510,21547151,Journal Article; Retracted Publication,NCI NIH HHS (P01 CA098912); NIGMS NIH HHS (R01 GM094816); NCI NIH HHS (R21 CA133641); NCRR NIH HHS (S10 RR026399),2026-04-29T05:51:56Z
doi:10.1016/j.jri.2006.08.082,10.1016/j.jri.2006.08.082,170104460,17010446,"Journal Article; Research Support, N.I.H., Extramural; Retracted Publication",NICHD NIH HHS (HD37432); NICHD NIH HHS (HD43175),2026-04-29T05:51:56Z
doi:10.1371/journal.pone.0034537,10.1371/journal.pone.0034537,225093180,22509318,"Comparative Study; Journal Article; Research Support, N.I.H., Extramural; Retracted Publication",NCI NIH HHS (P01 CA098912); NCI NIH HHS (P50 CA098258); NIGMS NIH HHS (R01 GM094816); NCRR NIH HHS (S10 RR026399); NCRR NIH HHS (S10RR026399 01); NCI NIH HHS (2P50CA098258-06); NIGMS NIH HHS (R01GM094816),2026-04-29T05:51:56Z
doi:10.1371/journal.pone.0131981,10.1371/journal.pone.0131981,261475010,26147501,"Journal Article; Research Support, Non-U.S. Gov't; Retracted Publication",,2026-04-29T05:51:56Z
doi:10.1242/jcs.197574,10.1242/jcs.197574,280824220,28082422,Journal Article; Retracted Publication,NIGMS NIH HHS (P20 GM103418); NCI NIH HHS (P30 CA168524); NCI NIH HHS (R01 CA178831),2026-04-29T05:51:56Z
doi:10.1126/science.346.6216.1486,10.1126/science.346.6216.1486,255252400,25525240,"Journal Article; Research Support, N.I.H., Extramural; Research Support, Non-U.S. Gov't; Retracted Publication",NCI NIH HHS (R01 CA157996); Howard Hughes Medical Institute (No ID); NIAID NIH HHS (U19 AI100627); NIAID NIH HHS (P01 AI070167); NIAID NIH HHS (R01 AI093967),2026-04-29T05:51:56Z
doi:10.1148/radiol.2017161981,10.1148/radiol.2017161981,291556200,29155620,Journal Article,,2026-04-29T05:51:56Z
doi:10.1371/journal.pone.0048402,10.1371/journal.pone.0048402,231190040,23119004,Journal Article; Retracted Publication,,2026-04-29T05:51:56Z
doi:10.1074/jbc.m109.065987,10.1074/jbc.m109.065987,200229490,20022949,"Journal Article; Research Support, N.I.H., Extramural; Retracted Publication",NCI NIH HHS (R01 CA098823); NHLBI NIH HHS (R01 HL088128); NCI NIH HHS (CA98823); NHLBI NIH HHS (R01HL088128),2026-04-29T05:51:56Z
doi:10.1001/archpediatrics.2012.999,10.1001/archpediatrics.2012.999,229113960,22911396,"Controlled Clinical Trial; Letter; Research Support, Non-U.S. Gov't; Retracted Publication",,2026-04-29T05:51:56Z
doi:10.5301/jabfm.5000203,10.5301/jabfm.5000203,249214600,24921460,"Journal Article; Research Support, Non-U.S. Gov't; Retracted Publication",,2026-04-29T05:51:56Z
doi:10.1128/mcb.00987-12,10.1128/mcb.00987-12,234385970,23438597,"Journal Article; Research Support, N.I.H., Extramural; Research Support, Non-U.S. Gov't; Research Support, U.S. Gov't, Non-P.H.S.; Retracted Publication",NCI NIH HHS (F32-CA110624); NCI NIH HHS (F32 CA110624); NCI NIH HHS (R01-CA31534); NCI NIH HHS (R01 CA031534); NIAID NIH HHS (R01 AI047829),2026-04-29T05:51:56Z
doi:10.1242/dev.058479,10.1242/dev.058479,213857650,21385765,"Journal Article; Research Support, N.I.H., Extramural; Research Support, Non-U.S. Gov't; Retracted Publication",NHLBI NIH HHS (R01S HL 44060); NHLBI NIH HHS (HL44977); NHLBI NIH HHS (R01 HL044977); NHLBI NIH HHS (P01 HL060231); NHLBI NIH HHS (P01 HL 60231); NIGMS NIH HHS (R01 GM096195); NHLBI NIH HHS (R01 HL044060),2026-04-29T05:51:56Z
doi:10.1371/journal.pone.0054692,10.1371/journal.pone.0054692,233656780,23365678,"Journal Article; Research Support, N.I.H., Extramural; Research Support, Non-U.S. Gov't; Retracted Publication",NEI NIH HHS (R01 EY014560); NEI NIH HHS (R01 EY022408),2026-04-29T05:51:56Z
doi:10.4300/jgme-d-15-00318.1,10.4300/jgme-d-15-00318.1,271688830,27168883,Journal Article; Retracted Publication,,2026-04-29T05:51:56Z
doi:10.1074/jbc.m112.387738,10.1074/jbc.m112.387738,230869320,23086932,"Journal Article; Research Support, N.I.H., Extramural; Retracted Publication",NIEHS NIH HHS (R01 ES007943),2026-04-29T05:51:56Z
doi:10.1016/j.eururo.2014.08.004,10.1016/j.eururo.2014.08.004,251501730,25150173,Editorial; Comment; Retracted Publication,,2026-04-29T05:51:56Z
doi:10.1152/ajprenal.00620.2016,10.1152/ajprenal.00620.2016,285151790,28515179,Journal Article; Retracted Publication,NIDDK NIH HHS (R01 DK094930),2026-04-29T05:51:56Z
doi:10.1016/j.tox.2012.12.011,10.1016/j.tox.2012.12.011,232740870,23274087,"Journal Article; Research Support, Non-U.S. Gov't; Retracted Publication",,2026-04-29T05:51:56Z
doi:10.1371/journal.pone.0062170,10.1371/journal.pone.0062170,236379920,23637992,Journal Article; Retracted Publication,,2026-04-29T05:51:56Z
doi:10.1038/cdd.2016.32,10.1038/cdd.2016.32,270583180,27058318,Journal Article; Retracted Publication,NCI NIH HHS (R01 CA140956); NINDS NIH HHS (R21 NS073098),2026-04-29T05:51:56Z
doi:10.1074/jbc.m808084200,10.1074/jbc.m808084200,192790020,19279002,"Journal Article; Research Support, N.I.H., Extramural; Retracted Publication",NIEHS NIH HHS (R01 ES012265),2026-04-29T05:51:56Z
doi:10.1093/nar/gks812,10.1093/nar/gks812,229416380,22941638,"Journal Article; Research Support, N.I.H., Extramural; Research Support, Non-U.S. Gov't; Retracted Publication",NCI NIH HHS (P50 CA108961); Howard Hughes Medical Institute (No ID); NIGMS NIH HHS (GM72719); NIGMS NIH HHS (GM- 067777); NIGMS NIH HHS (F32GM096531); NIGMS NIH HHS (R01 GM072719),2026-04-29T05:51:56Z
doi:10.1158/1535-7163.mct-15-0375,10.1158/1535-7163.mct-15-0375,271967680,27196768,Journal Article; Retracted Publication,,2026-04-29T05:51:56Z
doi:10.1177/0956797612446351,10.1177/0956797612446351,231502760,23150276,Journal Article; Retracted Publication,,2026-04-29T05:51:56Z
doi:10.1242/jcs.102848,10.1242/jcs.102848,226853260,22685326,"Journal Article; Research Support, N.I.H., Extramural; Research Support, Non-U.S. Gov't; Retracted Publication",NHLBI NIH HHS (R01S HL 44060); NHLBI NIH HHS (HL44977); NHLBI NIH HHS (HL104258); NHLBI NIH HHS (R01 HL044977); NIGMS NIH HHS (GM096195); NHLBI NIH HHS (P01 HL060231); NIGMS NIH HHS (R01 GM096195); NHLBI NIH HHS (R01 HL044060); NHLBI NIH HHS (R01 HL104258); NHLBI NIH HHS (P01 HL 60231),2026-04-29T05:51:56Z
doi:10.1111/gbb.12373,10.1111/gbb.12373,282116060,28211606,Journal Article; Retracted Publication,,2026-04-29T05:51:56Z
doi:10.1074/jbc.m110.161869,10.1074/jbc.m110.161869,208895050,20889505,"Journal Article; Research Support, N.I.H., Extramural; Retracted Publication",NIGMS NIH HHS (R01 GM065113); NIGMS NIH HHS (T32 GM069331); NIGMS NIH HHS (R01-GM065113); NIGMS NIH HHS (T32-GM069331),2026-04-29T05:51:56Z
doi:10.1074/jbc.m305602200,10.1074/jbc.m305602200,145042910,14504291,"Journal Article; Research Support, U.S. Gov't, P.H.S.; Retracted Publication",NIDDK NIH HHS (DK34834); NIGMS NIH HHS (R01 GM041890); NIDDK NIH HHS (DK55545); NIDDK NIH HHS (DK33201); NIGMS NIH HHS (GM41890),2026-04-29T05:51:56Z
doi:10.3390/ma9020119,10.3390/ma9020119,287879190,28787919,Journal Article; Retracted Publication,,2026-04-29T05:51:56Z
doi:10.1002/hed.24754,10.1002/hed.24754,283706460,28370646,Journal Article,,2026-04-29T05:51:56Z
doi:10.1074/jbc.m502083200,10.1074/jbc.m502083200,159017260,15901726,"Journal Article; Research Support, N.I.H., Extramural; Research Support, U.S. Gov't, P.H.S.; Retracted Publication",NIGMS NIH HHS (R01 GM47466),2026-04-29T05:51:56Z
doi:10.1165/rcmb.2009-0284oc,10.1165/rcmb.2009-0284oc,203482080,20348208,"Journal Article; Research Support, N.I.H., Extramural; Research Support, Non-U.S. Gov't; Retracted Publication",NIEHS NIH HHS (5P30ES011961); NIAID NIH HHS (K08 AI068822); NIAID NIH HHS (AI-051445); NIAID NIH HHS (P30 AI051445); NIEHS NIH HHS (P30 ES011961),2026-04-29T05:51:56Z
doi:10.1177/09680519050110040401,10.1177/09680519050110040401,161766560,16176656,"Comparative Study; Journal Article; Research Support, Non-U.S. Gov't",,2026-04-29T05:51:56Z
doi:10.1093/bja/aeh010,10.1093/bja/aeh010,146655640,14665564,Journal Article,,2026-04-29T05:51:56Z
doi:10.1074/jbc.m511198200,10.1074/jbc.m511198200,165136470,16513647,"Journal Article; Research Support, N.I.H., Extramural; Retracted Publication",NIEHS NIH HHS (R01-ES012265); NIGMS NIH HHS (R01-GM47466),2026-04-29T05:51:56Z
doi:10.1074/jbc.m709854200,10.1074/jbc.m709854200,184343030,18434303,"Journal Article; Research Support, N.I.H., Extramural; Retracted Publication",NIEHS NIH HHS (R01 ES012265),2026-04-29T05:51:56Z
doi:10.1016/j.cognition.2014.12.003,10.1016/j.cognition.2014.12.003,255844630,25584463,Journal Article; Randomized Controlled Trial; Retracted Publication,,2026-04-29T05:51:56Z
doi:10.3389/fmolb.2017.00005,10.3389/fmolb.2017.00005,282329110,28232911,Journal Article; Retracted Publication,,2026-04-29T05:51:56Z
doi:10.1016/j.cell.2015.10.031,10.1016/j.cell.2015.10.031,265904230,26590423,"Journal Article; Research Support, N.I.H., Extramural; Research Support, Non-U.S. Gov't; Retracted Publication",NIGMS NIH HHS (R01 GM079182); NIGMS NIH HHS (GM079182); NIGMS NIH HHS (T32 GM107000); Wellcome Trust (093734/Z/10/Z); NIGMS NIH HHS (R01 GM066777); Wellcome Trust (No ID); Medical Research Council (MC_UP_1201/4),2026-04-29T05:51:56Z
doi:10.1242/bio.014712,10.1242/bio.014712,264592410,26459241,Journal Article; Retracted Publication,,2026-04-29T05:51:56Z
doi:10.1172/jci15795,10.1172/jci15795,122088640,12208864,"Journal Article; Research Support, Non-U.S. Gov't; Research Support, U.S. Gov't, P.H.S.; Retracted Publication",NCI NIH HHS (U01 CA084995); NCI NIH HHS (R01-CA81755); NIGMS NIH HHS (R01-GM57587); NIGMS NIH HHS (R01 GM057587); NCI NIH HHS (P50 CA089393); NCI NIH HHS (R01-CA76584); NCI NIH HHS (CA84995); NCI NIH HHS (R01 CA076584); NCI NIH HHS (CA89393),2026-04-29T05:51:56Z
doi:10.2174/1874120701408010131,10.2174/1874120701408010131,258527830,25852783,Journal Article; Retracted Publication,,2026-04-29T05:51:56Z
doi:10.1152/ajprenal.00624.2014,10.1152/ajprenal.00624.2014,256563700,25656370,"Journal Article; Research Support, N.I.H., Extramural; Retracted Publication",NIDDK NIH HHS (P01 DK093424); NIDDK NIH HHS (R01 DK070030); NIDDK NIH HHS (DK-093424); NIDDK NIH HHS (P30 DK079307); NIDDK NIH HHS (R01-DK-070030),2026-04-29T05:51:56Z
doi:10.1002/ijc.25131,10.1002/ijc.25131,200276300,20027630,Journal Article,,2026-04-29T05:51:56Z
doi:10.1016/s1053-8119(01)92537-6,10.1016/s1053-8119(01)92537-6,114303230,11430323,Conference Proceedings; Overall; Retracted Publication,,2026-04-29T05:51:56Z
doi:10.1016/s1053-8119(01)92538-8,10.1016/s1053-8119(01)92538-8,114303230,11430323,Conference Proceedings; Overall; Retracted Publication,,2026-04-29T05:51:56Z
doi:10.1001/jama.2017.1469,10.1001/jama.2017.1469,284184740,28418474,Journal Article,ODCDC CDC HHS (R01 CD000033); AHRQ HHS (R01 HS026232),2026-04-29T05:51:56Z
doi:10.1074/jbc.m804144200,10.1074/jbc.m804144200,187158740,18715874,"Journal Article; Research Support, N.I.H., Extramural; Research Support, Non-U.S. Gov't; Retracted Publication",NCRR NIH HHS (P20 RR016457),2026-04-29T05:51:56Z
doi:10.1063/1.4772958,10.1063/1.4772958,233416880,23341688,Journal Article,NIGMS NIH HHS (R01 GM094816),2026-04-29T05:51:56Z
doi:10.1021/mz500260h,10.1021/mz500260h,,35590729,Journal Article; Retracted Publication,,2026-04-29T05:51:56Z
doi:10.1021/mz400145m,10.1021/mz400145m,,35581819,Journal Article; Retracted Publication,,2026-04-29T05:51:56Z
doi:10.1515/reveh-2015-0033,10.1515/reveh-2015-0033,266133290,26613329,Journal Article; Retracted Publication,,2026-04-29T05:51:56Z
doi:10.1021/acs.jmedchem.6b01417,10.1021/acs.jmedchem.6b01417,282309880,28230988,Journal Article; Retraction Notice,,2026-04-29T05:51:56Z
doi:10.1152/japplphysiol.91571.2008,10.1152/japplphysiol.91571.2008,192865710,19286571,"Journal Article; Research Support, N.I.H., Extramural; Research Support, Non-U.S. Gov't; Retracted Publication",NEI NIH HHS (R01 EY010804); NINDS NIH HHS (NS-041777); NEI NIH HHS (EY-10804); NCI NIH HHS (R01 CA085700); NINDS NIH HHS (R01 NS041777),2026-04-29T05:51:56Z
doi:10.1001/jamainternmed.2016.2827,10.1001/jamainternmed.2016.2827,273224850,27322485,"Journal Article; Research Support, Non-U.S. Gov't; Research Support, N.I.H., Extramural",NIA NIH HHS (R03 AG049360); NIA NIH HHS (K01 AG049914); NCATS NIH HHS (UL1 TR001086); AHRQ HHS (U19 HS024075); NIA NIH HHS (P01 AG019783); NIA NIH HHS (R33 AG044251); NCATS NIH HHS (KL2 TR001088),2026-04-29T05:51:56Z
doi:10.1371/journal.pone.0079655,10.1371/journal.pone.0079655,242445390,24244539,Journal Article; Retracted Publication,,2026-04-29T05:51:56Z
doi:10.21037/atm.2017.06.35,10.21037/atm.2017.06.35,289364420,28936442,Journal Article; Review; Retracted Publication,,2026-04-29T05:51:56Z
doi:10.1007/978-3-7091-0388-3_20,10.1007/978-3-7091-0388-3_20,,41843384,Journal Article,,2026-04-29T05:51:56Z
doi:10.1002/dvdy.24245,10.1002/dvdy.24245,260957770,26095777,Journal Article; Review; Retracted Publication,,2026-04-29T05:51:56Z
doi:10.1037/a0024167,10.1037/a0024167,216888820,21688882,Journal Article; Meta-Analysis; Retracted Publication,,2026-04-29T05:51:56Z
doi:10.1016/j.eurpsy.2017.01.1180,10.1016/j.eurpsy.2017.01.1180,288598240,28859824,Journal Article; Retraction Notice,,2026-04-29T05:51:56Z
doi:10.1016/j.jad.2012.06.021,10.1016/j.jad.2012.06.021,229638990,22963899,"Journal Article; Research Support, N.I.H., Extramural; Research Support, Non-U.S. Gov't; Retracted Publication",NIMH NIH HHS (R01 MH081019); NIMH NIH HHS (R01 MH085639); NIMH NIH HHS (RC1MH088462); NIMH NIH HHS (R01MH081019); NIMH NIH HHS (R01MH085639); NIMH NIH HHS (RC1 MH088462),2026-04-29T05:51:56Z
doi:10.1542/pir.36-5-e14,10.1542/pir.36-5-e14,259349150,25934915,Case Reports; Journal Article; Retracted Publication,,2026-04-29T05:51:56Z
doi:10.1542/pir.35-12-e61,10.1542/pir.35-12-e61,254526650,25452665,Case Reports; Journal Article; Retracted Publication,,2026-04-29T05:51:56Z
doi:10.1542/pir.36-1-31,10.1542/pir.36-1-31,255541090,25554109,Case Reports; Journal Article; Retracted Publication,,2026-04-29T05:51:56Z
doi:10.1158/1078-0432.ccr-03-0166,10.1158/1078-0432.ccr-03-0166,150417200,15041720,"Journal Article; Research Support, Non-U.S. Gov't; Research Support, U.S. Gov't, Non-P.H.S.; Research Support, U.S. Gov't, P.H.S.; Retracted Publication",NIA NIH HHS (R01AG016870); NIA NIH HHS (R01AG21418),2026-04-29T05:51:56Z
doi:10.1016/j.jalz.2011.05.228,10.1016/j.jalz.2011.05.228,222079110,22207911,Conference Proceedings; Overall; Retracted Publication,,2026-04-29T05:51:56Z
doi:10.1080/09540121.2013.819404,10.1080/09540121.2013.819404,238696240,23869624,"Journal Article; Research Support, Non-U.S. Gov't; Retracted Publication",,2026-04-29T05:51:56Z
doi:10.1073/pnas.1301810110,10.1073/pnas.1301810110,234402040,23440204,"Journal Article; Research Support, N.I.H., Extramural; Research Support, Non-U.S. Gov't; Retracted Publication",NIGMS NIH HHS (R01 GM062159); NIGMS NIH HHS (R01 GM083114),2026-04-29T05:51:56Z
doi:10.1128/mcb.23.22.8161-8171.2003,10.1128/mcb.23.22.8161-8171.2003,145859750,14585975,"Journal Article; Research Support, Non-U.S. Gov't; Research Support, U.S. Gov't, P.H.S.; Retracted Publication",NCI NIH HHS (P01 CA087497); NCI NIH HHS (P30 CA008748); NCI NIH HHS (P01 CA 87497),2026-04-29T05:51:56Z
doi:10.1016/j.ijcard.2007.10.048,10.1016/j.ijcard.2007.10.048,181914790,18191479,"Comparative Study; Journal Article; Research Support, N.I.H., Extramural; Retracted Publication",NHLBI NIH HHS (R01 HL035434); NHLBI NIH HHS (R01 HL35434),2026-04-29T05:51:56Z
doi:10.1001/jama.2014.607,10.1001/jama.2014.607,245957780,24595778,"Journal Article; Randomized Controlled Trial; Research Support, N.I.H., Extramural; Research Support, Non-U.S. Gov't; Research Support, U.S. Gov't, Non-P.H.S.; Research Support, U.S. Gov't, P.H.S.",NIMH NIH HHS (R01 MH077026); NICHD NIH HHS (R01 HD040404); NIA NIH HHS (P01-AG005842-22S1); NICHD NIH HHS (R01-HD040444); NIA NIH HHS (R01-AG031259); NIA NIH HHS (P30 AG012810); NCIPC CDC HHS (R49-CE000906); NCIPC CDC HHS (R49 CE000906); NIMH NIH HHS (R01-MH077026); NICHD NIH HHS (R24-HD051152-04); NICHD NIH HHS (R01 HD040444); NICHD NIH HHS (R24 HD051152); NIA NIH HHS (P01 AG005842); NIA NIH HHS (R01 AG031259); NICHD NIH HHS (R01-HD040404),2026-04-29T05:51:56Z
doi:10.1074/jbc.m709062200,10.1074/jbc.m709062200,183192620,18319262,"Journal Article; Research Support, N.I.H., Extramural; Research Support, Non-U.S. Gov't; Retracted Publication",NCI NIH HHS (P01 CA078890); NCRR NIH HHS (S10 RR023647); NCI NIH HHS (CA78890); NCI NIH HHS (CA77738); NCI NIH HHS (P01 CA077738),2026-04-29T05:51:56Z
doi:10.1038/nrclinonc.2016.113,10.1038/nrclinonc.2016.113,274580080,27458008,Journal Article; Retracted Publication,,2026-04-29T05:51:56Z
doi:10.1093/hmg/dds516,10.1093/hmg/dds516,232230170,23223017,"Journal Article; Research Support, N.I.H., Extramural; Research Support, Non-U.S. Gov't; Retracted Publication",NINDS NIH HHS (NS74381),2026-04-29T05:51:56Z
doi:10.1002/hep.26505,10.1002/hep.26505,237039200,23703920,"Journal Article; Research Support, N.I.H., Extramural; Research Support, Non-U.S. Gov't",NIDDK NIH HHS (R01 DK083385); NHLBI NIH HHS (P01 HL114457); NHLBI NIH HHS (K08 HL103900); PHS HHS (P0IHL114457-01); NHLBI NIH HHS (R01-HL0921); NIDDK NIH HHS (R01 DK097075); NIDDK NIH HHS (R01-DK083385); NHLBI NIH HHS (R01-HL098294); NHLBI NIH HHS (R01 HL092188); NHLBI NIH HHS (R01 HL098294); NHLBI NIH HHS (1 KO8HL103900-01),2026-04-29T05:51:56Z
doi:10.1074/jbc.m111.255042,10.1074/jbc.m111.255042,216900960,21690096,"Journal Article; Research Support, N.I.H., Extramural; Retracted Publication",NIGMS NIH HHS (R01 GM047466),2026-04-29T05:51:56Z
doi:10.4049/jimmunol.0903617,10.4049/jimmunol.0903617,213572640,21357264,"Journal Article; Research Support, N.I.H., Extramural; Research Support, Non-U.S. Gov't; Retracted Publication",NHLBI NIH HHS (R01-HL092188); NIDDK NIH HHS (R01 DK083385); NHLBI NIH HHS (R01 HL098294); NIDDK NIH HHS (R01-DK083385); NHLBI NIH HHS (R01-HL098294); NHLBI NIH HHS (R01 HL092188),2026-04-29T05:51:56Z
doi:10.1242/jcs.140764,10.1242/jcs.140764,243577180,24357718,"Journal Article; Research Support, N.I.H., Extramural; Retracted Publication",NIAAA NIH HHS (R01 AA012897); NIAAA NIH HHS (5R01AA012897-1),2026-04-29T05:51:56Z
doi:10.1242/jcs.193607,10.1242/jcs.193607,273693630,27369363,Journal Article; Retraction Notice,,2026-04-29T05:51:56Z
doi:10.1242/jcs.103093,10.1242/jcs.103093,223932330,22393233,"Journal Article; Research Support, N.I.H., Extramural; Retracted Publication",NIAAA NIH HHS (R01 AA012897); NCI NIH HHS (R01 CA118356); NIAAA NIH HHS (5R01AA012897-11); NCI NIH HHS (5R01CA118356-07),2026-04-29T05:51:56Z
doi:10.1242/jcs.073502,10.1242/jcs.073502,210628970,21062897,"Journal Article; Research Support, N.I.H., Extramural; Retracted Publication",NIAAA NIH HHS (R01 AA012897); NIAAA NIH HHS (R01AA012897),2026-04-29T05:51:56Z
doi:10.1242/jcs.061846,10.1242/jcs.061846,201599660,20159966,"Journal Article; Research Support, N.I.H., Extramural; Retracted Publication",NCI NIH HHS (R01 CA118356); NCI NIH HHS (5R01CA118356-04),2026-04-29T05:51:56Z
doi:10.1074/jbc.m110.139469,10.1074/jbc.m110.139469,205195130,20519513,Journal Article; Retracted Publication,NCI NIH HHS (R01 CA098823); NCI NIH HHS (R01 CA109379),2026-04-29T05:51:56Z
doi:10.1158/1535-7163.mct-11-0814,10.1158/1535-7163.mct-11-0814,225326030,22532603,"Journal Article; Research Support, N.I.H., Extramural; Research Support, Non-U.S. Gov't; Retracted Publication",NCI NIH HHS (R01 CA129816); NCI NIH HHS (R01CA129816); PHS HHS (P01 21B-1088934); NCI NIH HHS (1R21CA149938); NCI NIH HHS (R21 CA149938),2026-04-29T05:51:56Z
doi:10.1038/ncomms6446,10.1038/ncomms6446,253997610,25399761,"Journal Article; Research Support, U.S. Gov't, Non-P.H.S.; Retracted Publication",,2026-04-29T05:51:56Z
doi:10.1177/0956462416665059,10.1177/0956462416665059,275106430,27510643,Journal Article; Retracted Publication,NIAID NIH HHS (R24 AI106039),2026-04-29T05:51:56Z
doi:10.1213/00000539-200102000-00051,10.1213/00000539-200102000-00051,111592690,11159269,Letter; Comment,,2026-04-29T05:51:56Z
doi:10.1080/15459624.2016.1183010,10.1080/15459624.2016.1183010,271243940,27124394,Journal Article; Retracted Publication,,2026-04-29T05:51:56Z
doi:10.1158/0008-5472.can-12-1123,10.1158/0008-5472.can-12-1123,232042390,23204239,"Journal Article; Research Support, N.I.H., Intramural; Retracted Publication",Intramural NIH HHS (ZIA BC010954); Intramural NIH HHS (ZIA BC010955),2026-04-29T05:51:56Z
doi:10.5888/pcd13.160044,10.5888/pcd13.160044,274903660,27490366,"Journal Article; Research Support, Non-U.S. Gov't; Retracted Publication",NIDDK NIH HHS (T35 DK007386),2026-04-29T05:51:56Z
doi:10.1074/jbc.m116.729079,10.1074/jbc.m116.729079,,27129277,Journal Article,,2026-04-29T05:51:56Z
doi:10.1016/j.jad.2012.11.025,10.1016/j.jad.2012.11.025,232611340,23261134,"Journal Article; Research Support, N.I.H., Extramural; Research Support, Non-U.S. Gov't; Retracted Publication",NIMH NIH HHS (R01 MH085639); NIMH NIH HHS (1R01MH85639-01A1); NIMH NIH HHS (5R01MH081019-02); NIMH NIH HHS (RC1 MH088462); NIMH NIH HHS (K24 MH096011); NIMH NIH HHS (R01 MH081019); NIMH NIH HHS (1RC1MH088462-01),2026-04-29T05:51:56Z
doi:10.1017/s1461145711000629,10.1017/s1461145711000629,215578780,21557878,"Clinical Trial; Journal Article; Research Support, Non-U.S. Gov't; Retracted Publication",,2026-04-29T05:51:56Z
doi:10.1021/la205132x,10.1021/la205132x,223396200,22339620,"Journal Article; Research Support, N.I.H., Extramural; Research Support, Non-U.S. Gov't; Retracted Publication",NIGMS NIH HHS (R01GM094816),2026-04-29T05:51:56Z
doi:10.2337/db07-0847,10.2337/db07-0847,180710260,18071026,"Journal Article; Research Support, N.I.H., Extramural; Research Support, Non-U.S. Gov't; Retracted Publication",,2026-04-29T05:51:56Z
doi:10.1158/1078-0432.ccr-11-0592,10.1158/1078-0432.ccr-11-0592,217155680,21715568,"Journal Article; Research Support, Non-U.S. Gov't; Retracted Publication",,2026-04-29T05:51:56Z
doi:10.1152/japplphysiol.01293.2011,10.1152/japplphysiol.01293.2011,222410620,22241062,"Journal Article; Research Support, N.I.H., Extramural; Research Support, Non-U.S. Gov't; Retracted Publication",NIAID NIH HHS (AI 081672); NCRR NIH HHS (P41 RR005959); NHLBI NIH HHS (R21 HL087094); NCI NIH HHS (1R01-CA-142842); NCI NIH HHS (R01 CA142842),2026-04-29T05:51:56Z
doi:10.1016/j.psychres.2015.05.039,10.1016/j.psychres.2015.05.039,260942000,26094200,"Journal Article; Meta-Analysis; Research Support, N.I.H., Extramural; Research Support, U.S. Gov't, Non-P.H.S.; Retracted Publication",NIMH NIH HHS (R34MH099311); NIMH NIH HHS (R34 MH086668); NCCIH NIH HHS (R01 AT007257); NIMH NIH HHS (R34MH086668); NIMH NIH HHS (R21 MH101567); NIMH NIH HHS (K23MH100259); NIMH NIH HHS (R34 MH099311); NIMH NIH HHS (R21MH102646); NIMH NIH HHS (R01MH099021); NIMH NIH HHS (R21MH101567); NCCIH NIH HHS (R01AT007257); NIMH NIH HHS (R21 MH102646); NIMH NIH HHS (K23 MH100259); NIMH NIH HHS (R01 MH099021),2026-04-29T05:51:56Z
doi:10.2147/opth.s59725,10.2147/opth.s59725,260896370,26089637,Journal Article; Review; Retracted Publication,,2026-04-29T05:51:56Z
doi:10.2147/ijgm.s17834,10.2147/ijgm.s17834,222878460,22287846,Journal Article; Retracted Publication,,2026-04-29T05:51:56Z
doi:10.1001/jamainternmed.2014.3441,10.1001/jamainternmed.2014.3441,251338680,25133868,"Journal Article; Research Support, U.S. Gov't, Non-P.H.S.",,2026-04-29T05:51:56Z
doi:10.1021/ic010716a,10.1021/ic010716a,118490670,11849067,Journal Article; Retracted Publication,,2026-04-29T05:51:56Z
doi:10.1186/1757-1626-2-168,10.1186/1757-1626-2-168,199464790,19946479,Journal Article,,2026-04-29T05:51:56Z
doi:10.3928/01477447-20120426-19,10.3928/01477447-20120426-19,225884070,22588407,Comparative Study; Journal Article; Randomized Controlled Trial; Retracted Publication,,2026-04-29T05:51:56Z
doi:10.1100/2011/341532,10.1100/2011/341532,221254420,22125442,Journal Article; Review,,2026-04-29T05:51:56Z
doi:10.1100/tsw.2010.39,10.1100/tsw.2010.39,203059890,20305989,Journal Article; Review,,2026-04-29T05:51:56Z
doi:10.1172/jci23187,10.1172/jci23187,157116410,15711641,"Journal Article; Research Support, N.I.H., Extramural; Research Support, Non-U.S. Gov't; Research Support, U.S. Gov't, P.H.S.; Retracted Publication",NIDDK NIH HHS (DK34834); NIDDK NIH HHS (R01 DK055545); NIDDK NIH HHS (R01 DK033201); NIDDK NIH HHS (DK55545); NIDDK NIH HHS (DK33201),2026-04-29T05:51:56Z
doi:10.1007/978-3-7091-0388-3_10,10.1007/978-3-7091-0388-3_10,,41769245,Journal Article,,2026-04-29T05:51:56Z
doi:10.1016/j.canlet.2010.09.002,10.1016/j.canlet.2010.09.002,209261830,20926183,Journal Article; Retracted Publication,,2026-04-29T05:51:56Z
doi:10.1038/onc.2011.600,10.1038/onc.2011.600,222492510,22249251,"Journal Article; Research Support, N.I.H., Extramural; Retracted Publication",NIEHS NIH HHS (R01 ES007943); NIEHS NIH HHS (T32 ES007263); NIEHS NIH HHS (ES007263),2026-04-29T05:51:56Z
doi:10.4103/2231-0770.197510,10.4103/2231-0770.197510,281820340,28182034,Journal Article; Retracted Publication,,2026-04-29T05:51:56Z
doi:10.1074/jbc.m401037200,10.1074/jbc.m401037200,152083180,15208318,"Journal Article; Research Support, Non-U.S. Gov't; Research Support, U.S. Gov't, P.H.S.; Retracted Publication",NEI NIH HHS (EY014793); NEI NIH HHS (EY13520),2026-04-29T05:51:56Z
doi:10.1177/0022146514568351,10.1177/0022146514568351,257221250,25722125,"Journal Article; Research Support, N.I.H., Extramural; Research Support, Non-U.S. Gov't; Retracted Publication",NIA NIH HHS (T32 AG000221),2026-04-29T05:51:56Z
doi:10.1111/jora.12153,10.1111/jora.12153,,28581655,Journal Article; Retraction Notice,,2026-04-29T05:51:56Z
doi:10.1038/onc.2015.78,10.1038/onc.2015.78,258230280,25823028,"Journal Article; Research Support, Non-U.S. Gov't; Retracted Publication",,2026-04-29T05:51:56Z
doi:10.1038/ncomms4961,10.1038/ncomms4961,248929230,24892923,"Journal Article; Research Support, Non-U.S. Gov't; Retracted Publication",,2026-04-29T05:51:56Z
doi:10.1021/acs.biochem.5b00087,10.1021/acs.biochem.5b00087,257147950,25714795,"Journal Article; Research Support, N.I.H., Extramural; Research Support, Non-U.S. Gov't; Retracted Publication",NIGMS NIH HHS (R01 GM051290),2026-04-29T05:51:56Z
doi:10.1002/etc.2859,10.1002/etc.2859,274421600,25677528,Journal Article; Retraction Notice,,2026-04-29T05:51:56Z
doi:10.1021/ol035313o,10.1021/ol035313o,145071840,14507184,"Comparative Study; Journal Article; Research Support, Non-U.S. Gov't; Research Support, U.S. Gov't, P.H.S.",,2026-04-29T05:51:56Z
doi:10.1016/j.chest.2016.02.194,10.1016/j.chest.2016.02.194,271857530,27185753,Journal Article; Retracted Publication,NCATS NIH HHS (TL1 TR000120),2026-04-29T05:51:56Z
doi:10.1378/chest.15-0990,10.1378/chest.15-0990,261351990,26135199,"Journal Article; Research Support, N.I.H., Extramural; Retracted Publication",NHLBI NIH HHS (R01 HL124052),2026-04-29T05:51:56Z
doi:10.1038/sj.onc.1210448,10.1038/sj.onc.1210448,174207220,17420722,"Journal Article; Research Support, Non-U.S. Gov't; Retracted Publication",,2026-04-29T05:51:56Z
doi:10.1016/j.jht.2015.12.003,10.1016/j.jht.2015.12.003,267749580,26774958,Journal Article; Review,,2026-04-29T05:51:56Z
doi:10.1186/s40842-015-0011-7,10.1186/s40842-015-0011-7,287022300,28702230,Journal Article; Retracted Publication,,2026-04-29T05:51:56Z
doi:10.1359/jbmr.081102,10.1359/jbmr.081102,190165910,19016591,"Journal Article; Research Support, N.I.H., Extramural",NIAMS NIH HHS (R01 AR049728); NIAMS NIH HHS (R01 AR052682); NIAMS NIH HHS (AR049728),2026-04-29T05:51:56Z
doi:10.1080/15384101.2015.1026516,10.1080/15384101.2015.1026516,259419930,25941993,Editorial; Comment,,2026-04-29T05:51:56Z
doi:10.1515/rjim-2015-0028,10.1515/rjim-2015-0028,267104960,26710496,Journal Article; Review,,2026-04-29T05:51:56Z
doi:10.1515/rjim-2016-0002,10.1515/rjim-2016-0002,271415670,27141567,Journal Article; Review,,2026-04-29T05:51:56Z
doi:10.1513/annalsats.201507-407oc,10.1513/annalsats.201507-407oc,264141240,26414124,Journal Article; Multicenter Study; Randomized Controlled Trial; Retracted Publication,,2026-04-29T05:51:56Z
doi:10.1038/onc.2010.491,10.1038/onc.2010.491,210422820,21042282,"Journal Article; Research Support, N.I.H., Extramural; Retracted Publication",NIEHS NIH HHS (R01 ES007943); NIEHS NIH HHS (T32 ES007263); NIEHS NIH HHS (ES007263),2026-04-29T05:51:56Z
doi:10.1098/rspb.2009.1774,10.1098/rspb.2009.1774,200187900,20018790,"Journal Article; Research Support, Non-U.S. Gov't; Retracted Publication",,2026-04-29T05:51:56Z
doi:10.1097/gme.0b013e31827e25a5,10.1097/gme.0b013e31827e25a5,235117020,23511702,Journal Article; Retracted Publication,,2026-04-29T05:51:56Z
doi:10.4318/tjg.2011.0208,10.4318/tjg.2011.0208,218054130,21805413,Comparative Study; Duplicate Publication; Journal Article; Retracted Publication,,2026-04-29T05:51:56Z
doi:10.1519/jsc.0b013e318289e59f,10.1519/jsc.0b013e318289e59f,234393340,23439334,Journal Article; Retracted Publication,,2026-04-29T05:51:56Z
doi:10.5409/wjcp.v5.i3.251,10.5409/wjcp.v5.i3.251,276103400,27610340,Editorial,,2026-04-29T05:51:56Z
doi:10.1002/j.1550-8528.1998.tb00344.x,10.1002/j.1550-8528.1998.tb00344.x,96181300,9618130,"Journal Article; Research Support, Non-U.S. Gov't; Research Support, U.S. Gov't, Non-P.H.S.; Research Support, U.S. Gov't, P.H.S.; Review",NIA NIH HHS (AG-07587); NIA NIH HHS (AG-13978); NCRR NIH HHS (GCRC-RR109),2026-04-29T05:51:56Z
doi:10.1038/ncomms1932,10.1038/ncomms1932,227354480,22735448,"Journal Article; Research Support, N.I.H., Extramural",NIGMS NIH HHS (GM59962),2026-04-29T05:51:56Z
doi:10.1111/pin.12353,10.1111/pin.12353,264397730,26439773,Editorial; Retracted Publication,,2026-04-29T05:51:56Z
doi:10.1302/0301-620x.99b1.bjj-2016-0430.r1,10.1302/0301-620x.99b1.bjj-2016-0430.r1,280421180,28042118,Journal Article; Review; Retracted Publication,,2026-04-29T05:51:56Z
doi:10.1002/hec.3490,10.1002/hec.3490,282602480,28260248,Journal Article,,2026-04-29T05:51:56Z
doi:10.1073/pnas.1221733110,10.1073/pnas.1221733110,238127460,23812746,"Journal Article; Research Support, N.I.H., Extramural; Research Support, Non-U.S. Gov't; Retracted Publication",NIDDK NIH HHS (R01 DK083385); NHLBI NIH HHS (R01- HL098294); NHLBI NIH HHS (K08 HL103900); PHS HHS (P0IHL114457-01); NHLBI NIH HHS (R01-HL0921); NIDDK NIH HHS (R01 DK097075); NIDDK NIH HHS (R01-DK083385); NHLBI NIH HHS (R01 HL098294); NHLBI NIH HHS (1 KO8HL103900-01),2026-04-29T05:51:56Z
doi:10.1016/j.ajhg.2011.05.009,10.1016/j.ajhg.2011.05.009,216650000,21665000,"Case Reports; Journal Article; Research Support, N.I.H., Intramural; Retracted Publication",Intramural NIH HHS (No ID),2026-04-29T05:51:56Z
doi:10.1016/j.otc.2015.04.005,10.1016/j.otc.2015.04.005,260927630,26092763,Journal Article; Review; Retracted Publication,,2026-04-29T05:51:56Z
doi:10.1128/mcb.01480-09,10.1128/mcb.01480-09,203511760,20351176,"Journal Article; Research Support, N.I.H., Extramural; Retracted Publication",NCI NIH HHS (R01 CA077637); NCI NIH HHS (R01 CA156164); NCI NIH HHS (CA77637); NCI NIH HHS (CA156164),2026-04-29T05:51:56Z
doi:10.1016/j.jpain.2016.01.415,10.1016/j.jpain.2016.01.415,271058530,27105853,Journal Article; Retracted Publication,,2026-04-29T05:51:56Z
doi:10.1177/0009922816649591,10.1177/0009922816649591,271843980,27184398,Case Reports; Journal Article,,2026-04-29T05:51:56Z
doi:10.1002/ijc.23590,10.1002/ijc.23590,184317420,18431742,"Journal Article; Research Support, N.I.H., Extramural; Research Support, U.S. Gov't, Non-P.H.S.; Retracted Publication",NCI NIH HHS (R01CA111470); NIDDK NIH HHS (T32DK007790),2026-04-29T05:51:56Z
doi:10.1123/jsr.2016-0150,10.1123/jsr.2016-0150,281825130,28182513,Journal Article; Retracted Publication,,2026-04-29T05:51:56Z
doi:10.1158/1078-0432.ccr-13-1663,10.1158/1078-0432.ccr-13-1663,242401110,24240111,"Journal Article; Research Support, Non-U.S. Gov't; Retracted Publication",,2026-04-29T05:51:56Z
doi:10.1182/blood-2003-11-3774,10.1182/blood-2003-11-3774,,14739219,Journal Article; Retracted Publication,,2026-04-29T05:51:56Z
doi:10.1007/978-3-642-36691-8_57,10.1007/978-3-642-36691-8_57,,41841152,Journal Article,,2026-04-29T05:51:56Z
doi:10.1016/j.jamcollsurg.2017.01.037,10.1016/j.jamcollsurg.2017.01.037,283435110,28343511,Journal Article; Retracted Publication; Comment,,2026-04-29T05:51:56Z
doi:10.1016/j.jamcollsurg.2015.12.018,10.1016/j.jamcollsurg.2015.12.018,268313660,26831366,"Journal Article; Research Support, Non-U.S. Gov't; Retracted Publication",,2026-04-29T05:51:56Z
doi:10.1074/jbc.m115.688424,10.1074/jbc.m115.688424,264050410,26405041,"Journal Article; Research Support, Non-U.S. Gov't; Research Support, U.S. Gov't, Non-P.H.S.; Retracted Publication",,2026-04-29T05:51:56Z
doi:10.1074/jbc.m114.608232,10.1074/jbc.m114.608232,254713690,25471369,"Journal Article; Research Support, U.S. Gov't, Non-P.H.S.; Retracted Publication",,2026-04-29T05:51:56Z
doi:10.1364/ol.39.005355,10.1364/ol.39.005355,264662700,26466270,Journal Article; Retracted Publication,,2026-04-29T05:51:56Z
doi:10.3978/j.issn.2313-0792.2014.07.01,10.3978/j.issn.2313-0792.2014.07.01,273588610,27358861,Journal Article; Review; Retracted Publication,,2026-04-29T05:51:56Z
doi:10.4049/jimmunol.1201651,10.4049/jimmunol.1201651,230280590,23028059,"Journal Article; Research Support, N.I.H., Extramural; Research Support, Non-U.S. Gov't; Retracted Publication",NHLBI NIH HHS (R01-HL092188); NIDDK NIH HHS (R01 DK083385); NHLBI NIH HHS (R01 HL098294); NIDDK NIH HHS (R01-DK083385); NHLBI NIH HHS (R01-HL098294); NHLBI NIH HHS (R01 HL092188),2026-04-29T05:51:56Z
doi:10.1002/mabi.200700127,10.1002/mabi.200700127,179411110,17941111,"Journal Article; Research Support, Non-U.S. Gov't",,2026-04-29T05:51:56Z
doi:10.1152/ajpheart.00146.2007,10.1152/ajpheart.00146.2007,174007120,17400712,Journal Article,,2026-04-29T05:51:56Z
doi:10.1021/jacs.6b01652,10.1021/jacs.6b01652,271637840,27163784,"Journal Article; Research Support, Non-U.S. Gov't; Research Support, U.S. Gov't, Non-P.H.S.; Retracted Publication",,2026-04-29T05:51:56Z
doi:10.1172/jci60214,10.1172/jci60214,222693240,22269324,"Journal Article; Research Support, N.I.H., Extramural; Research Support, Non-U.S. Gov't; Retracted Publication","NIDDK NIH HHS (R01 DK083385); NCRR NIH HHS (UL1 RR025780); NIDDK NIH HHS (R01 DK081646); NHLBI NIH HHS (R01 HL098294); NIDDK NIH HHS (R01-DK083385,); NIDDK NIH HHS (DK081646); NHLBI NIH HHS (R01-HL0921); NHLBI NIH HHS (R01-HL098294); NHLBI NIH HHS (R01 HL092188); NCI NIH HHS (R01 CA111985); NIDDK NIH HHS (R01-DK083385)",2026-04-29T05:51:56Z
doi:10.1002/jcp.25353,10.1002/jcp.25353,269096710,26909671,Journal Article; Retracted Publication,,2026-04-29T05:51:56Z
doi:10.1073/pnas.1608261113,10.1073/pnas.1608261113,273257770,27325777,Journal Article; Retraction Notice,,2026-04-29T05:51:56Z
doi:10.1073/pnas.0915064107,10.1073/pnas.0915064107,208761090,20876109,"Journal Article; Research Support, U.S. Gov't, Non-P.H.S.; Retracted Publication",,2026-04-29T05:51:56Z
doi:10.1002/jcb.21155,10.1002/jcb.21155,,17163455,"Journal Article; Research Support, Non-U.S. Gov't",,2026-04-29T05:51:56Z
doi:10.1097/fjc.0000000000000127,10.1097/fjc.0000000000000127,252863600,25286360,"Journal Article; Research Support, Non-U.S. Gov't; Retracted Publication",,2026-04-29T05:51:56Z
doi:10.1016/j.jacc.2011.04.026,10.1016/j.jacc.2011.04.026,218353230,21835323,"Journal Article; Research Support, Non-U.S. Gov't; Retracted Publication",,2026-04-29T05:51:56Z
doi:10.1073/pnas.062010399,10.1073/pnas.062010399,119044400,11904440,"Journal Article; Research Support, Non-U.S. Gov't; Retracted Publication",,2026-04-29T05:51:56Z
doi:10.1073/pnas.1217069110,10.1073/pnas.1217069110,232235280,23223528,"Journal Article; Research Support, N.I.H., Extramural; Research Support, Non-U.S. Gov't; Retracted Publication",NHLBI NIH HHS (R01 HL093096),2026-04-29T05:51:56Z
doi:10.1073/pnas.1317350111,10.1073/pnas.1317350111,243855850,24385585,"Journal Article; Research Support, N.I.H., Extramural; Research Support, Non-U.S. Gov't; Retracted Publication",NIAID NIH HHS (K08 AI103038); NIH HHS (U42 OD011128); NIAID NIH HHS (1 RO1 AI 107731-01); NIH HHS (U24 OD010421); NIAID NIH HHS (1 R56 AI097560-01); NIAID NIH HHS (R56 AI097560); NIH HHS (U42OD011128); NIAID NIH HHS (U54 AI057157); NIAID NIH HHS (R01 AI107731); NIH HHS (P40 OD012217),2026-04-29T05:51:56Z
doi:10.1073/pnas.1417891112,10.1073/pnas.1417891112,256244890,25624489,"Journal Article; Research Support, N.I.H., Extramural; Research Support, Non-U.S. Gov't; Research Support, U.S. Gov't, Non-P.H.S.; Retracted Publication",NIDDK NIH HHS (P30 DK026743); NCI NIH HHS (NIH U19 CA179512); NIAID NIH HHS (R01 AI077746); NCI NIH HHS (U19 CA179512); NIAID NIH HHS (R01AI077746),2026-04-29T05:51:56Z
doi:10.1016/j.chembiol.2014.02.011,10.1016/j.chembiol.2014.02.011,246567910,24656791,"Journal Article; Research Support, N.I.H., Extramural; Research Support, Non-U.S. Gov't; Retracted Publication",NIGMS NIH HHS (T32 GM007810); NCI NIH HHS (CA122216); NCI NIH HHS (CA112970); NCI NIH HHS (U54 CA112970); NCI NIH HHS (R01 CA122216),2026-04-29T05:51:56Z
doi:10.1073/pnas.0610590104,10.1073/pnas.0610590104,172133070,17213307,"Journal Article; Research Support, N.I.H., Extramural; Retracted Publication",NCI NIH HHS (R01 CA115468); NIDDK NIH HHS (P01 DK044239); NCI NIH HHS (K01 CA096561); NCI NIH HHS (K01 CA 096561); NIDDK NIH HHS (P01 DK 044239),2026-04-29T05:51:56Z
doi:10.1007/s13277-014-1754-y,10.1007/s13277-014-1754-y,245632800,24563280,"Journal Article; Research Support, Non-U.S. Gov't; Retracted Publication",,2026-04-29T05:51:56Z
doi:10.1016/j.ijdevneu.2014.01.006,10.1016/j.ijdevneu.2014.01.006,246312070,24631207,Journal Article; Retracted Publication,,2026-04-29T05:51:56Z
doi:10.1007/s13277-013-1603-4,10.1007/s13277-013-1603-4,244649260,24464926,"Journal Article; Meta-Analysis; Research Support, Non-U.S. Gov't; Retracted Publication",,2026-04-29T05:51:56Z
doi:10.4161/psb.6.3.14337,10.4161/psb.6.3.14337,213503420,21350342,"Journal Article; Research Support, U.S. Gov't, Non-P.H.S.; Retracted Publication",,2026-04-29T05:51:56Z
doi:10.1023/a:1025328510953,10.1023/a:1025328510953,159483390,15948339,Journal Article,,2026-04-29T05:51:56Z
doi:10.1186/1476-4598-12-34,10.1186/1476-4598-12-34,236348430,23634843,"Journal Article; Research Support, N.I.H., Extramural; Retracted Publication",NCI NIH HHS (R01 CA122914); FDA HHS (T32 BM070388),2026-04-29T05:51:56Z
doi:10.1007/s13277-013-1238-5,10.1007/s13277-013-1238-5,240816760,24081676,"Journal Article; Research Support, Non-U.S. Gov't; Retracted Publication",,2026-04-29T05:51:56Z
doi:10.1002/ijc.23610,10.1002/ijc.23610,185288590,18528859,"Journal Article; Research Support, N.I.H., Extramural; Research Support, U.S. Gov't, Non-P.H.S.; Retracted Publication",NCI NIH HHS (R01 CA109389); NCI NIH HHS (U19CA11317); NCI NIH HHS (P30CA22453); NCI NIH HHS (5R01CA101870); NCI NIH HHS (R01CA109389); NCI NIH HHS (P30 CA022453); NCI NIH HHS (R01 CA101870),2026-04-29T05:51:56Z
doi:10.1002/ijc.25658,10.1002/ijc.25658,208246970,20824697,"Journal Article; Research Support, N.I.H., Extramural; Retracted Publication",NCI NIH HHS (R25 CA101871); NCI NIH HHS (R01 CA 101872); NCI NIH HHS (R15 CA101873); NCI NIH HHS (R01CA101870); NCI NIH HHS (R01 CA132794); NCI NIH HHS (R01 CA101870); NCI NIH HHS (R01CA101871); NCI NIH HHS (R01 CA101873); NCI NIH HHS (R01 CA131151),2026-04-29T05:51:56Z
doi:10.1074/jbc.m006852200,10.1074/jbc.m006852200,112783180,11278318,"Journal Article; Research Support, Non-U.S. Gov't; Research Support, U.S. Gov't, P.H.S.; Retracted Publication",NICHD NIH HHS (HD-06224),2026-04-29T05:51:56Z
doi:10.1002/ijc.21589,10.1002/ijc.21589,162849500,16284950,"Journal Article; Research Support, N.I.H., Extramural; Retracted Publication",NCI NIH HHS (1P20-CA010193-01); NCI NIH HHS (5R01CA101870-02),2026-04-29T05:51:56Z
doi:10.1002/gps.2100,10.1002/gps.2100,187271330,18727133,Journal Article; Multicenter Study; Randomized Controlled Trial; Retracted Publication,,2026-04-29T05:51:56Z
doi:10.1002/ijc.22332,10.1002/ijc.22332,171313100,17131310,"Journal Article; Research Support, N.I.H., Extramural; Research Support, Non-U.S. Gov't; Retracted Publication",NCI NIH HHS (1R01CA101870-03),2026-04-29T05:51:56Z
doi:10.1002/ijc.22077,10.1002/ijc.22077,168238520,16823852,"Journal Article; Research Support, N.I.H., Extramural; Research Support, Non-U.S. Gov't; Research Support, U.S. Gov't, Non-P.H.S.; Retracted Publication",NCI NIH HHS (5R01CA0803695),2026-04-29T05:51:56Z
doi:10.1161/01.cir.0000159206.04070.21,10.1161/01.cir.0000159206.04070.21,160802550,15738363,Retraction Notice,,2026-04-29T05:51:56Z
doi:10.1111/j.1475-3588.2006.00428.x,10.1111/j.1475-3588.2006.00428.x,328471540,32847154,Journal Article,,2026-04-29T05:51:56Z
doi:10.1073/pnas.1014792108,10.1073/pnas.1014792108,212523040,21252304,"Journal Article; Research Support, N.I.H., Extramural; Research Support, Non-U.S. Gov't; Validation Study; Retracted Publication",NIAID NIH HHS (P01 AI081672); NIEHS NIH HHS (R01 ES016347); NIEHS NIH HHS (ES016347); NIAID NIH HHS (AI081672),2026-04-29T05:51:56Z
doi:10.1179/016164107x204657,10.1179/016164107x204657,176267290,17626729,"Comparative Study; Journal Article; Research Support, N.I.H., Extramural; Retracted Publication",NINDS NIH HHS (NS039860),2026-04-29T05:51:56Z
doi:10.1179/016164111x12881719352372,10.1179/016164111x12881719352372,218015920,21801592,"Journal Article; Research Support, U.S. Gov't, Non-P.H.S.; Retracted Publication",,2026-04-29T05:51:56Z
doi:10.1179/174313209x414515,10.1179/174313209x414515,195703280,19570328,"Comparative Study; Journal Article; Research Support, N.I.H., Extramural; Retracted Publication",NINDS NIH HHS (NS039860),2026-04-29T05:51:56Z
doi:10.1179/016164111x12881719352570,10.1179/016164111x12881719352570,218015970,21801597,"Journal Article; Research Support, N.I.H., Extramural; Research Support, U.S. Gov't, Non-P.H.S.; Retracted Publication",NINDS NIH HHS (NS064976),2026-04-29T05:51:56Z
doi:10.1111/j.1471-8286.2007.02008.x,10.1111/j.1471-8286.2007.02008.x,215860710,21586071,Journal Article,,2026-04-29T05:51:56Z
doi:10.1074/jbc.m404852200,10.1074/jbc.m404852200,152949000,15294900,"Journal Article; Research Support, Non-U.S. Gov't; Research Support, U.S. Gov't, P.H.S.; Retracted Publication",NIDDK NIH HHS (DK49615),2026-04-29T05:51:56Z
doi:10.1074/jbc.m600135200,10.1074/jbc.m600135200,169663360,16966336,"Journal Article; Research Support, N.I.H., Extramural; Retracted Publication",NCI NIH HHS (R01 CA102325); NCI NIH HHS (R01 CA106280),2026-04-29T05:51:56Z
doi:10.1002/evan.21460,10.1002/evan.21460,264781400,26478140,"Journal Article; Research Support, Non-U.S. Gov't; Retracted Publication",,2026-04-29T05:51:56Z
doi:10.1227/01.neu.0000373207.04297.13,10.1227/01.neu.0000373207.04297.13,20644380,20644386,Journal Article,,2026-04-29T05:51:56Z
doi:10.1038/cdd.2010.65,10.1038/cdd.2010.65,205086450,20508645,"Journal Article; Research Support, Non-U.S. Gov't; Retracted Publication",,2026-04-29T05:51:56Z
doi:10.1186/1475-2859-8-39,10.1186/1475-2859-8-39,196193180,19619318,Journal Article; Retracted Publication,,2026-04-29T05:51:56Z
doi:10.1016/j.intimp.2013.07.007,10.1016/j.intimp.2013.07.007,238920290,23892029,"Journal Article; Research Support, N.I.H., Extramural; Retracted Publication",Wellcome Trust (100574); NEI NIH HHS (R01 EY018591); NEI NIH HHS (EY015891),2026-04-29T05:51:56Z
doi:10.1158/1078-0432.ccr-16-0137,10.1158/1078-0432.ccr-16-0137,274582470,27458247,Journal Article; Retracted Publication,NCI NIH HHS (R21 CA183892),2026-04-29T05:51:56Z
doi:10.1096/fj.06-7854com,10.1096/fj.06-7854com,173841420,17384142,"Journal Article; Research Support, N.I.H., Extramural; Research Support, U.S. Gov't, Non-P.H.S.; Retracted Publication",NCI NIH HHS (1K01CA89689); NEI NIH HHS (EY04618); NEI NIH HHS (EY11766),2026-04-29T05:51:56Z
doi:10.1371/journal.pone.0164378,10.1371/journal.pone.0164378,277369360,27736936,Journal Article; Retracted Publication,NIDDK NIH HHS (R01 DK101645),2026-04-29T05:51:56Z
doi:10.1080/14737175.2016.1189827,10.1080/14737175.2016.1189827,271772930,27177293,Journal Article; Retracted Publication,,2026-04-29T05:51:56Z
doi:10.1097/md.0000000000002501,10.1097/md.0000000000002501,267654640,26765464,Case Reports; Journal Article; Retracted Publication,,2026-04-29T05:51:56Z
doi:10.1038/ncomms4562,10.1038/ncomms4562,247363160,24736316,"Journal Article; Research Support, Non-U.S. Gov't; Retracted Publication",,2026-04-29T05:51:56Z
doi:10.1007/s10488-006-0092-9,10.1007/s10488-006-0092-9,169835130,16983513,Journal Article; Retracted Publication,,2026-04-29T05:51:56Z
doi:10.1124/mol.114.094508,10.1124/mol.114.094508,254256240,25425624,"Journal Article; Research Support, Non-U.S. Gov't; Retracted Publication",,2026-04-29T05:51:56Z
doi:10.12659/ajcr.896798,10.12659/ajcr.896798,268973600,26897360,Case Reports; Journal Article; Retracted Publication,,2026-04-29T05:51:56Z
doi:10.1124/mol.114.092536,10.1124/mol.114.092536,248509100,24850910,"Journal Article; Research Support, Non-U.S. Gov't; Retracted Publication",,2026-04-29T05:51:56Z
doi:10.1124/mol.107.041350,10.1124/mol.107.041350,182872480,18287248,"Journal Article; Research Support, N.I.H., Extramural; Research Support, Non-U.S. Gov't; Retracted Publication",NCI NIH HHS (CA16672),2026-04-29T05:51:56Z
doi:10.1124/mol.110.067512,10.1124/mol.110.067512,209301100,20930110,"Journal Article; Research Support, N.I.H., Extramural; Research Support, Non-U.S. Gov't; Retracted Publication",NCI NIH HHS (P01 CA124787); NCI NIH HHS (P30 CA016672); NCI NIH HHS (CA16672); NCI NIH HHS (CA124787-01A2),2026-04-29T05:51:56Z
doi:10.1073/pnas.0901184106,10.1073/pnas.0901184106,194704560,19470456,"Journal Article; Research Support, Non-U.S. Gov't; Retracted Publication",,2026-04-29T05:51:56Z
doi:10.1074/jbc.m705709200,10.1074/jbc.m705709200,180293510,18029351,"Journal Article; Research Support, N.I.H., Extramural; Retracted Publication",NCI NIH HHS (R01 CA102325); NCI NIH HHS (R01 CA106280),2026-04-29T05:51:56Z
doi:10.1053/j.jvca.2005.12.005,10.1053/j.jvca.2005.12.005,166166620,16616662,Journal Article; Randomized Controlled Trial; Retracted Publication,,2026-04-29T05:51:56Z
doi:10.1074/jbc.m113.453886,10.1074/jbc.m113.453886,236873000,23687300,"Journal Article; Research Support, N.I.H., Extramural; Retracted Publication",NCI NIH HHS (R01 CA106280); NCI NIH HHS (R01 CA134568); NCI NIH HHS (CA106280); NIDDK NIH HHS (R01 DK077776); NCI NIH HHS (CA134568); NIDDK NIH HHS (DK077776); NIDDK NIH HHS (R56 DK077776); NCI NIH HHS (R01 CA102325),2026-04-29T05:51:56Z
doi:10.1074/jbc.m110.163865,10.1074/jbc.m110.163865,211772500,21177250,"Journal Article; Research Support, N.I.H., Extramural; Retracted Publication",NHLBI NIH HHS (R01 HL077788); NHLBI NIH HHS (R01 HL083423); NHLBI NIH HHS (R01 HL-77788); NHLBI NIH HHS (HL-83423),2026-04-29T05:51:56Z
doi:10.1073/pnas.0906922106,10.1073/pnas.0906922106,198053050,19805305,"Journal Article; Research Support, U.S. Gov't, Non-P.H.S.; Retracted Publication",NCI NIH HHS (R01 CA149719),2026-04-29T05:51:56Z
doi:10.1093/hmg/ddu734,10.1093/hmg/ddu734,255616920,25561692,"Journal Article; Research Support, Non-U.S. Gov't; Retracted Publication",,2026-04-29T05:51:56Z
doi:10.1016/j.schres.2013.02.017,10.1016/j.schres.2013.02.017,235664960,23566496,"Journal Article; Research Support, N.I.H., Intramural; Retracted Publication",NIMH NIH HHS (R24 MH068855); NIA NIH HHS (R99 AG999999); Intramural NIH HHS (Z99 AG999999),2026-04-29T05:51:56Z
doi:10.1002/hon.2185,10.1002/hon.2185,255246370,25524637,Journal Article; Review; Retracted Publication,,2026-04-29T05:51:56Z
doi:10.1038/sj.leu.2403868,10.1038/sj.leu.2403868,160153880,16015388,"Comparative Study; Journal Article; Research Support, N.I.H., Extramural; Research Support, Non-U.S. Gov't; Research Support, U.S. Gov't, Non-P.H.S.; Research Support, U.S. Gov't, P.H.S.; Retracted Publication",NCI NIH HHS (CA 100866); NCI NIH HHS (CA63753); NCI NIH HHS (CA72955); NCI NIH HHS (CA88906); NCI NIH HHS (CA93738),2026-04-29T05:51:56Z
doi:10.1071/fp08120,10.1071/fp08120,,32688805,Journal Article; Retracted Publication,,2026-04-29T05:51:56Z
doi:10.1152/ajpendo.00194.2016,10.1152/ajpendo.00194.2016,274608980,27460898,Journal Article; Retracted Publication,BLRD VA (I01 BX000990); NIGMS NIH HHS (T32 GM007347),2026-04-29T05:51:56Z
doi:10.1002/adma.201301370,10.1002/adma.201301370,239637470,23963747,"Journal Article; Research Support, U.S. Gov't, Non-P.H.S.; Retracted Publication",,2026-04-29T05:51:56Z
doi:10.1016/j.freeradbiomed.2012.06.040,10.1016/j.freeradbiomed.2012.06.040,227816540,22781654,"Journal Article; Research Support, Non-U.S. Gov't; Retracted Publication",,2026-04-29T05:51:56Z
doi:10.1002/ddr.20087,10.1002/ddr.20087,177101910,17710191,Journal Article,NIGMS NIH HHS (R15 GM069397),2026-04-29T05:51:56Z
doi:10.1021/es503827y,10.1021/es503827y,254123530,25412353,"Journal Article; Research Support, N.I.H., Extramural; Research Support, Non-U.S. Gov't; Retracted Publication",NIEHS NIH HHS (P30 ES000210); NIEHS NIH HHS (P42 ES016465); NIEHS NIH HHS (R21 ES020120),2026-04-29T05:51:56Z
doi:10.1021/es506095e,10.1021/es506095e,258103980,25810398,"Journal Article; Research Support, N.I.H., Extramural; Retracted Publication",NIEHS NIH HHS (P30-ES06096); NIEHS NIH HHS (P30-ES000210); NIEHS NIH HHS (P30 ES006096); NIEHS NIH HHS (P42 ES016465); NIEHS NIH HHS (P30 ES000210),2026-04-29T05:51:56Z
doi:10.1289/ehp.1408282,10.1289/ehp.1408282,257127310,25712731,"Journal Article; Research Support, N.I.H., Extramural; Retracted Publication",NICHD NIH HHS (T32 HD052462); NICHD NIH HHS (R01HD-32562); NHLBI NIH HHS (K01 HL103174); NICHD NIH HHS (R01 HD032562); NHLBI NIH HHS (K01HL103174),2026-04-29T05:51:56Z
doi:10.4103/1477-3163.75723,10.4103/1477-3163.75723,212979220,21297922,Journal Article; Retracted Publication,,2026-04-29T05:51:56Z
doi:10.1016/j.cellsig.2010.05.017,10.1016/j.cellsig.2010.05.017,205707270,20570727,"Journal Article; Research Support, N.I.H., Extramural; Research Support, Non-U.S. Gov't; Retracted Publication",NIAID NIH HHS (R01 AI053188); NIDDK NIH HHS (R01 DK054213); NIAID NIH HHS (AI-53188); NCI NIH HHS (P30 CA043703); NIDDK NIH HHS (DK-54213); NCI NIH HHS (P30 CA43703),2026-04-29T05:51:56Z
doi:10.4049/jimmunol.179.8.5441,10.4049/jimmunol.179.8.5441,179116310,17911631,Journal Article,,2026-04-29T05:51:56Z
doi:10.4049/jimmunol.180.9.6199,10.4049/jimmunol.180.9.6199,184247420,18424742,"Journal Article; Research Support, N.I.H., Extramural",NCI NIH HHS (R01 CA107023); NCI NIH HHS (CA 107023-02S1); NCI NIH HHS (CA 107023),2026-04-29T05:51:56Z
doi:10.1016/j.mito.2012.12.003,10.1016/j.mito.2012.12.003,232616810,23261681,"Journal Article; Research Support, N.I.H., Extramural; Research Support, Non-U.S. Gov't; Retracted Publication",NEI NIH HHS (R01 EY010804); NINDS NIH HHS (R01 NS079965); NIA NIH HHS (AG036871); NIA NIH HHS (R01 AG036871); NINDS NIH HHS (NS079965); NEI NIH HHS (EY10804),2026-04-29T05:51:56Z
doi:10.1038/sj.cr.7290375,10.1038/sj.cr.7290375,153531270,15353127,"Journal Article; Research Support, U.S. Gov't, P.H.S.",NIEHS NIH HHS (P30 ES06639); NIEHS NIH HHS (R01ES09699),2026-04-29T05:51:56Z
doi:10.1016/j.celrep.2015.06.010,10.1016/j.celrep.2015.06.010,261197330,26119733,"Journal Article; Research Support, N.I.H., Extramural; Retracted Publication",NIGMS NIH HHS (R01GM089979); NIGMS NIH HHS (R01 GM088202); NIGMS NIH HHS (R01GM088202); NIGMS NIH HHS (T32 GM007491); NIGMS NIH HHS (R01 GM089979); NCI NIH HHS (P30 CA013330); NIGMS NIH HHS (T32-GM007491),2026-04-29T05:51:56Z
doi:10.1016/j.cmet.2008.07.006,10.1016/j.cmet.2008.07.006,187620250,18762025,"Journal Article; Research Support, N.I.H., Extramural; Research Support, Non-U.S. Gov't; Retracted Publication",NEI NIH HHS (R01 EY010804); NINDS NIH HHS (R56 NS041777); NINDS NIH HHS (R01 NS041777); NEI NIH HHS (EY10804); NCI NIH HHS (R01 CA085700); NINDS NIH HHS (NS041777),2026-04-29T05:51:56Z
doi:10.1016/j.cell.2013.04.008,10.1016/j.cell.2013.04.008,236233040,23623304,"Journal Article; Research Support, N.I.H., Extramural; Research Support, Non-U.S. Gov't; Retracted Publication",NIDDK NIH HHS (RC4 DK090781); NIDDK NIH HHS (RC4DK090781); Howard Hughes Medical Institute (No ID),2026-04-29T05:51:56Z
doi:10.2337/db13-1526,10.2337/db13-1526,244304370,24430437,"Journal Article; Research Support, Non-U.S. Gov't; Retracted Publication",,2026-04-29T05:51:56Z
doi:10.1242/dev.129023,10.1242/dev.129023,267006830,26700683,Journal Article; Retraction Notice,NIGMS NIH HHS (R01 GM089979),2026-04-29T05:51:56Z
doi:10.1016/j.chemosphere.2016.02.103,10.1016/j.chemosphere.2016.02.103,269461140,26946114,"Journal Article; Research Support, Non-U.S. Gov't; Retracted Publication",,2026-04-29T05:51:56Z
doi:10.1016/j.chemosphere.2015.12.092,10.1016/j.chemosphere.2015.12.092,267511280,26751128,"Journal Article; Research Support, Non-U.S. Gov't; Retracted Publication",,2026-04-29T05:51:56Z
doi:10.1158/0008-5472.can-08-4516,10.1158/0008-5472.can-08-4516,196227710,19622771,"Journal Article; Research Support, N.I.H., Extramural; Research Support, U.S. Gov't, Non-P.H.S.; Retracted Publication",NCI NIH HHS (CA84296); Intramural NIH HHS (Z01 BC010563); NCI NIH HHS (U01 CA084296); PHS HHS (Z01 010954); Intramural NIH HHS (Z01 BC010653); NCI NIH HHS (N01-CO-12400); Intramural NIH HHS (Z01 BC010954); NCI NIH HHS (N01 CO012400),2026-04-29T05:51:56Z
doi:10.1002/cncr.23100,10.1002/cncr.23100,179489110,17948911,"Journal Article; Research Support, Non-U.S. Gov't; Retracted Publication",,2026-04-29T05:51:56Z
doi:10.1002/cncr.10308,10.1002/cncr.10308,118777680,11877768,"Clinical Trial; Clinical Trial, Phase II; Journal Article; Research Support, Non-U.S. Gov't",,2026-04-29T05:51:56Z
doi:10.1002/cncr.21904,10.1002/cncr.21904,166286530,16628653,"Journal Article; Research Support, N.I.H., Extramural; Retracted Publication",NCI NIH HHS (1P20-CA010193-01); NCI NIH HHS (5R01CA101870-02),2026-04-29T05:51:56Z
doi:10.1002/cncr.24250,10.1002/cncr.24250,192885740,19288574,"Journal Article; Research Support, Non-U.S. Gov't; Retracted Publication",,2026-04-29T05:51:56Z
doi:10.1002/cncr.21731,10.1002/cncr.21731,164752110,16475211,"Journal Article; Research Support, N.I.H., Extramural; Research Support, Non-U.S. Gov't; Retracted Publication",NCI NIH HHS (1P20 CA 010193-02); NCI NIH HHS (1R01 CA 101870-02); NCI NIH HHS (5R01 CA 083695-04),2026-04-29T05:51:56Z
doi:10.1074/jbc.m401878200,10.1074/jbc.m401878200,151697620,15169762,"Journal Article; Research Support, Non-U.S. Gov't; Retracted Publication",,2026-04-29T05:51:56Z
doi:10.1074/jbc.m409166200,10.1074/jbc.m409166200,153160040,15316004,Journal Article; Retracted Publication,,2026-04-29T05:51:56Z
doi:10.1182/blood.v98.1.125,10.1182/blood.v98.1.125,114184710,11418471,"Journal Article; Research Support, U.S. Gov't, P.H.S.; Retracted Publication",NHLBI NIH HHS (HL02917); NHLBI NIH HHS (HL46213); NHLBI NIH HHS (HL56153); NHLBI NIH HHS (HL56914); NHLBI NIH HHS (HL58837),2026-04-29T05:51:56Z
doi:10.1016/j.annemergmed.2015.07.438,10.1016/j.annemergmed.2015.07.438,279893080,27989308,Journal Article; Retracted Publication,,2026-04-29T05:51:56Z
doi:10.1093/biomet/asv053,10.1093/biomet/asv053,,29911671,Retraction Notice,,2026-04-29T05:51:56Z
doi:10.1016/j.biopsych.2015.10.017,10.1016/j.biopsych.2015.10.017,268055820,26805582,Journal Article; Retracted Publication,NINDS NIH HHS (R01 NS086085),2026-04-29T05:51:56Z
doi:10.1021/ac800406f,10.1021/ac800406f,183996590,18399659,"Journal Article; Research Support, N.I.H., Extramural; Research Support, Non-U.S. Gov't",NIDDK NIH HHS (R01 DK046960); NIDDK NIH HHS (R37 DK046960); NIDDK NIH HHS (DK046960),2026-04-29T05:51:56Z
doi:10.1037/a0030094,10.1037/a0030094,230671170,23067117,"Journal Article; Research Support, N.I.H., Extramural; Retracted Publication",NIMH NIH HHS (R01 MH077105); NIMH NIH HHS (R01 MH087214); NIMH NIH HHS (NIH-R01MH077105),2026-04-29T05:51:56Z
doi:10.1037/0096-1523.32.6.1405,10.1037/0096-1523.32.6.1405,171547810,17154781,"Journal Article; Randomized Controlled Trial; Research Support, U.S. Gov't, Non-P.H.S.; Retracted Publication",,2026-04-29T05:51:56Z
doi:10.3892/ijo.2011.1211,10.3892/ijo.2011.1211,219468900,21946890,"Journal Article; Research Support, N.I.H., Extramural; Research Support, U.S. Gov't, P.H.S.; Retracted Publication",NCI NIH HHS (CA106296); NCI NIH HHS (CA106296-05S1),2026-04-29T05:51:56Z
doi:10.1038/ijo.2014.20,10.1038/ijo.2014.20,244808600,24480860,"Journal Article; Research Support, Non-U.S. Gov't; Retracted Publication",,2026-04-29T05:51:56Z
doi:10.1037/a0025753,10.1037/a0025753,220600160,22060016,"Journal Article; Research Support, N.I.H., Extramural; Retracted Publication",NIA NIH HHS (RC1-AG036258); NIA NIH HHS (T32 AG00030),2026-04-29T05:51:56Z
doi:10.1037/0096-3445.135.4.588,10.1037/0096-3445.135.4.588,170875750,17087575,"Journal Article; Research Support, U.S. Gov't, Non-P.H.S.; Retracted Publication",,2026-04-29T05:51:56Z
doi:10.1084/jem.20110680,10.1084/jem.20110680,219480820,21948082,"Journal Article; Research Support, N.I.H., Extramural; Retracted Publication",NIAMS NIH HHS (K01 AR052802); NIGMS NIH HHS (R37 GM053256); NIAMS NIH HHS (K01AR52802),2026-04-29T05:51:56Z
doi:10.1016/j.bbabio.2012.09.016,10.1016/j.bbabio.2012.09.016,230443930,23044393,"Journal Article; Research Support, N.I.H., Extramural; Retracted Publication",NIAAA NIH HHS (R01 AA012897); NCI NIH HHS (R01 CA118356),2026-04-29T05:51:56Z
pmid:241433480,,241433480,24143348,"Journal Article; Research Support, N.I.H., Extramural; Comment; Retracted Publication",NCRR NIH HHS (UL1 RR024999); NCRR NIH HHS (UL1RR024999),2026-04-29T05:51:56Z
doi:10.1158/0008-5472.can-10-1296,10.1158/0008-5472.can-10-1296,211596660,21159666,"Journal Article; Research Support, N.I.H., Extramural; Research Support, Non-U.S. Gov't; Retracted Publication",NCI NIH HHS (R01 CA129816); NCI NIH HHS (R01 CA 129816),2026-04-29T05:51:56Z
doi:10.1016/j.jad.2011.08.017,10.1016/j.jad.2011.08.017,219257390,21925739,"Journal Article; Research Support, N.I.H., Intramural; Retracted Publication",NIMH NIH HHS (R24 MH068855); NIA NIH HHS (R99 AG999999); Intramural NIH HHS (Z99 AG999999),2026-04-29T05:51:56Z
doi:10.1152/ajprenal.00146.2015,10.1152/ajprenal.00146.2015,260179750,26017975,"Journal Article; Research Support, Non-U.S. Gov't; Retracted Publication",,2026-04-29T05:51:56Z
doi:10.1073/pnas.0400441101,10.1073/pnas.0400441101,149855100,23267065,Journal Article; Retraction Notice,,2026-04-29T05:51:56Z
doi:10.1073/pnas.1006377107,10.1073/pnas.1006377107,208232600,20823260,"Journal Article; Research Support, N.I.H., Extramural; Research Support, Non-U.S. Gov't; Research Support, U.S. Gov't, Non-P.H.S.; Retracted Publication",NCI NIH HHS (R01 CA140759),2026-04-29T05:51:56Z
doi:10.1084/jem.20100730,10.1084/jem.20100730,216702030,21670203,"Journal Article; Research Support, N.I.H., Extramural; Research Support, Non-U.S. Gov't; Retracted Publication",NIA NIH HHS (AG287510); NIAID NIH HHS (R01 AI089846); NCI NIH HHS (R01 CA114336); NCI NIH HHS (CA 114336); NIAID NIH HHS (AI089846); NIAID NIH HHS (R56 AI089846),2026-04-29T05:51:56Z
doi:10.1089/ast.2015.1394,10.1089/ast.2015.1394,271358390,27135839,Journal Article; Retracted Publication,,2026-04-29T05:51:56Z
doi:10.1089/end.2011.0133,10.1089/end.2011.0133,220505090,22050509,"Journal Article; Research Support, Non-U.S. Gov't; Retracted Publication; Review",,2026-04-29T05:51:56Z
doi:10.1097/yct.0000000000000319,10.1097/yct.0000000000000319,272274020,27227402,Journal Article; Retracted Publication,,2026-04-29T05:51:56Z
doi:10.1073/pnas.1218203110,10.1073/pnas.1218203110,234015540,23401554,"Research Support, N.I.H., Extramural; Research Support, Non-U.S. Gov't; Retracted Publication; Journal Article",NIGMS NIH HHS (R01GM088745); NIGMS NIH HHS (R01 GM093271); NIGMS NIH HHS (R01 GM088745); Howard Hughes Medical Institute (No ID); NIGMS NIH HHS (R01GM093271),2026-04-29T05:51:56Z
doi:10.1073/pnas.0812642106,10.1073/pnas.0812642106,192463960,19246396,"Journal Article; Research Support, N.I.H., Extramural; Retracted Publication",NCI NIH HHS (R01 CA105043); NCI NIH HHS (CA105043),2026-04-29T05:51:56Z
doi:10.1038/srep19222,10.1038/srep19222,267539870,26753987,"Journal Article; Research Support, Non-U.S. Gov't; Retracted Publication",,2026-04-29T05:51:56Z
doi:10.1126/science.aaa7516,10.1126/science.aaa7516,258833180,25883318,"Journal Article; Research Support, N.I.H., Extramural; Research Support, Non-U.S. Gov't; Retracted Publication",Wellcome Trust (No ID); NIAID NIH HHS (AI45108); British Heart Foundation (FS/12/38/29640); Cancer Research UK (A9995); Medical Research Council (G0700795); NIAID NIH HHS (AI091930),2026-04-29T05:51:56Z
doi:10.1162/jocn_a_00207,10.1162/jocn_a_00207,223328030,22332803,"Journal Article; Research Support, N.I.H., Extramural; Retracted Publication",NIMH NIH HHS (R01 MH077105); NIMH NIH HHS (NIH-R01MH077105),2026-04-29T05:51:56Z
doi:10.1162/jocn_a_00649,10.1162/jocn_a_00649,247387740,24738774,"Journal Article; Research Support, N.I.H., Extramural; Retracted Publication",NIMH NIH HHS (R01 MH087214); NIMH NIH HHS (R01-MH087214),2026-04-29T05:51:56Z
doi:10.1097/yct.0000000000000344,10.1097/yct.0000000000000344,274284770,27428477,Journal Article; Retracted Publication,,2026-04-29T05:51:56Z
doi:10.1073/pnas.0608599104,10.1073/pnas.0608599104,172642140,17264214,"Journal Article; Research Support, N.I.H., Extramural; Retracted Publication",NIGMS NIH HHS (F32 GM076944); NIGMS NIH HHS (R01 GM074268),2026-04-29T05:51:56Z
doi:10.1073/pnas.1006901107,10.1073/pnas.1006901107,207980470,20798047,"Comparative Study; Journal Article; Research Support, N.I.H., Extramural; Research Support, Non-U.S. Gov't; Retracted Publication",PHS HHS (R01-A127314); PHS HHS (U01-A132246),2026-04-29T05:51:56Z
doi:10.15430/jcp.2014.19.1.39,10.15430/jcp.2014.19.1.39,253375710,25337571,Journal Article; Retracted Publication,,2026-04-29T05:51:56Z
doi:10.1097/bcr.0000000000000025,10.1097/bcr.0000000000000025,255221500,25522150,Journal Article; Retracted Publication,,2026-04-29T05:51:56Z
doi:10.1002/adma.201301243,10.1002/adma.201301243,239461890,23946189,"Journal Article; Research Support, U.S. Gov't, Non-P.H.S.; Retracted Publication",,2026-04-29T05:51:56Z
doi:10.1158/1541-7786.mcr-09-0291,10.1158/1541-7786.mcr-09-0291,204070170,20407017,Journal Article; Retracted Publication,,2026-04-29T05:51:56Z
doi:10.1016/j.mce.2006.01.009,10.1016/j.mce.2006.01.009,165043750,16504375,"Journal Article; Research Support, N.I.H., Extramural; Retracted Publication",NHLBI NIH HHS (HL48848); NHLBI NIH HHS (HL70294),2026-04-29T05:51:56Z
doi:10.1016/j.mvr.2006.02.002,10.1016/j.mvr.2006.02.002,166354970,16635497,"Journal Article; Research Support, N.I.H., Extramural; Retracted Publication",NINDS NIH HHS (NS039860),2026-04-29T05:51:56Z
doi:10.1074/jbc.m109017200,10.1074/jbc.m109017200,117418830,11741883,"Journal Article; Research Support, Non-U.S. Gov't; Research Support, U.S. Gov't, P.H.S.; Retracted Publication",NIAID NIH HHS (AI44629),2026-04-29T05:51:56Z
doi:10.1074/jbc.m108319200,10.1074/jbc.m108319200,116965420,11696542,"Journal Article; Research Support, U.S. Gov't, P.H.S.; Retracted Publication",NHLBI NIH HHS (HL46213); NHLBI NIH HHS (HL54218); NHLBI NIH HHS (HL56914); NHLBI NIH HHS (HL64796); NHLBI NIH HHS (HL64943),2026-04-29T05:51:56Z
doi:10.1074/jbc.m114.580977,10.1074/jbc.m114.580977,251043500,25104350,"Journal Article; Research Support, N.I.H., Extramural; Retracted Publication",NCATS NIH HHS (UL1 TR000430); NHLBI NIH HHS (P01 HL062426); NHLBI NIH HHS (HL-111455); NHLBI NIH HHS (R01 HL022231); NHLBI NIH HHS (R01 HL-117041); NHLBI NIH HHS (R01 HL111455); NHLBI NIH HHS (R01 HL 22231); NHLBI NIH HHS (P01 HL 062426); NHLBI NIH HHS (R01 HL117041),2026-04-29T05:51:56Z
doi:10.1074/jbc.m804062200,10.1074/jbc.m804062200,185960350,18596035,"Journal Article; Research Support, N.I.H., Extramural; Retracted Publication",NIAID NIH HHS (AI 44629); NIDDK NIH HHS (DK 070642); NIGMS NIH HHS (GM 65113),2026-04-29T05:51:56Z
doi:10.1074/jbc.m303056200,10.1074/jbc.m303056200,128078880,12807888,Journal Article; Retracted Publication,,2026-04-29T05:51:56Z
doi:10.1074/jbc.m611728200,10.1074/jbc.m611728200,173795980,17379598,"Journal Article; Research Support, N.I.H., Extramural; Research Support, Non-U.S. Gov't; Research Support, U.S. Gov't, Non-P.H.S.",,2026-04-29T05:51:56Z
doi:10.1074/jbc.m112.442384,10.1074/jbc.m112.442384,234475320,23447532,"Journal Article; Research Support, N.I.H., Extramural; Retracted Publication",NHLBI NIH HHS (P01 HL062426); NHLBI NIH HHS (R01 HL022231); NHLBI NIH HHS (R01 HL111455); NHLBI NIH HHS (R01 HL 22231); NHLBI NIH HHS (P01 HL 062426); NHLBI NIH HHS (R01 HL 83423); NHLBI NIH HHS (R01 HL117041); NHLBI NIH HHS (R01 HL083423),2026-04-29T05:51:56Z
doi:10.1177/1087054716659361,10.1177/1087054716659361,274447510,27444751,Journal Article; Retracted Publication,,2026-04-29T05:51:56Z
doi:10.1021/acsami.6b10989,10.1021/acsami.6b10989,279342500,27934250,Journal Article; Retracted Publication,,2026-04-29T05:51:56Z
doi:10.1021/acsami.6b10051,10.1021/acsami.6b10051,277673050,27767305,Journal Article; Retracted Publication,,2026-04-29T05:51:56Z
doi:10.1016/s0140-6736(14)60921-1,10.1016/s0140-6736(14)60921-1,249695060,24969506,"Journal Article; Research Support, N.I.H., Extramural; Research Support, Non-U.S. Gov't",NHLBI NIH HHS (U01 HL105270); NHLBI NIH HHS (U01 HL105270-03),2026-04-29T05:51:56Z
doi:10.1073/pnas.0904984106,10.1073/pnas.0904984106,198052170,19805217,Journal Article; Retracted Publication,,2026-04-29T05:51:56Z
doi:10.1073/pnas.0806674105,10.1073/pnas.0806674105,190500790,19050079,"Journal Article; Research Support, N.I.H., Extramural; Research Support, N.I.H., Intramural; Research Support, Non-U.S. Gov't; Research Support, U.S. Gov't, Non-P.H.S.; Retracted Publication",Intramural NIH HHS (No ID),2026-04-29T05:51:56Z
doi:10.1073/pnas.1006608107,10.1073/pnas.1006608107,209749430,20974943,"Journal Article; Research Support, N.I.H., Extramural; Retracted Publication",NIAID NIH HHS (R01 AI037618); NIAID NIH HHS (R01 AI041592); NIAID NIH HHS (AI041592); NIAID NIH HHS (AI037618),2026-04-29T05:51:56Z
doi:10.1111/j.1743-6109.2007.00609.x,10.1111/j.1743-6109.2007.00609.x,179586180,17958618,Journal Article; Review; Retracted Publication,,2026-04-29T05:51:56Z
doi:10.1172/jci32738,10.1172/jci32738,179756710,17975671,"Journal Article; Research Support, N.I.H., Extramural; Research Support, Non-U.S. Gov't; Retracted Publication",NIDDK NIH HHS (R01 DK055881); NIDDK NIH HHS (DK55881),2026-04-29T05:51:56Z
doi:10.1172/jci67638,10.1172/jci67638,237781370,23778137,"Journal Article; Research Support, N.I.H., Extramural; Research Support, Non-U.S. Gov't; Retracted Publication",NIDDK NIH HHS (R01 DK52431); NIDDK NIH HHS (P30 DK026687); NIDDK NIH HHS (R01 DK052431); NIDDK NIH HHS (P30 DK063608); NIDDK NIH HHS (P30DK063608),2026-04-29T05:51:56Z
doi:10.1172/jci34378,10.1172/jci34378,188024770,18802477,"Journal Article; Research Support, N.I.H., Extramural; Research Support, N.I.H., Intramural; Retracted Publication",NHLBI NIH HHS (K08 HL091335); NHLBI NIH HHS (HL91335); Intramural NIH HHS (No ID),2026-04-29T05:51:56Z
doi:10.1172/jci44325,10.1172/jci44325,214365880,21436588,"Journal Article; Research Support, N.I.H., Extramural; Research Support, N.I.H., Intramural; Research Support, U.S. Gov't, Non-P.H.S.; Retracted Publication",Intramural NIH HHS (Z01 BC010954),2026-04-29T05:51:56Z
doi:10.1172/jci22787,10.1172/jci22787,155780930,15578093,"Journal Article; Research Support, Non-U.S. Gov't; Retracted Publication",,2026-04-29T05:51:56Z
doi:10.1172/jci41769,10.1172/jci41769,220808650,22080865,"Comparative Study; Journal Article; Research Support, N.I.H., Extramural; Research Support, Non-U.S. Gov't; Retracted Publication",,2026-04-29T05:51:56Z
doi:10.1093/jat/28.4.217,10.1093/jat/28.4.217,151896710,15189671,Comparative Study; Journal Article,,2026-04-29T05:51:56Z
doi:10.1172/jci45144,10.1172/jci45144,220053020,22005302,"Journal Article; Research Support, N.I.H., Extramural; Research Support, Non-U.S. Gov't; Retracted Publication",NHLBI NIH HHS (U01 HL105569); NIEHS NIH HHS (P50ES015903); NHLBI NIH HHS (P50HL107169); NIEHS NIH HHS (P01 ES018176); NHLBI NIH HHS (R01 HL081205); NHLBI NIH HHS (P50 HL084945); NCI NIH HHS (P50 CA058184); NHLBI NIH HHS (U01HL105569); NHLBI NIH HHS (P50HL084945); NHLBI NIH HHS (P50 HL107169); NIEHS NIH HHS (P30 ES003819); NIEHS NIH HHS (P50 ES015903); NIEHS NIH HHS (P01ES018176); NIEHS NIH HHS (ES03819); NHLBI NIH HHS (HL081205),2026-04-29T05:51:56Z
doi:10.1063/1.2162170,10.1063/1.2162170,164688830,16468883,Journal Article; Retracted Publication,,2026-04-29T05:51:56Z
doi:10.1002/jcb.23150,10.1002/jcb.23150,215039650,21503965,"Journal Article; Research Support, N.I.H., Extramural; Retracted Publication",NCI NIH HHS (R01 CA131151); NCI NIH HHS (5R01CA131151); NCI NIH HHS (5R01CA132794); NCI NIH HHS (R01 CA132794); NCI NIH HHS (3R01CA131151-02S1),2026-04-29T05:51:56Z
doi:10.1002/jcb.22323,10.1002/jcb.22323,196937690,19693769,"Journal Article; Research Support, N.I.H., Extramural; Retracted Publication",NCI NIH HHS (R01 CA108535); NCI NIH HHS (R01 CA132794); NCI NIH HHS (5R01CA108535-06),2026-04-29T05:51:56Z
doi:10.1002/jcb.22770,10.1002/jcb.22770,206585450,20658545,"Journal Article; Research Support, N.I.H., Extramural; Research Support, Non-U.S. Gov't; Retracted Publication",NCI NIH HHS (R01 CA083695); NCI NIH HHS (R01 CA101870); NCI NIH HHS (5R01CA083695); NCI NIH HHS (1R01CA101870),2026-04-29T05:51:56Z
doi:10.1002/jcb.22451,10.1002/jcb.22451,200526730,20052673,"Journal Article; Research Support, N.I.H., Extramural; Research Support, U.S. Gov't, Non-P.H.S.; Retracted Publication",NCI NIH HHS (1R01CA101870); NCI NIH HHS (5R01CA083695),2026-04-29T05:51:56Z
doi:10.1002/jcb.22523,10.1002/jcb.22523,202137640,20213764,"Journal Article; Research Support, N.I.H., Extramural; Research Support, Non-U.S. Gov't; Retracted Publication",NCI NIH HHS (R01 CA131151); NCI NIH HHS (R01 CA132794); NCI NIH HHS (R01CA131151); NCI NIH HHS (R01CA132794),2026-04-29T05:51:56Z
doi:10.1242/jcs.01612,10.1242/jcs.01612,156157880,15615788,"Journal Article; Research Support, N.I.H., Extramural; Research Support, Non-U.S. Gov't; Research Support, U.S. Gov't, P.H.S.; Retracted Publication",NEI NIH HHS (EY04618); NEI NIH HHS (EY11766),2026-04-29T05:51:56Z
doi:10.1242/jcs.133819,10.1242/jcs.133819,241275680,24127568,"Journal Article; Research Support, N.I.H., Extramural; Retracted Publication",NIEHS NIH HHS (R01 ES012265),2026-04-29T05:51:56Z
doi:10.1242/jcs.058537,10.1242/jcs.058537,199200730,19920073,"Journal Article; Research Support, N.I.H., Extramural; Retracted Publication",NIGMS NIH HHS (R01 GM047466),2026-04-29T05:51:56Z
doi:10.1016/j.jmb.2006.12.002,10.1016/j.jmb.2006.12.002,171962200,17196220,"Journal Article; Research Support, N.I.H., Extramural",NIH HHS (DP1 OD000122); NIH HHS (5 DP1 OD 000122-02),2026-04-29T05:51:56Z
pmid:246243120,,246243120,24624312,Journal Article; Retracted Publication,NIDDK NIH HHS (P30 DK040561),2026-04-29T05:51:56Z
doi:10.1172/jci8707,10.1172/jci8707,108118480,10811848,"Journal Article; Research Support, U.S. Gov't, P.H.S.; Retracted Publication",NIAID NIH HHS (P01 AI030731); NIAID NIH HHS (AI-30731); NIAID NIH HHS (AI-36613); NIAID NIH HHS (AI-41535),2026-04-29T05:51:56Z
doi:10.1172/jci32865,10.1172/jci32865,182928030,18292803,"Journal Article; Research Support, Non-U.S. Gov't; Retracted Publication",,2026-04-29T05:51:56Z
doi:10.1172/jci21689,10.1172/jci21689,155459950,15545995,"Comparative Study; Journal Article; Research Support, Non-U.S. Gov't; Retracted Publication",,2026-04-29T05:51:56Z
doi:10.1242/jcs.097295,10.1242/jcs.097295,224480380,22448038,"Journal Article; Research Support, N.I.H., Extramural; Retracted Publication",NIEHS NIH HHS (R01 ES012265),2026-04-29T05:51:56Z
doi:10.1083/jcb.201504073,10.1083/jcb.201504073,265539320,26553932,"Journal Article; Research Support, N.I.H., Extramural; Research Support, Non-U.S. Gov't; Retracted Publication",NIGMS NIH HHS (R01 GM101035); NIGMS NIH HHS (GM101035),2026-04-29T05:51:56Z
doi:10.1074/jbc.m306925200,10.1074/jbc.m306925200,129680310,12968031,"Journal Article; Research Support, Non-U.S. Gov't; Research Support, U.S. Gov't, P.H.S.; Retracted Publication",NHLBI NIH HHS (HL46213); NHLBI NIH HHS (HL57530); NHLBI NIH HHS (HL69493); NHLBI NIH HHS (HL70683); PHS HHS (P5065967),2026-04-29T05:51:56Z
doi:10.1074/jbc.m212991200,10.1074/jbc.m212991200,125177450,12517745,"Journal Article; Research Support, U.S. Gov't, P.H.S.",NHLBI NIH HHS (HL 46213); NHLBI NIH HHS (HL 54218); NHLBI NIH HHS (HL 56914); NHLBI NIH HHS (HL 64796); NHLBI NIH HHS (HL 64943),2026-04-29T05:51:56Z
doi:10.1073/pnas.0812470106,10.1073/pnas.0812470106,191745110,19174511,"Journal Article; Research Support, N.I.H., Intramural; Retracted Publication",Intramural NIH HHS (No ID),2026-04-29T05:51:56Z
doi:10.1073/pnas.1101934108,10.1073/pnas.1101934108,216135700,21613570,"Journal Article; Research Support, N.I.H., Extramural; Research Support, Non-U.S. Gov't; Research Support, U.S. Gov't, Non-P.H.S.; Retracted Publication",NHLBI NIH HHS (R01 HL061228); NHLBI NIH HHS (R01 HL066030); NHLBI NIH HHS (T32 HL007692); NHLBI NIH HHS (T32HL007692),2026-04-29T05:51:56Z
doi:10.1073/pnas.0706075105,10.1073/pnas.0706075105,183051760,18305176,"Journal Article; Research Support, N.I.H., Extramural; Retracted Publication",NIAID NIH HHS (P01 AI 060915); NHLBI NIH HHS (R01 HL061228); NHLBI NIH HHS (R01 HL066030); NIAID NIH HHS (P01 AI060915); NHLBI NIH HHS (HL66030); NHLBI NIH HHS (HL61228),2026-04-29T05:51:56Z
doi:10.1073/pnas.1010700107,10.1073/pnas.1010700107,209749340,20974934,"Journal Article; Research Support, Non-U.S. Gov't; Research Support, U.S. Gov't, Non-P.H.S.; Retracted Publication",,2026-04-29T05:51:56Z
doi:10.1073/pnas.0503027102,10.1073/pnas.0503027102,159117790,15911779,Comparative Study; Journal Article; Retracted Publication,,2026-04-29T05:51:56Z
doi:10.1124/jpet.113.210690,10.1124/jpet.113.210690,243072000,24307200,"Journal Article; Research Support, N.I.H., Extramural; Retracted Publication",NIDA NIH HHS (DP1 DA031386); NIDA NIH HHS (DP1-DA031386),2026-04-29T05:51:56Z
doi:10.1111/phpp.12209,10.1111/phpp.12209,264089630,26408963,Journal Article; Retracted Publication,NCI NIH HHS (P30 CA008748),2026-04-29T05:51:56Z
doi:10.1016/j.jconrel.2013.09.016,10.1016/j.jconrel.2013.09.016,240759250,24075925,"Journal Article; Research Support, N.I.H., Extramural; Research Support, Non-U.S. Gov't; Retracted Publication",NEI NIH HHS (R01 EY017533); NEI NIH HHS (R01 EY018940); NEI NIH HHS (EY018940); NEI NIH HHS (EY017533),2026-04-29T05:51:56Z
doi:10.1016/j.jconrel.2006.11.018,10.1016/j.jconrel.2006.11.018,172078810,17207881,"Journal Article; Research Support, Non-U.S. Gov't; Retracted Publication",,2026-04-29T05:51:56Z
doi:10.1016/j.joms.2005.08.008,10.1016/j.joms.2005.08.008,162431850,16243185,Journal Article,,2026-04-29T05:51:56Z
doi:10.1016/j.joms.2003.08.029,10.1016/j.joms.2003.08.029,151702720,15170272,Clinical Trial; Journal Article,,2026-04-29T05:51:56Z
doi:10.1212/wnl.0000000000002551,10.1212/wnl.0000000000002551,269442730,26944273,"Journal Article; Research Support, N.I.H., Extramural",NIGMS NIH HHS (T32 GM007309),2026-04-29T05:51:56Z
doi:10.1016/j.vaccine.2013.03.066,10.1016/j.vaccine.2013.03.066,235838910,23583891,"Journal Article; Research Support, U.S. Gov't, Non-P.H.S.; Retracted Publication",,2026-04-29T05:51:56Z
doi:10.1128/jb.00906-08,10.1128/jb.00906-08,192017970,19201797,"Journal Article; Research Support, N.I.H., Extramural; Research Support, Non-U.S. Gov't; Research Support, U.S. Gov't, Non-P.H.S.; Retracted Publication",NCRR NIH HHS (P41 RR007707); NIGMS NIH HHS (R01-GM57056); NCRR NIH HHS (RR07707),2026-04-29T05:51:56Z
doi:10.1093/jac/40.5.745,10.1093/jac/40.5.745,94213340,9421334,Case Reports; Letter; Retracted Publication,,2026-04-29T05:51:56Z
doi:10.2527/jas.2007-0450,10.2527/jas.2007-0450,179653300,17965330,"Journal Article; Research Support, Non-U.S. Gov't; Retracted Publication; Review",,2026-04-29T05:51:56Z
doi:10.1111/j.1439-0396.2011.01190.x,10.1111/j.1439-0396.2011.01190.x,232817970,23281797,Retraction Notice,,2026-04-29T05:51:56Z
doi:10.1073/pnas.0911570106,10.1073/pnas.0911570106,199180750,19918075,"Journal Article; Research Support, N.I.H., Extramural; Research Support, Non-U.S. Gov't; Retracted Publication",NIDDK NIH HHS (R01 DK054477); NCI NIH HHS (CA85700); NINDS NIH HHS (R56 NS041777); NINDS NIH HHS (R01 NS041777); NEI NIH HHS (EY10804); NEI NIH HHS (R01 EY010804); NIA NIH HHS (AG0005917); NIDDK NIH HHS (R01 DK061562); NIDDK NIH HHS (R56 DK054477); NIDDK NIH HHS (DK61562); NCI NIH HHS (R01 CA085700); NINDS NIH HHS (NS041777); NIDDK NIH HHS (DK54477); NIA NIH HHS (R01 AG005917),2026-04-29T05:51:56Z
doi:10.1038/ncomms11000,10.1038/ncomms11000,269875940,26987594,"Journal Article; Research Support, N.I.H., Extramural; Research Support, Non-U.S. Gov't; Research Support, U.S. Gov't, Non-P.H.S.; Retracted Publication",NIAID NIH HHS (R01 AI074658); NIAID NIH HHS (AI074658); Howard Hughes Medical Institute (No ID),2026-04-29T05:51:56Z
doi:10.1073/pnas.96.17.9879,10.1073/pnas.96.17.9879,104497880,10449788,"Journal Article; Research Support, Non-U.S. Gov't; Research Support, U.S. Gov't, P.H.S.; Retracted Publication",NIMH NIH HHS (R01 MH051569); NIA NIH HHS (AG-06246); NIDDK NIH HHS (DK-49311); NIMH NIH HHS (MH-51569),2026-04-29T05:51:56Z
doi:10.1021/ja1088452,10.1021/ja1088452,,21080626,Retraction Notice,,2026-04-29T05:51:56Z
doi:10.1021/ja044711z,10.1021/ja044711z,155713820,15571382,"Journal Article; Research Support, U.S. Gov't, P.H.S.; Retracted Publication",,2026-04-29T05:51:56Z
doi:10.1021/ja045402b,10.1021/ja045402b,154790770,15479077,"Journal Article; Research Support, Non-U.S. Gov't; Research Support, U.S. Gov't, P.H.S.; Retracted Publication",,2026-04-29T05:51:56Z
doi:10.1021/ja050269o,10.1021/ja050269o,158261420,15826142,"Journal Article; Research Support, Non-U.S. Gov't; Research Support, U.S. Gov't, P.H.S.; Retracted Publication",,2026-04-29T05:51:56Z
doi:10.1021/ja036157j,10.1021/ja036157j,129407400,12940740,"Journal Article; Research Support, Non-U.S. Gov't; Research Support, U.S. Gov't, P.H.S.; Retracted Publication",NIGMS NIH HHS (R01 GM 60326),2026-04-29T05:51:56Z
doi:10.1021/ja034848+,10.1021/ja034848+,127204290,12720429,"Journal Article; Research Support, Non-U.S. Gov't; Research Support, U.S. Gov't, P.H.S.; Retracted Publication",NIGMS NIH HHS (R01 GM60326),2026-04-29T05:51:56Z
doi:10.1021/ja027891q,10.1021/ja027891q,124188750,12418875,"Journal Article; Research Support, Non-U.S. Gov't; Research Support, U.S. Gov't, P.H.S.; Retracted Publication",NIGMS NIH HHS (R01 GM60326),2026-04-29T05:51:56Z
doi:10.3122/jabfm.2011.05.100303,10.3122/jabfm.2011.05.100303,219004340,21900434,"Journal Article; Research Support, Non-U.S. Gov't; Retracted Publication",,2026-04-29T05:51:56Z
doi:10.1111/j.1745-7599.2007.00262.x,10.1111/j.1745-7599.2007.00262.x,179708580,17970858,Journal Article; Retracted Publication; Review,,2026-04-29T05:51:56Z
doi:10.1111/j.1745-7599.1998.tb01212.x,10.1111/j.1745-7599.1998.tb01212.x,98015490,9801549,Case Reports; Journal Article; Retracted Publication; Review,,2026-04-29T05:51:56Z
doi:10.1073/pnas.0501420102,10.1073/pnas.0501420102,160618190,16061819,"Comparative Study; Journal Article; Research Support, N.I.H., Extramural; Retracted Publication",NCI NIH HHS (R01 CA103921); NCI NIH HHS (R01CA80782); NCI NIH HHS (R01CA104996); NCI NIH HHS (R01CA103921); NCI NIH HHS (R01 CA096859); NCI NIH HHS (R01 CA080782); NCI NIH HHS (R01CA096859); NCI NIH HHS (R01 CA104996); NCI NIH HHS (P50CA91956); NCI NIH HHS (P50 CA091956),2026-04-29T05:51:56Z
doi:10.1021/es071726z,10.1021/es071726z,181863480,18186348,"Journal Article; Research Support, N.I.H., Extramural; Research Support, U.S. Gov't, Non-P.H.S.; Retracted Publication",NIEHS NIH HHS (1R01 ES010976-01A2),2026-04-29T05:51:56Z
doi:10.1016/s0360-3016(97)00708-6,10.1016/s0360-3016(97)00708-6,93691450,9369145,Journal Article; Retracted Publication,,2026-04-29T05:51:56Z
doi:10.1016/0360-3016(89)90536-1,10.1016/0360-3016(89)90536-1,26893960,2689396,"Clinical Trial; Controlled Clinical Trial; Journal Article; Research Support, U.S. Gov't, P.H.S.; Retracted Publication",,2026-04-29T05:51:56Z
pmid:251049960,,251049960,25104996,Journal Article; Retracted Publication,NCI NIH HHS (R25 CA057712); NCI NIH HHS (R25 CA094186); NCI NIH HHS (U54 CA096297); NCRR NIH HHS (U54 RR026139),2026-04-29T05:51:56Z
pmid:216030110,,216030110,21603011,Journal Article; Retracted Publication,,2026-04-29T05:51:56Z
doi:10.1111/j.1525-139x.2011.00923.x,10.1111/j.1525-139x.2011.00923.x,218957700,21895770,Journal Article; Retracted Publication,,2026-04-29T05:51:56Z
doi:10.1016/j.sder.2012.08.003,10.1016/j.sder.2012.08.003,231744960,23174496,Journal Article; Review; Retracted Publication,,2026-04-29T05:51:56Z
doi:10.1007/s10661-010-1398-3,10.1007/s10661-010-1398-3,202130540,20213054,Journal Article; Retracted Publication,,2026-04-29T05:51:56Z
doi:10.1016/j.jaad.2014.10.025,10.1016/j.jaad.2014.10.025,255825330,25582533,Journal Article,,2026-04-29T05:51:56Z
doi:10.1089/acm.2007.0734,10.1089/acm.2007.0734,189734300,18973430,Journal Article,,2026-04-29T05:51:56Z
doi:10.14219/jada.archive.2012.0207,10.14219/jada.archive.2012.0207,225477180,22547718,"Journal Article; Research Support, Non-U.S. Gov't; Retracted Publication",,2026-04-29T05:51:56Z
doi:10.1111/j.1600-0668.1999.t01-3-00004.x,10.1111/j.1600-0668.1999.t01-3-00004.x,101952720,10195272,Journal Article; Retracted Publication,,2026-04-29T05:51:56Z
doi:10.3980/j.issn.2222-3959.2014.01.30,10.3980/j.issn.2222-3959.2014.01.30,246348840,24634884,Journal Article; Retracted Publication; Review,,2026-04-29T05:51:56Z
doi:10.1111/j.1600-0668.1999.t01-3-00003.x,10.1111/j.1600-0668.1999.t01-3-00003.x,101952710,10195271,Journal Article; Retracted Publication,,2026-04-29T05:51:56Z
doi:10.1111/j.1440-172x.2011.01938.x,10.1111/j.1440-172x.2011.01938.x,216052710,21605271,Journal Article; Retracted Publication,,2026-04-29T05:51:56Z
doi:10.1080/00207450390162029,10.1080/00207450390162029,127514310,12751431,"Journal Article; Research Support, Non-U.S. Gov't; Retracted Publication",,2026-04-29T05:51:56Z
doi:10.1016/j.jaci.2005.04.038,10.1016/j.jaci.2005.04.038,161596410,16159641,"Journal Article; Research Support, N.I.H., Extramural; Research Support, U.S. Gov't, P.H.S.; Retracted Publication",NCI NIH HHS (R01 CA104996); NIAID NIH HHS (R01 AI49235),2026-04-29T05:51:56Z
doi:10.1016/0888-7543(95)80177-n,10.1016/0888-7543(95)80177-n,76076820,7607682,Journal Article; Retracted Publication,,2026-04-29T05:51:56Z
doi:10.1155/2011/785983,10.1155/2011/785983,219662950,21966295,Journal Article; Retracted Publication,,2026-04-29T05:51:56Z
doi:10.1021/jf0728146,10.1021/jf0728146,181635650,18163565,"Journal Article; Research Support, N.I.H., Extramural; Retracted Publication",NHLBI NIH HHS (HL 34360); NHLBI NIH HHS (HL22559); NHLBI NIH HHS (HL33889),2026-04-29T05:51:56Z
doi:10.1021/jf801791d,10.1021/jf801791d,188217700,18821770,"Comparative Study; Journal Article; Research Support, N.I.H., Extramural; Retracted Publication",NHLBI NIH HHS (HL 22559); NHLBI NIH HHS (HL 33889); NHLBI NIH HHS (HL 69910),2026-04-29T05:51:56Z
doi:10.5808/gi.2012.10.4.249,10.5808/gi.2012.10.4.249,233460380,23346038,Journal Article; Retracted Publication,,2026-04-29T05:51:56Z
doi:10.1021/jf901301w,10.1021/jf901301w,197225870,19722587,"Comparative Study; Journal Article; Research Support, N.I.H., Extramural; Retracted Publication",NHLBI NIH HHS (R01 HL069910); NHLBI NIH HHS (HL-69910); NHLBI NIH HHS (R01 HL034360); NHLBI NIH HHS (R01 HL022559); NHLBI NIH HHS (HL-22559); NHLBI NIH HHS (R01 HL056322); NHLBI NIH HHS (HL-33889),2026-04-29T05:51:56Z
doi:10.1021/jf021166h,10.1021/jf021166h,126969350,12696935,"Journal Article; Research Support, Non-U.S. Gov't; Research Support, U.S. Gov't, Non-P.H.S.; Retracted Publication",,2026-04-29T05:51:56Z
doi:10.1007/s10661-012-2944-y,10.1007/s10661-012-2944-y,230905810,23090581,Retraction Notice,,2026-04-29T05:51:56Z
doi:10.1210/me.2007-0410,10.1210/me.2007-0410,181654370,18165437,"Journal Article; Research Support, N.I.H., Extramural; Research Support, Non-U.S. Gov't; Retracted Publication",NCCIH NIH HHS (F31 AT003977); NCCIH NIH HHS (R01 AT001846); NCCIH NIH HHS (F31-AT003977),2026-04-29T05:51:56Z
doi:10.1210/me.2008-0255,10.1210/me.2008-0255,188456730,18845673,"Journal Article; Research Support, N.I.H., Extramural; Research Support, Non-U.S. Gov't; Retracted Publication",NHGRI NIH HHS (5T32HG002760); NIDDK NIH HHS (R01 DK058037); NIDDK NIH HHS (R01 DK066539); NHGRI NIH HHS (T32 HG002760); NIA NIH HHS (T32 AG20013); NIDDK NIH HHS (DK 66539); NIDDK NIH HHS (DK 58037),2026-04-29T05:51:56Z
doi:10.1210/me.2006-0224,10.1210/me.2006-0224,168038640,16803864,"Journal Article; Research Support, N.I.H., Extramural; Research Support, Non-U.S. Gov't; Retracted Publication",NIDDK NIH HHS (DK68037); NIDDK NIH HHS (P01 DK57743); NCRR NIH HHS (P20 RR016475); NIDDK NIH HHS (R01 DK53366); NIDDK NIH HHS (R01 DK67536); NHLBI NIH HHS (R01 HL51586),2026-04-29T05:51:56Z
doi:10.3109/00207459008986624,10.3109/00207459008986624,22659540,2265954,Journal Article; Retracted Publication; Review,,2026-04-29T05:51:56Z
doi:10.1053/j.gastro.2012.07.013,10.1053/j.gastro.2012.07.013,227962400,22796240,"Journal Article; Research Support, N.I.H., Extramural; Research Support, N.I.H., Intramural; Retracted Publication",Intramural NIH HHS (Z01 CP010150); Intramural NIH HHS (ZIA CP010150); NCI NIH HHS (Z01 CP010150-12),2026-04-29T05:51:56Z
pmid:15515440,,15515440,1551544,Case Reports; Journal Article; Retracted Publication,,2026-04-29T05:51:56Z
doi:10.1016/j.jand.2015.02.033,10.1016/j.jand.2015.02.033,259113420,25911342,Journal Article; Retracted Publication,,2026-04-29T05:51:56Z
doi:10.3389/fpubh.2016.00139,10.3389/fpubh.2016.00139,274334670,27433467,Journal Article; Retracted Publication,,2026-04-29T05:51:56Z
doi:10.3389/fpls.2016.00211,10.3389/fpls.2016.00211,269417680,26941768,Journal Article; Retracted Publication,,2026-04-29T05:51:56Z
doi:10.3389/fpls.2014.00016,10.3389/fpls.2014.00016,245509260,24550926,Journal Article; Retracted Publication,,2026-04-29T05:51:56Z
doi:10.3389/fpls.2012.00149,10.3389/fpls.2012.00149,227832690,22783269,Journal Article; Retracted Publication,,2026-04-29T05:51:56Z
doi:10.3389/fphys.2013.00240,10.3389/fphys.2013.00240,240275340,24027534,Journal Article; Retracted Publication; Review,,2026-04-29T05:51:56Z
doi:10.1210/me.2006-0221,10.1210/me.2006-0221,,18955547,Retraction Notice,,2026-04-29T05:51:56Z
doi:10.1210/me.2005-0285,10.1210/me.2005-0285,164558190,16455819,"Journal Article; Research Support, N.I.H., Extramural; Research Support, Non-U.S. Gov't; Retracted Publication",NCI NIH HHS (R01-CA 83964-01),2026-04-29T05:51:56Z
doi:10.1517/14740338.2014.885948,10.1517/14740338.2014.885948,245479170,24547917,Journal Article; Retracted Publication; Review,,2026-04-29T05:51:56Z
doi:10.1517/14712598.3.7.1083,10.1517/14712598.3.7.1083,145190730,14519073,"Journal Article; Research Support, Non-U.S. Gov't; Retracted Publication; Review",,2026-04-29T05:51:56Z
doi:10.1007/bf01964817,10.1007/bf01964817,24165880,2416588,Journal Article; Retracted Publication,,2026-04-29T05:51:56Z
doi:10.1016/j.jamcollsurg.2009.01.033,10.1016/j.jamcollsurg.2009.01.033,194768330,19476833,"Journal Article; Randomized Controlled Trial; Research Support, U.S. Gov't, Non-P.H.S.; Retracted Publication",,2026-04-29T05:51:56Z
doi:10.1016/j.jacc.2016.04.015,10.1016/j.jacc.2016.04.015,271637580,27163758,Journal Article; Retracted Publication,,2026-04-29T05:51:56Z
doi:10.1017/s0016672315000026,10.1017/s0016672315000026,258252380,25825238,"Journal Article; Research Support, N.I.H., Extramural; Research Support, Non-U.S. Gov't; Retracted Publication",NICHD NIH HHS (R01 HD041066); NICHD NIH HHS (HD41066),2026-04-29T05:51:56Z
doi:10.1093/jisesa/iev011,10.1093/jisesa/iev011,258816340,25881634,"Journal Article; Research Support, Non-U.S. Gov't; Retracted Publication",,2026-04-29T05:51:56Z
doi:10.1016/j.jacc.2011.12.043,10.1016/j.jacc.2011.12.043,225753160,22575316,"Comparative Study; Journal Article; Randomized Controlled Trial; Research Support, Non-U.S. Gov't; Retracted Publication",,2026-04-29T05:51:56Z
doi:10.1016/j.jacc.2010.06.052,10.1016/j.jacc.2010.06.052,211855030,21185503,"Comparative Study; Journal Article; Randomized Controlled Trial; Research Support, Non-U.S. Gov't; Retracted Publication",,2026-04-29T05:51:56Z
doi:10.1016/s0735-1097(84)80284-3,10.1016/s0735-1097(84)80284-3,63710980,6371098,"Journal Article; Research Support, Non-U.S. Gov't; Research Support, U.S. Gov't, Non-P.H.S.; Retracted Publication",,2026-04-29T05:51:56Z
doi:10.1016/s0735-1097(84)80440-4,10.1016/s0735-1097(84)80440-4,63611000,6361100,"Comparative Study; Journal Article; Research Support, U.S. Gov't, Non-P.H.S.; Research Support, U.S. Gov't, P.H.S.; Retracted Publication",NHLBI NIH HHS (HL 24933-01),2026-04-29T05:51:56Z
doi:10.1016/s0735-1097(85)80047-4,10.1016/s0735-1097(85)80047-4,31557600,3155760,"Journal Article; Research Support, Non-U.S. Gov't; Research Support, U.S. Gov't, Non-P.H.S.; Retracted Publication",,2026-04-29T05:51:56Z
doi:10.1021/ja509223m,10.1021/ja509223m,254534990,25453499,"Journal Article; Research Support, Non-U.S. Gov't; Retracted Publication",,2026-04-29T05:51:56Z
doi:10.1021/ja201135y,10.1021/ja201135y,215041960,21504196,Journal Article; Retracted Publication,,2026-04-29T05:51:56Z
doi:10.1021/ja107620y,10.1021/ja107620y,210435060,21043506,Journal Article; Retracted Publication,,2026-04-29T05:51:56Z
pmid:63921560,,63921560,6392156,"Journal Article; Research Support, Non-U.S. Gov't; Research Support, U.S. Gov't, Non-P.H.S.; Retracted Publication",,2026-04-29T05:51:56Z
pmid:63454510,,63454510,6345451,"Journal Article; Research Support, Non-U.S. Gov't; Research Support, U.S. Gov't, Non-P.H.S.; Retracted Publication",,2026-04-29T05:51:56Z
doi:10.3389/fnmol.2012.00010,10.3389/fnmol.2012.00010,223632610,22363261,Journal Article; Retracted Publication,NEI NIH HHS (R01 EY012347),2026-04-29T05:51:56Z
doi:10.3389/fnhum.2016.00173,10.3389/fnhum.2016.00173,272424660,27242466,Journal Article; Retracted Publication,,2026-04-29T05:51:56Z
doi:10.3389/fgene.2013.00123,10.3389/fgene.2013.00123,238476500,23847650,Journal Article; Retracted Publication,,2026-04-29T05:51:56Z
doi:10.3389/fendo.2012.00087,10.3389/fendo.2012.00087,227989580,22798958,Journal Article; Retracted Publication,,2026-04-29T05:51:56Z
doi:10.3389/fncom.2014.00030,10.3389/fncom.2014.00030,247447230,24744723,Journal Article; Retracted Publication,,2026-04-29T05:51:56Z
doi:10.1080/10715760600833085,10.1080/10715760600833085,170152510,17015251,"Journal Article; Research Support, N.I.H., Extramural; Retracted Publication",NHLBI NIH HHS (HL 22559); NHLBI NIH HHS (HL 33889); NHLBI NIH HHS (HL 56322); NHLBI NIH HHS (HL 56803),2026-04-29T05:51:56Z
doi:10.1021/ja910716s,10.1021/ja910716s,201666640,20166664,Journal Article; Retracted Publication,,2026-04-29T05:51:56Z
doi:10.1021/ja5011724,10.1021/ja5011724,,24641283,Retraction Notice,,2026-04-29T05:51:56Z
doi:10.1021/ja900257k,10.1021/ja900257k,193511550,19351155,Journal Article; Retracted Publication,,2026-04-29T05:51:56Z
doi:10.1021/ja801572n,10.1021/ja801572n,185974650,18597465,"Journal Article; Research Support, N.I.H., Extramural; Research Support, U.S. Gov't, Non-P.H.S.; Retracted Publication",NCI NIH HHS (1U54CA11934-01),2026-04-29T05:51:56Z
doi:10.1021/ja3012897,10.1021/ja3012897,224446220,22444622,Journal Article; Retracted Publication,,2026-04-29T05:51:56Z
doi:10.1021/ja054131h,10.1021/ja054131h,161175270,16117527,"Journal Article; Research Support, N.I.H., Extramural; Research Support, U.S. Gov't, Non-P.H.S.; Research Support, U.S. Gov't, P.H.S.; Retracted Publication",NIGMS NIH HHS (GM-057378),2026-04-29T05:51:56Z
doi:10.1021/ja072456n,10.1021/ja072456n,177112760,17711276,"Journal Article; Research Support, N.I.H., Extramural; Research Support, U.S. Gov't, Non-P.H.S.; Retracted Publication",NIGMS NIH HHS (GM-057378),2026-04-29T05:51:56Z
doi:10.1021/ja067125+,10.1021/ja067125+,171473630,17147363,"Journal Article; Research Support, Non-U.S. Gov't; Research Support, U.S. Gov't, Non-P.H.S.; Retracted Publication",,2026-04-29T05:51:56Z
doi:10.3389/fgene.2016.00120,10.3389/fgene.2016.00120,274462020,27446202,Journal Article,NIDA NIH HHS (R01 DA033684),2026-04-29T05:51:56Z
doi:10.1016/j.eururo.2014.06.049,10.1016/j.eururo.2014.06.049,250418490,25041849,Journal Article; Randomized Controlled Trial; Retracted Publication,,2026-04-29T05:51:56Z
doi:10.1016/j.eururo.2012.09.021,10.1016/j.eururo.2012.09.021,230790550,23079055,Editorial; Retracted Publication,,2026-04-29T05:51:56Z
doi:10.1093/infdis/168.2.336,10.1093/infdis/168.2.336,83930560,8393056,"Journal Article; Research Support, Non-U.S. Gov't; Research Support, U.S. Gov't, P.H.S.; Retracted Publication",NIAID NIH HHS (AI-15100); NEI NIH HHS (EY-08851),2026-04-29T05:51:56Z
doi:10.1093/infdis/168.4.1059,10.1093/infdis/168.4.1059,83768210,8376821,"Journal Article; Research Support, Non-U.S. Gov't; Retracted Publication",,2026-04-29T05:51:56Z
doi:10.1016/j.jclinane.2006.02.005,10.1016/j.jclinane.2006.02.005,169801580,16980158,Journal Article; Randomized Controlled Trial; Retracted Publication,,2026-04-29T05:51:56Z
doi:10.1016/j.jclinane.2004.02.001,10.1016/j.jclinane.2004.02.001,155902550,15590255,Clinical Trial; Comparative Study; Journal Article; Randomized Controlled Trial; Retracted Publication,,2026-04-29T05:51:56Z
doi:10.1172/jci116914,10.1172/jci116914,75046950,7504695,"Journal Article; Research Support, Non-U.S. Gov't; Retracted Publication",,2026-04-29T05:51:56Z
doi:10.1007/s11832-012-0416-0,10.1007/s11832-012-0416-0,239048920,23904892,Journal Article; Retracted Publication,,2026-04-29T05:51:56Z
doi:10.3109/15368378.2013.776437,10.3109/15368378.2013.776437,236756290,23675629,Journal Article; Randomized Controlled Trial; Retracted Publication,,2026-04-29T05:51:56Z
doi:10.1111/j.1744-6171.2008.00163.x,10.1111/j.1744-6171.2008.00163.x,192002860,19200286,Journal Article; Retracted Publication; Review,,2026-04-29T05:51:56Z
doi:10.1111/j.1744-6171.2009.00187.x,10.1111/j.1744-6171.2009.00187.x,197029650,19702965,Journal Article; Validation Study; Retracted Publication,,2026-04-29T05:51:56Z
doi:10.1111/j.1744-6171.2009.00185.x,10.1111/j.1744-6171.2009.00185.x,197029640,19702964,Journal Article; Retracted Publication; Review,,2026-04-29T05:51:56Z
doi:10.1111/j.1744-6171.2009.00211.x,10.1111/j.1744-6171.2009.00211.x,201220830,20122083,Journal Article; Retracted Publication; Review,,2026-04-29T05:51:56Z
doi:10.1063/1.2191045,10.1063/1.2191045,167298040,16729804,Journal Article; Retracted Publication,,2026-04-29T05:51:56Z
doi:10.1063/1.3258280,10.1063/1.3258280,199166190,19916619,Journal Article; Retracted Publication,,2026-04-29T05:51:56Z
doi:10.1242/jcs.01728,10.1242/jcs.01728,157846790,15784679,"Journal Article; Research Support, Non-U.S. Gov't; Retracted Publication",,2026-04-29T05:51:56Z
doi:10.4238/vol9-1gmr758,10.4238/vol9-1gmr758,203913420,20391342,"Journal Article; Research Support, Non-U.S. Gov't; Retracted Publication",,2026-04-29T05:51:56Z
doi:10.1302/0301-620x.90b8.20349,10.1302/0301-620x.90b8.20349,186699650,18669965,Comparative Study; Journal Article; Retracted Publication,,2026-04-29T05:51:56Z
doi:10.1038/gim.2015.101,10.1038/gim.2015.101,262261360,26226136,Journal Article; Retracted Publication,,2026-04-29T05:51:56Z
doi:10.1172/jci17321,10.1172/jci17321,126185240,12618524,"Journal Article; Research Support, Non-U.S. Gov't; Retracted Publication",,2026-04-29T05:51:56Z
doi:10.1101/gad.2004211,10.1101/gad.2004211,214065580,21406558,"Journal Article; Research Support, N.I.H., Extramural; Research Support, Non-U.S. Gov't; Research Support, U.S. Gov't, Non-P.H.S.; Retracted Publication",,2026-04-29T05:51:56Z
doi:10.1002/ece3.1786,10.1002/ece3.1786,266406780,26640678,Journal Article; Retracted Publication,,2026-04-29T05:51:56Z
doi:10.1111/j.1540-8175.2008.00846.x,10.1111/j.1540-8175.2008.00846.x,194900150,19490015,Case Reports; Journal Article; Retracted Publication,,2026-04-29T05:51:56Z
doi:10.1101/gad.1832709,10.1101/gad.1832709,198754760,19875476,"Journal Article; Research Support, N.I.H., Extramural; Research Support, Non-U.S. Gov't; Research Support, U.S. Gov't, Non-P.H.S.; Retracted Publication",NCI NIH HHS (R01 CA078461),2026-04-29T05:51:56Z
doi:10.1101/gad.1847110,10.1101/gad.1847110,200809420,20080942,"Journal Article; Research Support, Non-U.S. Gov't; Retracted Publication",Howard Hughes Medical Institute (No ID),2026-04-29T05:51:56Z
doi:10.1101/gad.937201,10.1101/gad.937201,117114370,11711437,"Journal Article; Research Support, U.S. Gov't, P.H.S.; Retracted Publication",NHLBI NIH HHS (T32 HL007343); PHS HHS (R01 A143567); NIGMS NIH HHS (R01 GM29361); NHLBI NIH HHS (T32-HL07343),2026-04-29T05:51:56Z
doi:10.1172/jci113889,10.1172/jci113889,25360480,2536048,"Journal Article; Research Support, Non-U.S. Gov't; Research Support, U.S. Gov't, P.H.S.; Retracted Publication",NIDDK NIH HHS (DK-36836); NEI NIH HHS (EY-05110); PHS HHS (N-523986),2026-04-29T05:51:56Z
doi:10.1117/1.jbo.20.12.121309,10.1117/1.jbo.20.12.121309,263613400,26502383,"Journal Article; Research Support, N.I.H., Intramural; Research Support, U.S. Gov't, Non-P.H.S.",Intramural NIH HHS (No ID),2026-04-29T05:51:56Z
doi:10.1172/jci112279,10.1172/jci112279,35110900,3511090,"Journal Article; Research Support, U.S. Gov't, P.H.S.; Retracted Publication",NIADDK NIH HHS (AM-20579); NIADDK NIH HHS (AM-27085); NCRR NIH HHS (RR-00036),2026-04-29T05:51:56Z
doi:10.1172/jci111216,10.1172/jci111216,63659710,6365971,"Journal Article; Research Support, Non-U.S. Gov't; Research Support, U.S. Gov't, P.H.S.; Retracted Publication",NHLBI NIH HHS (HL 07421-04); NHLBI NIH HHS (HL 14218-12),2026-04-29T05:51:56Z
doi:10.1172/jci110061,10.1172/jci110061,70074390,7007439,"Journal Article; Research Support, Non-U.S. Gov't; Research Support, U.S. Gov't, P.H.S.; Retracted Publication",NHLBI NIH HHS (HL07421); NHLBI NIH HHS (HL14214),2026-04-29T05:51:56Z
doi:10.1016/j.jbi.2016.03.005,10.1016/j.jbi.2016.03.005,269802360,26980236,Journal Article; Retracted Publication,NIBIB NIH HHS (R01 EB005807); NIBIB NIH HHS (R01 EB009362); NIBIB NIH HHS (R01 EB010037); NIBIB NIH HHS (R01 EB014305),2026-04-29T05:51:56Z
doi:10.1172/jci109397,10.1172/jci109397,2215320,221532,"Journal Article; Research Support, U.S. Gov't, P.H.S.; Retracted Publication",,2026-04-29T05:51:56Z
doi:10.1016/j.freeradbiomed.2014.07.041,10.1016/j.freeradbiomed.2014.07.041,251249210,25124921,"Journal Article; Research Support, N.I.H., Extramural; Research Support, U.S. Gov't, Non-P.H.S.; Retracted Publication",NIGMS NIH HHS (P20 GM103541); NIGMS NIH HHS (P30 GM110758); NIGMS NIH HHS (8P20GM103541),2026-04-29T05:51:56Z
doi:10.1289/ehp.1003339,10.1289/ehp.1003339,216848330,21684833,"Journal Article; Research Support, N.I.H., Extramural; Retracted Publication",NIEHS NIH HHS (ES02046); NIEHS NIH HHS (ES016126); NIEHS NIH HHS (R01 ES016126); NIEHS NIH HHS (ES016347); NHLBI NIH HHS (HL081825); NHLBI NIH HHS (R01 HL081825); NIEHS NIH HHS (R01 ES016347),2026-04-29T05:51:56Z
doi:10.1289/ehp.1205188,10.1289/ehp.1205188,230106560,23010656,"Journal Article; Research Support, N.I.H., Extramural; Research Support, Non-U.S. Gov't; Retracted Publication",NIEHS NIH HHS (R21 ES020426); NIEHS NIH HHS (ES020426); NIEHS NIH HHS (ES020350); NIEHS NIH HHS (R01 ES020350); NIEHS NIH HHS (R01 ES016126); NIAID NIH HHS (AI089756); NIAID NIH HHS (AI081672); NIAID NIH HHS (R56 AI089756); NIEHS NIH HHS (ES016126); NIAID NIH HHS (P01 AI081672),2026-04-29T05:51:56Z
doi:10.1002/jcp.24162,10.1002/jcp.24162,228062400,22806240,"Journal Article; Research Support, N.I.H., Extramural; Research Support, Non-U.S. Gov't; Retracted Publication",NCI NIH HHS (R01CA131151); NCI NIH HHS (R01 CA131151); NCI NIH HHS (1R01CA154321); NCI NIH HHS (R01 CA154321); NCI NIH HHS (R01CA132794); NCI NIH HHS (R01 CA132794); NCI NIH HHS (R01 CA075059),2026-04-29T05:51:56Z
doi:10.1002/jcp.24036,10.1002/jcp.24036,222134260,22213426,"Journal Article; Research Support, N.I.H., Extramural; Retracted Publication",NCI NIH HHS (3R01CA131151-02S109); NCI NIH HHS (R01 CA131151); NCI NIH HHS (5R01CA131151); NCI NIH HHS (R01 CA154321); NCI NIH HHS (1R01CA132794); NCI NIH HHS (R01 CA132794); NCI NIH HHS (R01 CA075059),2026-04-29T05:51:56Z
doi:10.1002/jcp.20560,10.1002/jcp.20560,163316860,25798460,Retraction Notice,,2026-04-29T05:51:56Z
doi:10.1080/15476910802483415,10.1080/15476910802483415,194048760,19404876,Journal Article; Retracted Publication; Review,,2026-04-29T05:51:56Z
doi:10.4049/jimmunol.176.3.1534,10.4049/jimmunol.176.3.1534,164241820,16424182,"Comparative Study; Journal Article; Research Support, N.I.H., Extramural; Retracted Publication",NICHD NIH HHS (HD42674),2026-04-29T05:51:56Z
doi:10.1002/1097-4652(2001)9999:9999000::aid-jcp10453.0.co;2-0,10.1002/1097-4652(2001)9999:9999000::aid-jcp10453.0.co;2-0,111699710,11169971,"Journal Article; Research Support, Non-U.S. Gov't; Research Support, U.S. Gov't, P.H.S.; Retracted Publication; Review",NIGMS NIH HHS (T32-GM07288),2026-04-29T05:51:56Z
doi:10.1111/j.1582-4934.2007.00207.x,10.1111/j.1582-4934.2007.00207.x,181820670,18182067,"Journal Article; Research Support, N.I.H., Extramural; Retracted Publication",NICHD NIH HHS (R01 HD037432); NICHD NIH HHS (HD37432),2026-04-29T05:51:56Z
doi:10.1111/j.1601-183x.2011.00723.x,10.1111/j.1601-183x.2011.00723.x,218486430,21848643,"Journal Article; Research Support, Non-U.S. Gov't; Retracted Publication",,2026-04-29T05:51:56Z
doi:10.1111/j.1601-183x.2011.00702.x,10.1111/j.1601-183x.2011.00702.x,215958260,21595826,"Journal Article; Research Support, Non-U.S. Gov't; Retracted Publication",,2026-04-29T05:51:56Z
doi:10.1073/pnas.061014298,10.1073/pnas.061014298,112480460,11248046,"Journal Article; Research Support, U.S. Gov't, P.H.S.; Retracted Publication",NCI NIH HHS (R01 CA074120); NCI NIH HHS (1RO1-CA74120),2026-04-29T05:51:56Z
doi:10.4049/jimmunol.1100315,10.4049/jimmunol.1100315,215765090,21576509,"Journal Article; Research Support, N.I.H., Extramural; Research Support, Non-U.S. Gov't; Retracted Publication",NIAID NIH HHS (R01 AI039480); NIAID NIH HHS (F32 AI072816); NIAID NIH HHS (R01 AI091977); NCI NIH HHS (CA21765); NCI NIH HHS (P30 CA021765); NIAID NIH HHS (R01 AI39480); NIAID NIH HHS (AI091977),2026-04-29T05:51:56Z
pmid:19097370,,19097370,1909737,"Journal Article; Research Support, U.S. Gov't, P.H.S.; Retracted Publication",NIAID NIH HHS (AI 22532); NIAID NIH HHS (AI 22801),2026-04-29T05:51:56Z
doi:10.1016/j.compbiolchem.2015.06.003,10.1016/j.compbiolchem.2015.06.003,261010930,26101093,Retraction Notice; Journal Article,NIGMS NIH HHS (R01 GM098316); NHLBI NIH HHS (T32 HL007824); NCI NIH HHS (U54 CA189201); NHLBI NIH HHS (U54 HL127624),2026-04-29T05:51:56Z
doi:10.1073/pnas.132630999,10.1073/pnas.132630999,120821780,12082178,"Journal Article; Research Support, U.S. Gov't, P.H.S.; Retracted Publication",NCI NIH HHS (R01 CA074120); NCI NIH HHS (CA74120),2026-04-29T05:51:56Z
doi:10.1111/j.1582-4934.2006.tb00533.x,10.1111/j.1582-4934.2006.tb00533.x,171255930,17125593,"Journal Article; Research Support, N.I.H., Extramural; Retracted Publication",NHLBI NIH HHS (HL 34360); NHLBI NIH HHS (HL22559); NHLBI NIH HHS (HL33889),2026-04-29T05:51:56Z
doi:10.1111/j.1582-4934.2007.00067.x,10.1111/j.1582-4934.2007.00067.x,177608400,17760840,"Journal Article; Research Support, N.I.H., Extramural; Retracted Publication",NHLBI NIH HHS (R01 HL034360); NHLBI NIH HHS (HL 34360); NHLBI NIH HHS (R01 HL022559); NHLBI NIH HHS (HL 33889); NHLBI NIH HHS (HL 22559),2026-04-29T05:51:56Z
doi:10.1007/s00232-012-9449-z,10.1007/s00232-012-9449-z,227296900,22729690,"Journal Article; Research Support, N.I.H., Extramural; Research Support, Non-U.S. Gov't; Retracted Publication",NIDCD NIH HHS (DC03186); NINDS NIH HHS (NS0552827); NINDS NIH HHS (NS44395); Canadian Institutes of Health Research (No ID),2026-04-29T05:51:56Z
doi:10.1016/j.freeradbiomed.2007.09.008,10.1016/j.freeradbiomed.2007.09.008,180455500,18045550,"Journal Article; Research Support, N.I.H., Extramural; Retracted Publication",NHLBI NIH HHS (R37 HL056322); NHLBI NIH HHS (R01 HL022559); NHLBI NIH HHS (HL 56322); NIBIB NIH HHS (P41 EB002032); NHLBI NIH HHS (HL34360); NHLBI NIH HHS (R01 HL056322); NHLBI NIH HHS (R01 HL034360); NHLBI NIH HHS (HL22599),2026-04-29T05:51:56Z
doi:10.1002/jmv.21376,10.1002/jmv.21376,190314510,19031451,"Journal Article; Research Support, N.I.H., Extramural; Research Support, Non-U.S. Gov't; Retracted Publication",NIAID NIH HHS (AI-32140),2026-04-29T05:51:56Z
doi:10.1016/j.freeradbiomed.2008.11.005,10.1016/j.freeradbiomed.2008.11.005,190712130,19071213,"Journal Article; Research Support, N.I.H., Extramural; Retracted Publication",NHLBI NIH HHS (HL 22559); NHLBI NIH HHS (HL33889); NHLBI NIH HHS (HL34360),2026-04-29T05:51:56Z
doi:10.1093/fampra/cmp003,10.1093/fampra/cmp003,192934000,19293400,"Journal Article; Research Support, N.I.H., Extramural; Research Support, Non-U.S. Gov't; Research Support, U.S. Gov't, Non-P.H.S.; Retracted Publication; Review",NIDDK NIH HHS (P60 DK020572); NIDDK NIH HHS (P60DK-20572),2026-04-29T05:51:56Z
doi:10.1172/jci110239,10.1172/jci110239,70192440,7019244,"Journal Article; Research Support, U.S. Gov't, P.H.S.; Retracted Publication",NHLBI NIH HHS (HL 26215-01); NHLBI NIH HHS (R01-HL-23140),2026-04-29T05:51:56Z
doi:10.1177/1753193410390136,10.1177/1753193410390136,211316860,21131686,Letter; Retracted Publication,,2026-04-29T05:51:56Z
doi:10.1016/0378-1119(89)90049-8,10.1016/0378-1119(89)90049-8,26847820,2684782,"Comparative Study; Journal Article; Research Support, Non-U.S. Gov't; Research Support, U.S. Gov't, P.H.S.; Retracted Publication",NCRR NIH HHS (SO7-RR05373),2026-04-29T05:51:56Z
doi:10.1093/gerona/glv053,10.1093/gerona/glv053,259694690,25969469,"Journal Article; Research Support, N.I.H., Extramural; Retracted Publication",NIA NIH HHS (P30 AG028747); NIA NIH HHS (K23AG027746); NIA NIH HHS (R01 AG029315); NIA NIH HHS (R37 AG09901),2026-04-29T05:51:56Z
doi:10.1038/sj.gt.3302808,10.1038/sj.gt.3302808,168380320,16838032,"Journal Article; Research Support, Non-U.S. Gov't; Retracted Publication",,2026-04-29T05:51:56Z
doi:10.1046/j.1528-1157.2003.05203.x,10.1046/j.1528-1157.2003.05203.x,129193950,12919395,"Journal Article; Research Support, Non-U.S. Gov't; Retracted Publication; Review",,2026-04-29T05:51:56Z
pmid:193740440,,193740440,19374044,Retraction Notice,,2026-04-29T05:51:56Z
doi:10.1124/dmd.112.045674,10.1124/dmd.112.045674,231696110,23169611,"Journal Article; Research Support, N.I.H., Extramural; Retracted Publication",NEI NIH HHS (R01 EY017533); NEI NIH HHS (R01 EY018940); NEI NIH HHS (R01EY017533); NEI NIH HHS (R01EY018940),2026-04-29T05:51:56Z
doi:10.1517/14656566.2011.557360,10.1517/14656566.2011.557360,212946950,21294695,"Journal Article; Research Support, N.I.H., Extramural; Research Support, Non-U.S. Gov't; Research Support, U.S. Gov't, Non-P.H.S.; Retracted Publication; Review",NCI NIH HHS (P30 CA051008),2026-04-29T05:51:56Z
doi:10.1517/14656566.2011.585636,10.1517/14656566.2011.585636,216093020,21609302,Journal Article; Retracted Publication; Review,,2026-04-29T05:51:56Z
pmid:76796980,,76796980,7679698,"Journal Article; Research Support, Non-U.S. Gov't; Research Support, U.S. Gov't, P.H.S.; Retracted Publication",NIAID NIH HHS (AI 22532); NIAID NIH HHS (AI 22801); Wellcome Trust (No ID),2026-04-29T05:51:56Z
doi:10.1007/s10059-012-0066-6,10.1007/s10059-012-0066-6,226997550,22699755,"Journal Article; Research Support, Non-U.S. Gov't; Retracted Publication",,2026-04-29T05:51:56Z
doi:10.1210/me.2002-0330,10.1210/me.2002-0330,125547670,12554767,"Journal Article; Research Support, Non-U.S. Gov't; Research Support, U.S. Gov't, Non-P.H.S.; Retracted Publication",,2026-04-29T05:51:56Z
doi:10.4049/jimmunol.177.9.6044,10.4049/jimmunol.177.9.6044,170565300,17056530,"Journal Article; Research Support, N.I.H., Extramural; Research Support, U.S. Gov't, Non-P.H.S.; Retracted Publication",NIAID NIH HHS (1R01 AI 49192),2026-04-29T05:51:56Z
doi:10.1001/jama.299.13.1574,10.1001/jama.299.13.1574,183879320,18387932,"Journal Article; Research Support, N.I.H., Extramural; Research Support, Non-U.S. Gov't; Retracted Publication",,2026-04-29T05:51:56Z
doi:10.1002/mrm.22412,10.1002/mrm.22412,206657870,20665787,"Journal Article; Research Support, Non-U.S. Gov't; Retracted Publication",Medical Research Council (No ID),2026-04-29T05:51:56Z
doi:10.1099/vir.0.071407-0,10.1099/vir.0.071407-0,253810570,25381057,Journal Article; Retracted Publication,,2026-04-29T05:51:56Z
doi:10.1099/vir.0.018754-0,10.1099/vir.0.018754-0,203752260,20375226,"Journal Article; Research Support, Non-U.S. Gov't; Retracted Publication",,2026-04-29T05:51:56Z
doi:10.1099/vir.0.80531-0,10.1099/vir.0.80531-0,157848990,15784899,"Journal Article; Research Support, Non-U.S. Gov't; Retracted Publication",NCI NIH HHS (R01 CA081504),2026-04-29T05:51:56Z
doi:10.1099/0022-1317-82-11-2837,10.1099/0022-1317-82-11-2837,109939340,11602797,Retraction Notice,,2026-04-29T05:51:56Z
doi:10.1016/0921-8777(95)00021-b,10.1016/0921-8777(95)00021-b,74911200,7491120,"Journal Article; Research Support, U.S. Gov't, P.H.S.; Retracted Publication",NCI NIH HHS (CA40453),2026-04-29T05:51:56Z
doi:10.1016/s0921-8777(98)00007-x,10.1016/s0921-8777(98)00007-x,96372460,9637246,"Journal Article; Research Support, U.S. Gov't, P.H.S.; Retracted Publication",NCI NIH HHS (CA40453),2026-04-29T05:51:56Z
doi:10.1089/dna.2008.0778,10.1089/dna.2008.0778,193642760,19364276,"Journal Article; Research Support, Non-U.S. Gov't; Retracted Publication",,2026-04-29T05:51:56Z
doi:10.1289/ehp.7783,10.1289/ehp.7783,159298930,15929893,"Journal Article; Research Support, N.I.H., Extramural; Research Support, U.S. Gov't, P.H.S.; Retracted Publication",NIEHS NIH HHS (ES10791),2026-04-29T05:51:56Z
doi:10.4161/19420862.2014.975096,10.4161/19420862.2014.975096,254840520,25484052,Journal Article; Retracted Publication,,2026-04-29T05:51:56Z
doi:10.1242/dmm.021204,10.1242/dmm.021204,261832140,26183214,"Journal Article; Research Support, N.I.H., Extramural; Retracted Publication",NCI NIH HHS (F30 CA180680); NCI NIH HHS (P30 CA014236); NCI NIH HHS (R01 CA169220); NCI NIH HHS (CA014236),2026-04-29T05:51:56Z
doi:10.1016/s0022-4804(03)00285-3,10.1016/s0022-4804(03)00285-3,150133610,15013361,"Journal Article; Research Support, Non-U.S. Gov't; Retracted Publication",,2026-04-29T05:51:56Z
doi:10.1006/jsre.1995.1165,10.1006/jsre.1995.1165,75436320,7543632,"Journal Article; Research Support, Non-U.S. Gov't; Retracted Publication",,2026-04-29T05:51:56Z
doi:10.1519/jsc.0b013e3181a0547a,10.1519/jsc.0b013e3181a0547a,193873760,19387376,Case Reports; Journal Article; Retracted Publication,,2026-04-29T05:51:56Z
doi:10.1016/0022-4731(85)90040-8,10.1016/0022-4731(85)90040-8,30057740,3005774,Clinical Trial; Journal Article; Randomized Controlled Trial; Retracted Publication,,2026-04-29T05:51:56Z
doi:10.1007/s10350-003-0067-9,10.1007/s10350-003-0067-9,149786250,14978625,"Journal Article; Research Support, Non-U.S. Gov't; Retracted Publication; Review",,2026-04-29T05:51:56Z
doi:10.1016/s0929-6646(08)60169-2,10.1016/s0929-6646(08)60169-2,186324150,18632415,Journal Article; Retracted Publication,,2026-04-29T05:51:56Z
pmid:75952930,,75952930,7595293,Case Reports; Journal Article; Retracted Publication; Review,,2026-04-29T05:51:56Z
doi:10.1523/jneurosci.3267-08.2008,10.1523/jneurosci.3267-08.2008,191094920,19109492,"Journal Article; Research Support, Non-U.S. Gov't; Retracted Publication",,2026-04-29T05:51:56Z
doi:10.1007/s10856-011-4305-8,10.1007/s10856-011-4305-8,214760770,21476077,Journal Article; Retracted Publication,,2026-04-29T05:51:56Z
doi:10.1007/s10911-012-9241-9,10.1007/s10911-012-9241-9,222939510,22293951,"Journal Article; Research Support, N.I.H., Extramural; Research Support, Non-U.S. Gov't; Research Support, U.S. Gov't, Non-P.H.S.; Review; Retracted Publication",,2026-04-29T05:51:56Z
doi:10.1002/jmri.24647,10.1002/jmri.24647,247970600,24797060,"Research Support, Non-U.S. Gov't; Retracted Publication; Retraction Notice",,2026-04-29T05:51:56Z
doi:10.1016/j.lungcan.2004.08.006,10.1016/j.lungcan.2004.08.006,157135140,15713514,"Journal Article; Research Support, N.I.H., Extramural; Research Support, U.S. Gov't, P.H.S.; Retracted Publication",NCI NIH HHS (5U01CA8497102); NCI NIH HHS (P50CA70907),2026-04-29T05:51:56Z
doi:10.1097/00003246-198312000-00001,10.1097/00003246-198312000-00001,64167480,6416748,"Journal Article; Research Support, Non-U.S. Gov't; Research Support, U.S. Gov't, Non-P.H.S.; Retracted Publication",,2026-04-29T05:51:56Z
doi:10.1053/jlts.2000.6449,10.1053/jlts.2000.6449,109151590,10915159,Journal Article; Retracted Publication; Review,,2026-04-29T05:51:56Z
doi:10.1002/jnr.490230113,10.1002/jnr.490230113,25205340,2520534,Journal Article; Retracted Publication,,2026-04-29T05:51:56Z
doi:10.1097/00003246-198505000-00014,10.1097/00003246-198505000-00014,38862930,3886293,"Journal Article; Research Support, Non-U.S. Gov't; Research Support, U.S. Gov't, Non-P.H.S.; Retracted Publication",,2026-04-29T05:51:56Z
doi:10.1097/00003246-198309000-00010,10.1097/00003246-198309000-00010,63499350,6349935,"Journal Article; Research Support, Non-U.S. Gov't; Research Support, U.S. Gov't, Non-P.H.S.; Retracted Publication",,2026-04-29T05:51:56Z
doi:10.1053/j.jfas.2008.04.005,10.1053/j.jfas.2008.04.005,185908910,18590891,Comparative Study; Journal Article; Retracted Publication,,2026-04-29T05:51:56Z
doi:10.1080/10611860500471906,10.1080/10611860500471906,163908180,16390818,"Journal Article; Research Support, N.I.H., Extramural; Research Support, Non-U.S. Gov't; Retracted Publication",NIGMS NIH HHS (R15 GM069397); NIGMS NIH HHS (GM 069397-01A2),2026-04-29T05:51:56Z
doi:10.1016/s0024-3205(03)00409-0,10.1016/s0024-3205(03)00409-0,128015980,12801598,"Journal Article; Research Support, U.S. Gov't, P.H.S.; Retracted Publication; Review",NIMH NIH HHS (K01 MH001545-01),2026-04-29T05:51:56Z
doi:10.1080/10611860600613316,10.1080/10611860600613316,168825520,16882552,"Journal Article; Research Support, N.I.H., Extramural; Research Support, Non-U.S. Gov't; Retracted Publication",NIGMS NIH HHS (R15 GM069397); NIGMS NIH HHS (GM 069397-01A2),2026-04-29T05:51:56Z
doi:10.1016/0022-510x(92)90154-d,10.1016/0022-510x(92)90154-d,13430900,1343090,"Journal Article; Research Support, Non-U.S. Gov't; Retracted Publication",,2026-04-29T05:51:56Z
doi:10.1093/jnci/djn308,10.1093/jnci/djn308,188125510,18812551,"Journal Article; Research Support, N.I.H., Extramural; Retracted Publication",NCI NIH HHS (R21 CA120017); NCI NIH HHS (CA-120017),2026-04-29T05:51:56Z
doi:10.1002/lary.20560,10.1002/lary.20560,195723970,19572397,Retraction Notice,,2026-04-29T05:51:56Z
doi:10.1002/lary.20573,10.1002/lary.20573,195723940,19572394,Retraction Notice,,2026-04-29T05:51:56Z
doi:10.1002/lary.20549,10.1002/lary.20549,195723990,19572399,Retraction Notice,,2026-04-29T05:51:56Z
doi:10.1155/2014/495761,10.1155/2014/495761,245514530,24551453,Journal Article; Retracted Publication; Review,,2026-04-29T05:51:56Z
pmid:115187640,,115187640,11518764,"Journal Article; Research Support, U.S. Gov't, P.H.S.; Retracted Publication",NHLBI NIH HHS (HL58475); NHLBI NIH HHS (HL62844); NHLBI NIH HHS (HL64056); NCRR NIH HHS (P20RR15592),2026-04-29T05:51:56Z
doi:10.1007/s10620-012-2205-5,10.1007/s10620-012-2205-5,225767130,22576713,"Journal Article; Research Support, N.I.H., Extramural; Research Support, Non-U.S. Gov't; Retracted Publication",NINDS NIH HHS (P30 NS047101),2026-04-29T05:51:56Z
pmid:109852510,,109852510,10985251,"Journal Article; Research Support, U.S. Gov't, P.H.S.; Retracted Publication",NIAID NIH HHS (AI30731); NIAID NIH HHS (AI36613); NIAID NIH HHS (AI41535),2026-04-29T05:51:56Z
doi:10.1002/jlb.46.5.428,10.1002/jlb.46.5.428,26814890,2681489,"Journal Article; Research Support, U.S. Gov't, P.H.S.; Retracted Publication",NCI NIH HHS (R01 CA27523),2026-04-29T05:51:56Z
doi:10.1007/s00894-012-1512-2,10.1007/s00894-012-1512-2,227728290,22772829,Journal Article; Retracted Publication,,2026-04-29T05:51:56Z
pmid:62702220,,62702220,6270222,"Journal Article; Research Support, Non-U.S. Gov't; Research Support, U.S. Gov't, Non-P.H.S.; Research Support, U.S. Gov't, P.H.S.; Retracted Publication",,2026-04-29T05:51:56Z
doi:10.1073/pnas.1001946107,10.1073/pnas.1001946107,203512450,20351245,Journal Article; Retracted Publication,,2026-04-29T05:51:56Z
doi:10.1073/pnas.0503960102,10.1073/pnas.0503960102,159942340,15994234,"Comparative Study; Journal Article; Research Support, Non-U.S. Gov't; Research Support, U.S. Gov't, Non-P.H.S.; Retracted Publication",,2026-04-29T05:51:56Z
doi:10.1073/pnas.0503877102,10.1073/pnas.0503877102,162306230,16230623,Journal Article; Retracted Publication,,2026-04-29T05:51:56Z
doi:10.1073/pnas.0908521106,10.1073/pnas.0908521106,197210000,19721000,Journal Article; Retracted Publication,NICHD NIH HHS (R24 HD047879),2026-04-29T05:51:56Z
doi:10.1097/ico.0b013e31822816e0,10.1097/ico.0b013e31822816e0,219122300,21912230,"Journal Article; Research Support, N.I.H., Extramural; Research Support, Non-U.S. Gov't; Retracted Publication",NEI NIH HHS (P30 EY001792); NEI NIH HHS (EY001792); NEI NIH HHS (EY10101); NEI NIH HHS (EY14048); NEI NIH HHS (R01 EY014048); NEI NIH HHS (R01 EY010101); NEI NIH HHS (R21 EY021886),2026-04-29T05:51:56Z
doi:10.1016/j.prosdent.2016.04.026,10.1016/j.prosdent.2016.04.026,274929890,27492989,Retraction Notice,,2026-04-29T05:51:56Z
doi:10.1016/j.profnurs.2006.06.002,10.1016/j.profnurs.2006.06.002,168730430,16873043,Journal Article; Retracted Publication; Review,,2026-04-29T05:51:56Z
doi:10.1073/pnas.0501997102,10.1073/pnas.0501997102,159680000,15968000,"Journal Article; Research Support, N.I.H., Extramural; Research Support, Non-U.S. Gov't; Research Support, U.S. Gov't, P.H.S.; Retracted Publication",NIAID NIH HHS (R01 AI055509); NIAID NIH HHS (AI055509),2026-04-29T05:51:56Z
doi:10.1073/pnas.192569699,10.1073/pnas.192569699,124151080,12415108,Journal Article; Retracted Publication,,2026-04-29T05:51:56Z
doi:10.1016/j.yjmcc.2007.08.022,10.1016/j.yjmcc.2007.08.022,179766410,17976641,"Journal Article; Research Support, N.I.H., Extramural; Research Support, Non-U.S. Gov't; Retracted Publication",NHLBI NIH HHS (HL 34360); NHLBI NIH HHS (HL 85804); NHLBI NIH HHS (HL22559); NHLBI NIH HHS (HL33889); NHLBI NIH HHS (HL63317); NIEHS NIH HHS (P30 ES06639),2026-04-29T05:51:56Z
doi:10.1016/j.yjmcc.2007.08.021,10.1016/j.yjmcc.2007.08.021,180769010,18076901,"Journal Article; Research Support, N.I.H., Extramural; Research Support, Non-U.S. Gov't; Retracted Publication",NHLBI NIH HHS (HL 22559); NHLBI NIH HHS (HL 33889); NHLBI NIH HHS (HL 56803); NIEHS NIH HHS (P30 ES06639),2026-04-29T05:51:56Z
doi:10.1111/j.1469-7793.2001.t01-1-00679.x,10.1111/j.1469-7793.2001.t01-1-00679.x,115597660,11559766,"Journal Article; Research Support, Non-U.S. Gov't; Research Support, U.S. Gov't, P.H.S.; Retracted Publication",NHLBI NIH HHS (R01 HL062494); NHLBI NIH HHS (HL03727); NHLBI NIH HHS (HL62494),2026-04-29T05:51:56Z
doi:10.1113/jphysiol.2002.021881,10.1113/jphysiol.2002.021881,124568200,12456820,"Journal Article; Research Support, Non-U.S. Gov't; Research Support, U.S. Gov't, P.H.S.; Retracted Publication",NHLBI NIH HHS (R01 HL062494); NHLBI NIH HHS (HL03727); NHLBI NIH HHS (HL62494),2026-04-29T05:51:56Z
doi:10.1016/j.yjmcc.2007.02.010,10.1016/j.yjmcc.2007.02.010,173978600,17397860,"Journal Article; Research Support, N.I.H., Extramural; Retracted Publication",NHLBI NIH HHS (HL 22559); NHLBI NIH HHS (HL 33889); NHLBI NIH HHS (HL 56803),2026-04-29T05:51:56Z
doi:10.1113/jphysiol.2003.043778,10.1113/jphysiol.2003.043778,128079860,12807986,"Journal Article; Research Support, Non-U.S. Gov't; Research Support, U.S. Gov't, P.H.S.; Retracted Publication",NHLBI NIH HHS (HL62494); NHLBI NIH HHS (R01 HL062494); NHLBI NIH HHS (HL03727); NIAMS NIH HHS (AR44864); NIAMS NIH HHS (R01 AR044864),2026-04-29T05:51:56Z
doi:10.1016/j.yjmcc.2006.03.009,10.1016/j.yjmcc.2006.03.009,166970030,16697003,"Journal Article; Research Support, N.I.H., Extramural; Retracted Publication",NHLBI NIH HHS (HL 22559); NHLBI NIH HHS (HL 33889); NHLBI NIH HHS (HL 34360); NHLBI NIH HHS (HL 56803),2026-04-29T05:51:56Z
doi:10.1021/acs.jpcb.5b02877,10.1021/acs.jpcb.5b02877,,25970739,Retraction Notice,,2026-04-29T05:51:56Z
doi:10.1021/jp809956w,10.1021/jp809956w,190994340,19099434,"Journal Article; Research Support, N.I.H., Extramural; Retracted Publication",NIAID NIH HHS (K22 AI068673),2026-04-29T05:51:56Z
doi:10.1021/jp210748g,10.1021/jp210748g,,22148853,Retraction Notice,,2026-04-29T05:51:56Z
doi:10.1097/ico.0b013e3181ca2984,10.1097/ico.0b013e3181ca2984,204895820,20489582,Journal Article; Retracted Publication,,2026-04-29T05:51:56Z
doi:10.1159/000313750,10.1159/000313750,204279610,20427961,Journal Article; Retracted Publication,,2026-04-29T05:51:56Z
pmid:147440330,,147440330,14744033,"Journal Article; Research Support, Non-U.S. Gov't; Retracted Publication",,2026-04-29T05:51:56Z
doi:10.1161/01.res.49.4.1017,10.1161/01.res.49.4.1017,70237400,7023740,"Journal Article; Research Support, Non-U.S. Gov't; Retracted Publication",,2026-04-29T05:51:56Z
doi:10.1002/lary.20015,10.1002/lary.20015,191173020,19117302,Journal Article; Retracted Publication,,2026-04-29T05:51:56Z
doi:10.1021/la303455n,10.1021/la303455n,230981570,23098157,Journal Article; Retracted Publication,,2026-04-29T05:51:56Z
doi:10.1021/la403158d,10.1021/la403158d,240792750,24079275,Journal Article; Retracted Publication,,2026-04-29T05:51:56Z
doi:10.1111/j.1346-8138.2010.00927.x,10.1111/j.1346-8138.2010.00927.x,210397830,21039783,Journal Article; Retracted Publication,,2026-04-29T05:51:56Z
doi:10.1037/0022-3514.87.6.860,10.1037/0022-3514.87.6.860,155981110,15598111,"Clinical Trial; Journal Article; Randomized Controlled Trial; Research Support, Non-U.S. Gov't; Retracted Publication",,2026-04-29T05:51:56Z
doi:10.1016/s0022-2836(03)00587-4,10.1016/s0022-2836(03)00587-4,128239790,12823979,"Journal Article; Research Support, Non-U.S. Gov't; Research Support, U.S. Gov't, Non-P.H.S.; Research Support, U.S. Gov't, P.H.S.; Retracted Publication",NIGMS NIH HHS (GM61905-02),2026-04-29T05:51:56Z
doi:10.1016/j.jse.2016.02.023,10.1016/j.jse.2016.02.023,,27090008,Retraction Notice,,2026-04-29T05:51:56Z
doi:10.1016/0022-2836(92)90482-y,10.1016/0022-2836(92)90482-y,15695760,1569576,"Journal Article; Research Support, Non-U.S. Gov't; Research Support, U.S. Gov't, P.H.S.; Retracted Publication",NIAMS NIH HHS (AR-32858),2026-04-29T05:51:56Z
doi:10.1111/jmi.12018,10.1111/jmi.12018,234584910,23458491,"Journal Article; Research Support, N.I.H., Extramural; Retracted Publication",NIGMS NIH HHS (R01 GM090033); NIGMS NIH HHS (GM090033),2026-04-29T05:51:56Z
doi:10.1037/0022-3514.92.6.1051,10.1037/0022-3514.92.6.1051,175474880,17547488,"Journal Article; Research Support, N.I.H., Extramural; Research Support, Non-U.S. Gov't; Retracted Publication",NIMH NIH HHS (F31 MH64238-01); NIMH NIH HHS (T32 MH19728),2026-04-29T05:51:56Z
doi:10.1037/a0026106,10.1037/a0026106,220598490,22059849,Comparative Study; Journal Article; Retracted Publication,,2026-04-29T05:51:56Z
doi:10.1037/0022-3514.77.4.774,10.1037/0022-3514.77.4.774,105316710,10531671,"Comparative Study; Journal Article; Research Support, Non-U.S. Gov't; Research Support, U.S. Gov't, P.H.S.; Retracted Publication",NIMH NIH HHS (1R03MH58586-01),2026-04-29T05:51:56Z
doi:10.1902/jop.2001.72.7.968,10.1902/jop.2001.72.7.968,114951480,11495148,Guideline; Journal Article; Practice Guideline; Retracted Publication,,2026-04-29T05:51:56Z
doi:10.1902/jop.2003.74.6.934,10.1902/jop.2003.74.6.934,128870080,12887008,Guideline; Journal Article; Practice Guideline; Retracted Publication,,2026-04-29T05:51:56Z
doi:10.1902/jop.2008.070286,10.1902/jop.2008.070286,182516340,18251634,Journal Article; Retracted Publication,,2026-04-29T05:51:56Z
doi:10.1111/j.1365-294x.2009.04507.x,10.1111/j.1365-294x.2009.04507.x,200743170,20074317,"Journal Article; Research Support, Non-U.S. Gov't; Retracted Publication",,2026-04-29T05:51:56Z
doi:10.1016/j.cognition.2010.08.017,10.1016/j.cognition.2010.08.017,236309710,23630971,"Case Reports; Journal Article; Research Support, N.I.H., Extramural",NIDCD NIH HHS (R01 DC000491); NIDCD NIH HHS (R01DC00491),2026-04-29T05:51:56Z
doi:10.1016/s0010-0277(02)00139-7,10.1016/s0010-0277(02)00139-7,122086540,12208654,"Comparative Study; Journal Article; Research Support, Non-U.S. Gov't; Research Support, U.S. Gov't, Non-P.H.S.; Research Support, U.S. Gov't, P.H.S.; Retracted Publication",NCRR NIH HHS (P51RR00168-37),2026-04-29T05:51:56Z
doi:10.1016/j.cognition.2007.05.014,10.1016/j.cognition.2007.05.014,176622660,17662266,"Journal Article; Research Support, Non-U.S. Gov't; Retracted Publication",,2026-04-29T05:51:56Z
doi:10.1016/j.cognition.2006.04.010,10.1016/j.cognition.2006.04.010,167653390,16765339,"Journal Article; Research Support, Non-U.S. Gov't; Retracted Publication",,2026-04-29T05:51:56Z
doi:10.1021/la052447x,10.1021/la052447x,165194420,16519442,"Journal Article; Research Support, Non-U.S. Gov't; Research Support, U.S. Gov't, Non-P.H.S.; Retracted Publication",,2026-04-29T05:51:56Z
doi:10.1177/002383099704000402,10.1177/002383099704000402,96923230,9692323,Journal Article; Retracted Publication,,2026-04-29T05:51:56Z
doi:10.1016/s0022-3476(95)70354-3,10.1016/s0022-3476(95)70354-3,76995370,7699537,"Clinical Trial; Journal Article; Randomized Controlled Trial; Research Support, Non-U.S. Gov't; Retracted Publication",,2026-04-29T05:51:56Z
doi:10.1097/bpo.0b013e31821f50cb,10.1097/bpo.0b013e31821f50cb,216544480,21654448,Case Reports; Journal Article; Retracted Publication,,2026-04-29T05:51:56Z
doi:10.1046/j.1341-8076.2003.00072.x,10.1046/j.1341-8076.2003.00072.x,126966210,12696621,Evaluation Study; Journal Article; Retracted Publication,,2026-04-29T05:51:56Z
doi:10.1177/1043454209358753,10.1177/1043454209358753,200386710,20038671,Retraction Notice,,2026-04-29T05:51:56Z
doi:10.1093/jn/135.1.70s,10.1093/jn/135.1.70s,156238350,15623835,"Journal Article; Research Support, Non-U.S. Gov't; Research Support, U.S. Gov't, P.H.S.; Retracted Publication",NHLBI NIH HHS (HL-70006),2026-04-29T05:51:56Z
doi:10.1097/pts.0b013e3181bfd7ba,10.1097/pts.0b013e3181bfd7ba,214917860,21491786,"Journal Article; Research Support, Non-U.S. Gov't; Retracted Publication",,2026-04-29T05:51:56Z
doi:10.1002/path.4179,10.1002/path.4179,234240380,23424038,"Journal Article; Research Support, Non-U.S. Gov't; Retracted Publication",,2026-04-29T05:51:56Z
doi:10.1016/j.molcel.2011.08.019,10.1016/j.molcel.2011.08.019,219253920,21925392,"Journal Article; Research Support, N.I.H., Extramural; Research Support, Non-U.S. Gov't; Retracted Publication",NIGMS NIH HHS (R01 GM073776); NIGMS NIH HHS (GM073776),2026-04-29T05:51:56Z
doi:10.1016/j.molcel.2006.07.006,10.1016/j.molcel.2006.07.006,169493610,16949361,"Journal Article; Research Support, N.I.H., Extramural; Research Support, Non-U.S. Gov't; Retracted Publication",NHLBI NIH HHS (HL07411); NHLBI NIH HHS (HL70250); NHLBI NIH HHS (HL062494); NIMH NIH HHS (R01 MH063232); NHLBI NIH HHS (HL46681); NIMH NIH HHS (MH63232),2026-04-29T05:51:56Z
doi:10.1016/j.molcel.2009.08.017,10.1016/j.molcel.2009.08.017,198541410,19854141,"Journal Article; Research Support, Non-U.S. Gov't; Retracted Publication",,2026-04-29T05:51:56Z
doi:10.1016/s1097-2765(02)00478-1,10.1016/s1097-2765(02)00478-1,119317630,11931763,"Journal Article; Research Support, Non-U.S. Gov't; Retracted Publication",,2026-04-29T05:51:56Z
doi:10.1016/s0140-6736(05)67488-0,10.1016/s0140-6736(05)67488-0,162266130,16226613,"Journal Article; Research Support, N.I.H., Extramural; Research Support, Non-U.S. Gov't; Research Support, U.S. Gov't, P.H.S.; Retracted Publication",NCI NIH HHS (P01CA106451); NCI NIH HHS (R01 CA082578),2026-04-29T05:51:56Z
doi:10.1089/neu.2008.0707,10.1089/neu.2008.0707,192719630,19271963,"Journal Article; Research Support, N.I.H., Extramural; Retracted Publication",NINR NIH HHS (R01 NR007666),2026-04-29T05:51:56Z
doi:10.1089/neu.2011.1842,10.1089/neu.2011.1842,216123130,21612313,"Comparative Study; Journal Article; Research Support, N.I.H., Extramural; Retracted Publication",NINR NIH HHS (R01 NR007666),2026-04-29T05:51:56Z
doi:10.1089/neu.1988.5.105,10.1089/neu.1988.5.105,30669120,3066912,"Journal Article; Research Support, U.S. Gov't, Non-P.H.S.; Research Support, U.S. Gov't, P.H.S.; Retracted Publication",NINDS NIH HHS (NS14543),2026-04-29T05:51:56Z
doi:10.3171/2014.10.jns145,10.3171/2014.10.jns145,259095750,25909575,Journal Article; Retracted Publication,,2026-04-29T05:51:56Z
doi:10.3171/2012.8.jns111580,10.3171/2012.8.jns111580,231763410,23176341,"Journal Article; Research Support, Non-U.S. Gov't; Retracted Publication",,2026-04-29T05:51:56Z
doi:10.3171/2012.9.spine12687,10.3171/2012.9.spine12687,231019470,23101947,Journal Article; Retracted Publication,,2026-04-29T05:51:56Z
doi:10.1523/jneurosci.3442-11.2012,10.1523/jneurosci.3442-11.2012,222192750,22219275,"Journal Article; Research Support, N.I.H., Extramural; Research Support, Non-U.S. Gov't; Retracted Publication",NIA NIH HHS (R01 AG015339); NINDS NIH HHS (R01 NS063963); Howard Hughes Medical Institute (No ID); NINDS NIH HHS (NS063963),2026-04-29T05:51:56Z
doi:10.1523/jneurosci.0239-13.2013,10.1523/jneurosci.0239-13.2013,237197960,23719796,"Journal Article; Research Support, N.I.H., Extramural; Retracted Publication",NIMH NIH HHS (R01 MH087214); NIMH NIH HHS (R01-MH087214),2026-04-29T05:51:56Z
doi:10.1523/jneurosci.3233-12.2012,10.1523/jneurosci.3233-12.2012,231526300,23152630,"Journal Article; Research Support, N.I.H., Extramural; Research Support, Non-U.S. Gov't; Research Support, U.S. Gov't, Non-P.H.S.; Retracted Publication",NIDCD NIH HHS (R01 DC010181); NIDCD NIH HHS (R01-DC-010181),2026-04-29T05:51:56Z
doi:10.1523/jneurosci.0372-13.2013,10.1523/jneurosci.0372-13.2013,236165600,23616560,"Journal Article; Research Support, N.I.H., Extramural; Retracted Publication",NIDDK NIH HHS (P30 DK079637); NIDCD NIH HHS (R01 DC010110); NIDCD NIH HHS (DC010110),2026-04-29T05:51:56Z
doi:10.1124/jpet.109.161570,10.1124/jpet.109.161570,199268000,19926800,"Journal Article; Research Support, N.I.H., Extramural; Research Support, Non-U.S. Gov't; Retracted Publication",NEI NIH HHS (R01 EY017533); NEI NIH HHS (EY017533),2026-04-29T05:51:56Z
doi:10.1097/01.shk.0000225318.08681.a7,10.1097/01.shk.0000225318.08681.a7,169808780,16980878,"Journal Article; Research Support, N.I.H., Extramural; Research Support, Non-U.S. Gov't; Retracted Publication; Review",NHLBI NIH HHS (HL04095-06); NHLBI NIH HHS (R01 HL69024),2026-04-29T05:51:56Z
doi:10.1073/pnas.0400137101,10.1073/pnas.0400137101,149703320,14970332,"Journal Article; Research Support, Non-U.S. Gov't; Research Support, U.S. Gov't, Non-P.H.S.; Research Support, U.S. Gov't, P.H.S.; Retracted Publication",NIGMS NIH HHS (R01 GM067644); NIGMS NIH HHS (GM067644),2026-04-29T05:51:56Z
doi:10.1103/physrevlett.107.080403,10.1103/physrevlett.107.080403,219291490,21929149,Journal Article; Retracted Publication,,2026-04-29T05:51:56Z
doi:10.1103/physrevlett.106.068302,10.1103/physrevlett.106.068302,214055000,21405500,"Journal Article; Research Support, U.S. Gov't, Non-P.H.S.; Retracted Publication",,2026-04-29T05:51:56Z
doi:10.1103/physrevlett.97.165001,10.1103/physrevlett.97.165001,171554030,17155403,Journal Article; Retracted Publication,,2026-04-29T05:51:56Z
doi:10.1103/physrevlett.86.3843,10.1103/physrevlett.86.3843,113293380,11329338,Journal Article; Retracted Publication,,2026-04-29T05:51:56Z
doi:10.1016/j.lfs.2005.05.045,10.1016/j.lfs.2005.05.045,159876430,15987643,"Journal Article; Research Support, Non-U.S. Gov't; Retracted Publication",,2026-04-29T05:51:56Z
doi:10.1055/s-2006-933415,10.1055/s-2006-933415,166886700,16688670,Journal Article; Retracted Publication,,2026-04-29T05:51:56Z
doi:10.1523/jneurosci.6637-10.2011,10.1523/jneurosci.6637-10.2011,216134820,21613482,"Comparative Study; Journal Article; Research Support, N.I.H., Extramural; Retracted Publication",NIA NIH HHS (AG10124); NIA NIH HHS (P01 AG017586); NIA NIH HHS (T32 AG000255); NIA NIH HHS (AG17586); NIA NIH HHS (AG00255),2026-04-29T05:51:56Z
doi:10.1523/jneurosci.0293-14.2014,10.1523/jneurosci.0293-14.2014,248725630,24872563,"Journal Article; Randomized Controlled Trial; Research Support, N.I.H., Extramural; Retracted Publication",NIMH NIH HHS (R01 MH087214); NIMH NIH HHS (R01-MH087214),2026-04-29T05:51:56Z
doi:10.1523/jneurosci.4125-10.2011,10.1523/jneurosci.4125-10.2011,212481370,21248137,"Journal Article; Research Support, N.I.H., Extramural; Retracted Publication",NIMH NIH HHS (R01 MH077105); NIMH NIH HHS (R01 MH077105-01A2),2026-04-29T05:51:56Z
doi:10.1523/jneurosci.0830-13.2013,10.1523/jneurosci.0830-13.2013,238646840,23864684,"Journal Article; Research Support, N.I.H., Extramural; Research Support, Non-U.S. Gov't; Retracted Publication",NIDDK NIH HHS (P30 DK026743); NIDDK NIH HHS (P30DK026687); NIDDK NIH HHS (P30DK063720); NIDDK NIH HHS (P30 DK026687); NIDDK NIH HHS (P30 DK063720); NIDDK NIH HHS (R01 DK080427); NIDDK NIH HHS (R01DK080427); NIDDK NIH HHS (T32 DK007418),2026-04-29T05:51:56Z
doi:10.1523/jneurosci.4610-12.2013,10.1523/jneurosci.4610-12.2013,236581800,23658180,"Journal Article; Research Support, Non-U.S. Gov't; Retracted Publication",,2026-04-29T05:51:56Z
doi:10.1523/jneurosci.5846-12.2013,10.1523/jneurosci.5846-12.2013,237399550,23739955,"Journal Article; Research Support, Non-U.S. Gov't; Research Support, U.S. Gov't, Non-P.H.S.; Retracted Publication",Howard Hughes Medical Institute (No ID),2026-04-29T05:51:56Z
doi:10.1523/jneurosci.2052-10.2010,10.1523/jneurosci.2052-10.2010,206859740,20685974,"Journal Article; Research Support, N.I.H., Extramural; Retracted Publication",NIMH NIH HHS (R01 MH066078); NIMH NIH HHS (R56 MH066078); NIMH NIH HHS (2R01MH066078),2026-04-29T05:51:56Z
doi:10.1523/jneurosci.2613-09.2009,10.1523/jneurosci.2613-09.2009,196570310,19657031,"Journal Article; Research Support, N.I.H., Extramural; Retracted Publication",NINDS NIH HHS (R01 NS050634); NINDS NIH HHS (NS37731); NINDS NIH HHS (NS050634); NINDS NIH HHS (F30NS056610); NINDS NIH HHS (R01 NS037731),2026-04-29T05:51:56Z
doi:10.1523/jneurosci.5695-09.2010,10.1523/jneurosci.5695-09.2010,205738940,20573894,"Journal Article; Research Support, Non-U.S. Gov't; Retracted Publication",,2026-04-29T05:51:56Z
doi:10.1523/jneurosci.3878-11.2011,10.1523/jneurosci.3878-11.2011,221590960,22159096,"Journal Article; Research Support, N.I.H., Extramural; Research Support, Non-U.S. Gov't; Retracted Publication",NIA NIH HHS (R01AG017542); NIA NIH HHS (P30AG028748); NIMH NIH HHS (R21MH089518); NIA NIH HHS (P30 AG028748); NIA NIH HHS (R01 AG017542),2026-04-29T05:51:56Z
doi:10.1523/jneurosci.2371-09.2009,10.1523/jneurosci.2371-09.2009,196411150,19641115,"Journal Article; Research Support, N.I.H., Extramural; Research Support, U.S. Gov't, Non-P.H.S.; Retracted Publication",NIAAA NIH HHS (R01 AA007568); NIAAA NIH HHS (AA06916); NIAAA NIH HHS (AA016263); NIAAA NIH HHS (AA07568),2026-04-29T05:51:56Z
doi:10.1523/jneurosci.1564-11.2011,10.1523/jneurosci.1564-11.2011,219005610,21900561,"Journal Article; Research Support, N.I.H., Extramural; Retracted Publication",NINDS NIH HHS (NS059028); NINDS NIH HHS (R01 NS059028); NINDS NIH HHS (R01 NS060735); NIDCR NIH HHS (DE18573); NIDCR NIH HHS (R01 DE018573); NINDS NIH HHS (NS060735),2026-04-29T05:51:56Z
doi:10.1124/mol.107.044396,10.1124/mol.107.044396,185248890,18524889,"Journal Article; Research Support, N.I.H., Extramural; Research Support, Non-U.S. Gov't; Retracted Publication",NCI NIH HHS (CA84119); NCI NIH HHS (CA96515),2026-04-29T05:51:56Z
doi:10.1124/mol.107.034827,10.1124/mol.107.034827,174567870,17456787,"Journal Article; Research Support, N.I.H., Extramural; Research Support, Non-U.S. Gov't; Retracted Publication",NCI NIH HHS (CA91784); NCI NIH HHS (CA96515),2026-04-29T05:51:56Z
doi:10.1124/mol.66.1.153,10.1124/mol.66.1.153,152133070,15213307,"Journal Article; Research Support, U.S. Gov't, P.H.S.; Retracted Publication",NCI NIH HHS (CA16056); NCI NIH HHS (CA65761),2026-04-29T05:51:56Z
doi:10.1124/jpet.111.190918,10.1124/jpet.111.190918,223789370,22378937,Journal Article; Retracted Publication,,2026-04-29T05:51:56Z
doi:10.1124/jpet.109.151654,10.1124/jpet.109.151654,193595250,19359525,"Comparative Study; Journal Article; Research Support, Non-U.S. Gov't; Retracted Publication",,2026-04-29T05:51:56Z
doi:10.1002/jps.21940,10.1002/jps.21940,196973920,19697392,"Journal Article; Research Support, N.I.H., Extramural",NIBIB NIH HHS (R21 EB005749); NIBIB NIH HHS (1R21EB005749-01A1),2026-04-29T05:51:56Z
doi:10.1021/mp3007133,10.1021/mp3007133,236075660,23607566,"Journal Article; Research Support, N.I.H., Extramural; Retracted Publication",NEI NIH HHS (R01 EY017533); NEI NIH HHS (R01 EY018940); NEI NIH HHS (EY018940); NEI NIH HHS (EY017533),2026-04-29T05:51:56Z
doi:10.1021/mp2005164,10.1021/mp2005164,222569890,22256989,"Journal Article; Research Support, N.I.H., Extramural; Retracted Publication",NEI NIH HHS (R01 EY017533); NEI NIH HHS (R01 EY018940); NEI NIH HHS (EY018940); NEI NIH HHS (EY017533),2026-04-29T05:51:56Z
doi:10.1007/s00125-013-2911-3,10.1007/s00125-013-2911-3,236162380,23616238,Retraction Notice,,2026-04-29T05:51:56Z
doi:10.1007/s00125-005-1766-7,10.1007/s00125-005-1766-7,158645280,15864528,"Journal Article; Research Support, Non-U.S. Gov't; Retracted Publication",,2026-04-29T05:51:56Z
doi:10.1007/s00125-002-0791-z,10.1007/s00125-002-0791-z,120326250,12032625,Comparative Study; Journal Article; Retracted Publication,,2026-04-29T05:51:56Z
doi:10.2337/db11-0455,10.2337/db11-0455,218858720,21885872,"Journal Article; Research Support, N.I.H., Extramural; Retracted Publication",NIDDK NIH HHS (R01 DK050277); NIDDK NIH HHS (U24 DK059637); NIDDK NIH HHS (U24-DK-59637); NIDDK NIH HHS (R01-DK-050277),2026-04-29T05:51:56Z
doi:10.1038/ki.2012.244,10.1038/ki.2012.244,227851710,22785171,"Journal Article; Research Support, Non-U.S. Gov't; Retracted Publication",,2026-04-29T05:51:56Z
doi:10.1016/j.molcel.2009.09.031,10.1016/j.molcel.2009.09.031,199172470,19917247,"Journal Article; Research Support, N.I.H., Extramural; Retracted Publication",NCI NIH HHS (R01 CA085681); NCI NIH HHS (P01 CA080058); NCI NIH HHS (CA085681); NCI NIH HHS (CA127247); NCI NIH HHS (R01 CA127247); NCI NIH HHS (CA80058),2026-04-29T05:51:56Z
doi:10.1016/s0024-3205(97)00714-5,10.1016/s0024-3205(97)00714-5,93282340,9328234,"Journal Article; Research Support, Non-U.S. Gov't; Retracted Publication",,2026-04-29T05:51:56Z
doi:10.1016/j.jelectrocard.2016.04.005,10.1016/j.jelectrocard.2016.04.005,272349790,27234979,Retraction Notice,,2026-04-29T05:51:56Z
doi:10.1038/sj.leu.2404595,10.1038/sj.leu.2404595,173018100,17301810,"Letter; Research Support, Non-U.S. Gov't; Retracted Publication",,2026-04-29T05:51:56Z
doi:10.1037/a0022459,10.1037/a0022459,212809660,21280966,"Journal Article; Research Support, N.I.H., Extramural; Research Support, Non-U.S. Gov't; Retracted Publication",NCRR NIH HHS (P40 RR003640-20),2026-04-29T05:51:56Z
doi:10.1037/0022-3514.94.6.1018,10.1037/0022-3514.94.6.1018,185053150,18505315,Journal Article; Retracted Publication,,2026-04-29T05:51:56Z
doi:10.1186/1744-8069-8-3,10.1186/1744-8069-8-3,222364610,22236461,"Comparative Study; Journal Article; Research Support, Non-U.S. Gov't; Retracted Publication",,2026-04-29T05:51:56Z
doi:10.1002/mnfr.200700259,10.1002/mnfr.200700259,183278750,18327875,"Journal Article; Research Support, N.I.H., Extramural; Retracted Publication; Review",NIEHS NIH HHS (ES-01247),2026-04-29T05:51:56Z
doi:10.1111/mmi.12027,10.1111/mmi.12027,229579060,22957906,Retraction Notice,,2026-04-29T05:51:56Z
doi:10.4012/dmj.2012-053,10.4012/dmj.2012-053,230378520,23037852,"Comparative Study; Journal Article; Research Support, Non-U.S. Gov't; Retracted Publication",,2026-04-29T05:51:56Z
doi:10.1111/j.1365-2958.2005.04612.x,10.1111/j.1365-2958.2005.04612.x,158824210,15882421,"Journal Article; Research Support, Non-U.S. Gov't; Retracted Publication",,2026-04-29T05:51:56Z
doi:10.1093/molehr/gam063,10.1093/molehr/gam063,177666840,17766684,"Journal Article; Research Support, N.I.H., Extramural; Retracted Publication",NICHD NIH HHS (HD37 432),2026-04-29T05:51:56Z
doi:10.1057/jphp.2015.37,10.1057/jphp.2015.37,265112940,28386131,Journal Article; Retraction Notice,,2026-04-29T05:51:56Z
doi:10.1093/molehr/gal015,10.1093/molehr/gal015,165716220,16571622,"Journal Article; Research Support, N.I.H., Extramural; Retracted Publication",NICHD NIH HHS (HD37432),2026-04-29T05:51:56Z
doi:10.1503/jpn.120073,10.1503/jpn.120073,237355830,26524477,Retraction Notice,,2026-04-29T05:51:56Z
doi:10.1093/molehr/gap093,10.1093/molehr/gap093,199068240,19906824,"Journal Article; Research Support, N.I.H., Extramural; Retracted Publication",NICHD NIH HHS (R03HD58779); NICHD NIH HHS (R01HD37432); NICHD NIH HHS (R01HD58664); NICHD NIH HHS (R01 HD037432); NICHD NIH HHS (R01 HD058664); NICHD NIH HHS (R03 HD058779),2026-04-29T05:51:56Z
doi:10.1073/pnas.0805837105,10.1073/pnas.0805837105,188246870,18824687,"Journal Article; Research Support, Non-U.S. Gov't; Retracted Publication",Howard Hughes Medical Institute (No ID),2026-04-29T05:51:56Z
doi:10.1073/pnas.0902168106,10.1073/pnas.0902168106,192933760,19293376,Biography; Historical Article; Journal Article; Retracted Publication,,2026-04-29T05:51:56Z
doi:10.1016/s0010-0277(00)00078-0,10.1016/s0010-0277(00)00078-0,108567440,10856744,Journal Article; Retracted Publication,,2026-04-29T05:51:56Z
doi:10.3758/s13415-012-0113-y,10.3758/s13415-012-0113-y,228754100,22875410,"Journal Article; Research Support, N.I.H., Extramural; Retracted Publication",NIDA NIH HHS (1F31DA032152-01A1); NIMH NIH HHS (2R56MH066078),2026-04-29T05:51:56Z
doi:10.2337/db08-1287,10.2337/db08-1287,191366500,19136650,"Journal Article; Research Support, Non-U.S. Gov't; Retracted Publication",,2026-04-29T05:51:56Z
doi:10.2337/db07-0339,10.2337/db07-0339,180398140,18039814,"Journal Article; Research Support, Non-U.S. Gov't; Research Support, U.S. Gov't, P.H.S.; Retracted Publication",,2026-04-29T05:51:56Z
doi:10.2337/db11-1373,10.2337/db11-1373,228294510,22829451,"Journal Article; Research Support, N.I.H., Extramural; Research Support, Non-U.S. Gov't; Retracted Publication",NHLBI NIH HHS (R21 HL108922); NHLBI NIH HHS (R01 HL080569); NHLBI NIH HHS (R01 HL078679); NHLBI NIH HHS (R01 HL095556); NHLBI NIH HHS (HL-080569); NHLBI NIH HHS (HL-78679),2026-04-29T05:51:56Z
doi:10.2337/db12-0317,10.2337/db12-0317,229361800,22936180,Retraction Notice,,2026-04-29T05:51:56Z
doi:10.1210/me.2009-0231,10.1210/me.2009-0231,198199840,19819984,"Journal Article; Research Support, N.I.H., Extramural; Research Support, Non-U.S. Gov't; Retracted Publication",NCI NIH HHS (R01 CA101992); NCI NIH HHS (R03 CA102940); NCI NIH HHS (CA102940); NCI NIH HHS (CA101992),2026-04-29T05:51:56Z
doi:10.2217/cns.15.38,10.2217/cns.15.38,266704660,26670466,Journal Article; Retracted Publication,,2026-04-29T05:51:56Z
doi:10.1210/me.2010-0043,10.1210/me.2010-0043,206105380,20610538,"Journal Article; Research Support, N.I.H., Extramural; Research Support, Non-U.S. Gov't; Retracted Publication",NHLBI NIH HHS (F32HL090198); NICHD NIH HHS (R21 HD057406); NHLBI NIH HHS (HL084739); NHLBI NIH HHS (R01 HL084739); NHLBI NIH HHS (HL67841); NHLBI NIH HHS (R01 HL067841); NHLBI NIH HHS (K99 HL097153); NHLBI NIH HHS (HL097153); NHLBI NIH HHS (R01 HL060190); NICHD NIH HHS (HD057406); NHLBI NIH HHS (F32 HL090198); NHLBI NIH HHS (HL60190),2026-04-29T05:51:56Z
doi:10.1089/chi.2013.0082,10.1089/chi.2013.0082,243044300,24304430,"Journal Article; Research Support, Non-U.S. Gov't; Review; Retracted Publication",,2026-04-29T05:51:56Z
doi:10.1378/chest.1822040,10.1378/chest.1822040,246383640,24638364,Conference Proceedings; Overall; Retracted Publication,,2026-04-29T05:51:56Z
doi:10.1378/chest.132.4_meetingabstracts.455,10.1378/chest.132.4_meetingabstracts.455,180306930,18030693,Conference Proceedings; Overall; Retracted Publication,,2026-04-29T05:51:56Z
doi:10.1002/j.1875-9114.1990.tb02563.x,10.1002/j.1875-9114.1990.tb02563.x,21901940,2190194,Journal Article; Retracted Publication,,2026-04-29T05:51:56Z
doi:10.1002/cne.22542,10.1002/cne.22542,212465490,21246549,"Journal Article; Research Support, N.I.H., Extramural; Research Support, Non-U.S. Gov't; Retracted Publication",NINDS NIH HHS (R01 NS054814); Howard Hughes Medical Institute (No ID),2026-04-29T05:51:56Z
doi:10.2337/diabetes.51.9.2817,10.2337/diabetes.51.9.2817,121964760,12196476,Journal Article; Retracted Publication,,2026-04-29T05:51:56Z
doi:10.2337/diab.38.12.1643,10.2337/diab.38.12.1643,25552430,2555243,"Journal Article; Research Support, Non-U.S. Gov't; Research Support, U.S. Gov't, P.H.S.; Retracted Publication",NIDDK NIH HHS (DK-36836); NEI NIH HHS (EY-05110),2026-04-29T05:51:56Z
doi:10.1038/272829a0,10.1038/272829a0,2057990,205799,"Journal Article; Research Support, U.S. Gov't, P.H.S.; Retracted Publication",,2026-04-29T05:51:56Z
doi:10.1172/jci109394,10.1172/jci109394,3765520,376552,"Journal Article; Research Support, U.S. Gov't, P.H.S.; Retracted Publication",,2026-04-29T05:51:56Z
doi:10.1172/jci109108,10.1172/jci109108,3509030,350903,"Journal Article; Research Support, U.S. Gov't, P.H.S.; Retracted Publication",,2026-04-29T05:51:56Z
doi:10.1172/jci108966,10.1172/jci108966,2055520,205552,"Journal Article; Research Support, U.S. Gov't, P.H.S.; Retracted Publication",,2026-04-29T05:51:56Z
doi:10.1172/jci108759,10.1172/jci108759,3268100,326810,"Journal Article; Research Support, U.S. Gov't, P.H.S.; Retracted Publication",,2026-04-29T05:51:56Z
doi:10.2337/diab.29.2.159,10.2337/diab.29.2.159,69863030,6986303,"Journal Article; Research Support, U.S. Gov't, P.H.S.; Retracted Publication",,2026-04-29T05:51:56Z
doi:10.1378/chest.10-1012,10.1378/chest.10-1012,206889210,20688921,Journal Article; Retracted Publication,,2026-04-29T05:51:56Z
doi:10.1111/j.1533-2500.2008.00222.x,10.1111/j.1533-2500.2008.00222.x,186623630,18662363,Journal Article; Retracted Publication; Review,,2026-04-29T05:51:56Z
doi:10.1016/j.jconhyd.2008.04.004,10.1016/j.jconhyd.2008.04.004,185849110,18584911,"Comparative Study; Journal Article; Research Support, Non-U.S. Gov't; Retracted Publication",,2026-04-29T05:51:56Z
doi:10.1074/mcp.m700417-mcp200,10.1074/mcp.m700417-mcp200,181652580,18165258,"Journal Article; Research Support, N.I.H., Extramural; Research Support, Non-U.S. Gov't; Retracted Publication",NEI NIH HHS (P30 EY011373); NEI NIH HHS (EY00300); NEI NIH HHS (EY11373); NEI NIH HHS (EY15638); NEI NIH HHS (R01 EY014239); NEI NIH HHS (R01 EY000300); NEI NIH HHS (R56 EY000300); NEI NIH HHS (R24 EY015638); NEI NIH HHS (EY14239),2026-04-29T05:51:56Z
doi:10.1016/s0011-3840(03)00035-2,10.1016/s0011-3840(03)00035-2,128134230,12813423,Journal Article; Retracted Publication; Review,,2026-04-29T05:51:56Z
doi:10.1136/jcp.2008.057257,10.1136/jcp.2008.057257,187941970,18794197,"Journal Article; Multicenter Study; Research Support, Non-U.S. Gov't; Validation Study; Retracted Publication",,2026-04-29T05:51:56Z
doi:10.1097/01.cco.0000198974.59239.3c,10.1097/01.cco.0000198974.59239.3c,163575600,16357560,Journal Article; Retracted Publication; Review,,2026-04-29T05:51:56Z
doi:10.1038/nbt911,10.1038/nbt911,146083660,14608366,"Evaluation Study; Journal Article; Research Support, Non-U.S. Gov't; Research Support, U.S. Gov't, Non-P.H.S.; Research Support, U.S. Gov't, P.H.S.; Retracted Publication",NIGMS NIH HHS (GM061539); NCRR NIH HHS (RR01315),2026-04-29T05:51:56Z
doi:10.1111/cns.12069,10.1111/cns.12069,235219110,23521911,"Journal Article; Research Support, Non-U.S. Gov't; Retracted Publication",,2026-04-29T05:51:56Z
doi:10.1023/a:1006899208831,10.1023/a:1006899208831,95466370,9546637,"Journal Article; Research Support, Non-U.S. Gov't; Research Support, U.S. Gov't, Non-P.H.S.; Retracted Publication",,2026-04-29T05:51:56Z
doi:10.1023/a:1006892030277,10.1023/a:1006892030277,92782650,9278265,"Journal Article; Research Support, Non-U.S. Gov't; Research Support, U.S. Gov't, Non-P.H.S.; Retracted Publication",,2026-04-29T05:51:56Z
pmid:226974170,,226974170,22697417,Journal Article; Retracted Publication,,2026-04-29T05:51:56Z
doi:10.1186/1476-4598-2-28,10.1186/1476-4598-2-28,129352950,12935295,"Comparative Study; Journal Article; Research Support, Non-U.S. Gov't; Retracted Publication",,2026-04-29T05:51:56Z
doi:10.1186/1476-4598-2-33,10.1186/1476-4598-2-33,145723130,14572313,"Journal Article; Research Support, Non-U.S. Gov't; Retracted Publication",,2026-04-29T05:51:56Z
doi:10.1158/1541-7786.mcr-10-0158,10.1158/1541-7786.mcr-10-0158,211480310,21148031,"Journal Article; Research Support, N.I.H., Extramural; Retracted Publication",NCI NIH HHS (NCI-CA076639-8),2026-04-29T05:51:56Z
doi:10.1039/b604684c,10.1039/b604684c,171531360,17153136,Journal Article; Retracted Publication,,2026-04-29T05:51:56Z
doi:10.1007/s00294-015-0553-3,10.1007/s00294-015-0553-3,267626340,26762634,"Journal Article; Research Support, N.I.H., Extramural; Research Support, Non-U.S. Gov't; Research Support, U.S. Gov't, Non-P.H.S.; Review; Retracted Publication",BLRD VA (I01 BX001130); NIAID NIH HHS (T32 AI007538); NIAID NIH HHS (T32AI007538); NIGMS NIH HHS (K12 GM088021); NIAID NIH HHS (5 T32 AI007538-13); NIGMS NIH HHS (K12GM088021),2026-04-29T05:51:56Z
doi:10.1167/iovs.10-6233,10.1167/iovs.10-6233,212825830,21282583,"Comparative Study; Journal Article; Research Support, N.I.H., Extramural; Research Support, Non-U.S. Gov't; Retracted Publication",NEI NIH HHS (EY018940); NEI NIH HHS (R01 EY017533); NEI NIH HHS (R01 EY018940); NEI NIH HHS (EY017533); NEI NIH HHS (R24 EY017045); NEI NIH HHS (EY017045),2026-04-29T05:51:56Z
doi:10.2174/1566523215666150126120327,10.2174/1566523215666150126120327,256198870,25963902,Journal Article; Retracted Publication,,2026-04-29T05:51:56Z
doi:10.2337/dc10-1957,10.2337/dc10-1957,212701760,21270176,"Letter; Research Support, U.S. Gov't, Non-P.H.S.; Retracted Publication",,2026-04-29T05:51:56Z
doi:10.1242/dev.01213,10.1242/dev.01213,152262620,15226262,"Journal Article; Research Support, U.S. Gov't, P.H.S.; Retracted Publication",NCI NIH HHS (CA 098823); NCI NIH HHS (CA16672); NCI NIH HHS (CA90970),2026-04-29T05:51:56Z
doi:10.1242/dev.01257,10.1242/dev.01257,152691680,15269168,"Journal Article; Research Support, U.S. Gov't, P.H.S.; Retracted Publication",NINDS NIH HHS (NS 33642),2026-04-29T05:51:56Z
doi:10.1007/s10158-013-0157-x,10.1007/s10158-013-0157-x,237036700,23703670,Retraction Notice,,2026-04-29T05:51:56Z
doi:10.3109/02713688208997686,10.3109/02713688208997686,68973790,6897379,Journal Article; Retracted Publication,,2026-04-29T05:51:56Z
doi:10.1007/bf02331830,10.1007/bf02331830,93721310,9372131,"Journal Article; Research Support, Non-U.S. Gov't; Retracted Publication",,2026-04-29T05:51:56Z
doi:10.1016/j.cub.2011.02.029,10.1016/j.cub.2011.02.029,213968170,21396817,"Journal Article; Research Support, N.I.H., Extramural; Research Support, Non-U.S. Gov't; Research Support, U.S. Gov't, Non-P.H.S.; Retracted Publication",NIGMS NIH HHS (R01 GM043644); NIGMS NIH HHS (GM43644),2026-04-29T05:51:56Z
doi:10.1159/000207493,10.1159/000207493,193726860,19372686,"Journal Article; Research Support, N.I.H., Extramural; Research Support, U.S. Gov't, Non-P.H.S.; Retracted Publication",NIAAA NIH HHS (R01 AA007568); NIAAA NIH HHS (R01 AA006916); NIAAA NIH HHS (R37 AA007568); NIAAA NIH HHS (AA06916); NICHD NIH HHS (R01 HD060458); NICHD NIH HHS (R01 HD044011); NIAAA NIH HHS (AA07568); NICHD NIH HHS (HD44011),2026-04-29T05:51:56Z
doi:10.1016/s1534-5807(03)00206-5,10.1016/s1534-5807(03)00206-5,129196780,12919678,"Journal Article; Research Support, U.S. Gov't, P.H.S.; Retracted Publication",NCI NIH HHS (CA72639); NIGMS NIH HHS (GM51878),2026-04-29T05:51:56Z
doi:10.1200/jco.2015.62.0294,10.1200/jco.2015.62.0294,267869240,26786924,"Comparative Study; Journal Article; Meta-Analysis; Research Support, Non-U.S. Gov't; Retracted Publication",Medical Research Council (MC_U137686858); Department of Health (091/0203); British Heart Foundation (RE/08/04); Cancer Research UK (No ID),2026-04-29T05:51:56Z
doi:10.1200/jco.2008.19.9331,10.1200/jco.2008.19.9331,193804450,19380445,"Clinical Trial, Phase II; Journal Article; Multicenter Study; Randomized Controlled Trial; Retracted Publication",,2026-04-29T05:51:56Z
doi:10.1200/jco.2006.06.3743,10.1200/jco.2006.06.3743,172900600,17290060,"Journal Article; Research Support, Non-U.S. Gov't; Validation Study; Retracted Publication",,2026-04-29T05:51:56Z
doi:10.1021/nl400959z,10.1021/nl400959z,237823880,23782388,Retraction Notice,,2026-04-29T05:51:56Z
doi:10.1016/j.ymeth.2007.06.002,10.1016/j.ymeth.2007.06.002,179205150,17920515,"Journal Article; Research Support, N.I.H., Extramural; Research Support, Non-U.S. Gov't; Review; Retracted Publication",NCI NIH HHS (R01CA91889),2026-04-29T05:51:56Z
doi:10.1016/j.cub.2014.01.010,10.1016/j.cub.2014.01.010,245300640,24530064,"Journal Article; Research Support, Non-U.S. Gov't; Retracted Publication",,2026-04-29T05:51:56Z
doi:10.1016/0896-6273(95)90230-9,10.1016/0896-6273(95)90230-9,77182470,7718247,"Journal Article; Research Support, U.S. Gov't, P.H.S.; Retracted Publication",NINDS NIH HHS (NS18205); NINDS NIH HHS (NS24078),2026-04-29T05:51:56Z
doi:10.1016/0896-6273(94)90467-7,10.1016/0896-6273(94)90467-7,80432750,8043275,"Journal Article; Research Support, Non-U.S. Gov't; Research Support, U.S. Gov't, P.H.S.; Retracted Publication",NINDS NIH HHS (NS20233),2026-04-29T05:51:56Z
doi:10.1016/s0896-6273(00)80968-x,10.1016/s0896-6273(00)80968-x,93543330,9354333,"Journal Article; Research Support, Non-U.S. Gov't; Research Support, U.S. Gov't, P.H.S.; Retracted Publication",NEI NIH HHS (EY07960),2026-04-29T05:51:56Z
doi:10.1016/j.cub.2004.02.003,10.1016/j.cub.2004.02.003,149726770,14972677,"Comparative Study; Journal Article; Research Support, Non-U.S. Gov't; Research Support, U.S. Gov't, P.H.S.; Retracted Publication",,2026-04-29T05:51:56Z
doi:10.1016/j.chemosphere.2010.04.068,10.1016/j.chemosphere.2010.04.068,205468430,20546843,Journal Article; Retracted Publication,,2026-04-29T05:51:56Z
doi:10.1016/j.foodchem.2014.02.047,10.1016/j.foodchem.2014.02.047,246798160,24679816,Journal Article; Retracted Publication,,2026-04-29T05:51:56Z
doi:10.7759/cureus.627,10.7759/cureus.627,274334060,27433406,Case Reports; Journal Article; Retracted Publication,,2026-04-29T05:51:56Z
doi:10.7759/cureus.290,10.7759/cureus.290,262517660,26251766,Journal Article; Retracted Publication; Review,,2026-04-29T05:51:56Z
doi:10.1212/01.wnl.0000192308.43151.63,10.1212/01.wnl.0000192308.43151.63,164321540,16432154,"Journal Article; Research Support, N.I.H., Extramural; Review; Retracted Publication",NIEHS NIH HHS (ES03598),2026-04-29T05:51:56Z
doi:10.1080/10408410802383610,10.1080/10408410802383610,188190280,18819028,Journal Article; Retracted Publication,,2026-04-29T05:51:56Z
doi:10.1016/s1053-8119(01)92536-4,10.1016/s1053-8119(01)92536-4,114303230,11430323,Conference Proceedings; Overall; Retracted Publication,,2026-04-29T05:51:56Z
doi:10.1200/jco.2005.01.131,10.1200/jco.2005.01.131,159086710,15908671,Journal Article; Retracted Publication; Review,,2026-04-29T05:51:56Z
doi:10.1200/jco.1995.13.8.2072,10.1200/jco.1995.13.8.2072,76365500,7636550,Clinical Trial; Duplicate Publication; Journal Article; Retracted Publication,,2026-04-29T05:51:56Z
doi:10.1200/jco.2007.11.0593,10.1200/jco.2007.11.0593,179061990,17906199,Journal Article; Retracted Publication,,2026-04-29T05:51:56Z
doi:10.1200/jco.2005.06.208,10.1200/jco.2005.06.208,161100160,16110016,"Journal Article; Research Support, N.I.H., Extramural; Research Support, Non-U.S. Gov't; Research Support, U.S. Gov't, P.H.S.; Retracted Publication",NCI NIH HHS (K23-CA81009),2026-04-29T05:51:56Z
doi:10.3109/10408369708998097,10.3109/10408369708998097,92884440,9288444,"Journal Article; Research Support, Non-U.S. Gov't; Retracted Publication; Review",,2026-04-29T05:51:56Z
doi:10.1080/20013891081674,10.1080/20013891081674,113078440,11307844,"Duplicate Publication; Journal Article; Research Support, Non-U.S. Gov't; Research Support, U.S. Gov't, Non-P.H.S.; Retracted Publication; Review",,2026-04-29T05:51:56Z
doi:10.1016/j.medengphy.2007.06.007,10.1016/j.medengphy.2007.06.007,,17693117,Retraction Notice,,2026-04-29T05:51:56Z
doi:10.1073/pnas.0509351102,10.1073/pnas.0509351102,163878530,16387853,"Journal Article; Research Support, N.I.H., Extramural; Retracted Publication",NIGMS NIH HHS (R01 GM072614); NIGMS NIH HHS (1R01GM072614-01A1),2026-04-29T05:51:56Z
doi:10.1073/pnas.95.5.2670,10.1073/pnas.95.5.2670,94829450,9482945,Journal Article; Retracted Publication,,2026-04-29T05:51:56Z
doi:10.1073/pnas.0507024103,10.1073/pnas.0507024103,164671420,16467142,Journal Article; Retracted Publication,,2026-04-29T05:51:56Z
doi:10.2174/1573406411006040219,10.2174/1573406411006040219,208799780,20879978,Journal Article; Retracted Publication,,2026-04-29T05:51:56Z
doi:10.1073/pnas.96.6.2937,10.1073/pnas.96.6.2937,100776150,10077615,"Journal Article; Research Support, Non-U.S. Gov't; Research Support, U.S. Gov't, P.H.S.; Retracted Publication",NIDDK NIH HHS (R01 DK045787); NIDDK NIH HHS (DK45787),2026-04-29T05:51:56Z
doi:10.1186/1477-7525-7-6,10.1186/1477-7525-7-6,191834820,19183482,Journal Article; Retracted Publication,,2026-04-29T05:51:56Z
doi:10.1038/nm0910-967,10.1038/nm0910-967,208238770,20823877,News; Comment; Retracted Publication,,2026-04-29T05:51:56Z
doi:10.1038/nm1491,10.1038/nm1491,170577100,17057710,"Journal Article; Research Support, N.I.H., Extramural; Research Support, Non-U.S. Gov't; Retracted Publication",NCI NIH HHS (R01CA106520); NCI NIH HHS (U54 CA112952-02),2026-04-29T05:51:56Z
doi:10.1038/nm1778,10.1038/nm1778,185003490,18500349,"Journal Article; Research Support, N.I.H., Extramural; Research Support, Non-U.S. Gov't; Retracted Publication",NCI NIH HHS (R01 CA112414); NIAID NIH HHS (P30 AI054999); NIAID NIH HHS (AI058828); NCI NIH HHS (5R01CA112414); NIAID NIH HHS (R01 AI058828),2026-04-29T05:51:56Z
doi:10.1016/j.fertnstert.2011.07.916,10.1016/j.fertnstert.2011.07.916,223935760,22393576,Conference Proceedings; Overall; Retracted Publication,,2026-04-29T05:51:56Z
doi:10.1016/s0015-0282(16)56090-7,10.1016/s0015-0282(16)56090-7,83398170,8339817,"Journal Article; Research Support, U.S. Gov't, P.H.S.; Retracted Publication",NCRR NIH HHS (7-M01-RR02635-01),2026-04-29T05:51:56Z
doi:10.1073/pnas.0400460101,10.1073/pnas.0400460101,150790860,15079086,"Journal Article; Research Support, Non-U.S. Gov't; Research Support, U.S. Gov't, P.H.S.; Retracted Publication",NCI NIH HHS (CA95060); NCI NIH HHS (CA94166); NCI NIH HHS (R01 CA088310); NCI NIH HHS (P50 CA095060); NCI NIH HHS (CA88310); NCI NIH HHS (R01 CA094166),2026-04-29T05:51:56Z
doi:10.1073/pnas.2637011100,10.1073/pnas.2637011100,147550600,14755060,"Journal Article; Research Support, U.S. Gov't, P.H.S.; Retracted Publication",NIGMS NIH HHS (F32 GM067403); NIAMS NIH HHS (P01 AR 42895-10); NIAMS NIH HHS (P01 AR042895); NIGMS NIH HHS (GM 67403-01); NIGMS NIH HHS (R01 GM038499),2026-04-29T05:51:56Z
doi:10.1073/pnas.95.5.2664,10.1073/pnas.95.5.2664,94829440,9482944,"Journal Article; Research Support, Non-U.S. Gov't; Research Support, U.S. Gov't, P.H.S.; Retracted Publication",NHLBI NIH HHS (R01 HL056921); NHLBI NIH HHS (HL-56921); NHLBI NIH HHS (HL-52189),2026-04-29T05:51:56Z
doi:10.1073/pnas.0402344101,10.1073/pnas.0402344101,151460690,15146069,"Journal Article; Research Support, Non-U.S. Gov't; Research Support, U.S. Gov't, P.H.S.; Retracted Publication",NIGMS NIH HHS (R01 GM067011); NIGMS NIH HHS (R01GM067011),2026-04-29T05:51:56Z
doi:10.1073/pnas.96.20.11566,10.1073/pnas.96.20.11566,105002170,10500217,"Journal Article; Research Support, U.S. Gov't, P.H.S.; Retracted Publication",NIA NIH HHS (R01 AG076586); NCI NIH HHS (R01 CA067391); NCI NIH HHS (R01 CA67391); NCI NIH HHS (R01 CA76586),2026-04-29T05:51:56Z
doi:10.1073/pnas.97.1.297,10.1073/pnas.97.1.297,106184120,10618412,Journal Article; Retracted Publication,,2026-04-29T05:51:56Z
doi:10.1073/pnas.96.24.13845,10.1073/pnas.96.24.13845,105701600,10570160,"Journal Article; Research Support, Non-U.S. Gov't; Research Support, U.S. Gov't, Non-P.H.S.; Retracted Publication",,2026-04-29T05:51:56Z
doi:10.1016/j.febslet.2009.02.033,10.1016/j.febslet.2009.02.033,192547180,19254718,"Journal Article; Research Support, Non-U.S. Gov't; Retracted Publication; Review",,2026-04-29T05:51:56Z
doi:10.1016/j.febslet.2005.12.094,10.1016/j.febslet.2005.12.094,164135390,16413539,"Journal Article; Research Support, Non-U.S. Gov't; Retracted Publication",,2026-04-29T05:51:56Z
doi:10.1073/pnas.93.24.14053,10.1073/pnas.93.24.14053,89430590,8943059,"Comparative Study; Journal Article; Research Support, Non-U.S. Gov't; Research Support, U.S. Gov't, P.H.S.; Retracted Publication",NCI NIH HHS (R01 CA047006); NCI NIH HHS (R35 CA047006); NCI NIH HHS (CA47006),2026-04-29T05:51:56Z
doi:10.1073/pnas.92.7.2979,10.1073/pnas.92.7.2979,77087590,7708759,"Comparative Study; Journal Article; Research Support, U.S. Gov't, P.H.S.; Retracted Publication",NIAID NIH HHS (AI-31537); NIGMS NIH HHS (GM-31506),2026-04-29T05:51:56Z
doi:10.1073/pnas.89.17.8049,10.1073/pnas.89.17.8049,15188300,1518830,"Journal Article; Research Support, U.S. Gov't, P.H.S.; Retracted Publication",NIAID NIH HHS (AI22532); NIAID NIH HHS (AI22801),2026-04-29T05:51:56Z
doi:10.1007/s11064-010-0282-4,10.1007/s11064-010-0282-4,209814850,20981485,"Journal Article; Research Support, N.I.H., Intramural; Retracted Publication",Intramural NIH HHS (Z01 AG000150),2026-04-29T05:51:56Z
pmid:86929210,,86929210,8692921,"Journal Article; Research Support, U.S. Gov't, P.H.S.; Retracted Publication",NCI NIH HHS (CA06927); NCI NIH HHS (CA63173),2026-04-29T05:51:56Z
pmid:78922010,,78922010,7892201,"Journal Article; Research Support, U.S. Gov't, P.H.S.; Retracted Publication",NCI NIH HHS (CA58343-01),2026-04-29T05:51:56Z
doi:10.1074/jbc.m115.639880,10.1074/jbc.m115.639880,260489880,26048988,Journal Article; Retracted Publication,,2026-04-29T05:51:56Z
doi:10.1074/jbc.m602201200,10.1074/jbc.m602201200,167904330,16790433,"Journal Article; Research Support, N.I.H., Extramural; Research Support, Non-U.S. Gov't; Retracted Publication",NCI NIH HHS (CA 76541); NCI NIH HHS (CA102325); NCI NIH HHS (CA106280); NIDDK NIH HHS (DK49615),2026-04-29T05:51:56Z
doi:10.1111/j.1365-2516.2009.02124.x,10.1111/j.1365-2516.2009.02124.x,198783370,19878337,Journal Article; Retracted Publication,,2026-04-29T05:51:56Z
doi:10.1074/jbc.m500562200,10.1074/jbc.m500562200,158551630,15855163,"Journal Article; Research Support, N.I.H., Extramural; Research Support, U.S. Gov't, P.H.S.; Retracted Publication",NCI NIH HHS (R01 CA102325); NCI NIH HHS (R01 CA106280),2026-04-29T05:51:56Z
doi:10.3324/haematol.2010.022988,10.3324/haematol.2010.022988,204212730,20421273,Letter,,2026-04-29T05:51:56Z
doi:10.1016/j.ygyno.2012.03.051,10.1016/j.ygyno.2012.03.051,224844010,22484401,"Journal Article; Research Support, Non-U.S. Gov't; Retracted Publication",,2026-04-29T05:51:56Z
doi:10.1016/j.ygyno.2011.12.441,10.1016/j.ygyno.2011.12.441,221982440,22198244,Evaluation Study; Journal Article; Retracted Publication,,2026-04-29T05:51:56Z
doi:10.1128/mbio.00084-11,10.1128/mbio.00084-11,216285010,21628501,"Journal Article; Research Support, N.I.H., Extramural; Retracted Publication",NIAID NIH HHS (P01 AI057699); NIAID NIH HHS (R56 AI081775); NIAID NIH HHS (AI81775); NIAID NIH HHS (AI57699),2026-04-29T05:51:56Z
doi:10.1074/jbc.m113.512061,10.1074/jbc.m113.512061,243986740,24398674,Journal Article; Retracted Publication,,2026-04-29T05:51:56Z
doi:10.1074/jbc.m408387200,10.1074/jbc.m408387200,153194290,15319429,Journal Article; Retracted Publication,,2026-04-29T05:51:56Z
doi:10.1074/jbc.m410405200,10.1074/jbc.m410405200,155906720,15590672,Journal Article; Retracted Publication,,2026-04-29T05:51:56Z
doi:10.1074/jbc.m113.475335,10.1074/jbc.m113.475335,239261070,23926107,"Clinical Trial; Journal Article; Research Support, N.I.H., Extramural; Retracted Publication",NICHD NIH HHS (P01 HD021350); NIH HHS (P51 OD011133); NHLBI NIH HHS (R01 HL093096); NICHD NIH HHS (P01 HD21350),2026-04-29T05:51:56Z
doi:10.1074/jbc.m109.026195,10.1074/jbc.m109.026195,197590250,19759025,Journal Article; Retracted Publication,,2026-04-29T05:51:56Z
doi:10.1074/jbc.m709317200,10.1074/jbc.m709317200,182450790,18245079,Journal Article; Retracted Publication,,2026-04-29T05:51:56Z
doi:10.1016/0014-5793(95)00496-v,10.1016/0014-5793(95)00496-v,77895300,7789530,Journal Article; Retracted Publication,,2026-04-29T05:51:56Z
doi:10.1603/en10038,10.1603/en10038,221825700,22182570,"Journal Article; Research Support, Non-U.S. Gov't; Retracted Publication",,2026-04-29T05:51:56Z
doi:10.1210/en.2013-1998,10.1210/en.2013-1998,247733420,24773342,"Journal Article; Research Support, N.I.H., Extramural; Research Support, Non-U.S. Gov't; Retracted Publication",NIDDK NIH HHS (R01 DK085916),2026-04-29T05:51:56Z
doi:10.1096/fj.04-3283fje,10.1096/fj.04-3283fje,159944130,15994413,"Journal Article; Research Support, Non-U.S. Gov't; Retracted Publication",,2026-04-29T05:51:56Z
doi:10.1073/pnas.84.11.3545,10.1073/pnas.84.11.3545,34734680,3473468,Journal Article; Retracted Publication,,2026-04-29T05:51:56Z
doi:10.1073/pnas.88.6.2603,10.1073/pnas.88.6.2603,18487100,1848710,"Journal Article; Research Support, Non-U.S. Gov't; Retracted Publication",,2026-04-29T05:51:56Z
doi:10.1073/pnas.83.10.3171,10.1073/pnas.83.10.3171,34581730,3458173,Journal Article; Retracted Publication,,2026-04-29T05:51:56Z
doi:10.1073/pnas.84.10.3477,10.1073/pnas.84.10.3477,24375800,2437580,"Journal Article; Research Support, Non-U.S. Gov't; Retracted Publication",,2026-04-29T05:51:56Z
doi:10.1210/en.2008-1102,10.1210/en.2008-1102,190368800,19036880,"Journal Article; Research Support, N.I.H., Extramural; Research Support, Non-U.S. Gov't; Research Support, U.S. Gov't, Non-P.H.S.; Retracted Publication",NCCIH NIH HHS (F31 AT003977); NCCIH NIH HHS (R01 AT001846); NCCIH NIH HHS (F31-AT003977-01),2026-04-29T05:51:56Z
doi:10.1096/fj.12-207431,10.1096/fj.12-207431,227984240,22798424,"Journal Article; Research Support, N.I.H., Extramural; Research Support, Non-U.S. Gov't; Retracted Publication",NHLBI NIH HHS (R01 HL103940); NHLBI NIH HHS (P01 HL034322); NIDDK NIH HHS (P30 DK065988); NIDDK NIH HHS (5 P30 DK 065988-08); NHLBI NIH HHS (R01 HL108927); NHLBI NIH HHS (R01HL103940); NHLBI NIH HHS (R01HL108927),2026-04-29T05:51:56Z
doi:10.1007/s11064-006-9092-0,10.1007/s11064-006-9092-0,168077840,16807784,"Journal Article; Research Support, Non-U.S. Gov't; Retracted Publication",,2026-04-29T05:51:56Z
doi:10.1073/pnas.86.20.7928,10.1073/pnas.86.20.7928,24790120,2479012,"Journal Article; Research Support, Non-U.S. Gov't; Research Support, U.S. Gov't, P.H.S.; Retracted Publication",NHLBI NIH HHS (HL32348); NHLBI NIH HHS (HL35627),2026-04-29T05:51:56Z
doi:10.1096/fj.11-202366,10.1096/fj.11-202366,226610070,22661007,"Journal Article; Research Support, Non-U.S. Gov't; Research Support, U.S. Gov't, P.H.S.; Retracted Publication",NHLBI NIH HHS (HL067967); NHLBI NIH HHS (R01 HL076206); NHLBI NIH HHS (HL105473); NHLBI NIH HHS (R21 HL097218); NHLBI NIH HHS (R01 HL105473); NHLBI NIH HHS (HL10781); NHLBI NIH HHS (HL076206); NHLBI NIH HHS (R01 HL067967); NHLBI NIH HHS (HL097218),2026-04-29T05:51:56Z
doi:10.1074/jbc.m112.385922,10.1074/jbc.m112.385922,228658800,22865880,"Journal Article; Research Support, Non-U.S. Gov't; Retracted Publication",,2026-04-29T05:51:56Z
doi:10.1073/pnas.87.4.1337,10.1073/pnas.87.4.1337,16894840,1689484,"Journal Article; Research Support, Non-U.S. Gov't; Retracted Publication",,2026-04-29T05:51:56Z
doi:10.1073/pnas.86.20.8005,10.1073/pnas.86.20.8005,26826350,2682635,"Journal Article; Research Support, Non-U.S. Gov't; Research Support, U.S. Gov't, P.H.S.; Retracted Publication",NIAID NIH HHS (AI15486); NIAID NIH HHS (AI26941); NIDDK NIH HHS (DK31774),2026-04-29T05:51:56Z
doi:10.1073/pnas.84.24.9011,10.1073/pnas.84.24.9011,33210640,3321064,"Journal Article; Research Support, Non-U.S. Gov't; Research Support, U.S. Gov't, P.H.S.; Retracted Publication",NIAID NIH HHS (AI00608); NHLBI NIH HHS (HL07592),2026-04-29T05:51:56Z
doi:10.1038/nm1424,10.1038/nm1424,167322800,16732280,"Journal Article; Research Support, N.I.H., Extramural; Research Support, Non-U.S. Gov't; Retracted Publication",,2026-04-29T05:51:56Z
doi:10.1038/nm1104-1168,10.1038/nm1104-1168,155169120,15516912,News; Comment; Retracted Publication,,2026-04-29T05:51:56Z
doi:10.1073/pnas.84.3.658,10.1073/pnas.84.3.658,24336880,2433688,"Comparative Study; Journal Article; Research Support, U.S. Gov't, P.H.S.; Retracted Publication",NIAID NIH HHS (AI16076); NIAID NIH HHS (AI20429),2026-04-29T05:51:56Z
doi:10.1096/fj.06-6171fje,10.1096/fj.06-6171fje,170233900,17023390,"Journal Article; Research Support, N.I.H., Extramural; Retracted Publication",NCI NIH HHS (R01 CA104996); NCI NIH HHS (R01 CA096859); NCI NIH HHS (R01 CA105138); NIAMS NIH HHS (T32 AR007610),2026-04-29T05:51:56Z
doi:10.1016/j.nbd.2011.06.005,10.1016/j.nbd.2011.06.005,217420340,21742034,"Comparative Study; Journal Article; Research Support, Non-U.S. Gov't; Retracted Publication",,2026-04-29T05:51:56Z
doi:10.1038/nmat1531,10.1038/nmat1531,162995070,16299507,"Journal Article; Research Support, Non-U.S. Gov't; Research Support, U.S. Gov't, Non-P.H.S.; Retracted Publication",,2026-04-29T05:51:56Z
doi:10.1096/fj.02-0320fje,10.1096/fj.02-0320fje,127388140,12738814,Journal Article; Retracted Publication,,2026-04-29T05:51:56Z
doi:10.1096/fj.05-3993fje,10.1096/fj.05-3993fje,162038620,16203862,"Journal Article; Research Support, Non-U.S. Gov't; Retracted Publication",,2026-04-29T05:51:56Z
doi:10.1038/77997,10.1038/77997,109322550,10932255,"Journal Article; Research Support, U.S. Gov't, Non-P.H.S.; Retracted Publication",,2026-04-29T05:51:56Z
doi:10.1016/j.ejphar.2014.11.001,10.1016/j.ejphar.2014.11.001,254450440,25445044,Journal Article; Retracted Publication,,2026-04-29T05:51:56Z
doi:10.1016/j.ygyno.2010.12.010,10.1016/j.ygyno.2010.12.010,214097770,21409777,Conference Proceedings; Overall; Retracted Publication,,2026-04-29T05:51:56Z
doi:10.1111/j.1745-6584.2012.00965.x,10.1111/j.1745-6584.2012.00965.x,228235630,22823563,"Journal Article; Research Support, U.S. Gov't, Non-P.H.S.; Retracted Publication",,2026-04-29T05:51:56Z
doi:10.1038/nrg2336,10.1038/nrg2336,184879880,18487988,Journal Article; Retracted Publication; Review,,2026-04-29T05:51:56Z
doi:10.1111/j.1745-6584.2011.00876.x,10.1111/j.1745-6584.2011.00876.x,220237180,22023718,Journal Article; Retracted Publication,,2026-04-29T05:51:56Z
doi:10.1080/17441690801950543,10.1080/17441690801950543,191539320,19153932,Journal Article; Retracted Publication,,2026-04-29T05:51:56Z
doi:10.1111/gcb.12697,10.1111/gcb.12697,250599230,25059923,Retracted Publication; Retraction Notice,,2026-04-29T05:51:56Z
doi:10.1002/glia.440020508,10.1002/glia.440020508,25536010,2553601,"Journal Article; Research Support, Non-U.S. Gov't; Research Support, U.S. Gov't, Non-P.H.S.; Research Support, U.S. Gov't, P.H.S.; Retracted Publication",NINDS NIH HHS (NS-01218); NINDS NIH HHS (NS-24606); NINDS NIH HHS (NS-24931),2026-04-29T05:51:56Z
doi:10.1096/fj.05-4879fje,10.1096/fj.05-4879fje,164364660,16436466,"Journal Article; Research Support, Non-U.S. Gov't; Retracted Publication",,2026-04-29T05:51:56Z
doi:10.1038/ni.2607,10.1038/ni.2607,236445040,23644504,"Journal Article; Research Support, N.I.H., Extramural; Retracted Publication",NIAMS NIH HHS (K01 AR052802); NIDDK NIH HHS (R01 DK056886); NIGMS NIH HHS (R37GM053256); NIDDK NIH HHS (R01 DK56886); NIGMS NIH HHS (R37 GM053256); NIAID NIH HHS (T32 AI007247); NIAMS NIH HHS (5K01AR52802); NCI NIH HHS (P30 CA016520),2026-04-29T05:51:56Z
doi:10.1038/ng.317,10.1038/ng.317,192190430,19219043,"Journal Article; Research Support, Non-U.S. Gov't; Retracted Publication",NIGMS NIH HHS (R01 GM079091),2026-04-29T05:51:56Z
doi:10.1038/ng1121,10.1038/ng1121,126125850,12612585,"Journal Article; Research Support, Non-U.S. Gov't; Retracted Publication",,2026-04-29T05:51:56Z
doi:10.1038/ng0494-426,10.1038/ng0494-426,79144520,7914452,"Journal Article; Research Support, Non-U.S. Gov't; Research Support, U.S. Gov't, P.H.S.; Retracted Publication",NINDS NIH HHS (NS 23355),2026-04-29T05:51:56Z
doi:10.1038/nchembio.378,10.1038/nchembio.378,204797470,20479747,News; Comment; Retracted Publication,,2026-04-29T05:51:56Z
doi:10.1038/nchembio.369,10.1038/nchembio.369,204538640,20453864,"Journal Article; Research Support, N.I.H., Extramural; Research Support, Non-U.S. Gov't; Retracted Publication",NIGMS NIH HHS (R01 GM074070); NIGMS NIH HHS (GM074070),2026-04-29T05:51:56Z
doi:10.1074/jbc.m604636200,10.1074/jbc.m604636200,167546850,16754685,"Comparative Study; Journal Article; Research Support, Non-U.S. Gov't; Retracted Publication",,2026-04-29T05:51:56Z
doi:10.1074/jbc.m414091200,10.1074/jbc.m414091200,158051130,15805113,"Journal Article; Research Support, Non-U.S. Gov't; Retracted Publication",,2026-04-29T05:51:56Z
doi:10.1056/nejmoa060467,10.1056/nejmoa060467,168997770,16899777,Journal Article; Retracted Publication,,2026-04-29T05:51:56Z
doi:10.1074/jbc.m307857200,10.1074/jbc.m307857200,145858440,14585844,"Journal Article; Research Support, Non-U.S. Gov't; Research Support, U.S. Gov't, Non-P.H.S.; Retracted Publication",,2026-04-29T05:51:56Z
doi:10.1056/nejmc0801352,10.1056/nejmc0801352,186147930,18614793,Comment; Letter; Retracted Publication,,2026-04-29T05:51:56Z
doi:10.1042/cs20110295,10.1042/cs20110295,217938000,21793800,"Journal Article; Research Support, N.I.H., Extramural; Retracted Publication",NHLBI NIH HHS (R01 HL086936); NHLBI NIH HHS (HL086936),2026-04-29T05:51:56Z
doi:10.1042/cs20050232,10.1042/cs20050232,164641720,16464172,"Journal Article; Research Support, N.I.H., Extramural; Research Support, Non-U.S. Gov't; Review; Retracted Publication",NCI NIH HHS (R03 CA099512-01A1),2026-04-29T05:51:56Z
doi:10.1042/cs20030087,10.1042/cs20030087,127978630,12797863,"Journal Article; Research Support, Non-U.S. Gov't; Retracted Publication",,2026-04-29T05:51:56Z
doi:10.1038/ncb955,10.1038/ncb955,126523090,12652309,"Journal Article; Research Support, Non-U.S. Gov't; Retracted Publication",,2026-04-29T05:51:56Z
doi:10.1038/ncb950,10.1038/ncb950,126523080,12652308,"Journal Article; Research Support, Non-U.S. Gov't; Research Support, U.S. Gov't, P.H.S.; Retracted Publication",NCI NIH HHS (CA78530),2026-04-29T05:51:56Z
doi:10.1056/nejm199508033330503,10.1056/nejm199508033330503,75411110,7541111,"Clinical Trial; Clinical Trial, Phase I; Clinical Trial, Phase II; Journal Article; Research Support, Non-U.S. Gov't; Retracted Publication",,2026-04-29T05:51:56Z
doi:10.1056/nejm199802053380607,10.1056/nejm199802053380607,94497320,9449732,Journal Article; Retracted Publication,,2026-04-29T05:51:56Z
doi:10.1056/nejm198511283132202,10.1056/nejm198511283132202,29976090,2997609,"Journal Article; Research Support, U.S. Gov't, P.H.S.; Retracted Publication",NHLBI NIH HHS (1 K04 HL-00802); NHLBI NIH HHS (1F32 HL-06871-01); NHLBI NIH HHS (HL-21403),2026-04-29T05:51:56Z
doi:10.1056/nejm197904193001602,10.1056/nejm197904193001602,3705960,370596,"Journal Article; Research Support, U.S. Gov't, P.H.S.; Retracted Publication",,2026-04-29T05:51:56Z
doi:10.1056/nejm198101153040301,10.1056/nejm198101153040301,70033860,7003386,"Journal Article; Research Support, U.S. Gov't, P.H.S.; Retracted Publication",,2026-04-29T05:51:56Z
doi:10.1056/nejm197811092991901,10.1056/nejm197811092991901,3600620,360062,"Journal Article; Research Support, U.S. Gov't, P.H.S.; Retracted Publication",,2026-04-29T05:51:56Z
doi:10.1016/j.ejphar.2004.02.002,10.1016/j.ejphar.2004.02.002,150440430,15044043,Journal Article; Retracted Publication,,2026-04-29T05:51:56Z
doi:10.1016/s0014-2999(02)02420-2,10.1016/s0014-2999(02)02420-2,123989100,12398910,Comparative Study; Journal Article; Retracted Publication,,2026-04-29T05:51:56Z
doi:10.1002/mus.21799,10.1002/mus.21799,205831180,20583118,Retraction Notice; Retracted Publication,,2026-04-29T05:51:56Z
doi:10.1128/mcb.00238-13,10.1128/mcb.00238-13,240190700,24019070,"Journal Article; Research Support, N.I.H., Extramural; Research Support, U.S. Gov't, Non-P.H.S.; Retracted Publication",BLRD VA (I01 BX000137); NCI NIH HHS (P30 CA014520),2026-04-29T05:51:56Z
doi:10.1128/mcb.00114-14,10.1128/mcb.00114-14,249126760,24912676,"Journal Article; Research Support, Non-U.S. Gov't; Research Support, U.S. Gov't, Non-P.H.S.; Retracted Publication",,2026-04-29T05:51:56Z
doi:10.1128/mcb.00245-13,10.1128/mcb.00245-13,238368800,23836880,"Journal Article; Research Support, Non-U.S. Gov't; Research Support, U.S. Gov't, Non-P.H.S.; Retracted Publication",,2026-04-29T05:51:56Z
doi:10.1074/jbc.m112.434225,10.1074/jbc.m112.434225,234499780,23449978,"Journal Article; Research Support, N.I.H., Extramural; Research Support, U.S. Gov't, Non-P.H.S.; Retracted Publication",NCI NIH HHS (P30 CA046934); NCI NIH HHS (R01 CA161880); NIDDK NIH HHS (R01 DK54084); NCI NIH HHS (R01CA161880),2026-04-29T05:51:56Z
doi:10.1155/2011/246412,10.1155/2011/246412,220966310,22096631,Journal Article; Retracted Publication,,2026-04-29T05:51:56Z
doi:10.1007/s11031-011-9216-y,10.1007/s11031-011-9216-y,216600890,21660089,Journal Article; Retracted Publication,,2026-04-29T05:51:56Z
doi:10.3390/molecules17044755,10.3390/molecules17044755,225254400,22525440,"Journal Article; Research Support, Non-U.S. Gov't; Retracted Publication; Review",,2026-04-29T05:51:56Z
doi:10.1034/j.1600-065x.2001.1830118.x,10.1034/j.1600-065x.2001.1830118.x,117822600,11782260,"Journal Article; Research Support, Non-U.S. Gov't; Research Support, U.S. Gov't, P.H.S.; Review; Retracted Publication",,2026-04-29T05:51:56Z
doi:10.1385/ir:26:1-3:143,10.1385/ir:26:1-3:143,124033530,12403353,"Journal Article; Research Support, U.S. Gov't, P.H.S.; Review; Retracted Publication",,2026-04-29T05:51:56Z
doi:10.1016/0165-2478(96)02548-5,10.1016/0165-2478(96)02548-5,88113380,8811338,"Journal Article; Research Support, Non-U.S. Gov't; Research Support, U.S. Gov't, P.H.S.; Retracted Publication",NIAID NIH HHS (AI24030); NIAID NIH HHS (AI25541); NIAID NIH HHS (AI32427),2026-04-29T05:51:56Z
doi:10.1074/jbc.m111.275073,10.1074/jbc.m111.275073,220727180,22072718,"Journal Article; Research Support, N.I.H., Extramural; Retracted Publication",NIEHS NIH HHS (R01 ES012265); NIGMS NIH HHS (R01 GM047466),2026-04-29T05:51:56Z
doi:10.1074/jbc.m110.109298,10.1074/jbc.m110.109298,204394670,20439467,Journal Article; Retracted Publication,NCI NIH HHS (R01 CA121851); NIGMS NIH HHS (R01 GM076244),2026-04-29T05:51:56Z
doi:10.1074/jbc.m110.175802,10.1074/jbc.m110.175802,208645370,20864537,"Journal Article; Research Support, N.I.H., Extramural; Retracted Publication",NIEHS NIH HHS (R01 ES012265),2026-04-29T05:51:56Z
doi:10.1074/jbc.m111.324632,10.1074/jbc.m111.324632,222036740,22203674,"Journal Article; Research Support, N.I.H., Extramural; Retracted Publication",NCI NIH HHS (R01 CA098823); NCRR NIH HHS (S10 RR025565); NCI NIH HHS (CA98823); NCRR NIH HHS (S10RR025565),2026-04-29T05:51:56Z
doi:10.1210/en.2006-0987,10.1210/en.2006-0987,169737220,16973722,"Journal Article; Research Support, N.I.H., Extramural; Retracted Publication",,2026-04-29T05:51:56Z
doi:10.1056/nejmoa033374,10.1056/nejmoa033374,150707900,15070790,"Journal Article; Research Support, Non-U.S. Gov't; Research Support, U.S. Gov't, P.H.S.; Retracted Publication",NCI NIH HHS (CA16672),2026-04-29T05:51:56Z
doi:10.1056/nejmoa012710,10.1056/nejmoa012710,123971900,12397190,"Evaluation Study; Journal Article; Research Support, Non-U.S. Gov't; Retracted Publication",,2026-04-29T05:51:56Z
doi:10.1352/1934-9556-49.4.221,10.1352/1934-9556-49.4.221,217219760,21721976,Journal Article; Retracted Publication,,2026-04-29T05:51:56Z
doi:10.1128/mcb.00409-07,10.1128/mcb.00409-07,177093910,17709391,"Journal Article; Research Support, Non-U.S. Gov't; Retracted Publication",,2026-04-29T05:51:56Z
doi:10.1038/sj.mt.6300257,10.1038/sj.mt.6300257,176377190,17637719,"Journal Article; Research Support, N.I.H., Extramural; Retracted Publication",NIDDK NIH HHS (DK-62972),2026-04-29T05:51:56Z
doi:10.1038/sj.mt.6300137,10.1038/sj.mt.6300137,174063460,17406346,Journal Article; Retracted Publication,,2026-04-29T05:51:56Z
doi:10.1128/mcb.25.21.9324-9339.2005,10.1128/mcb.25.21.9324-9339.2005,162275840,16227584,"Journal Article; Research Support, Non-U.S. Gov't; Retracted Publication",,2026-04-29T05:51:56Z
doi:10.1128/mcb.01732-06,10.1128/mcb.01732-06,171947520,17194752,Journal Article; Retracted Publication,,2026-04-29T05:51:56Z
doi:10.1074/jbc.m105901200,10.1074/jbc.m105901200,115858220,11585822,"Journal Article; Research Support, Non-U.S. Gov't; Research Support, U.S. Gov't, P.H.S.; Retracted Publication",NHLBI NIH HHS (HL38206); NHLBI NIH HHS (HL58000); NHLBI NIH HHS (HL60728),2026-04-29T05:51:56Z
doi:10.1161/hypertensionaha.111.175463,10.1161/hypertensionaha.111.175463,217685280,21768528,Journal Article; Retracted Publication,,2026-04-29T05:51:56Z
doi:10.1074/jbc.m008096200,10.1074/jbc.m008096200,111340160,11134016,"Journal Article; Research Support, Non-U.S. Gov't; Research Support, U.S. Gov't, P.H.S.; Retracted Publication",NCI NIH HHS (CA42385),2026-04-29T05:51:56Z
doi:10.1074/jbc.m401323200,10.1074/jbc.m401323200,150845970,15084597,"Journal Article; Research Support, U.S. Gov't, P.H.S.; Retracted Publication",NCI NIH HHS (CA42385); NCI NIH HHS (CA98022),2026-04-29T05:51:56Z
doi:10.1161/01.hyp.33.1.360,10.1161/01.hyp.33.1.360,99311300,9931130,"Journal Article; Research Support, Non-U.S. Gov't; Research Support, U.S. Gov't, P.H.S.; Retracted Publication",NHLBI NIH HHS (HL-52189); NHLBI NIH HHS (HL-56921),2026-04-29T05:51:56Z
doi:10.1161/01.hyp.35.1.209,10.1161/01.hyp.35.1.209,106422990,10642299,"Journal Article; Research Support, Non-U.S. Gov't; Research Support, U.S. Gov't, P.H.S.; Retracted Publication",NHLBI NIH HHS (HL-52189); NHLBI NIH HHS (HL-56921),2026-04-29T05:51:56Z
doi:10.1161/01.hyp.35.1.202,10.1161/01.hyp.35.1.202,106422980,10642298,"Journal Article; Research Support, Non-U.S. Gov't; Research Support, U.S. Gov't, P.H.S.; Retracted Publication",NHLBI NIH HHS (HL-52189); NHLBI NIH HHS (HL-56921),2026-04-29T05:51:56Z
doi:10.1128/mcb.22.12.4256-4267.2002,10.1128/mcb.22.12.4256-4267.2002,120240370,12024037,"Journal Article; Research Support, Non-U.S. Gov't; Research Support, U.S. Gov't, P.H.S.; Retracted Publication",,2026-04-29T05:51:56Z
doi:10.1128/mcb.20.12.4428-4435.2000,10.1128/mcb.20.12.4428-4435.2000,108252060,10825206,Journal Article; Retracted Publication,,2026-04-29T05:51:56Z
doi:10.1074/jbc.m512112200,10.1074/jbc.m512112200,163803710,16380371,"Journal Article; Research Support, N.I.H., Extramural; Research Support, Non-U.S. Gov't; Retracted Publication",NICHD NIH HHS (P30 HD003352); NCATS NIH HHS (UL1 TR000005); NINDS NIH HHS (R01 NS079345); NINDS NIH HHS (R01 NS038118); NCRR NIH HHS (UL1 RR025011); NINDS NIH HHS (R01 NS048216); NINDS NIH HHS (NS42008); BLRD VA (I01 BX002346),2026-04-29T05:51:56Z
doi:10.1074/jbc.273.11.6525,10.1074/jbc.273.11.6525,94973880,9497388,"Journal Article; Research Support, Non-U.S. Gov't; Research Support, U.S. Gov't, P.H.S.; Retracted Publication",NHLBI NIH HHS (R29HL58475-01),2026-04-29T05:51:56Z
doi:10.1074/jbc.m109.033407,10.1074/jbc.m109.033407,198974800,19897480,"Journal Article; Research Support, N.I.H., Extramural; Research Support, Non-U.S. Gov't; Retracted Publication",NICHD NIH HHS (HD058997); NIA NIH HHS (R01 AG021912); NICHD NIH HHS (R21 HD058997); NIEHS NIH HHS (ES012241); NHLBI NIH HHS (R01 HL084498); NIA NIH HHS (AG21912); NHLBI NIH HHS (HL084498); NIEHS NIH HHS (R01 ES012241); NHLBI NIH HHS (R29 HL048848); NHLBI NIH HHS (R01 HL048848); NHLBI NIH HHS (HL48848),2026-04-29T05:51:56Z
doi:10.1074/jbc.m701050200,10.1074/jbc.m701050200,175889460,17588946,Journal Article; Retracted Publication,NHLBI NIH HHS (R01 HL084498),2026-04-29T05:51:56Z
doi:10.1007/s00259-013-2401-3,10.1007/s00259-013-2401-3,235761000,23576100,Journal Article; Retracted Publication,,2026-04-29T05:51:56Z
doi:10.1046/j.1460-9568.2000.00330.x,10.1046/j.1460-9568.2000.00330.x,108863380,11069612,Letter; Expression of Concern; Retracted Publication,,2026-04-29T05:51:56Z
doi:10.1097/00006250-200511000-00056,10.1097/00006250-200511000-00056,162605430,16260543,Journal Article; Practice Guideline; Retracted Publication,,2026-04-29T05:51:56Z
doi:10.1016/s0029-7844(02)02631-5,10.1016/s0029-7844(02)02631-5,124681980,12468198,Guideline; Journal Article; Practice Guideline; Retracted Publication,,2026-04-29T05:51:56Z
doi:10.1097/aog.0b013e318169f722,10.1097/aog.0b013e318169f722,183103920,18310392,Journal Article; Practice Guideline; Retracted Publication,,2026-04-29T05:51:56Z
doi:10.1097/01.aog.0000142738.68439.9e,10.1097/01.aog.0000142738.68439.9e,155164290,15516429,Case Reports; Journal Article; Retracted Publication,,2026-04-29T05:51:56Z
doi:10.1016/0029-7844(95)00007-e,10.1016/0029-7844(95)00007-e,78988460,7898846,"Clinical Trial; Controlled Clinical Trial; Journal Article; Research Support, U.S. Gov't, P.H.S.; Retracted Publication",NCRR NIH HHS (7-M01-RR02635-01),2026-04-29T05:51:56Z
pmid:18763700,,18763700,1876370,Journal Article; Retracted Publication,,2026-04-29T05:51:56Z
doi:10.1002/oby.21077,10.1002/oby.21077,259601460,25960146,"Journal Article; Randomized Controlled Trial; Research Support, N.I.H., Extramural; Research Support, Non-U.S. Gov't; Retracted Publication",NIDDK NIH HHS (R21 DK094066); NIDDK NIH HHS (5R21DK094066),2026-04-29T05:51:56Z
pmid:33206720,,33206720,3320672,Journal Article; Retracted Publication,,2026-04-29T05:51:56Z
doi:10.1074/jbc.m601496200,10.1074/jbc.m601496200,166754530,16675453,Journal Article; Retracted Publication,,2026-04-29T05:51:56Z
doi:10.1074/jbc.c112.403048,10.1074/jbc.c112.403048,228988180,22898818,"Journal Article; Research Support, Non-U.S. Gov't; Retracted Publication",,2026-04-29T05:51:56Z
doi:10.1111/j.1442-2042.2009.02429.x,10.1111/j.1442-2042.2009.02429.x,200022250,20002225,Journal Article; Retracted Publication,,2026-04-29T05:51:56Z
doi:10.4161/hv.28834,10.4161/hv.28834,254247840,25424784,"Journal Article; Research Support, Non-U.S. Gov't; Retracted Publication",,2026-04-29T05:51:56Z
doi:10.1128/mcb.00898-06,10.1128/mcb.00898-06,170306100,17030610,"Journal Article; Research Support, N.I.H., Extramural; Retracted Publication",NICHD NIH HHS (T32 HD007165); PHS HHS (07352401); NICHD NIH HHS (HD07165),2026-04-29T05:51:56Z
doi:10.1093/humrep/del206,10.1093/humrep/del206,168916260,16891626,"Journal Article; Research Support, N.I.H., Extramural; Retracted Publication",NICHD NIH HHS (HD37432); NICHD NIH HHS (HD43175),2026-04-29T05:51:56Z
doi:10.1128/mcb.23.12.4283-4294.2003,10.1128/mcb.23.12.4283-4294.2003,127735700,12773570,"Journal Article; Research Support, U.S. Gov't, Non-P.H.S.; Research Support, U.S. Gov't, P.H.S.; Retracted Publication",NCI NIH HHS (R01 CA072639); NIGMS NIH HHS (R01 GM051878); NCI NIH HHS (CA72639); NIGMS NIH HHS (GM51878),2026-04-29T05:51:56Z
doi:10.1128/mcb.15.6.3424,10.1128/mcb.15.6.3424,77608390,7760839,"Journal Article; Research Support, Non-U.S. Gov't; Research Support, U.S. Gov't, P.H.S.; Retracted Publication",,2026-04-29T05:51:56Z
doi:10.1128/mcb.9.6.2665-2671.1989,10.1128/mcb.9.6.2665-2671.1989,24747590,2474759,"Journal Article; Research Support, Non-U.S. Gov't; Research Support, U.S. Gov't, P.H.S.; Retracted Publication",NIAID NIH HHS (AI-09072); NIAID NIH HHS (AI-19162),2026-04-29T05:51:56Z
doi:10.1128/mcb.14.12.8018-8027.1994,10.1128/mcb.14.12.8018-8027.1994,75261520,7526152,"Journal Article; Research Support, Non-U.S. Gov't; Retracted Publication",,2026-04-29T05:51:56Z
doi:10.1128/mcb.15.9.4980,10.1128/mcb.15.9.4980,76514160,7651416,"Journal Article; Research Support, U.S. Gov't, P.H.S.; Retracted Publication",NCI NIH HHS (CA58343-01),2026-04-29T05:51:56Z
doi:10.1074/jbc.m111.219931,10.1074/jbc.m111.219931,218625920,21862592,"Journal Article; Research Support, Non-U.S. Gov't; Retracted Publication",,2026-04-29T05:51:56Z
doi:10.1002/eji.1830170806,10.1002/eji.1830170806,36226010,3622601,"Journal Article; Research Support, Non-U.S. Gov't; Retracted Publication",,2026-04-29T05:51:56Z
doi:10.1002/eji.1830131207,10.1002/eji.1830131207,63631000,6363100,"Journal Article; Research Support, Non-U.S. Gov't; Research Support, U.S. Gov't, P.H.S.; Retracted Publication",NIAID NIH HHS (AI-07063),2026-04-29T05:51:56Z
doi:10.1093/nass/nrn048,10.1093/nass/nrn048,,18776269,Retraction Notice,,2026-04-29T05:51:56Z
doi:10.1111/j.1467-789x.2012.01014.x,10.1111/j.1467-789x.2012.01014.x,227085800,22708580,Journal Article; Review; Retracted Publication,,2026-04-29T05:51:56Z
doi:10.1111/j.1753-4887.2008.00118.x,10.1111/j.1753-4887.2008.00118.x,190190270,19019027,"Journal Article; Research Support, N.I.H., Extramural; Retracted Publication; Review",NCCIH NIH HHS (K24 AT000596); NCCIH NIH HHS (K-24 AT 00596),2026-04-29T05:51:56Z
doi:10.1186/1475-2891-12-3,10.1186/1475-2891-12-3,232862950,23286295,Comparative Study; Journal Article; Retracted Publication,,2026-04-29T05:51:56Z
doi:10.1128/mcb.13.8.5112-5121.1993,10.1128/mcb.13.8.5112-5121.1993,76877460,7687746,"Journal Article; Research Support, Non-U.S. Gov't; Retracted Publication",,2026-04-29T05:51:56Z
doi:10.1093/nar/gkm366,10.1093/nar/gkm366,,17526513,Retraction Notice,,2026-04-29T05:51:56Z
doi:10.1093/nar/gkm567,10.1093/nar/gkm567,179165780,17916578,"Journal Article; Research Support, N.I.H., Extramural; Retracted Publication",NIEHS NIH HHS (P01 ES011163); NIDCR NIH HHS (R01 DE013965); NIDCR NIH HHS (R01 DE13965); NCI NIH HHS (R01 CA090860); NCI NIH HHS (CA90860); NCI NIH HHS (R56 CA090860),2026-04-29T05:51:56Z
doi:10.1016/0531-5565(94)00058-1,10.1016/0531-5565(94)00058-1,85918110,8591811,"Journal Article; Research Support, Non-U.S. Gov't; Research Support, U.S. Gov't, P.H.S.; Retracted Publication",NIA NIH HHS (P01 AG08761); NIA NIH HHS (R01 AG11722),2026-04-29T05:51:56Z
doi:10.1006/exer.1997.0449,10.1006/exer.1997.0449,95936390,9593639,"Journal Article; Research Support, U.S. Gov't, P.H.S.; Retracted Publication",NEI NIH HHS (EY 06647-01); NEI NIH HHS (EY 10595),2026-04-29T05:51:56Z
doi:10.1016/0014-4835(91)90135-2,10.1016/0014-4835(91)90135-2,18216250,1821625,"Letter; Research Support, U.S. Gov't, P.H.S.; Retracted Publication",NEI NIH HHS (EY-076394),2026-04-29T05:51:56Z
doi:10.1016/s0198-8859(01)00364-0,10.1016/s0198-8859(01)00364-0,118211580,11821158,Comparative Study; Journal Article; Retracted Publication,,2026-04-29T05:51:56Z
doi:10.1093/nar/18.14.4268,10.1093/nar/18.14.4268,21430160,2143016,"Journal Article; Research Support, Non-U.S. Gov't; Retracted Publication",,2026-04-29T05:51:56Z
doi:10.1007/s004390050999,10.1007/s004390050999,104537440,10453744,"Journal Article; Research Support, Non-U.S. Gov't; Research Support, U.S. Gov't, P.H.S.; Retracted Publication",NEI NIH HHS (EY 05230),2026-04-29T05:51:56Z
doi:10.1007/bf01790093,10.1007/bf01790093,32639370,3263937,"Journal Article; Research Support, Non-U.S. Gov't; Retracted Publication",,2026-04-29T05:51:56Z
pmid:20408230,,20408230,2040823,Duplicate Publication; English Abstract; Journal Article; Retracted Publication,,2026-04-29T05:51:56Z
pmid:20408220,,20408220,2040822,Duplicate Publication; English Abstract; Journal Article; Retracted Publication,,2026-04-29T05:51:56Z
doi:10.1016/j.neuro.2011.02.005,10.1016/j.neuro.2011.02.005,213760790,21376079,Journal Article; Retracted Publication,,2026-04-29T05:51:56Z
doi:10.1016/0892-0362(88)90011-6,10.1016/0892-0362(88)90011-6,30733070,3073307,Journal Article; Retracted Publication; Review,,2026-04-29T05:51:56Z
doi:10.1089/hum.2008.145,10.1089/hum.2008.145,192981320,19298132,"Journal Article; Research Support, N.I.H., Extramural; Retracted Publication",NCI NIH HHS (CA-120017),2026-04-29T05:51:56Z
doi:10.1089/hum.2007.110,10.1089/hum.2007.110,180674060,18067406,"Journal Article; Research Support, N.I.H., Extramural; Retracted Publication",NIGMS NIH HHS (GM-075018),2026-04-29T05:51:56Z
doi:10.1016/s1051-0443(07)61600-5,10.1016/s1051-0443(07)61600-5,115357760,11535776,Case Reports; Journal Article; Retracted Publication,,2026-04-29T05:51:56Z
doi:10.1016/0026-0495(92)90118-t,10.1016/0026-0495(92)90118-t,15184230,1518423,"Journal Article; Research Support, Non-U.S. Gov't; Research Support, U.S. Gov't, P.H.S.; Retracted Publication",NIA NIH HHS (AG-05564); NIA NIH HHS (AG-07857); NIA NIH HHS (K04 AG 00564),2026-04-29T05:51:56Z
doi:10.1080/09658210701390628,10.1080/09658210701390628,178527210,17852721,"Controlled Clinical Trial; Journal Article; Research Support, Non-U.S. Gov't; Retracted Publication",,2026-04-29T05:51:56Z
doi:10.1177/1545968312471901,10.1177/1545968312471901,233225510,23322551,"Journal Article; Randomized Controlled Trial; Research Support, Non-U.S. Gov't; Retracted Publication",,2026-04-29T05:51:56Z
doi:10.1111/j.1365-2559.2011.04000.x,10.1111/j.1365-2559.2011.04000.x,222120770,22212077,Journal Article; Retracted Publication; Review,,2026-04-29T05:51:56Z
pmid:221806850,,221806850,22180685,Conference Proceedings; Retracted Publication,,2026-04-29T05:51:56Z
doi:10.1128/ec.00147-15,10.1128/ec.00147-15,264536540,26453654,"Journal Article; Research Support, N.I.H., Extramural; Research Support, U.S. Gov't, Non-P.H.S.; Retracted Publication",NIAID NIH HHS (5 T32 AI007538-13); NIGMS NIH HHS (K12GM088021); BLRD VA (I01 BX001130); NIAID NIH HHS (T32 AI007538); NIAID NIH HHS (T32AI007538); NIGMS NIH HHS (K12 GM088021),2026-04-29T05:51:56Z
pmid:13415330,,13415330,1341533,Journal Article; Retracted Publication,,2026-04-29T05:51:56Z
pmid:16693820,,16693820,1669382,Case Reports; Journal Article; Retracted Publication,,2026-04-29T05:51:56Z
doi:10.1016/s0043-1354(01)00355-4,10.1016/s0043-1354(01)00355-4,119963510,11996351,"Journal Article; Research Support, Non-U.S. Gov't; Retracted Publication",,2026-04-29T05:51:56Z
doi:10.1084/jem.20021466,10.1084/jem.20021466,124384310,12438431,"Journal Article; Research Support, Non-U.S. Gov't; Research Support, U.S. Gov't, P.H.S.; Retracted Publication",NCI NIH HHS (R01 CA097085); NCI NIH HHS (R01 CA104996); NCI NIH HHS (CA97085),2026-04-29T05:51:56Z
doi:10.1084/jem.20072416,10.1084/jem.20072416,184113400,18411340,"Journal Article; Research Support, N.I.H., Extramural; Research Support, Non-U.S. Gov't; Retracted Publication",NIGMS NIH HHS (GM38765); NHLBI NIH HHS (R01 HL079312); NIGMS NIH HHS (R01 GM038765); NIAID NIH HHS (AI075038); NIAID NIH HHS (R01 AI075038); NHLBI NIH HHS (HL079312); NIGMS NIH HHS (R37 GM038765),2026-04-29T05:51:56Z
doi:10.1038/tp.2011.27,10.1038/tp.2011.27,228326050,22832605,"Journal Article; Research Support, N.I.H., Extramural; Research Support, N.I.H., Intramural; Retracted Publication",NIMH NIH HHS (R24 MH068855); Intramural NIH HHS (No ID); NIMH NIH HHS (R24MH068855),2026-04-29T05:51:56Z
doi:10.1016/j.biopsych.2006.03.029,10.1016/j.biopsych.2006.03.029,168061010,16806101,"Journal Article; Research Support, N.I.H., Intramural; Retracted Publication",Intramural NIH HHS (No ID),2026-04-29T05:51:56Z
doi:10.1002/hep.26019,10.1002/hep.26019,229116330,22911633,"Journal Article; Research Support, N.I.H., Extramural; Research Support, Non-U.S. Gov't; Retracted Publication",NCI NIH HHS (R01 CA139158); PHS HHS (R01-139158),2026-04-29T05:51:56Z
doi:10.1016/s0022-5347(03)80092-7,10.1016/s0022-5347(03)80092-7,126432690,12643269,Conference Proceedings; Overall; Retracted Publication,,2026-04-29T05:51:56Z
doi:10.1016/s0022-5347(17)40157-1,10.1016/s0022-5347(17)40157-1,23296150,2329615,Journal Article; Retracted Publication,,2026-04-29T05:51:56Z
doi:10.1016/s0022-5347(17)39791-4,10.1016/s0022-5347(17)39791-4,19779320,1977932,Comparative Study; Journal Article; Retracted Publication,,2026-04-29T05:51:56Z
doi:10.1249/mss.0b013e3181878067,10.1249/mss.0b013e3181878067,191272020,19127202,Historical Article; Journal Article; Retracted Publication,,2026-04-29T05:51:56Z
doi:10.1097/brs.0000000000000106,10.1097/brs.0000000000000106,242537880,24253788,Comparative Study; Journal Article; Randomized Controlled Trial; Retracted Publication,,2026-04-29T05:51:56Z
doi:10.1084/jem.186.7.1119,10.1084/jem.186.7.1119,93145600,9314560,"Journal Article; Research Support, U.S. Gov't, P.H.S.; Retracted Publication",NIAID NIH HHS (P01 AI035297); NIAID NIH HHS (AI-35297); NIAID NIH HHS (AI-25022); NHLBI NIH HHS (T32 HL-07267),2026-04-29T05:51:56Z
doi:10.1097/brs.0b013e31815e35fe,10.1097/brs.0b013e31815e35fe,181657590,18165759,Comment; Journal Article; Retracted Publication,,2026-04-29T05:51:56Z
doi:10.1227/01.neu.0000335776.93176.83,10.1227/01.neu.0000335776.93176.83,191451530,19145153,Journal Article; Retracted Publication; Review,Intramural NIH HHS (Z99 NS999999),2026-04-29T05:51:56Z
doi:10.1227/01.neu.0000320386.08993.be,10.1227/01.neu.0000320386.08993.be,188129120,18812912,Journal Article; Review; Retracted Publication,,2026-04-29T05:51:56Z
doi:10.1084/jem.170.6.2183,10.1084/jem.170.6.2183,25554310,2555431,"Journal Article; Research Support, Non-U.S. Gov't; Retracted Publication",,2026-04-29T05:51:56Z
doi:10.1084/jem.163.6.1583,10.1084/jem.163.6.1583,35198310,3519831,"Comparative Study; Journal Article; Research Support, Non-U.S. Gov't; Research Support, U.S. Gov't, P.H.S.; Retracted Publication",NIAID NIH HHS (AI19807); NIAID NIH HHS (AI21226); NCI NIH HHS (CA40134),2026-04-29T05:51:56Z
doi:10.3171/foc.2005.19.5.5,10.3171/foc.2005.19.5.5,163984680,21322744,Retraction Notice,,2026-04-29T05:51:56Z
doi:10.3171/foc.2008.25.10.e6,10.3171/foc.2008.25.10.e6,188287040,18828704,Journal Article; Retracted Publication; Review,,2026-04-29T05:51:56Z
doi:10.1007/s11095-015-1625-2,10.1007/s11095-015-1625-2,255925510,25592551,Retracted Publication; Retraction Notice,,2026-04-29T05:51:56Z
doi:10.1177/0146167206296105,10.1177/0146167206296105,173123230,17312323,"Comparative Study; Journal Article; Research Support, Non-U.S. Gov't; Retracted Publication",,2026-04-29T05:51:56Z
doi:10.1177/0146167212457074,10.1177/0146167212457074,229149900,22914990,Journal Article; Retracted Publication,,2026-04-29T05:51:56Z
doi:10.1097/ta.0b013e3181d27957,10.1097/ta.0b013e3181d27957,203862750,20386275,"Journal Article; Multicenter Study; Research Support, Non-U.S. Gov't; Retracted Publication",,2026-04-29T05:51:56Z
doi:10.1002/prot.22610,10.1002/prot.22610,198479160,19847916,Retraction Notice,,2026-04-29T05:51:56Z
doi:10.1186/1479-5876-10-240,10.1186/1479-5876-10-240,232170780,23217078,Journal Article; Retracted Publication,NIGMS NIH HHS (R01 GM029507),2026-04-29T05:51:56Z
doi:10.1016/j.jtcvs.2005.10.003,10.1016/j.jtcvs.2005.10.003,163993110,16399311,Comparative Study; Journal Article; Retracted Publication,,2026-04-29T05:51:56Z
doi:10.1016/s0022-5223(00)70148-6,10.1016/s0022-5223(00)70148-6,100476530,10047653,Clinical Trial; Journal Article; Randomized Controlled Trial; Retracted Publication,,2026-04-29T05:51:56Z
doi:10.1016/j.tiv.2010.01.009,10.1016/j.tiv.2010.01.009,201230130,20123013,Journal Article; Retracted Publication,,2026-04-29T05:51:56Z
pmid:98070690,,98070690,9807069,Journal Article; Retracted Publication,,2026-04-29T05:51:56Z
doi:10.1016/j.oooo.2015.09.023,10.1016/j.oooo.2015.09.023,270524460,27052446,Retraction Notice,,2026-04-29T05:51:56Z
doi:10.1016/j.tripleo.2008.12.054,10.1016/j.tripleo.2008.12.054,192728040,19272804,"Journal Article; Research Support, N.I.H., Extramural; Research Support, Non-U.S. Gov't; Retracted Publication",NIDCR NIH HHS (DE12606); NIDCR NIH HHS (DE13118),2026-04-29T05:51:56Z
doi:10.1016/s1368-8375(03)00098-8,10.1016/s1368-8375(03)00098-8,136791980,13679198,Journal Article; Review; Retracted Publication,,2026-04-29T05:51:56Z
doi:10.1016/s1368-8375(00)00126-3,10.1016/s1368-8375(00)00126-3,115645760,11564576,"Journal Article; Research Support, Non-U.S. Gov't; Retracted Publication",,2026-04-29T05:51:56Z
doi:10.1097/iop.0b013e3181b59eea,10.1097/iop.0b013e3181b59eea,199666580,19966658,Case Reports; Journal Article; Retracted Publication,,2026-04-29T05:51:56Z
doi:10.18632/oncotarget.2138,10.18632/oncotarget.2138,249808150,24980815,Journal Article; Retracted Publication,NCI NIH HHS (R01 CA157477),2026-04-29T05:51:56Z
doi:10.1159/000315241,10.1159/000315241,206165950,20616595,Journal Article; Retracted Publication; Review,,2026-04-29T05:51:56Z
doi:10.1634/theoncologist.10-3-191,10.1634/theoncologist.10-3-191,157932220,15793222,Journal Article; Review; Retracted Publication,,2026-04-29T05:51:56Z
doi:10.4161/onci.1.2.18241,10.4161/onci.1.2.18241,227202610,22720261,Journal Article; Retracted Publication,,2026-04-29T05:51:56Z
doi:10.1038/sj.onc.1208263,10.1038/sj.onc.1208263,155925150,15592515,"Journal Article; Research Support, Non-U.S. Gov't; Research Support, U.S. Gov't, P.H.S.; Retracted Publication",NCI NIH HHS (5U01CA8497102); NCI NIH HHS (P50CA70907); NCI NIH HHS (R0-1 CA92657),2026-04-29T05:51:56Z
doi:10.1038/onc.2014.158,10.1038/onc.2014.158,249091730,24909173,Journal Article; Retracted Publication,,2026-04-29T05:51:56Z
doi:10.3201/eid1604.091583,10.3201/eid1604.091583,203504050,20350405,"Letter; Research Support, N.I.H., Extramural; Retracted Publication",PHS HHS (HHSN266200700007),2026-04-29T05:51:56Z
doi:10.1038/embor.2011.33,10.1038/embor.2011.33,214158560,21415856,"Journal Article; Research Support, Non-U.S. Gov't; Retracted Publication",,2026-04-29T05:51:56Z
doi:10.1055/s-2001-17398,10.1055/s-2001-17398,115716750,11571675,Case Reports; Journal Article; Retracted Publication,,2026-04-29T05:51:56Z
doi:10.1007/s002210100827,10.1007/s002210100827,115211560,11521156,"Journal Article; Research Support, Non-U.S. Gov't; Research Support, U.S. Gov't, P.H.S.; Retracted Publication",NCRR NIH HHS (RR 12169),2026-04-29T05:51:56Z
doi:10.1038/onc.2008.419,10.1038/onc.2008.419,190156390,19015639,"Journal Article; Research Support, N.I.H., Extramural; Research Support, Non-U.S. Gov't; Research Support, U.S. Gov't, Non-P.H.S.; Retracted Publication",NCI NIH HHS (R01 CA101992); NCI NIH HHS (R03 CA102940); NCI NIH HHS (CA102940); NCI NIH HHS (CA101992),2026-04-29T05:51:56Z
doi:10.1038/sj.onc.1206311,10.1038/sj.onc.1206311,126870100,12687010,"Journal Article; Research Support, Non-U.S. Gov't; Research Support, U.S. Gov't, Non-P.H.S.; Research Support, U.S. Gov't, P.H.S.; Retracted Publication",NCI NIH HHS (P30-CA-51008); NCI NIH HHS (P50-CA-58185),2026-04-29T05:51:56Z
doi:10.1089/ten.tea.2012.0127,10.1089/ten.tea.2012.0127,228401820,22840182,"Journal Article; Research Support, N.I.H., Extramural; Retracted Publication",NIAMS NIH HHS (AR054673); NIGMS NIH HHS (GM104937),2026-04-29T05:51:56Z
doi:10.1089/107632703322066697,10.1089/107632703322066697,128574190,12857419,Journal Article; Retracted Publication,,2026-04-29T05:51:56Z
doi:10.1007/s00442-008-1091-1,10.1007/s00442-008-1091-1,186045610,18604561,"Journal Article; Meta-Analysis; Research Support, U.S. Gov't, Non-P.H.S.; Retracted Publication",,2026-04-29T05:51:56Z
pmid:261309800,,261309800,26130980,Journal Article; Retracted Publication; Review,,2026-04-29T05:51:56Z
pmid:164599940,,164599940,16459994,Journal Article; Review; Retracted Publication,,2026-04-29T05:51:56Z
doi:10.1016/j.neuroscience.2013.12.064,10.1016/j.neuroscience.2013.12.064,244122330,24412233,"Journal Article; Research Support, N.I.H., Extramural; Retracted Publication",NINR NIH HHS (R01 NR007666); NINR NIH HHS (P30 NR000914),2026-04-29T05:51:56Z
doi:10.1016/j.neuroscience.2008.08.073,10.1016/j.neuroscience.2008.08.073,189519540,18951954,"Journal Article; Research Support, Non-U.S. Gov't; Retracted Publication",,2026-04-29T05:51:56Z
doi:10.1016/j.neuroscience.2008.03.052,10.1016/j.neuroscience.2008.03.052,184564100,18456410,"Journal Article; Research Support, Non-U.S. Gov't; Retracted Publication",,2026-04-29T05:51:56Z
doi:10.1105/tpc.005595,10.1105/tpc.005595,124176950,12417695,"Journal Article; Research Support, U.S. Gov't, Non-P.H.S.; Research Support, U.S. Gov't, P.H.S.; Retracted Publication",,2026-04-29T05:51:56Z
doi:10.1016/0306-4522(90)90228-v,10.1016/0306-4522(90)90228-v,20892740,2089274,"Journal Article; Research Support, Non-U.S. Gov't; Retracted Publication",,2026-04-29T05:51:56Z
doi:10.1016/0306-4522(92)90408-t,10.1016/0306-4522(92)90408-t,16033340,1603334,Journal Article; Retracted Publication,,2026-04-29T05:51:56Z
doi:10.1016/j.neubiorev.2014.09.003,10.1016/j.neubiorev.2014.09.003,244063230,25242103,Journal Article; Retracted Publication,NEI NIH HHS (P30 EY019007),2026-04-29T05:51:56Z
doi:10.1089/ther.2015.0025,10.1089/ther.2015.0025,266541550,26654155,Journal Article; Retracted Publication,,2026-04-29T05:51:56Z
doi:10.1073/pnas.76.12.6066,10.1073/pnas.76.12.6066,1605600,160560,"Journal Article; Research Support, U.S. Gov't, P.H.S.; Retracted Publication",,2026-04-29T05:51:56Z
doi:10.1111/jnc.12153,10.1111/jnc.12153,233365210,23336521,"Journal Article; Research Support, N.I.H., Extramural; Retracted Publication",NIMH NIH HHS (R24 MH068855); NIA NIH HHS (R99 AG999999); Intramural NIH HHS (Z99 AG999999); NIMH NIH HHS (R24MH068855),2026-04-29T05:51:56Z
doi:10.1111/j.1471-4159.2007.04648.x,10.1111/j.1471-4159.2007.04648.x,175504300,17550430,"Journal Article; Research Support, N.I.H., Intramural; Retracted Publication",Intramural NIH HHS (No ID),2026-04-29T05:51:56Z
doi:10.1186/1471-2202-13-50,10.1186/1471-2202-13-50,226213980,22621398,"Journal Article; Research Support, N.I.H., Intramural; Retracted Publication",Intramural NIH HHS (No ID),2026-04-29T05:51:56Z
doi:10.1017/s146114570900025x,10.1017/s146114570900025x,194009790,19400979,"Journal Article; Research Support, N.I.H., Intramural; Retracted Publication",Intramural NIH HHS (Z01 AG000145),2026-04-29T05:51:56Z
doi:10.1007/s00213-006-0582-1,10.1007/s00213-006-0582-1,170939770,17093977,"Journal Article; Research Support, N.I.H., Intramural; Retracted Publication",Intramural NIH HHS (No ID),2026-04-29T05:51:56Z
doi:10.1194/jlr.m900223-jlr200,10.1194/jlr.m900223-jlr200,195713290,19571329,"Journal Article; Research Support, N.I.H., Intramural; Retracted Publication",Intramural NIH HHS (No ID),2026-04-29T05:51:56Z
doi:10.1194/jlr.d800056-jlr200,10.1194/jlr.d800056-jlr200,190743730,19074373,"Journal Article; Research Support, N.I.H., Extramural; Retracted Publication",,2026-04-29T05:51:56Z
doi:10.1194/jlr.m005595,10.1194/jlr.m005595,206221360,20622136,"Journal Article; Research Support, N.I.H., Intramural; Retracted Publication",Intramural NIH HHS (No ID),2026-04-29T05:51:56Z
doi:10.1186/1742-2094-8-101,10.1186/1742-2094-8-101,218463840,21846384,"Journal Article; Research Support, N.I.H., Extramural; Research Support, N.I.H., Intramural; Retracted Publication",Intramural NIH HHS (No ID),2026-04-29T05:51:56Z
doi:10.1038/jcbfm.2010.111,10.1038/jcbfm.2010.111,206646120,20664612,"Journal Article; Research Support, N.I.H., Intramural; Retracted Publication",Intramural NIH HHS (Z01 AG000151),2026-04-29T05:51:56Z
doi:10.3233/jad-2011-110002,10.3233/jad-2011-110002,217431300,21743130,"Journal Article; Research Support, N.I.H., Extramural; Research Support, N.I.H., Intramural; Retracted Publication",NIMH NIH HHS (R24 MH068855); Intramural NIH HHS (Z01 AG000148); NIMH NIH HHS (R24MH068855),2026-04-29T05:51:56Z
doi:10.1186/1471-2202-10-123,10.1186/1471-2202-10-123,197857550,19785755,"Journal Article; Research Support, N.I.H., Intramural; Retracted Publication",Intramural NIH HHS (No ID),2026-04-29T05:51:56Z
doi:10.1002/(sici)1098-2396(199905)32:2141::aid-syn83.0.co;2-r,10.1002/(sici)1098-2396(199905)32:2141::aid-syn83.0.co;2-r,102311340,10231134,Letter; Retracted Publication,,2026-04-29T05:51:56Z
doi:10.1016/j.surg.2011.12.014,10.1016/j.surg.2011.12.014,222847650,22284765,"Evaluation Study; Journal Article; Research Support, N.I.H., Extramural; Research Support, Non-U.S. Gov't; Retracted Publication",PHS HHS (21766); NCI NIH HHS (CA23099); NCI NIH HHS (R01 CA133322); NCI NIH HHS (P01 CA023099); NCI NIH HHS (P30 CA021765); NCI NIH HHS (CA133322),2026-04-29T05:51:56Z
doi:10.1128/ec.00028-15,10.1128/ec.00028-15,260027190,26002719,"Journal Article; Research Support, N.I.H., Extramural; Research Support, Non-U.S. Gov't; Research Support, U.S. Gov't, Non-P.H.S.; Retracted Publication",Wellcome Trust (097377); NIGMS NIH HHS (K12GM088021); Medical Research Council (G0900211); BLRD VA (I01 BX001130); NIAID NIH HHS (T32 AI007538); Wellcome Trust (No ID); NIAID NIH HHS (T32AI007538); NIGMS NIH HHS (K12 GM088021); Wellcome Trust (101873),2026-04-29T05:51:56Z
doi:10.4049/jimmunol.181.11.7863,10.4049/jimmunol.181.11.7863,190179760,19017976,"Journal Article; Research Support, N.I.H., Extramural; Research Support, Non-U.S. Gov't; Retracted Publication",NCI NIH HHS (R01 CA96859); NCI NIH HHS (R01 CA104996-4); NCI NIH HHS (R01 CA104996); NHLBI NIH HHS (R01 HL077296); NHLBI NIH HHS (R01 HL077296-3); NCI NIH HHS (R01 CA096859),2026-04-29T05:51:56Z
doi:10.4049/jimmunol.181.5.3137,10.4049/jimmunol.181.5.3137,187139840,18713984,"Journal Article; Research Support, N.I.H., Extramural; Retracted Publication",NCI NIH HHS (R01 CA104996); NHLBI NIH HHS (R01 HL077296),2026-04-29T05:51:56Z
doi:10.4049/jimmunol.178.6.3583,10.4049/jimmunol.178.6.3583,173394550,17339455,"Journal Article; Research Support, N.I.H., Extramural; Retracted Publication",NCI NIH HHS (CA 194996); NCI NIH HHS (CA 96859); NIDDK NIH HHS (DK 64194); NHLBI NIH HHS (HL 077296),2026-04-29T05:51:56Z
doi:10.4049/jimmunol.178.3.1426,10.4049/jimmunol.178.3.1426,172373900,17237390,Journal Article; Retracted Publication,NCI NIH HHS (R01 CA104996),2026-04-29T05:51:56Z
doi:10.4049/jimmunol.173.2.1360,10.4049/jimmunol.173.2.1360,152407310,15240731,"Journal Article; Research Support, Non-U.S. Gov't; Retracted Publication",,2026-04-29T05:51:56Z
doi:10.4049/jimmunol.170.4.1830,10.4049/jimmunol.170.4.1830,125743480,12574348,"Journal Article; Research Support, Non-U.S. Gov't; Research Support, U.S. Gov't, P.H.S.; Retracted Publication",NCI NIH HHS (CA 62242),2026-04-29T05:51:56Z
doi:10.4049/jimmunol.171.7.3520,10.4049/jimmunol.171.7.3520,145006480,14500648,Comparative Study; Journal Article; Retracted Publication,,2026-04-29T05:51:56Z
doi:10.4049/jimmunol.170.1.64,10.4049/jimmunol.170.1.64,124963840,12496384,"Journal Article; Research Support, U.S. Gov't, P.H.S.; Retracted Publication",NCI NIH HHS (CA74120),2026-04-29T05:51:56Z
doi:10.1002/pros.20963,10.1002/pros.20963,194184970,19418497,"Controlled Clinical Trial; Journal Article; Research Support, N.I.H., Extramural; Research Support, Non-U.S. Gov't; Retracted Publication",NCI NIH HHS (U01 CA086323); NCI NIH HHS (U02CA86323),2026-04-29T05:51:56Z
doi:10.4049/jimmunol.174.10.6490,10.4049/jimmunol.174.10.6490,158791520,15879152,"Journal Article; Research Support, Non-U.S. Gov't; Retracted Publication",,2026-04-29T05:51:56Z
doi:10.4049/jimmunol.167.4.2331,10.4049/jimmunol.167.4.2331,114900220,11490022,"Journal Article; Research Support, Non-U.S. Gov't; Research Support, U.S. Gov't, Non-P.H.S.; Research Support, U.S. Gov't, P.H.S.; Retracted Publication",NCRR NIH HHS (1S10RR09145-01); NIAID NIH HHS (AI-45343); NCI NIH HHS (CAR-29-256990); NIAID NIH HHS (P0-1-AI-44236),2026-04-29T05:51:56Z
pmid:97802010,,97802010,9780201,"Journal Article; Research Support, Non-U.S. Gov't; Research Support, U.S. Gov't, P.H.S.; Retracted Publication",PHS HHS (R-29-256990); NCRR NIH HHS (RR-03037),2026-04-29T05:51:56Z
doi:10.1091/mbc.e09-03-0197,10.1091/mbc.e09-03-0197,194201370,19420137,"Journal Article; Research Support, N.I.H., Extramural; Research Support, U.S. Gov't, Non-P.H.S.; Retracted Publication",NINDS NIH HHS (R01 NS052123); NHLBI NIH HHS (T32 HL007887); NINDS NIH HHS (1R01 NS-052123); NHLBI NIH HHS (T32 HL-07887),2026-04-29T05:51:56Z
doi:10.1091/mbc.e04-06-0445,10.1091/mbc.e04-06-0445,153045190,15304519,"Journal Article; Research Support, N.I.H., Extramural; Research Support, U.S. Gov't, P.H.S.; Retracted Publication",NIGMS NIH HHS (R01 GM056189); NIGMS NIH HHS (GM-56189),2026-04-29T05:51:56Z
doi:10.1177/0267659108094739,10.1177/0267659108094739,188405810,18840581,"Comparative Study; Journal Article; Research Support, Non-U.S. Gov't; Retracted Publication",,2026-04-29T05:51:56Z
doi:10.1080/13645700802383926,10.1080/13645700802383926,189420030,18942003,Journal Article; Retracted Publication,,2026-04-29T05:51:56Z
doi:10.1542/peds.2006-3030,10.1542/peds.2006-3030,173322130,17332213,"Journal Article; Research Support, N.I.H., Extramural; Retracted Publication",NICHD NIH HHS (R01HD37007-02),2026-04-29T05:51:56Z
pmid:22421080,,22421080,2242108,"Clinical Trial; Journal Article; Randomized Controlled Trial; Research Support, Non-U.S. Gov't; Retracted Publication",,2026-04-29T05:51:56Z
pmid:35262700,,35262700,3526270,"Comparative Study; Journal Article; Research Support, U.S. Gov't, P.H.S.; Retracted Publication",PHS HHS (00068-3-5); PHS HHS (68-25); NHLBI NIH HHS (HV2417-L),2026-04-29T05:51:56Z
doi:10.1111/j.1365-3040.2006.01552.x,10.1111/j.1365-3040.2006.01552.x,169138650,16913865,Journal Article; Retracted Publication,,2026-04-29T05:51:56Z
doi:10.1111/j.1399-3046.2009.01277.x,10.1111/j.1399-3046.2009.01277.x,203315150,20331515,Case Reports; Journal Article; Review; Retracted Publication,,2026-04-29T05:51:56Z
doi:10.1542/pir.32-4-135,10.1542/pir.32-4-135,214600900,21460090,Journal Article; Retracted Publication; Review,,2026-04-29T05:51:56Z
doi:10.1002/pd.1970090505,10.1002/pd.1970090505,26577100,2657710,Case Reports; Journal Article; Retracted Publication,,2026-04-29T05:51:56Z
doi:10.1155/2008/961753,10.1155/2008/961753,185666870,18566687,Journal Article; Retracted Publication,NCI NIH HHS (N01 CO012400),2026-04-29T05:51:56Z
doi:10.1203/pdr.0b013e3181e0cd97,10.1203/pdr.0b013e3181e0cd97,203861430,20386143,"Journal Article; Research Support, N.I.H., Extramural; Research Support, Non-U.S. Gov't; Retracted Publication",NIEHS NIH HHS (ES-012496); NHLBI NIH HHS (R01 HL067021); NIEHS NIH HHS (P30 ES011961); NICHD NIH HHS (HD-043728); NHLBI NIH HHS (HL-067021); NIEHS NIH HHS (ES-011961); NICHD NIH HHS (T32 HD043728),2026-04-29T05:51:56Z
doi:10.1097/qmh.0b013e3181eb1452,10.1097/qmh.0b013e3181eb1452,205881410,20588141,"Journal Article; Research Support, Non-U.S. Gov't; Retracted Publication",,2026-04-29T05:51:56Z
doi:10.1097/pec.0b013e3181b0a0c6,10.1097/pec.0b013e3181b0a0c6,196335870,19633587,Comparative Study; Journal Article; Retracted Publication,,2026-04-29T05:51:56Z
pmid:163395430,,163395430,16339543,"Journal Article; Research Support, N.I.H., Extramural; Research Support, Non-U.S. Gov't; Retracted Publication",NIDDK NIH HHS (2 U19 DK057958); NIAID NIH HHS (U19 AI056542-02),2026-04-29T05:51:56Z
doi:10.4049/jimmunol.170.3.1566,10.4049/jimmunol.170.3.1566,125387220,12538722,"Journal Article; Research Support, U.S. Gov't, Non-P.H.S.; Research Support, U.S. Gov't, P.H.S.; Retracted Publication",NCRR NIH HHS (1S10RR09145); NIAID NIH HHS (AI 44236); NIAID NIH HHS (AI 45343); NIAID NIH HHS (AI 45996); NCI NIH HHS (CA 94108); NIMH NIH HHS (MH 59724),2026-04-29T05:51:56Z
pmid:85682730,,85682730,8568273,"Journal Article; Research Support, U.S. Gov't, P.H.S.; Retracted Publication",NIAMS NIH HHS (AR38319); NIDDK NIH HHS (DK47692),2026-04-29T05:51:56Z
pmid:93006960,,93006960,9300696,"Journal Article; Research Support, Non-U.S. Gov't; Research Support, U.S. Gov't, P.H.S.; Retracted Publication",NIAID NIH HHS (R01AI28802); NIAMS NIH HHS (R01AR38319); NIDDK NIH HHS (R01DK47692),2026-04-29T05:51:56Z
doi:10.1073/pnas.80.15.4694,10.1073/pnas.80.15.4694,61924410,6192441,"Journal Article; Research Support, U.S. Gov't, P.H.S.; Retracted Publication",NCI NIH HHS (CA 1600-06-10); NCI NIH HHS (CA 18213-07),2026-04-29T05:51:56Z
doi:10.1073/pnas.78.11.7152,10.1073/pnas.78.11.7152,70316710,7031671,"Journal Article; Research Support, Non-U.S. Gov't; Research Support, U.S. Gov't, P.H.S.; Retracted Publication",NHLBI NIH HHS (HL 23140); NCI NIH HHS (SCOR 26215),2026-04-29T05:51:56Z
pmid:21242370,,21242370,2124237,"Journal Article; Research Support, Non-U.S. Gov't; Retracted Publication",,2026-04-29T05:51:56Z
pmid:21456490,,21456490,2145649,Journal Article; Retracted Publication,,2026-04-29T05:51:56Z
doi:10.1016/j.surg.2005.04.018,10.1016/j.surg.2005.04.018,162913860,16291386,Journal Article; Retracted Publication,,2026-04-29T05:51:56Z
doi:10.1080/08897077.2014.998401,10.1080/08897077.2014.998401,257384120,25738412,Journal Article; Retracted Publication,,2026-04-29T05:51:56Z
doi:10.1016/j.str.2014.01.007,10.1016/j.str.2014.01.007,245608060,24560806,"Journal Article; Research Support, N.I.H., Extramural; Research Support, Non-U.S. Gov't; Research Support, U.S. Gov't, Non-P.H.S.; Retracted Publication",NIGMS NIH HHS (P01 GM062580); NIBIB NIH HHS (T32 EB009419); NIGMS NIH HHS (GM62580),2026-04-29T05:51:56Z
doi:10.1016/j.str.2008.04.010,10.1016/j.str.2008.04.010,186113810,18611381,"Journal Article; Research Support, N.I.H., Extramural; Retracted Publication",NIGMS NIH HHS (F32 GM076944); NIGMS NIH HHS (R01 GM074268),2026-04-29T05:51:56Z
doi:10.1080/02724990344000006,10.1080/02724990344000006,145780810,14578081,"Evaluation Study; Journal Article; Research Support, U.S. Gov't, P.H.S.; Retracted Publication",NIMH NIH HHS (MH33881),2026-04-29T05:51:56Z
doi:10.1097/mpa.0000000000000217,10.1097/mpa.0000000000000217,252327130,25232713,Comparative Study; Journal Article; Multicenter Study; Randomized Controlled Trial; Retracted Publication,,2026-04-29T05:51:56Z
doi:10.11604/pamj.2012.12.42.1196,10.11604/pamj.2012.12.42.1196,228911000,22891100,"Journal Article; Research Support, Non-U.S. Gov't; Retracted Publication",,2026-04-29T05:51:56Z
doi:10.3390/s100606128,10.3390/s100606128,222197060,22219706,Journal Article; Retracted Publication,,2026-04-29T05:51:56Z
doi:10.1097/prs.0b013e3182402f17,10.1097/prs.0b013e3182402f17,220902500,22090250,Journal Article; Retracted Publication,,2026-04-29T05:51:56Z
doi:10.1097/prs.0b013e3182402efd,10.1097/prs.0b013e3182402efd,223740020,22374002,Comparative Study; Journal Article; Retracted Publication,,2026-04-29T05:51:56Z
doi:10.1097/prs.0b013e3182131de2,10.1097/prs.0b013e3182131de2,216174270,21617427,Journal Article; Retracted Publication,,2026-04-29T05:51:56Z
doi:10.1097/01.prs.0000299911.54966.13,10.1097/01.prs.0000299911.54966.13,183171290,18317129,Journal Article; Retracted Publication,,2026-04-29T05:51:56Z
doi:10.1097/01.prs.0000256044.66107.a6,10.1097/01.prs.0000256044.66107.a6,175725360,17572536,Journal Article; Retracted Publication; Review,,2026-04-29T05:51:56Z
doi:10.1097/00006534-199609000-00014,10.1097/00006534-199609000-00014,87009810,8700981,Journal Article; Retracted Publication,,2026-04-29T05:51:56Z
doi:10.1016/j.ijcard.2014.09.159,10.1016/j.ijcard.2014.09.159,254494990,25449499,"Editorial; Research Support, Non-U.S. Gov't",,2026-04-29T05:51:56Z
doi:10.12669/pjms.305.5312,10.12669/pjms.305.5312,252255090,25225509,Journal Article; Retracted Publication,,2026-04-29T05:51:56Z
doi:10.1016/j.ijcard.2014.07.183,10.1016/j.ijcard.2014.07.183,251279810,25127981,Journal Article; Retracted Publication,,2026-04-29T05:51:56Z
doi:10.1016/j.jpain.2005.01.079,10.1016/j.jpain.2005.01.079,159027540,15902754,Conference Proceedings; Overall; Retracted Publication,,2026-04-29T05:51:56Z
doi:10.1016/j.ijcard.2009.04.045,10.1016/j.ijcard.2009.04.045,194647400,19464740,Historical Article; Journal Article; Retracted Publication,,2026-04-29T05:51:56Z
doi:10.1001/jama.289.12.1533,10.1001/jama.289.12.1533,126727700,12672770,"Journal Article; Research Support, Non-U.S. Gov't; Research Support, U.S. Gov't, P.H.S.; Retracted Publication",NINDS NIH HHS (NS42194),2026-04-29T05:51:56Z
doi:10.3791/3952,10.3791/3952,227332250,22733225,"Journal Article; Research Support, N.I.H., Intramural; Retracted Publication; Video-Audio Media",Intramural NIH HHS (No ID),2026-04-29T05:51:56Z
doi:10.3791/962,10.3791/962,190789370,19078937,"Journal Article; Research Support, N.I.H., Extramural; Retracted Publication; Video-Audio Media",NICHD NIH HHS (K12 HD043452); NICHD NIH HHS (5K12 HD043452),2026-04-29T05:51:56Z
doi:10.1007/s11096-012-9608-4,10.1007/s11096-012-9608-4,222497830,22249783,Journal Article; Retracted Publication,,2026-04-29T05:51:56Z
doi:10.1016/j.jep.2005.01.006,10.1016/j.jep.2005.01.006,157408970,15740897,"Comparative Study; Journal Article; Research Support, Non-U.S. Gov't; Retracted Publication",,2026-04-29T05:51:56Z
doi:10.1080/17402520600579028,10.1080/17402520600579028,166034450,16603445,Journal Article; Retracted Publication; Review,,2026-04-29T05:51:56Z
doi:10.1128/jvi.79.3.1367-1378.2005,10.1128/jvi.79.3.1367-1378.2005,156501630,15650163,"Journal Article; Research Support, Non-U.S. Gov't; Retracted Publication",,2026-04-29T05:51:56Z
doi:10.1016/j.jpainsymman.2003.06.004,10.1016/j.jpainsymman.2003.06.004,151570370,15157037,"Clinical Trial; Comparative Study; Journal Article; Randomized Controlled Trial; Research Support, Non-U.S. Gov't; Retracted Publication",,2026-04-29T05:51:56Z
doi:10.1128/jvi.80.10.5021-5031.2006,10.1128/jvi.80.10.5021-5031.2006,166412930,16641293,"Journal Article; Research Support, N.I.H., Extramural; Retracted Publication",NCRR NIH HHS (1S10RR019423); NCRR NIH HHS (S10 RR019423); NCRR NIH HHS (P20 RR016454); NIAID NIH HHS (5P01AI052106); NCRR NIH HHS (P20 RR15587); NCRR NIH HHS (P20 RR015587); NIAID NIH HHS (P01 AI052106),2026-04-29T05:51:56Z
doi:10.1128/jvi.77.12.7078-7092.2003,10.1128/jvi.77.12.7078-7092.2003,127680270,12768027,"Journal Article; Research Support, U.S. Gov't, P.H.S.; Retracted Publication",NIAID NIH HHS (R01 AI016348); NIAID NIH HHS (R01 AI041681); NIAID NIH HHS (AI 16348); NIAID NIH HHS (AI 41681),2026-04-29T05:51:56Z
doi:10.1128/jvi.80.5.2291-2308.2006,10.1128/jvi.80.5.2291-2308.2006,164741360,16474136,"Journal Article; Research Support, N.I.H., Extramural; Retracted Publication",NIAID NIH HHS (R01 AI016348); NIAID NIH HHS (R01 AI041681); NIAID NIH HHS (R01 AI16348); NIAID NIH HHS (R01 AI41681),2026-04-29T05:51:56Z
doi:10.1128/jvi.79.24.15417-15429.2005,10.1128/jvi.79.24.15417-15429.2005,163066130,16306613,"Journal Article; Research Support, N.I.H., Extramural; Research Support, Non-U.S. Gov't; Retracted Publication",PHS HHS (U19 AZ 066328); NIAID NIH HHS (T32 AI007046); NIDDK NIH HHS (R01 DK063222); NIDDK NIH HHS (DK063222); NIDDK NIH HHS (DK066754); NIDDK NIH HHS (R01 DK066754),2026-04-29T05:51:56Z
doi:10.1128/jvi.70.3.1882-1889.1996,10.1128/jvi.70.3.1882-1889.1996,86277130,8627713,Journal Article; Retracted Publication,,2026-04-29T05:51:56Z
doi:10.1128/jvi.66.1.167-171.1992,10.1128/jvi.66.1.167-171.1992,17274790,1727479,"Journal Article; Research Support, U.S. Gov't, P.H.S.; Retracted Publication",PHS HHS (25822),2026-04-29T05:51:56Z
doi:10.1128/jvi.64.11.5617-5625.1990,10.1128/jvi.64.11.5617-5625.1990,22140280,2214028,"Journal Article; Research Support, Non-U.S. Gov't; Research Support, U.S. Gov't, P.H.S.; Retracted Publication",,2026-04-29T05:51:56Z
doi:10.1111/j.1525-1446.2009.00812.x,10.1111/j.1525-1446.2009.00812.x,199032720,19903272,Journal Article; Retracted Publication,,2026-04-29T05:51:56Z
doi:10.1002/smll.200600231,10.1002/smll.200600231,173406610,17340661,"Journal Article; Research Support, Non-U.S. Gov't; Retracted Publication",,2026-04-29T05:51:56Z
doi:10.5665/sleep/31.7.953,10.5665/sleep/31.7.953,186520900,18652090,Comparative Study; Journal Article; Randomized Controlled Trial; Retracted Publication,,2026-04-29T05:51:56Z
doi:10.1104/pp.104.040949,10.1104/pp.104.040949,151331560,15133156,Journal Article; Retracted Publication,,2026-04-29T05:51:56Z
doi:10.1093/sleep/26.2.150,10.1093/sleep/26.2.150,126834720,12683472,"Journal Article; Research Support, Non-U.S. Gov't; Research Support, U.S. Gov't, P.H.S.; Retracted Publication",NHLBI NIH HHS (1 P50 HL60292); NHLBI NIH HHS (K23 HL04400); NCRR NIH HHS (M01 RR02635); NHLBI NIH HHS (R01 HL48531),2026-04-29T05:51:56Z
doi:10.1104/pp.011019,10.1104/pp.011019,119509660,11950966,"Journal Article; Research Support, Non-U.S. Gov't; Research Support, U.S. Gov't, Non-P.H.S.; Retracted Publication",,2026-04-29T05:51:56Z
doi:10.1104/pp.103.037770,10.1104/pp.103.037770,151558730,15155873,"Journal Article; Research Support, Non-U.S. Gov't; Retracted Publication",Biotechnology and Biological Sciences Research Council (D16978),2026-04-29T05:51:56Z
doi:10.1007/s00256-014-1995-2,10.1007/s00256-014-1995-2,251949390,25194939,Retraction Notice,,2026-04-29T05:51:56Z
doi:10.2106/jbjs.f.00906,10.2106/jbjs.f.00906,175454400,17545440,Journal Article; Retracted Publication; Review,,2026-04-29T05:51:56Z
doi:10.5055/jom.2015.0257,10.5055/jom.2015.0257,257501700,25750170,"Journal Article; Research Support, Non-U.S. Gov't; Retracted Publication; Review",,2026-04-29T05:51:56Z
doi:10.1104/pp.123.2.725,10.1104/pp.123.2.725,108592020,10859202,"Journal Article; Research Support, Non-U.S. Gov't; Retracted Publication",,2026-04-29T05:51:56Z
doi:10.1038/nature02715,10.1038/nature02715,152545330,15254533,Journal Article; Retracted Publication,,2026-04-29T05:51:56Z
doi:10.1038/35000172,10.1038/35000172,106677880,10667788,Journal Article; Retracted Publication,,2026-04-29T05:51:56Z
doi:10.1038/35021011,10.1038/35021011,109635890,10963589,Journal Article; Retracted Publication,,2026-04-29T05:51:56Z
doi:10.1037/ser0000047,10.1037/ser0000047,265242750,26524275,Retracted Publication; Retraction Notice,,2026-04-29T05:51:56Z
doi:10.1063/1.3103647,10.1063/1.3103647,193349540,19334954,Journal Article; Retracted Publication,,2026-04-29T05:51:56Z
doi:10.1063/1.3170140,10.1063/1.3170140,196559750,19655975,Journal Article; Retracted Publication,,2026-04-29T05:51:56Z
doi:10.1128/jb.01259-09,10.1128/jb.01259-09,199333560,19933356,"Journal Article; Research Support, N.I.H., Extramural; Retracted Publication",NIAID NIH HHS (R01 AI056021); NIAID NIH HHS (AI56021),2026-04-29T05:51:56Z
doi:10.1128/jb.188.5.1969-1978.2006,10.1128/jb.188.5.1969-1978.2006,164842090,16484209,"Journal Article; Research Support, N.I.H., Extramural; Retracted Publication",NIAID NIH HHS (R01 AI08856),2026-04-29T05:51:56Z
doi:10.1128/jb.186.7.2061-2067.2004,10.1128/jb.186.7.2061-2067.2004,150286900,15028690,"Journal Article; Research Support, Non-U.S. Gov't; Research Support, U.S. Gov't, P.H.S.; Retracted Publication",NIEHS NIH HHS (P30 ES006676); NIEHS NIH HHS (P30 ES 06676),2026-04-29T05:51:56Z
doi:10.1128/jb.183.6.1983-1989.2001,10.1128/jb.183.6.1983-1989.2001,112225960,11222596,"Journal Article; Research Support, U.S. Gov't, Non-P.H.S.; Retracted Publication",,2026-04-29T05:51:56Z
doi:10.1128/jb.176.14.4424-4429.1994,10.1128/jb.176.14.4424-4429.1994,80212270,8021227,"Journal Article; Research Support, U.S. Gov't, P.H.S.; Retracted Publication",NIAID NIH HHS (AI23545); NIAID NIH HHS (AI27160),2026-04-29T05:51:56Z
doi:10.1186/1742-4690-9-s2-p362,10.1186/1742-4690-9-s2-p362,245022280,24502228,Retraction Notice,,2026-04-29T05:51:56Z
doi:10.1177/0956797612464380,10.1177/0956797612464380,235722800,23572280,"Journal Article; Research Support, N.I.H., Extramural; Retracted Publication",NIMH NIH HHS (R01 MH077105); NIMH NIH HHS (R01 MH087214); NIMH NIH HHS (R01MH077105),2026-04-29T05:51:56Z
doi:10.1177/0956797611418348,10.1177/0956797611418348,218218230,21821823,Journal Article; Retracted Publication,,2026-04-29T05:51:56Z
doi:10.1073/pnas.0408433102,10.1073/pnas.0408433102,156080560,15608056,"Journal Article; Research Support, Non-U.S. Gov't; Research Support, U.S. Gov't, P.H.S.; Retracted Publication",NHLBI NIH HHS (P01 HL060886); NIEHS NIH HHS (P30 ES000210); NHLBI NIH HHS (HL60886); NIEHS NIH HHS (P30 ES00210),2026-04-29T05:51:56Z
doi:10.1111/j.1467-9280.2009.02458.x,10.1111/j.1467-9280.2009.02458.x,198458900,19845890,Journal Article; Retracted Publication,,2026-04-29T05:51:56Z
doi:10.1111/j.1467-9280.2008.02172.x,10.1111/j.1467-9280.2008.02172.x,189473530,18947353,"Journal Article; Research Support, N.I.H., Extramural; Retracted Publication",NIA NIH HHS (AG-18286),2026-04-29T05:51:56Z
doi:10.1111/1467-9280.00298,10.1111/1467-9280.00298,112024990,11202499,"Journal Article; Research Support, U.S. Gov't, Non-P.H.S.; Research Support, U.S. Gov't, P.H.S.; Retracted Publication",,2026-04-29T05:51:56Z
doi:10.1002/ptr.1941,10.1002/ptr.1941,167758090,16775809,Journal Article; Retracted Publication,,2026-04-29T05:51:56Z
doi:10.1016/s0031-9422(02)00235-2,10.1016/s0031-9422(02)00235-2,124090200,12409020,"Journal Article; Research Support, U.S. Gov't, Non-P.H.S.; Retracted Publication",,2026-04-29T05:51:56Z
doi:10.1016/s0031-9422(03)00276-0,10.1016/s0031-9422(03)00276-0,129437670,12943767,"Journal Article; Research Support, Non-U.S. Gov't; Research Support, U.S. Gov't, Non-P.H.S.; Retracted Publication",,2026-04-29T05:51:56Z
doi:10.2106/jbjs.d.02283,10.2106/jbjs.d.02283,157416190,15741619,"Clinical Trial; Journal Article; Research Support, Non-U.S. Gov't; Retracted Publication",,2026-04-29T05:51:56Z
doi:10.1007/bf00210477,10.1007/bf00210477,83447210,8344721,"Journal Article; Research Support, Non-U.S. Gov't; Research Support, U.S. Gov't, P.H.S.; Retracted Publication",NIAMS NIH HHS (AR09989); NIAMS NIH HHS (AR38319),2026-04-29T05:51:56Z
doi:10.1016/s1074-7613(03)00209-7,10.1016/s1074-7613(03)00209-7,129323580,12932358,"Journal Article; Research Support, Non-U.S. Gov't; Research Support, U.S. Gov't, P.H.S.; Retracted Publication",NIDDK NIH HHS (DK47636),2026-04-29T05:51:56Z
doi:10.1136/heartjnl-2012-302337,10.1136/heartjnl-2012-302337,229145350,22914535,Journal Article; Retracted Publication,,2026-04-29T05:51:56Z
doi:10.1093/emboj/21.4.590,10.1093/emboj/21.4.590,118471070,11847107,"Journal Article; Research Support, Non-U.S. Gov't; Research Support, U.S. Gov't, P.H.S.; Retracted Publication",NIGMS NIH HHS (R01 GM041239); NIGMS NIH HHS (GM 41239),2026-04-29T05:51:56Z
doi:10.1093/emboj/19.5.1055,10.1093/emboj/19.5.1055,106989460,10698946,"Journal Article; Research Support, Non-U.S. Gov't; Research Support, U.S. Gov't, P.H.S.; Retracted Publication",,2026-04-29T05:51:56Z
doi:10.1093/emboj/16.8.2119,10.1093/emboj/16.8.2119,91550370,9155037,"Journal Article; Research Support, U.S. Gov't, P.H.S.; Retracted Publication",NIGMS NIH HHS (GM32637),2026-04-29T05:51:56Z
doi:10.1016/s1074-7613(00)80150-8,10.1016/s1074-7613(00)80150-8,106268980,10626898,"Journal Article; Research Support, Non-U.S. Gov't; Research Support, U.S. Gov't, P.H.S.; Retracted Publication",NIAID NIH HHS (AI42100); NCI NIH HHS (CA54162),2026-04-29T05:51:56Z
doi:10.1016/s1074-7613(00)80103-x,10.1016/s1074-7613(00)80103-x,105140060,10514006,"Journal Article; Research Support, Non-U.S. Gov't; Research Support, U.S. Gov't, Non-P.H.S.; Research Support, U.S. Gov't, P.H.S.; Retracted Publication",NIAID NIH HHS (AI35297); NIAID NIH HHS (AI42100); NIGMS NIH HHS (GM57931),2026-04-29T05:51:56Z
doi:10.1016/s1074-7613(00)80478-1,10.1016/s1074-7613(00)80478-1,94920070,9492007,"Journal Article; Research Support, U.S. Gov't, P.H.S.; Retracted Publication",NIAID NIH HHS (AI22033); NIAID NIH HHS (AI32531); NIAID NIH HHS (AI35297),2026-04-29T05:51:56Z
doi:10.1016/j.immuni.2006.02.008,10.1016/j.immuni.2006.02.008,166186050,16618605,"Journal Article; Research Support, N.I.H., Extramural; Retracted Publication",NIAID NIH HHS (AI40682); NIAID NIH HHS (AI56453); NIAID NIH HHS (AI57709); NHLBI NIH HHS (HL53949); NHLBI NIH HHS (HL56365); NHLBI NIH HHS (HL64353); NHLBI NIH HHS (HL66600); NHLBI NIH HHS (HL79449),2026-04-29T05:51:56Z
doi:10.1097/00006982-200402000-00018,10.1097/00006982-200402000-00018,150769540,15076954,"Journal Article; Research Support, Non-U.S. Gov't; Research Support, U.S. Gov't, P.H.S.; Retracted Publication",NEI NIH HHS (EY 13410-01),2026-04-29T05:51:56Z
doi:10.4187/respcare.01631,10.4187/respcare.01631,224182840,22418284,Journal Article; Retracted Publication,,2026-04-29T05:51:56Z
doi:10.1038/nature03356,10.1038/nature03356,157590010,15759001,"Journal Article; Research Support, Non-U.S. Gov't; Research Support, U.S. Gov't, Non-P.H.S.; Research Support, U.S. Gov't, P.H.S.; Retracted Publication",,2026-04-29T05:51:56Z
doi:10.1038/nature08749,10.1038/nature08749,201109930,20110993,"Journal Article; Research Support, N.I.H., Extramural; Research Support, Non-U.S. Gov't; Retracted Publication",NIDDK NIH HHS (P30 DK036836); NIH HHS (DP2 OD004345); Howard Hughes Medical Institute (No ID); NIDDK NIH HHS (T32DK07260-29); NIDDK NIH HHS (P30DK036836); NIH HHS (1 DP2 OD004345-01),2026-04-29T05:51:56Z
doi:10.1038/nature03493,10.1038/nature03493,158299200,15829920,"Journal Article; Research Support, Non-U.S. Gov't; Research Support, U.S. Gov't, P.H.S.; Retracted Publication",,2026-04-29T05:51:56Z
doi:10.1038/nature07199,10.1038/nature07199,187040870,18704087,"Journal Article; Research Support, N.I.H., Extramural; Retracted Publication",NIAID NIH HHS (5F32AI062002); NIAID NIH HHS (AI042373),2026-04-29T05:51:56Z
doi:10.1038/35102506,10.1038/35102506,117005490,11700549,"Journal Article; Research Support, Non-U.S. Gov't; Research Support, U.S. Gov't, Non-P.H.S.; Research Support, U.S. Gov't, P.H.S.; Retracted Publication",,2026-04-29T05:51:56Z
doi:10.1038/nature04836,10.1038/nature04836,167385450,16738545,"Journal Article; Research Support, N.I.H., Extramural; Research Support, U.S. Gov't, Non-P.H.S.; Retracted Publication",,2026-04-29T05:51:56Z
doi:10.1177/1933719108324132,10.1177/1933719108324132,190883690,19088369,"Comparative Study; Journal Article; Research Support, N.I.H., Extramural; Research Support, Non-U.S. Gov't; Retracted Publication",NICHD NIH HHS (R01 HD037432); NICHD NIH HHS (HD37432),2026-04-29T05:51:56Z
doi:10.1038/nature03652,10.1038/nature03652,159654640,15965464,"Journal Article; Research Support, Non-U.S. Gov't; Retracted Publication",Wellcome Trust (No ID),2026-04-29T05:51:56Z
doi:10.1038/20208,10.1038/20208,103358470,10335847,"Journal Article; Research Support, Non-U.S. Gov't; Research Support, U.S. Gov't, P.H.S.; Retracted Publication",,2026-04-29T05:51:56Z
doi:10.1016/j.immuni.2005.09.017,10.1016/j.immuni.2005.09.017,162860190,16286019,"Journal Article; Research Support, N.I.H., Extramural; Research Support, Non-U.S. Gov't; Retracted Publication",NEI NIH HHS (EY015291); NEI NIH HHS (EY05945); NINDS NIH HHS (F30 NS50905-01); NEI NIH HHS (P30EY08098),2026-04-29T05:51:56Z
doi:10.1016/s1074-7613(00)80385-4,10.1016/s1074-7613(00)80385-4,93906880,9390688,"Journal Article; Research Support, U.S. Gov't, P.H.S.; Retracted Publication",NIAID NIH HHS (R01 AI28802); NIAMS NIH HHS (R01 AR38319); NIDDK NIH HHS (R01 DK47692),2026-04-29T05:51:56Z
pmid:38221310,,38221310,3822131,"Journal Article; Research Support, Non-U.S. Gov't; Research Support, U.S. Gov't, P.H.S.; Retracted Publication",NICHD NIH HHS (HD-03352); NINDS NIH HHS (NS-13274),2026-04-29T05:51:56Z
doi:10.1098/rspb.1991.0017,10.1098/rspb.1991.0017,16765220,1676522,"Comparative Study; Journal Article; Research Support, Non-U.S. Gov't; Research Support, U.S. Gov't, Non-P.H.S.; Research Support, U.S. Gov't, P.H.S.",,2026-04-29T05:51:56Z
doi:10.1002/j.1460-2075.1990.tb07896.x,10.1002/j.1460-2075.1990.tb07896.x,21761530,2176153,"Journal Article; Research Support, U.S. Gov't, P.H.S.; Retracted Publication",NIDDK NIH HHS (DK25532); NIDDK NIH HHS (DK30457),2026-04-29T05:51:56Z
doi:10.1371/journal.ppat.0020025,10.1371/journal.ppat.0020025,166097300,16609730,"Journal Article; Multicenter Study; Research Support, Non-U.S. Gov't; Research Support, U.S. Gov't, P.H.S.; Retracted Publication",NIAID NIH HHS (R15 AI089518),2026-04-29T05:51:56Z
doi:10.1371/journal.ppat.1000210,10.1371/journal.ppat.1000210,190234210,19023421,"Journal Article; Research Support, N.I.H., Extramural; Research Support, Non-U.S. Gov't; Retracted Publication",NIGMS NIH HHS (R37 GM019416); NIAID NIH HHS (R01 AI055860); NIGMS NIH HHS (R01 GM019416); NIGMS NIH HHS (GM019416); NIGMS NIH HHS (R01 GM055594); NIGMS NIH HHS (F32 GM019416); NIGMS NIH HHS (GM055594); NIAID NIH HHS (AI055860),2026-04-29T05:51:56Z
doi:10.1186/1477-7827-1-125,10.1186/1477-7827-1-125,146785670,14678567,"Journal Article; Research Support, U.S. Gov't, P.H.S.; Retracted Publication",NICHD NIH HHS (R01 HD037432); NICHD NIH HHS (HD37432),2026-04-29T05:51:56Z
doi:10.1016/j.regpep.2010.07.163,10.1016/j.regpep.2010.07.163,206559570,20655957,Journal Article; Retracted Publication,,2026-04-29T05:51:56Z
doi:10.2217/rme.11.15,10.2217/rme.11.15,215487370,21548737,Journal Article; Retracted Publication,,2026-04-29T05:51:56Z
doi:10.1016/j.rapm.2005.10.014,10.1016/j.rapm.2005.10.014,164180180,16418018,"Journal Article; Randomized Controlled Trial; Research Support, Non-U.S. Gov't; Retracted Publication",,2026-04-29T05:51:56Z
doi:10.1371/journal.pone.0040789,10.1371/journal.pone.0040789,228158210,22815821,"Journal Article; Research Support, N.I.H., Extramural; Research Support, Non-U.S. Gov't; Retracted Publication",NIAID NIH HHS (AI 081672); NIEHS NIH HHS (R01 ES016000); NIEHS NIH HHS (R01 ES016126); NIEHS NIH HHS (ES016000); NIEHS NIH HHS (ES016126); NIAID NIH HHS (P01 AI081672),2026-04-29T05:51:56Z
doi:10.1371/journal.pone.0045667,10.1371/journal.pone.0045667,230291720,23029172,"Journal Article; Research Support, N.I.H., Extramural; Retracted Publication",NIAID NIH HHS (P01 AI081672); NIEHS NIH HHS (R01 ES016347); NIEHS NIH HHS (ES 016347); NIAID NIH HHS (AI 081672),2026-04-29T05:51:56Z
doi:10.1016/j.rapm.2005.05.009,10.1016/j.rapm.2005.05.009,161353520,16135352,Comparative Study; Journal Article; Randomized Controlled Trial; Retracted Publication,,2026-04-29T05:51:56Z
doi:10.1371/journal.pone.0146193,10.1371/journal.pone.0146193,267305790,26730579,Journal Article; Retracted Publication,,2026-04-29T05:51:56Z
doi:10.1148/radiology.155.1.11,10.1148/radiology.155.1.11,38834120,3883412,"Comparative Study; Journal Article; Research Support, Non-U.S. Gov't; Retracted Publication",,2026-04-29T05:51:56Z
doi:10.1148/radiology.154.3.577,10.1148/radiology.154.3.577,38817890,3881789,"Journal Article; Research Support, Non-U.S. Gov't; Retracted Publication",,2026-04-29T05:51:56Z
doi:10.1148/radiology.153.2.317,10.1148/radiology.153.2.317,63851040,6385104,"Journal Article; Research Support, Non-U.S. Gov't; Research Support, U.S. Gov't, Non-P.H.S.; Retracted Publication",,2026-04-29T05:51:56Z
doi:10.1054/arth.2002.27677,10.1054/arth.2002.27677,11805920,11805921,"Clinical Trial; Evaluation Study; Journal Article; Randomized Controlled Trial; Research Support, Non-U.S. Gov't; Retracted Publication",,2026-04-29T05:51:56Z
doi:10.1148/radiology.152.3.575,10.1148/radiology.152.3.575,63797430,6379743,"Comparative Study; Journal Article; Research Support, Non-U.S. Gov't; Research Support, U.S. Gov't, Non-P.H.S.; Retracted Publication",,2026-04-29T05:51:56Z
doi:10.2307/3578497,10.2307/3578497,83863880,8386388,"Journal Article; Research Support, Non-U.S. Gov't; Research Support, U.S. Gov't, P.H.S.; Retracted Publication",NCI NIH HHS (CA13311),2026-04-29T05:51:56Z
doi:10.3727/000000006783981909,10.3727/000000006783981909,168982250,28863745,Journal Article; Retracted Publication,,2026-04-29T05:51:56Z
doi:10.1016/j.stem.2013.08.010,10.1016/j.stem.2013.08.010,242097610,24209761,"Journal Article; Research Support, N.I.H., Extramural; Research Support, Non-U.S. Gov't; Retracted Publication",NIDCR NIH HHS (R01 DE017449); NIDCR NIH HHS (R01 DE019932); NIDCR NIH HHS (R01DE019932); NIDCR NIH HHS (R01DE017449),2026-04-29T05:51:56Z
doi:10.1210/jcem-50-3-495,10.1210/jcem-50-3-495,69872550,6987255,"Journal Article; Research Support, U.S. Gov't, P.H.S.; Retracted Publication",,2026-04-29T05:51:56Z
doi:10.1210/jcem-50-2-294,10.1210/jcem-50-2-294,62436670,6243667,"Journal Article; Research Support, U.S. Gov't, P.H.S.; Retracted Publication",,2026-04-29T05:51:56Z
doi:10.1210/jcem-47-1-216,10.1210/jcem-47-1-216,4007120,400712,"Journal Article; Research Support, Non-U.S. Gov't; Research Support, U.S. Gov't, P.H.S.; Retracted Publication",NIADDK NIH HHS (AM-00356); NIADDK NIH HHS (AM-13526); NIADDK NIH HHS (AM-22158),2026-04-29T05:51:56Z
doi:10.1371/journal.pone.0133525,10.1371/journal.pone.0133525,262877290,26287729,"Journal Article; Research Support, N.I.H., Extramural; Retracted Publication",NHLBI NIH HHS (T32 HL007567); NHLBI NIH HHS (HL007567-29); NHLBI NIH HHS (T32HL007567),2026-04-29T05:51:56Z
doi:10.1038/nature14090,10.1038/nature14090,256314490,25631449,"Journal Article; Research Support, Non-U.S. Gov't; Research Support, U.S. Gov't, Non-P.H.S.; Retracted Publication",,2026-04-29T05:51:56Z
doi:10.1038/nature12594,10.1038/nature12594,240892100,24089210,"Journal Article; Research Support, N.I.H., Extramural; Research Support, Non-U.S. Gov't; Retracted Publication",NIAID NIH HHS (R56 AI099778); NIAID NIH HHS (R56AI099778); NIAID NIH HHS (R01AI087785); NIAID NIH HHS (R01 AI087785); NINDS NIH HHS (R21NS074332); NINDS NIH HHS (R21 NS074332),2026-04-29T05:51:56Z
doi:10.1038/nature08072,10.1038/nature08072,194304630,19430463,"Journal Article; Research Support, Non-U.S. Gov't; Research Support, U.S. Gov't, Non-P.H.S.; Retracted Publication",,2026-04-29T05:51:56Z
doi:10.1016/s0140-6736(95)91723-3,10.1016/s0140-6736(95)91723-3,74755760,7475576,Letter; Retracted Publication,,2026-04-29T05:51:56Z
doi:10.1038/nature01126,10.1038/nature01126,123973630,12397363,"Journal Article; Research Support, Non-U.S. Gov't; Retracted Publication",,2026-04-29T05:51:56Z
doi:10.1038/35046008,10.1038/35046008,111177350,11117735,Journal Article; Retracted Publication,,2026-04-29T05:51:56Z
doi:10.1210/jc.2014-2739,10.1210/jc.2014-2739,253034880,25303488,"Journal Article; Research Support, Non-U.S. Gov't; Research Support, U.S. Gov't, Non-P.H.S.; Retracted Publication",CSRD VA (I01 CX000167),2026-04-29T05:51:56Z
doi:10.1210/jc.2007-0425,10.1210/jc.2007-0425,181824560,18182456,"Journal Article; Research Support, N.I.H., Extramural; Research Support, Non-U.S. Gov't; Retracted Publication",NCRR NIH HHS (M01-RR00425); NHLBI NIH HHS (N01 HV068161); NHLBI NIH HHS (N01 HV068163); NHLBI NIH HHS (N01-HV68162); NHLBI NIH HHS (N01 HV068164); NCRR NIH HHS (M01 RR000425); NHLBI NIH HHS (N01-HV-68163); NHLBI NIH HHS (N01 HV068162); NHLBI NIH HHS (U01 HL64914); PHS HHS (U0164829); NHLBI NIH HHS (U01 HL064829); NHLBI NIH HHS (U01 HL064924); NHLBI NIH HHS (U01 HL64924),2026-04-29T05:51:56Z
doi:10.1038/35065565,10.1038/35065565,112420740,11242074,Journal Article; Retracted Publication,,2026-04-29T05:51:56Z
doi:10.1038/nature12415,10.1038/nature12415,238839360,23883936,"Journal Article; Research Support, N.I.H., Extramural; Research Support, Non-U.S. Gov't; Retracted Publication",NIA NIH HHS (K01 AG030514); NIA NIH HHS (P30 AG010129); NIMH NIH HHS (R01 MH084995); NIA NIH HHS (R01AG042317); NINDS NIH HHS (R01NS064433); NIA NIH HHS (R37 AG015473); NIA NIH HHS (U01 AG024904); Canadian Institutes of Health Research (No ID),2026-04-29T05:51:56Z
doi:10.1038/35099520,10.1038/35099520,116070260,11607026,Journal Article; Retracted Publication,,2026-04-29T05:51:56Z
doi:10.1210/jc.2002-021325,10.1210/jc.2002-021325,126291290,12629129,"Journal Article; Research Support, U.S. Gov't, P.H.S.; Retracted Publication",NICHD NIH HHS (HD-37432),2026-04-29T05:51:56Z
doi:10.1038/35101577,10.1038/35101577,116776030,11677603,Journal Article; Retracted Publication,,2026-04-29T05:51:56Z
doi:10.1038/nature12785,10.1038/nature12785,243050480,24305048,"Journal Article; Research Support, Non-U.S. Gov't; Retracted Publication",Worldwide Cancer Research (13-0142); European Research Council (323145); Cancer Research UK (A3570); Cancer Research UK (A7419),2026-04-29T05:51:56Z
doi:10.1038/nature00948,10.1038/nature00948,121985420,12198542,"Journal Article; Research Support, Non-U.S. Gov't; Research Support, U.S. Gov't, P.H.S.; Retracted Publication",,2026-04-29T05:51:56Z
doi:10.1038/387358a0,10.1038/387358a0,91634180,9163418,Letter; Retracted Publication,,2026-04-29T05:51:56Z
doi:10.1038/nature12535,10.1038/nature12535,240484760,24048476,"Journal Article; Research Support, N.I.H., Extramural; Retracted Publication",NIGMS NIH HHS (R01 GM059055); NIGMS NIH HHS (GM059055),2026-04-29T05:51:56Z
doi:10.1016/s0140-6736(95)91931-7,10.1016/s0140-6736(95)91931-7,75007530,7500753,Journal Article; Retracted Publication,,2026-04-29T05:51:56Z
doi:10.1038/380707a0,10.1038/380707a0,86144630,8614463,"Journal Article; Research Support, Non-U.S. Gov't; Research Support, U.S. Gov't, Non-P.H.S.; Retracted Publication",,2026-04-29T05:51:56Z
doi:10.1038/35106539,10.1038/35106539,117198010,11719801,Journal Article; Retracted Publication,,2026-04-29T05:51:56Z
doi:10.1038/362450a0,10.1038/362450a0,80966250,8096625,Journal Article; Retracted Publication,,2026-04-29T05:51:56Z
doi:10.1038/370456a0,10.1038/370456a0,80471640,8047164,"Journal Article; Research Support, Non-U.S. Gov't; Retracted Publication",,2026-04-29T05:51:56Z
doi:10.1038/360745a0,10.1038/360745a0,12815190,1281519,Journal Article; Retracted Publication,,2026-04-29T05:51:56Z
doi:10.1038/354476a0,10.1038/354476a0,17934600,1793460,"Journal Article; Research Support, Non-U.S. Gov't; Retracted Publication",,2026-04-29T05:51:56Z
doi:10.1038/303253a0,10.1038/303253a0,63418590,6341859,Journal Article; Retracted Publication,,2026-04-29T05:51:56Z
doi:10.1038/nature12969,10.1038/nature12969,244768910,24476891,"Journal Article; Research Support, Non-U.S. Gov't; Retracted Publication",,2026-04-29T05:51:56Z
doi:10.1038/nature12968,10.1038/nature12968,244768870,24476887,"Journal Article; Research Support, Non-U.S. Gov't; Retracted Publication",,2026-04-29T05:51:56Z
doi:10.1210/jc.2003-030276,10.1210/jc.2003-030276,145574820,14557482,"Journal Article; Research Support, U.S. Gov't, P.H.S.; Retracted Publication",NICHD NIH HHS (HD37432),2026-04-29T05:51:56Z
doi:10.1097/igc.0b013e31829a5527,10.1097/igc.0b013e31829a5527,237481770,23748177,Comparative Study; Journal Article; Retracted Publication,NCI NIH HHS (K07 CA108987); NCI NIH HHS (P30 CA076292); NCI NIH HHS (R01 CA111914),2026-04-29T05:51:56Z
doi:10.1152/japplphysiol.01368.2012,10.1152/japplphysiol.01368.2012,235583840,23558384,Retraction Notice,,2026-04-29T05:51:56Z
doi:10.1007/s00018-015-2020-1,10.1007/s00018-015-2020-1,264399250,26439925,Journal Article; Retracted Publication,,2026-04-29T05:51:56Z
doi:10.1152/japplphysiol.00131.2009,10.1152/japplphysiol.00131.2009,194437490,19443749,Retraction Notice,,2026-04-29T05:51:56Z
doi:10.1371/journal.pone.0046410,10.1371/journal.pone.0046410,230563000,23056300,"Journal Article; Research Support, N.I.H., Extramural; Research Support, Non-U.S. Gov't; Retracted Publication",NCRR NIH HHS (G12 RR026260); NCRR NIH HHS (5G12RR026260),2026-04-29T05:51:56Z
doi:10.1152/japplphysiol.00610.2006,10.1152/japplphysiol.00610.2006,,17289911,Retraction Notice,,2026-04-29T05:51:56Z
doi:10.1007/s00018-013-1376-3,10.1007/s00018-013-1376-3,250315500,25031550,Journal Article; Retracted Publication,NCI NIH HHS (R01 CA154695),2026-04-29T05:51:56Z
doi:10.1152/jappl.1994.76.6.2281,10.1152/jappl.1994.76.6.2281,79288480,7928848,"Journal Article; Research Support, Non-U.S. Gov't; Research Support, U.S. Gov't, Non-P.H.S.; Research Support, U.S. Gov't, P.H.S.; Retracted Publication",NIA NIH HHS (NIA AG-05564); NIA NIH HHS (NIA AG-07857); NIA NIH HHS (NIA KO4-AG-00564),2026-04-29T05:51:56Z
doi:10.1371/journal.pone.0004168,10.1371/journal.pone.0004168,191321010,19132101,Journal Article; Retracted Publication,,2026-04-29T05:51:56Z
doi:10.1016/0140-6736(90)92206-w,10.1016/0140-6736(90)92206-w,19758940,1975894,"Journal Article; Research Support, Non-U.S. Gov't; Research Support, U.S. Gov't, P.H.S.; Retracted Publication",NCI NIH HHS (CA-47963); NCRR NIH HHS (RR00070),2026-04-29T05:51:56Z
doi:10.1038/nature07409,10.1038/nature07409,189533310,18953331,"Journal Article; Research Support, N.I.H., Extramural; Research Support, Non-U.S. Gov't; Retracted Publication",NIGMS NIH HHS (R01 GM052413); Howard Hughes Medical Institute (No ID),2026-04-29T05:51:56Z
doi:10.1038/nature07954,10.1038/nature07954,193774610,19377461,"Journal Article; Research Support, Non-U.S. Gov't; Retracted Publication",,2026-04-29T05:51:56Z
doi:10.1038/nature11700,10.1038/nature11700,232016840,23201684,"Journal Article; Research Support, N.I.H., Intramural; Research Support, Non-U.S. Gov't; Retracted Publication",Intramural NIH HHS (No ID); Howard Hughes Medical Institute (No ID),2026-04-29T05:51:56Z
doi:10.1186/2047-783x-19-39,10.1186/2047-783x-19-39,251417760,25141776,"Journal Article; Meta-Analysis; Research Support, Non-U.S. Gov't; Systematic Review; Retracted Publication",,2026-04-29T05:51:56Z
doi:10.1016/j.semcdb.2007.06.005,10.1016/j.semcdb.2007.06.005,176892770,17689277,Journal Article; Review; Retracted Publication,NHLBI NIH HHS (R01 HL075381),2026-04-29T05:51:56Z
doi:10.1155/2014/243159,10.1155/2014/243159,255309930,25530993,"Journal Article; Research Support, Non-U.S. Gov't; Retracted Publication",,2026-04-29T05:51:56Z
doi:10.1100/2012/736730,10.1100/2012/736730,226661470,22666147,"Journal Article; Research Support, Non-U.S. Gov't; Retracted Publication",,2026-04-29T05:51:56Z
doi:10.1126/scitranslmed.3008906,10.1126/scitranslmed.3008906,249649880,24964988,Letter; Comment; Retracted Publication,,2026-04-29T05:51:56Z
doi:10.1126/scitranslmed.3007762,10.1126/scitranslmed.3007762,243531590,24353159,"Journal Article; Research Support, N.I.H., Extramural; Research Support, Non-U.S. Gov't; Retracted Publication",NINDS NIH HHS (P50 NS23724); NIAID NIH HHS (R21 AI095813); NIAID NIH HHS (U19AI057229),2026-04-29T05:51:56Z
doi:10.1016/s2213-2600(14)70125-0,10.1016/s2213-2600(14)70125-0,249819630,24981963,Journal Article; Retracted Publication,,2026-04-29T05:51:56Z
doi:10.1371/journal.pone.0001908,10.1371/journal.pone.0001908,183826810,18382681,"Journal Article; Research Support, Non-U.S. Gov't; Research Support, U.S. Gov't, Non-P.H.S.; Retracted Publication",,2026-04-29T05:51:56Z
doi:10.1038/nature09301,10.1038/nature09301,206865760,20686576,"Journal Article; Research Support, N.I.H., Extramural; Research Support, Non-U.S. Gov't; Research Support, U.S. Gov't, Non-P.H.S.; Retracted Publication",NIAID NIH HHS (R01 AI028398); NIH HHS (DP2 OD001315); NIGMS NIH HHS (P50 GM071508); NIH HHS (1DP2OD001315-01); NIAID NIH HHS (R01 AI078063); NIAID NIH HHS (AI028398); NIAID NIH HHS (R56 AI028398),2026-04-29T05:51:56Z
doi:10.1371/journal.pbio.0050146,10.1371/journal.pbio.0050146,175351110,17535111,"Journal Article; Research Support, N.I.H., Extramural; Retracted Publication",NINDS NIH HHS (P01 NS44232); NINDS NIH HHS (P30 NS45713); NIGMS NIH HHS (R01 GM066778); NIGMS NIH HHS (R01 GM66778); NINDS NIH HHS (P01 NS044232); NIGMS NIH HHS (R01 GM066777); NINDS NIH HHS (P30 NS045713),2026-04-29T05:51:56Z
doi:10.1038/nature04344,10.1038/nature04344,163720080,16372008,"Journal Article; Research Support, Non-U.S. Gov't; Research Support, U.S. Gov't, Non-P.H.S.; Retracted Publication",,2026-04-29T05:51:56Z
doi:10.1016/s1470-2045(07)70345-5,10.1016/s1470-2045(07)70345-5,180242110,18024211,"Clinical Trial, Phase III; Journal Article; Multicenter Study; Randomized Controlled Trial; Research Support, Non-U.S. Gov't; Validation Study; Retracted Publication",,2026-04-29T05:51:56Z
doi:10.1038/srep00280,10.1038/srep00280,223557900,22355790,Journal Article; Retracted Publication,,2026-04-29T05:51:56Z
doi:10.1007/s11948-013-9439-2,10.1007/s11948-013-9439-2,,23543407,Retraction Notice,,2026-04-29T05:51:56Z
doi:10.1371/journal.pbio.0050005,10.1371/journal.pbio.0050005,171776040,17177604,"Journal Article; Research Support, Non-U.S. Gov't; Retracted Publication",Telethon (GGP04012),2026-04-29T05:51:56Z
doi:10.1371/journal.pone.0029192,10.1371/journal.pone.0029192,221749540,22174954,"Journal Article; Research Support, N.I.H., Extramural; Research Support, Non-U.S. Gov't; Retracted Publication",NIGMS NIH HHS (R01 GM055962); PHS HHS (PJ0080982011); NIGMS NIH HHS (GM55962); PHS HHS (2010-0026679),2026-04-29T05:51:56Z
doi:10.1097/aln.0b013e31818aa6e1,10.1097/aln.0b013e31818aa6e1,189463160,18946316,"Letter; Research Support, Non-U.S. Gov't; Retracted Publication",,2026-04-29T05:51:56Z
doi:10.1371/journal.pone.0011299,10.1371/journal.pone.0011299,205855760,20585576,Journal Article; Retracted Publication,,2026-04-29T05:51:56Z
doi:10.1371/journal.pone.0016011,10.1371/journal.pone.0016011,212492090,21249209,"Journal Article; Research Support, Non-U.S. Gov't; Retracted Publication",,2026-04-29T05:51:56Z
doi:10.1097/00000542-200510000-00011,10.1097/00000542-200510000-00011,161927650,16192765,"Comparative Study; Journal Article; Randomized Controlled Trial; Research Support, Non-U.S. Gov't; Retracted Publication",,2026-04-29T05:51:56Z
doi:10.1371/journal.pone.0005373,10.1371/journal.pone.0005373,193991720,19399172,"Journal Article; Research Support, N.I.H., Extramural; Retracted Publication",NCI NIH HHS (R56 CA104996); NCI NIH HHS (CA104996-05); NCI NIH HHS (R01 CA104996); NHLBI NIH HHS (R01 HL077296); NHLBI NIH HHS (HL077296-3),2026-04-29T05:51:56Z
doi:10.1371/journal.pmed.1001214,10.1371/journal.pmed.1001214,225897040,22589704,Journal Article; Retracted Publication,,2026-04-29T05:51:56Z
doi:10.1371/journal.pgen.1003361,10.1371/journal.pgen.1003361,235552810,23555281,"Journal Article; Research Support, Non-U.S. Gov't; Retracted Publication",,2026-04-29T05:51:56Z
doi:10.1371/journal.pgen.1000424,10.1371/journal.pgen.1000424,193004900,19300490,"Journal Article; Research Support, N.I.H., Extramural; Retracted Publication",NCRR NIH HHS (M01 RR000046); NIAMS NIH HHS (N01 AR02247); NIAMS NIH HHS (N01 AR002247); NIAMS NIH HHS (P01 AR40894); NIAID NIH HHS (N01 AI040068); NIAMS NIH HHS (R01 AR051394); NCRR NIH HHS (M01 RR000032); NCRR NIH HHS (U54 RR025777); NIAMS NIH HHS (R01 AR51394); NCRR NIH HHS (M01 RR00032); NCRR NIH HHS (UL1 RR025777),2026-04-29T05:51:56Z
doi:10.1371/journal.pcbi.1002308,10.1371/journal.pcbi.1002308,222419700,22241970,"Journal Article; Research Support, Non-U.S. Gov't; Retracted Publication",,2026-04-29T05:51:56Z
doi:10.1371/journal.pcbi.0030051,10.1371/journal.pcbi.0030051,173672040,17367204,"Journal Article; Research Support, Non-U.S. Gov't; Retracted Publication",,2026-04-29T05:51:56Z
doi:10.1371/journal.pone.0032853,10.1371/journal.pone.0032853,224388850,22438885,"Journal Article; Research Support, Non-U.S. Gov't; Retracted Publication",,2026-04-29T05:51:56Z
doi:10.1371/journal.pone.0037102,10.1371/journal.pone.0037102,226293540,22629354,"Journal Article; Research Support, N.I.H., Extramural; Research Support, Non-U.S. Gov't; Retracted Publication",NIAID NIH HHS (AI085324); NIAID NIH HHS (AI080715); NIAID NIH HHS (R01 AI080715); NIAID NIH HHS (R21 AI079503); NIAID NIH HHS (AI079503); NIDCR NIH HHS (DE18452); NIDCR NIH HHS (R21 DE018452); NIAID NIH HHS (R21 AI085324),2026-04-29T05:51:56Z
doi:10.1371/journal.pone.0016256,10.1371/journal.pone.0016256,212835930,21283593,"Journal Article; Research Support, Non-U.S. Gov't; Retracted Publication",,2026-04-29T05:51:56Z
doi:10.1371/journal.pone.0022730,10.1371/journal.pone.0022730,218294950,21829495,"Comparative Study; Journal Article; Research Support, American Recovery and Reinvestment Act; Research Support, N.I.H., Extramural; Retracted Publication",NIAID NIH HHS (U01 AI035041); NIAID NIH HHS (U01 U0-AI35041),2026-04-29T05:51:56Z
doi:10.1097/00000542-200510000-00010,10.1097/00000542-200510000-00010,161927640,16192764,"Clinical Trial, Phase I; Comparative Study; Journal Article; Randomized Controlled Trial; Research Support, Non-U.S. Gov't; Retracted Publication",,2026-04-29T05:51:56Z
doi:10.1155/2012/457272,10.1155/2012/457272,226066020,22606602,Case Reports; Journal Article; Retracted Publication,,2026-04-29T05:51:56Z
doi:10.1155/2014/243746,10.1155/2014/243746,250501870,25050187,Journal Article; Retracted Publication,,2026-04-29T05:51:56Z
doi:10.1164/rccm.200903-0324oc,10.1164/rccm.200903-0324oc,197977620,19797762,"Journal Article; Research Support, N.I.H., Extramural; Research Support, Non-U.S. Gov't; Retracted Publication",PHS HHS (RHL096931); NIEHS NIH HHS (P50ES015903); NIEHS NIH HHS (P30ES003819); NCRR NIH HHS (CTSA UL RR 025005); NHLBI NIH HHS (P50HL084945); NHLBI NIH HHS (R03 HL096931); NHLBI NIH HHS (R01HL081205),2026-04-29T05:51:56Z
doi:10.1155/2015/630430,10.1155/2015/630430,261673070,26167307,Journal Article; Retracted Publication,,2026-04-29T05:51:56Z
doi:10.1016/j.carrev.2009.09.005,10.1016/j.carrev.2009.09.005,201293570,20129357,Evaluation Study; Journal Article; Retracted Publication,,2026-04-29T05:51:56Z
doi:10.1007/s00270-007-9192-5,10.1007/s00270-007-9192-5,179390000,17939000,Journal Article; Multicenter Study; Retracted Publication,,2026-04-29T05:51:56Z
doi:10.1007/bf02552680,10.1007/bf02552680,63758660,6375866,Journal Article; Retracted Publication,,2026-04-29T05:51:56Z
doi:10.1016/j.virusres.2004.02.022,10.1016/j.virusres.2004.02.022,151634980,15163498,"Journal Article; Research Support, Non-U.S. Gov't; Research Support, U.S. Gov't, P.H.S.; Retracted Publication",NIAID NIH HHS (AI-29860); NIAID NIH HHS (AI-95357); NCI NIH HHS (CA-21765),2026-04-29T05:51:56Z
doi:10.1016/j.virol.2005.11.020,10.1016/j.virol.2005.11.020,163681250,16368125,"Journal Article; Research Support, N.I.H., Extramural; Retracted Publication",NIAID NIH HHS (R01-AI47349); PHS HHS (R01-AZ057591); NIDDK NIH HHS (R01-DK066754),2026-04-29T05:51:56Z
doi:10.1177/0300985813498782,10.1177/0300985813498782,238996910,23899691,"Journal Article; Research Support, N.I.H., Extramural; Retracted Publication",NIH HHS (OD0111103); NIH HHS (T32 OD011064),2026-04-29T05:51:56Z
doi:10.1016/j.cvsm.2009.09.003,10.1016/j.cvsm.2009.09.003,199420590,19942059,Journal Article; Retracted Publication; Review,,2026-04-29T05:51:56Z
doi:10.1016/j.urology.2005.07.010,10.1016/j.urology.2005.07.010,163604530,16360453,"Journal Article; Research Support, N.I.H., Extramural; Research Support, Non-U.S. Gov't; Retracted Publication",NCI NIH HHS (CA82522),2026-04-29T05:51:56Z
doi:10.1016/j.urology.2007.01.097,10.1016/j.urology.2007.01.097,174456570,17445657,"Journal Article; Research Support, N.I.H., Extramural; Research Support, Non-U.S. Gov't; Retracted Publication",NCI NIH HHS (CA65463),2026-04-29T05:51:56Z
doi:10.1016/s0090-4295(00)00935-3,10.1016/s0090-4295(00)00935-3,111823660,11182366,"Journal Article; Research Support, Non-U.S. Gov't; Research Support, U.S. Gov't, P.H.S.; Retracted Publication",NCI NIH HHS (P50 CA69568),2026-04-29T05:51:56Z
doi:10.1093/carcin/bgh095,10.1093/carcin/bgh095,147423130,14742313,"Journal Article; Research Support, Non-U.S. Gov't; Retracted Publication",,2026-04-29T05:51:56Z
doi:10.1007/s11999-012-2677-9,10.1007/s11999-012-2677-9,231294710,23129471,Retraction Notice,,2026-04-29T05:51:56Z
doi:10.1093/carcin/bgr115,10.1093/carcin/bgr115,,21666222,Retraction Notice,,2026-04-29T05:51:56Z
doi:10.1093/carcin/bgl136,10.1093/carcin/bgl136,168851990,16885199,"Journal Article; Research Support, N.I.H., Extramural; Research Support, Non-U.S. Gov't; Retracted Publication",PHS HHS (25126); NCI NIH HHS (N01-CN-15125); NCI NIH HHS (R01-CA096129),2026-04-29T05:51:56Z
doi:10.1093/carcin/bgh141,10.1093/carcin/bgh141,155204570,15520457,Retraction Notice,,2026-04-29T05:51:56Z
doi:10.1177/004947550303300417,10.1177/004947550303300417,146204320,14620432,"Journal Article; Multicenter Study; Research Support, Non-U.S. Gov't; Retracted Publication",,2026-04-29T05:51:56Z
doi:10.1016/s0966-3274(03)00054-6,10.1016/s0966-3274(03)00054-6,129677860,12967786,"Journal Article; Research Support, U.S. Gov't, P.H.S.; Retracted Publication",NIDDK NIH HHS (U19DK57958),2026-04-29T05:51:56Z
doi:10.1016/j.trsl.2016.10.007,10.1016/j.trsl.2016.10.007,278329350,27832935,"Introductory Journal Article; Research Support, N.I.H., Extramural; Research Support, Non-U.S. Gov't; Research Support, U.S. Gov't, Non-P.H.S.",NIAID NIH HHS (R01 AI097265),2026-04-29T05:51:56Z
doi:10.1186/2047-9158-3-16,10.1186/2047-9158-3-16,251147900,25114790,Journal Article; Retracted Publication,,2026-04-29T05:51:56Z
doi:10.1111/trf.12744,10.1111/trf.12744,249194290,24919429,Retraction Notice,,2026-04-29T05:51:56Z
doi:10.1046/j.1365-2362.1997.1160662.x,10.1046/j.1365-2362.1997.1160662.x,91343810,9134381,"Journal Article; Research Support, U.S. Gov't, P.H.S.; Retracted Publication",NIA NIH HHS (AG-07857); NIA NIH HHS (KO4-AG00564); NIA NIH HHS (T32-AG00219),2026-04-29T05:51:56Z
pmid:78806200,,78806200,7880620,"Journal Article; Research Support, Non-U.S. Gov't; Retracted Publication",,2026-04-29T05:51:56Z
doi:10.1111/j.1432-1033.1990.tb19421.x,10.1111/j.1432-1033.1990.tb19421.x,22536150,2253615,"Journal Article; Research Support, Non-U.S. Gov't; Retracted Publication",,2026-04-29T05:51:56Z
doi:10.3816/clc.2007.n.009,10.3816/clc.2007.n.009,175622290,17562229,Journal Article; Retracted Publication; Review,,2026-04-29T05:51:56Z
doi:10.1093/ehjci/jes308,10.1093/ehjci/jes308,232888880,23288888,Journal Article; Retracted Publication,,2026-04-29T05:51:56Z
doi:10.1097/00000542-200409000-00011,10.1097/00000542-200409000-00011,153295870,15329587,"Clinical Trial; Comparative Study; Journal Article; Research Support, Non-U.S. Gov't; Retracted Publication",,2026-04-29T05:51:56Z
doi:10.1002/clc.20541,10.1002/clc.20541,200141760,20014176,Retraction Notice,,2026-04-29T05:51:56Z
doi:10.1158/1078-0432.ccr-07-0835,10.1158/1078-0432.ccr-07-0835,176345580,17634558,"Journal Article; Research Support, N.I.H., Extramural; Research Support, Non-U.S. Gov't; Research Support, U.S. Gov't, Non-P.H.S.; Retracted Publication",NCI NIH HHS (CA 100866); NCI NIH HHS (CA 63753); NCI NIH HHS (CA 93738),2026-04-29T05:51:56Z
doi:10.1007/s10549-009-0572-1,10.1007/s10549-009-0572-1,198130880,19813088,Journal Article; Retracted Publication,,2026-04-29T05:51:56Z
doi:10.1007/s10549-010-0883-2,10.1007/s10549-010-0883-2,203798440,20379844,Journal Article; Retracted Publication,,2026-04-29T05:51:56Z
doi:10.1007/s10549-014-3068-6,10.1007/s10549-014-3068-6,250857540,25085754,"Journal Article; Research Support, Non-U.S. Gov't; Retracted Publication",,2026-04-29T05:51:56Z
doi:10.1007/s10549-015-3274-x,10.1007/s10549-015-3274-x,256163560,25616356,Retraction Notice,,2026-04-29T05:51:56Z
doi:10.1002/cbic.201000254,10.1002/cbic.201000254,212255990,21374897,Retraction Notice,,2026-04-29T05:51:56Z
doi:10.1097/sla.0000000000000484,10.1097/sla.0000000000000484,244417970,24441797,"Letter; Research Support, Non-U.S. Gov't; Research Support, U.S. Gov't, P.H.S.; Comment; Retracted Publication",AHRQ HHS (K08 1K08HS017952-01); NIGMS NIH HHS (K23GM093112-01),2026-04-29T05:51:56Z
doi:10.1016/j.chembiol.2012.05.018,10.1016/j.chembiol.2012.05.018,227495580,22749558,"Journal Article; Research Support, N.I.H., Extramural; Research Support, Non-U.S. Gov't; Retracted Publication",NIDDK NIH HHS (F32 DK081308); NIDDK NIH HHS (R01 DK054942); NIGMS NIH HHS (R01GM63904); NIDDK NIH HHS (R56 DK093399); NIDDK NIH HHS (R56DK093399); NIDDK NIH HHS (F32DK081308); NIGMS NIH HHS (R01 GM063904); NHLBI NIH HHS (HL083187); NIDDK NIH HHS (R01DK54942); NHLBI NIH HHS (R24 HL083187); NIDDK NIH HHS (R01 DK093399),2026-04-29T05:51:56Z
doi:10.1097/00000542-200308000-00012,10.1097/00000542-200308000-00012,128834030,12883403,"Clinical Trial; Journal Article; Research Support, Non-U.S. Gov't; Retracted Publication",,2026-04-29T05:51:56Z
pmid:129601430,,129601430,12960143,"Journal Article; Research Support, U.S. Gov't, P.H.S.; Retracted Publication",PHS HHS (01A015); NCI NIH HHS (CA-17613),2026-04-29T05:51:56Z
doi:10.1158/1078-0432.ccr-09-1983,10.1158/1078-0432.ccr-09-1983,200681050,20068105,"Journal Article; Research Support, N.I.H., Extramural; Research Support, Non-U.S. Gov't; Retracted Publication",NCI NIH HHS (R01 CA120813); NCI NIH HHS (CA120813-01),2026-04-29T05:51:56Z
doi:10.1158/1078-0432.ccr-10-0089,10.1158/1078-0432.ccr-10-0089,206709440,20670944,"Journal Article; Research Support, N.I.H., Extramural; Research Support, Non-U.S. Gov't; Research Support, U.S. Gov't, Non-P.H.S.; Validation Study; Retracted Publication",NCI NIH HHS (P50CA58183); NIEHS NIH HHS (R01 ES015704); NIEHS NIH HHS (ES015704); NCI NIH HHS (P50 CA058183); NCI NIH HHS (R01 CA094118),2026-04-29T05:51:56Z
doi:10.1158/1078-0432.ccr-07-1992,10.1158/1078-0432.ccr-07-1992,184833620,18483362,"Journal Article; Research Support, N.I.H., Extramural; Research Support, Non-U.S. Gov't; Retracted Publication",NCI NIH HHS (K08 CA118730); NCI NIH HHS (P30 CA016672); NCI NIH HHS (5P30CA016672-32); NCI NIH HHS (5K08CA118730-02),2026-04-29T05:51:56Z
doi:10.1158/1078-0432.ccr-11-0545,10.1158/1078-0432.ccr-11-0545,219147900,21914790,"Journal Article; Research Support, N.I.H., Extramural; Research Support, Non-U.S. Gov't; Retracted Publication",NCI NIH HHS (CA 113360),2026-04-29T05:51:56Z
doi:10.1158/1078-0432.ccr-10-1948,10.1158/1078-0432.ccr-10-1948,216905740,21690574,"Journal Article; Research Support, N.I.H., Extramural; Research Support, Non-U.S. Gov't; Retracted Publication",NCI NIH HHS (K24 CA084119); NCI NIH HHS (R01 CA096515); NCI NIH HHS (CA96515); NCI NIH HHS (CA84119),2026-04-29T05:51:56Z
doi:10.1097/00000542-200108000-00021,10.1097/00000542-200108000-00021,115061110,11506111,Clinical Trial; Journal Article; Randomized Controlled Trial; Retracted Publication,,2026-04-29T05:51:56Z
doi:10.1158/1078-0432.ccr-0455-03,10.1158/1078-0432.ccr-0455-03,149778410,14977841,"Journal Article; Research Support, U.S. Gov't, P.H.S.; Retracted Publication",NCI NIH HHS (CA82522),2026-04-29T05:51:56Z
doi:10.1158/1078-0432.ccr-07-4110,10.1158/1078-0432.ccr-07-4110,183165540,18316554,"Journal Article; Multicenter Study; Research Support, N.I.H., Extramural; Research Support, Non-U.S. Gov't; Retracted Publication",NCI NIH HHS (U01 CA084968); NCI NIH HHS (CA084968),2026-04-29T05:51:56Z
doi:10.1158/1078-0432.ccr-03-0716,10.1158/1078-0432.ccr-03-0716,151310270,15131027,"Comparative Study; Journal Article; Research Support, U.S. Gov't, P.H.S.; Retracted Publication",NCI NIH HHS (5U01 CA 8497102),2026-04-29T05:51:56Z
doi:10.1158/1078-0432.ccr-09-1939,10.1158/1078-0432.ccr-09-1939,199962130,19996213,Journal Article; Retracted Publication,NCI NIH HHS (R01 CA131049),2026-04-29T05:51:56Z
pmid:114897950,,114897950,11489795,"Journal Article; Research Support, Non-U.S. Gov't; Retracted Publication",,2026-04-29T05:51:56Z
pmid:108159220,,108159220,10815922,"Journal Article; Research Support, U.S. Gov't, P.H.S.; Retracted Publication",NCI NIH HHS (P50 CA69568),2026-04-29T05:51:56Z
doi:10.1007/s10286-003-0139-x,10.1007/s10286-003-0139-x,146736900,14673690,Lecture; Retracted Publication,,2026-04-29T05:51:56Z
doi:10.1002/ca.20923,10.1002/ca.20923,201696190,20169619,Journal Article; Retracted Publication,,2026-04-29T05:51:56Z
doi:10.1097/00000542-199808000-00003,10.1097/00000542-199808000-00003,97103850,9710385,Comment; Editorial; Retracted Publication,,2026-04-29T05:51:56Z
doi:10.1097/00000542-198910000-00020,10.1097/00000542-198910000-00020,28022180,2802218,Case Reports; Journal Article; Retracted Publication,,2026-04-29T05:51:56Z
doi:10.1161/circulationaha.112.118380,10.1161/circulationaha.112.118380,229559650,22955965,"Journal Article; Research Support, N.I.H., Extramural; Research Support, U.S. Gov't, Non-P.H.S.; Retracted Publication",NIA NIH HHS (R01 AG017042); NHLBI NIH HHS (R01 HL111183); NCRR NIH HHS (P41 RR013461); NHLBI NIH HHS (R01 HL075480); NHLBI NIH HHS (R01 HL114346); NHLBI NIH HHS (P01 HL092868); NHLBI NIH HHS (R01 HL102897); NCRR NIH HHS (RR13461); NHLBI NIH HHS (R01 HL091021); NHLBI NIH HHS (R01 HL039902); NHLBI NIH HHS (R01 HL105532); NIA NIH HHS (R01 AG037495); NIA NIH HHS (R01 AG026107); NHLBI NIH HHS (R01 HL065577); NHLBI NIH HHS (R01 HL065573); NHLBI NIH HHS (R37 HL081737); NIA NIH HHS (R01 AG037490); NHLBI NIH HHS (P01 HL078825),2026-04-29T05:51:56Z
doi:10.1016/j.chembiol.2013.09.005,10.1016/j.chembiol.2013.09.005,241203320,24120332,"Journal Article; Research Support, N.I.H., Extramural; Research Support, N.I.H., Intramural; Retracted Publication",NIEHS NIH HHS (R01 ES015339); Intramural NIH HHS (ZIA BC010681); NCI NIH HHS (U54 CA112967); NIGMS NIH HHS (R01 GM104047); Intramural NIH HHS (ZIA BC006198); NIGMS NIH HHS (GM104047); Intramural NIH HHS (Z99 CA999999); NIGMS NIH HHS (P50 GM068762); Intramural NIH HHS (Z01 BC006198); NCI NIH HHS (Y99 CA999999); NCI NIH HHS (CA112967),2026-04-29T05:51:56Z
doi:10.1161/circulationaha.108.784785,10.1161/circulationaha.108.784785,186630850,18663085,"Journal Article; Research Support, Non-U.S. Gov't; Retracted Publication",NIDDK NIH HHS (P30 DK040561),2026-04-29T05:51:56Z
doi:10.1161/01.cir.59.3.492,10.1161/01.cir.59.3.492,3676320,367632,"Journal Article; Research Support, U.S. Gov't, P.H.S.; Retracted Publication",,2026-04-29T05:51:56Z
doi:10.1161/01.cir.63.1.29,10.1161/01.cir.63.1.29,70023630,7002363,"Journal Article; Research Support, U.S. Gov't, P.H.S.; Retracted Publication",NHLBI NIH HHS (R01-HL-23140),2026-04-29T05:51:56Z
doi:10.1161/01.res.0000046227.65158.f8,10.1161/01.res.0000046227.65158.f8,124808170,12480817,"Journal Article; Research Support, Non-U.S. Gov't; Research Support, U.S. Gov't, P.H.S.; Retracted Publication",NHLBI NIH HHS (HL55425); NHLBI NIH HHS (HL60728); NHLBI NIH HHS (HL66575),2026-04-29T05:51:56Z
doi:10.1016/j.bjid.2013.12.008,10.1016/j.bjid.2013.12.008,247803660,24780366,"Journal Article; Research Support, N.I.H., Extramural; Research Support, Non-U.S. Gov't; Retracted Publication",NHLBI NIH HHS (K22 HL066994); NHLBI NIH HHS (HL-66994),2026-04-29T05:51:56Z
doi:10.1159/000094359,10.1159/000094359,168099090,16809909,Journal Article; Retracted Publication,,2026-04-29T05:51:56Z
doi:10.1161/circresaha.112.272567,10.1161/circresaha.112.272567,230480710,23048071,Journal Article; Retracted Publication,,2026-04-29T05:51:56Z
doi:10.1161/circresaha.108.178426,10.1161/circresaha.108.178426,189743860,18974386,"Comparative Study; Journal Article; Research Support, N.I.H., Extramural; Research Support, Non-U.S. Gov't; Retracted Publication",NHLBI NIH HHS (R01 HL034636); NHLBI NIH HHS (R01 HL 34636),2026-04-29T05:51:56Z
doi:10.1006/clin.1994.1093,10.1006/clin.1994.1093,79110780,7911078,"Journal Article; Research Support, Non-U.S. Gov't; Retracted Publication",,2026-04-29T05:51:56Z
doi:10.1006/clin.1994.1177,10.1006/clin.1994.1177,79239080,7923908,"Journal Article; Research Support, Non-U.S. Gov't; Retracted Publication",,2026-04-29T05:51:56Z
doi:10.1016/s0272-7358(99)00055-0,10.1016/s0272-7358(99)00055-0,106608270,10660827,Case Reports; Journal Article; Meta-Analysis; Retracted Publication,,2026-04-29T05:51:56Z
doi:10.1161/circresaha.108.182683,10.1161/circresaha.108.182683,190598410,19059841,"Journal Article; Research Support, Non-U.S. Gov't; Retracted Publication",,2026-04-29T05:51:56Z
doi:10.1161/01.res.0000185322.46009.f5,10.1161/01.res.0000185322.46009.f5,161510240,16151024,"Journal Article; Research Support, N.I.H., Extramural; Research Support, Non-U.S. Gov't; Research Support, U.S. Gov't, P.H.S.; Retracted Publication",NHLBI NIH HHS (HL60728); NHLBI NIH HHS (P01 HL058000); NHLBI NIH HHS (P01 HL075209),2026-04-29T05:51:56Z
doi:10.1161/circresaha.108.175190,10.1161/circresaha.108.175190,186880440,18688044,"Comparative Study; Journal Article; Research Support, N.I.H., Extramural; Research Support, Non-U.S. Gov't; Retracted Publication",NIDDK NIH HHS (R01 DK065073),2026-04-29T05:51:56Z
doi:10.1161/01.res.77.1.121,10.1161/01.res.77.1.121,77888700,7788870,"Comparative Study; Journal Article; Research Support, U.S. Gov't, P.H.S.; Retracted Publication",NIDDK NIH HHS (DK-41315); NHLBI NIH HHS (HL-08531); NHLBI NIH HHS (HL-49254),2026-04-29T05:51:56Z
doi:10.1161/01.res.85.10.e44,10.1161/01.res.85.10.e44,105591460,10559146,"Journal Article; Research Support, U.S. Gov't, P.H.S.; Retracted Publication",NHLBI NIH HHS (HL52189); NHLBI NIH HHS (HL56921),2026-04-29T05:51:56Z
doi:10.1161/01.res.43.5.705,10.1161/01.res.43.5.705,2132000,213200,"Journal Article; Research Support, U.S. Gov't, P.H.S.; Retracted Publication",,2026-04-29T05:51:56Z
doi:10.1161/01.res.48.2.286,10.1161/01.res.48.2.286,62574200,6257420,"Journal Article; Research Support, Non-U.S. Gov't; Research Support, U.S. Gov't, P.H.S.; Retracted Publication",NHLBI NIH HHS (HL06012); NHLBI NIH HHS (HL07421); NHLBI NIH HHS (HL14214),2026-04-29T05:51:56Z
doi:10.1093/carcin/15.11.2649,10.1093/carcin/15.11.2649,79551200,7955120,"Journal Article; Research Support, Non-U.S. Gov't; Retracted Publication",,2026-04-29T05:51:56Z
doi:10.1158/0008-5472.can-15-1145,10.1158/0008-5472.can-15-1145,260818100,26081810,Journal Article; Retracted Publication,,2026-04-29T05:51:56Z
doi:10.1158/0008-5472.can-10-0410,10.1158/0008-5472.can-10-0410,205306800,20530680,"Journal Article; Research Support, N.I.H., Extramural; Research Support, Non-U.S. Gov't; Research Support, U.S. Gov't, Non-P.H.S.; Retracted Publication",NCI NIH HHS (R01-CA078461); NCI NIH HHS (P01 CA080111); NCI NIH HHS (R21 CA096689); NCI NIH HHS (R01 CA078461); NCI NIH HHS (R21 CA087081),2026-04-29T05:51:56Z
doi:10.1016/j.clp.2012.04.010,10.1016/j.clp.2012.04.010,226823780,22682378,Journal Article; Retracted Publication,,2026-04-29T05:51:56Z
doi:10.1080/026992099299040,10.1080/026992099299040,204868840,20486884,Journal Article; Retracted Publication,,2026-04-29T05:51:56Z
doi:10.1158/0008-5472.can-07-0323,10.1158/0008-5472.can-07-0323,175456190,17545619,"Journal Article; Research Support, N.I.H., Extramural; Retracted Publication",NIEHS NIH HHS (R01 ES07943),2026-04-29T05:51:56Z
doi:10.1158/0008-5472.can-12-2033,10.1158/0008-5472.can-12-2033,234923640,23492364,"Journal Article; Research Support, N.I.H., Extramural; Research Support, Non-U.S. Gov't; Retracted Publication",NCI NIH HHS (P30 CA016672); NCI NIH HHS (CA16672); NCI NIH HHS (CA127001); NCI NIH HHS (CA56041); NCI NIH HHS (R01 CA056041); NCI NIH HHS (P50 CA127001),2026-04-29T05:51:56Z
doi:10.1158/0008-5472.can-05-1142,10.1158/0008-5472.can-05-1142,161030640,16103064,"Journal Article; Research Support, N.I.H., Extramural; Research Support, U.S. Gov't, P.H.S.; Retracted Publication",NCI NIH HHS (R01 CA82522),2026-04-29T05:51:56Z
doi:10.1158/0008-5472.can-07-0649,10.1158/0008-5472.can-07-0649,175751230,17575123,"Journal Article; Research Support, N.I.H., Extramural; Research Support, Non-U.S. Gov't; Retracted Publication",NCI NIH HHS (U01 CA084968),2026-04-29T05:51:56Z
doi:10.1158/0008-5472.can-10-1483,10.1158/0008-5472.can-10-1483,211189610,21118961,"Journal Article; Research Support, N.I.H., Extramural; Research Support, Non-U.S. Gov't; Retracted Publication",NICHD NIH HHS (HD 34612); NCI NIH HHS (P30 CA010815); NCRR NIH HHS (S10 RR024693); NCI NIH HHS (CA 132098); NCI NIH HHS (T32 CA009171); NIGMS NIH HHS (R01 GM064691); NICHD NIH HHS (R01 HD034612); NIAID NIH HHS (AI 41136); NCI NIH HHS (R01 CA132098); NCI NIH HHS (CA 010815); NIAID NIH HHS (R01 AI041136); NIGMS NIH HHS (GM57599); NIAID NIH HHS (R56 AI041136),2026-04-29T05:51:56Z
doi:10.1093/cid/ciu149,10.1093/cid/ciu149,246336900,24633690,Journal Article; Retracted Publication,,2026-04-29T05:51:56Z
doi:10.1006/clim.2001.5065,10.1006/clim.2001.5065,114659510,11465951,Journal Article; Retracted Publication,,2026-04-29T05:51:56Z
doi:10.1348/014466609x476827,10.1348/014466609x476827,19948080,19948082,Journal Article; Randomized Controlled Trial; Retracted Publication,,2026-04-29T05:51:56Z
doi:10.1158/0008-5472.can-08-2448,10.1158/0008-5472.can-08-2448,192763790,19276379,"Journal Article; Research Support, N.I.H., Extramural; Retracted Publication",NCI NIH HHS (R01 CA104996); NIAID NIH HHS (T32 AI007425); NIAID NIH HHS (T32 AI07425),2026-04-29T05:51:56Z
doi:10.1158/0008-5472.can-07-5937,10.1158/0008-5472.can-07-5937,183814560,18381456,"Journal Article; Research Support, N.I.H., Extramural; Retracted Publication",NCI NIH HHS (R01 CA104996); NCI NIH HHS (R01CA104996-04),2026-04-29T05:51:56Z
doi:10.1158/0008-5472.can-03-3025,10.1158/0008-5472.can-03-3025,152564700,15256470,"Journal Article; Research Support, Non-U.S. Gov't; Retracted Publication",,2026-04-29T05:51:56Z
doi:10.1158/0008-5472.can-03-2556,10.1158/0008-5472.can-03-2556,148718550,14871855,"Journal Article; Research Support, U.S. Gov't, Non-P.H.S.; Research Support, U.S. Gov't, P.H.S.; Retracted Publication",NCI NIH HHS (CA-97473); NCI NIH HHS (CA06927); NCI NIH HHS (CA57708),2026-04-29T05:51:56Z
doi:10.1046/j.1440-1681.2002.03780.x,10.1046/j.1440-1681.2002.03780.x,123902920,12390292,"Journal Article; Research Support, Non-U.S. Gov't; Retracted Publication",,2026-04-29T05:51:56Z
pmid:26795030,,26795030,2679503,Letter; Retraction Notice,,2026-04-29T05:51:56Z
pmid:16552550,,16552550,1655255,Journal Article; Retracted Publication,,2026-04-29T05:51:56Z
doi:10.1158/1940-6207.capr-08-0129,10.1158/1940-6207.capr-08-0129,192235760,19223576,"Journal Article; Research Support, N.I.H., Extramural; Research Support, Non-U.S. Gov't; Retracted Publication",NCCIH NIH HHS (R01 AT002890),2026-04-29T05:51:56Z
doi:10.1007/s10555-014-9540-2,10.1007/s10555-014-9540-2,255443690,25544369,"Journal Article; Research Support, N.I.H., Extramural; Research Support, Non-U.S. Gov't; Retracted Publication; Review",NCI NIH HHS (P50 CA136393); NCI NIH HHS (P50-CA136393),2026-04-29T05:51:56Z
doi:10.1007/s10555-006-8506-4,10.1007/s10555-006-8506-4,167705380,16770538,"Journal Article; Research Support, N.I.H., Extramural; Research Support, Non-U.S. Gov't; Retracted Publication; Review",PHS HHS (LA 12382); PHS HHS (LA 29605),2026-04-29T05:51:56Z
doi:10.1136/ard.2007.083436,10.1136/ard.2007.083436,182993030,18299303,"Journal Article; Research Support, N.I.H., Extramural; Research Support, Non-U.S. Gov't",NCRR NIH HHS (1P20RR11126); NCRR NIH HHS (M01-RR00032); NCRR NIH HHS (M01-RR02558); NIAMS NIH HHS (P01 AR49084),2026-04-29T05:51:56Z
doi:10.1161/01.atv.21.4.489,10.1161/01.atv.21.4.489,113044620,11304462,"Journal Article; Research Support, U.S. Gov't, P.H.S.; Retracted Publication",NHLBI NIH HHS (HL-38206); NHLBI NIH HHS (HL-58000); NHLBI NIH HHS (HL-60728),2026-04-29T05:51:56Z
doi:10.1016/j.canlet.2005.11.002,10.1016/j.canlet.2005.11.002,164584250,16458425,Journal Article; Retracted Publication,,2026-04-29T05:51:56Z
doi:10.1007/s00262-007-0431-z,10.1007/s00262-007-0431-z,180580960,18058096,"Journal Article; Research Support, N.I.H., Extramural; Research Support, Non-U.S. Gov't; Retracted Publication",NIAID NIH HHS (AI 32140),2026-04-29T05:51:56Z
doi:10.1016/s1535-6108(03)00030-8,10.1016/s1535-6108(03)00030-8,126765810,12676581,"Journal Article; Research Support, Non-U.S. Gov't; Research Support, U.S. Gov't, P.H.S.; Retracted Publication",NCI NIH HHS (5 R01 CA78461),2026-04-29T05:51:56Z
doi:10.1139/m96-039,10.1139/m96-039,88682340,8868234,"Journal Article; Research Support, U.S. Gov't, Non-P.H.S.; Retracted Publication",,2026-04-29T05:51:56Z
doi:10.1002/bmc.1243,10.1002/bmc.1243,,19488972,Retraction Notice,,2026-04-29T05:51:56Z
doi:10.1136/bjo.2009.157586,10.1136/bjo.2009.157586,197264250,19726425,Journal Article; Retracted Publication,,2026-04-29T05:51:56Z
doi:10.1161/atvbaha.108.177113,10.1161/atvbaha.108.177113,188327530,18832753,"Journal Article; Research Support, N.I.H., Extramural; Research Support, Non-U.S. Gov't; Retracted Publication",NHLBI NIH HHS (HL-37981),2026-04-29T05:51:56Z
doi:10.1136/bjo.2005.083519,10.1136/bjo.2005.083519,164245240,16424524,"Journal Article; Research Support, Non-U.S. Gov't; Retracted Publication",,2026-04-29T05:51:56Z
doi:10.1111/j.1365-2141.2007.06798.x,10.1111/j.1365-2141.2007.06798.x,178973120,17897312,"Journal Article; Research Support, N.I.H., Extramural",NHLBI NIH HHS (K01 HL076695-01),2026-04-29T05:51:56Z
doi:10.1093/annonc/mdj965,10.1093/annonc/mdj965,168074380,16807438,"Clinical Trial, Phase III; Comparative Study; Journal Article; Randomized Controlled Trial; Retracted Publication",,2026-04-29T05:51:56Z
doi:10.1111/j.1365-2141.2008.07114.x,10.1111/j.1365-2141.2008.07114.x,184104460,18410446,Journal Article; Retracted Publication,NCI NIH HHS (P01 CA078378); NCI NIH HHS (R01 CA050947),2026-04-29T05:51:56Z
doi:10.1038/sj.bjc.6602376,10.1038/sj.bjc.6602376,157562620,15756262,"Journal Article; Research Support, U.S. Gov't, P.H.S.; Retracted Publication",NCI NIH HHS (P50 CA070907); NCI NIH HHS (P50CA70907),2026-04-29T05:51:56Z
doi:10.1038/sj.bjc.6602837,10.1038/sj.bjc.6602837,162348150,16234815,Comparative Study; Journal Article; Retracted Publication,,2026-04-29T05:51:56Z
doi:10.1038/sj.bjc.6605972,10.1038/sj.bjc.6605972,211025890,21102589,"Journal Article; Research Support, N.I.H., Extramural; Research Support, Non-U.S. Gov't; Retracted Publication",NIEHS NIH HHS (R01 ES015704); NIEHS NIH HHS (ES015704),2026-04-29T05:51:56Z
doi:10.1002/ana.410080324,10.1002/ana.410080324,62544340,6254434,"Journal Article; Research Support, Non-U.S. Gov't; Research Support, U.S. Gov't, P.H.S.; Retracted Publication",NINDS NIH HHS (NS-15245); NCRR NIH HHS (RR-865),2026-04-29T05:51:56Z
doi:10.1161/01.atv.0000175295.09607.18,10.1161/01.atv.0000175295.09607.18,159763270,15976327,"Journal Article; Research Support, N.I.H., Extramural; Research Support, Non-U.S. Gov't; Research Support, U.S. Gov't, P.H.S.; Retracted Publication",NHLBI NIH HHS (HL058000); NHLBI NIH HHS (HL075209); NHLBI NIH HHS (HL60728),2026-04-29T05:51:56Z
doi:10.1161/01.atv.0000132400.25045.2a,10.1161/01.atv.0000132400.25045.2a,151428610,15142861,"Journal Article; Research Support, Non-U.S. Gov't; Research Support, U.S. Gov't, P.H.S.; Retracted Publication",NHLBI NIH HHS (HL60728),2026-04-29T05:51:56Z
doi:10.1161/atvbaha.108.168955,10.1161/atvbaha.108.168955,186358190,18635819,Retraction Notice,,2026-04-29T05:51:56Z
doi:10.1196/annals.1391.019,10.1196/annals.1391.019,179782800,17978280,"Journal Article; Research Support, N.I.H., Extramural; Research Support, Non-U.S. Gov't; Review; Retracted Publication",NCI NIH HHS (3R01CA094397); NCI NIH HHS (5R01CA047407),2026-04-29T05:51:56Z
doi:10.1016/j.bone.2011.03.141,10.1016/j.bone.2011.03.141,215679970,21567997,Conference Proceedings; Overall; Retracted Publication,,2026-04-29T05:51:56Z
doi:10.7326/0003-4819-144-9-200605020-00003,10.7326/0003-4819-144-9-200605020-00003,166701290,16670129,Patient Education Handout; Retracted Publication; Journal Article,,2026-04-29T05:51:56Z
doi:10.7326/0003-4819-123-9-199511010-00005,10.7326/0003-4819-123-9-199511010-00005,75742220,7574222,"Journal Article; Research Support, Non-U.S. Gov't; Research Support, U.S. Gov't, P.H.S.; Retracted Publication",NIA NIH HHS (AG-07857); NIA NIH HHS (KO4-AG00564); NIA NIH HHS (T32-AG00219),2026-04-29T05:51:56Z
doi:10.7326/0003-4819-89-6-867,10.7326/0003-4819-89-6-867,3630070,363007,Case Reports; Journal Article; Retracted Publication,,2026-04-29T05:51:56Z
doi:10.7326/0003-4819-92-6-735,10.7326/0003-4819-92-6-735,69926760,6992676,"Case Reports; Journal Article; Research Support, U.S. Gov't, P.H.S.; Retracted Publication",,2026-04-29T05:51:56Z
pmid:269582670,,269582670,26958267,Journal Article; Retracted Publication,,2026-04-29T05:51:56Z
doi:10.1007/s00705-011-1188-4,10.1007/s00705-011-1188-4,221672500,22167250,Retraction Notice,,2026-04-29T05:51:56Z
doi:10.1136/bcr-2014-208484,10.1136/bcr-2014-208484,256127590,25612759,Journal Article; Retracted Publication,,2026-04-29T05:51:56Z
doi:10.1155/2015/981813,10.1155/2015/981813,267133190,26713319,Journal Article; Retracted Publication; Review,,2026-04-29T05:51:56Z
doi:10.1155/2012/158232,10.1155/2012/158232,230938350,23093835,"Journal Article; Research Support, Non-U.S. Gov't; Retracted Publication",,2026-04-29T05:51:56Z
doi:10.1186/1475-925x-3-13,10.1186/1475-925x-3-13,151257790,15125779,Journal Article; Retracted Publication; Review,,2026-04-29T05:51:56Z
doi:10.1186/1471-2180-10-1,10.1186/1471-2180-10-1,200511070,20051107,"Journal Article; Research Support, Non-U.S. Gov't; Retracted Publication",,2026-04-29T05:51:56Z
doi:10.1016/j.bcmd.2011.03.008,10.1016/j.bcmd.2011.03.008,215928270,21592827,"Comparative Study; Journal Article; Research Support, N.I.H., Extramural; Retracted Publication",NHLBI NIH HHS (5F32HL079771-02); NCRR NIH HHS (P41 RR011823); NIDDK NIH HHS (R01 DK069386); NHGRI NIH HHS (T32-HG00035),2026-04-29T05:51:56Z
doi:10.1016/j.bcmd.2007.05.009,10.1016/j.bcmd.2007.05.009,176443680,17644368,"Journal Article; Research Support, N.I.H., Extramural; Research Support, Non-U.S. Gov't; Retracted Publication",NCI NIH HHS (R01 CA118971); NHLBI NIH HHS (HL54881),2026-04-29T05:51:56Z
doi:10.1111/j.1464-410x.2012.11768.x,10.1111/j.1464-410x.2012.11768.x,233509370,23350937,Journal Article; Multicenter Study; Retracted Publication,NCI NIH HHS (P30 CA016672); NCRR NIH HHS (UL1 RR024148),2026-04-29T05:51:56Z
doi:10.1111/j.1464-410x.2005.05616.x,10.1111/j.1464-410x.2005.05616.x,160427150,16042715,"Journal Article; Research Support, Non-U.S. Gov't; Review; Retracted Publication",,2026-04-29T05:51:56Z
doi:10.1002/bdra.20000,10.1002/bdra.20000,150399260,15039926,"Journal Article; Research Support, Non-U.S. Gov't; Research Support, U.S. Gov't, P.H.S.; Retracted Publication",NHLBI NIH HHS (HL 60752),2026-04-29T05:51:56Z
doi:10.1007/s00449-012-0750-0,10.1007/s00449-012-0750-0,226229630,22622963,Retraction Notice,,2026-04-29T05:51:56Z
doi:10.1002/bip.20647,10.1002/bip.20647,171467870,17146787,Journal Article; Retracted Publication,,2026-04-29T05:51:56Z
doi:10.1208/aapsj070359,10.1208/aapsj070359,163539360,16353936,Journal Article; Retracted Publication; Review,,2026-04-29T05:51:56Z
doi:10.4103/0971-9784.51362,10.4103/0971-9784.51362,196027350,19602735,Journal Article; Retracted Publication,,2026-04-29T05:51:56Z
doi:10.1016/j.athoracsur.2004.04.039,10.1016/j.athoracsur.2004.04.039,154645090,15464509,Comparative Study; Journal Article; Retracted Publication,,2026-04-29T05:51:56Z
doi:10.1007/s10439-010-0197-x,10.1007/s10439-010-0197-x,210464650,21046465,Journal Article; Retracted Publication,NIBIB NIH HHS (R01 EB013011),2026-04-29T05:51:56Z
doi:10.2105/ajph.2015.302623,10.2105/ajph.2015.302623,259738080,25973808,Biography; Historical Article; Journal Article; Retracted Publication,,2026-04-29T05:51:56Z
doi:10.1016/j.bpj.2014.10.054,10.1016/j.bpj.2014.10.054,255171480,25517148,"Journal Article; Research Support, N.I.H., Extramural; Research Support, Non-U.S. Gov't; Retracted Publication",NHLBI NIH HHS (R01-HL089598); NHLBI NIH HHS (R01 HL091947); NHLBI NIH HHS (R01 HL093342); NHLBI NIH HHS (R01 HL089598); NIAMS NIH HHS (R01 AR053933); NHLBI NIH HHS (R01-HL091947); NIAMS NIH HHS (R01AR053933); NHLBI NIH HHS (R01HL093342),2026-04-29T05:51:56Z
doi:10.1529/biophysj.106.086777,10.1529/biophysj.106.086777,168158980,16815898,"Journal Article; Research Support, Non-U.S. Gov't; Research Support, U.S. Gov't, Non-P.H.S.; Retracted Publication",,2026-04-29T05:51:56Z
doi:10.1152/ajpendo.00263.2010,10.1152/ajpendo.00263.2010,206639880,20663988,"Journal Article; Research Support, N.I.H., Extramural; Retracted Publication",NIDDK NIH HHS (DK-07563); NIDDK NIH HHS (DK-50277); NIDDK NIH HHS (DK-59637),2026-04-29T05:51:56Z
doi:10.1152/ajpendo.00163.2012,10.1152/ajpendo.00163.2012,226692460,22669246,"Journal Article; Research Support, N.I.H., Extramural; Retracted Publication",NIDDK NIH HHS (DK-079637); NIDDK NIH HHS (DK-080899); NIDDK NIH HHS (P30 DK079637); NIDDK NIH HHS (DK-077140-02S2); NIDCD NIH HHS (DC-010110); NIDDK NIH HHS (P30 DK072488); NIDDK NIH HHS (P60 DK079637); NIDDK NIH HHS (DK-072488); NIDDK NIH HHS (DK-077140),2026-04-29T05:51:56Z
doi:10.2217/bmm.09.1,10.2217/bmm.09.1,204774990,20477499,Editorial; Retracted Publication,,2026-04-29T05:51:56Z
doi:10.1176/ajp.139.11.1447,10.1176/ajp.139.11.1447,67536120,6753612,"Journal Article; Research Support, U.S. Gov't, P.H.S.; Retracted Publication",NIMH NIH HHS (MH-30915); NIMH NIH HHS (MH-32206),2026-04-29T05:51:56Z
doi:10.1016/j.amepre.2016.05.015,10.1016/j.amepre.2016.05.015,274227020,27422702,Retraction Notice; Journal Article; Retracted Publication,,2026-04-29T05:51:56Z
doi:10.1152/ajpendo.1986.251.1.e104,10.1152/ajpendo.1986.251.1.e104,35242570,3524257,"Journal Article; Research Support, U.S. Gov't, P.H.S.; Retracted Publication",NIADDK NIH HHS (AM-20579); NIADDK NIH HHS (AM-27085); NCRR NIH HHS (RR-00036),2026-04-29T05:51:56Z
pmid:13246270,,13246270,1324627,Comparative Study; Journal Article; Retracted Publication,,2026-04-29T05:51:56Z
doi:10.1016/j.biopsych.2009.07.004,10.1016/j.biopsych.2009.07.004,197165520,19716552,"Journal Article; Research Support, N.I.H., Extramural; Research Support, Non-U.S. Gov't; Retracted Publication",NIMH NIH HHS (R01 MH077681); NIDA NIH HHS (K02 DA000436); NIDA NIH HHS (DA00436); NIMH NIH HHS (MH77681); NIDA NIH HHS (R37 DA014241); NIDA NIH HHS (R01 DA014241); NIDA NIH HHS (DA14241),2026-04-29T05:51:56Z
doi:10.1152/ajpheart.1981.240.3.h399,10.1152/ajpheart.1981.240.3.h399,72120820,7212082,"Journal Article; Research Support, U.S. Gov't, P.H.S.; Retracted Publication",NHLBI NIH HHS (R01-HL-23140),2026-04-29T05:51:56Z
doi:10.1152/ajpcell.00042.2007,10.1152/ajpcell.00042.2007,179779470,17977947,"Journal Article; Research Support, N.I.H., Extramural; Research Support, Non-U.S. Gov't; Retracted Publication",NIDDK NIH HHS (DK-63025); NHLBI NIH HHS (HL-68509); NCRR NIH HHS (P20-RR-105592),2026-04-29T05:51:56Z
doi:10.1152/ajpcell.00211.2006,10.1152/ajpcell.00211.2006,168229470,16822947,"Journal Article; Research Support, N.I.H., Extramural; Retracted Publication",NIDDK NIH HHS (DK-63025); NHLBI NIH HHS (HL-073693); NHLBI NIH HHS (HL-68509); NCRR NIH HHS (RR-O15592),2026-04-29T05:51:56Z
doi:10.1152/ajpcell.00349.2001,10.1152/ajpcell.00349.2001,118802820,11880282,"Journal Article; Research Support, U.S. Gov't, P.H.S.; Retracted Publication",NHLBI NIH HHS (HL-58475); NHLBI NIH HHS (HL-62844); NHLBI NIH HHS (HL-64056),2026-04-29T05:51:56Z
doi:10.1152/ajpcell.00324.2008,10.1152/ajpcell.00324.2008,192619100,19261910,"Journal Article; Research Support, N.I.H., Extramural; Research Support, Non-U.S. Gov't; Retracted Publication",NCI NIH HHS (R03 CA-107989); NCI NIH HHS (R03 CA107989); ODCDC CDC HHS (P30 CD-04660); NIDCD NIH HHS (R01 DC008165); NIDCD NIH HHS (R01 DC-008165),2026-04-29T05:51:56Z
doi:10.1016/j.ajog.2010.11.036,10.1016/j.ajog.2010.11.036,213244340,21324434,Journal Article; Retracted Publication,,2026-04-29T05:51:56Z
doi:10.1016/j.ajog.2004.03.087,10.1016/j.ajog.2004.03.087,152953670,15295367,"Journal Article; Multicenter Study; Research Support, Non-U.S. Gov't; Research Support, U.S. Gov't, P.H.S.; Retracted Publication",NCRR NIH HHS (M01 RR 00997),2026-04-29T05:51:56Z
doi:10.1002/(sici)1096-8628(19961230)66:4403::aid-ajmg43.0.co;2-l,10.1002/(sici)1096-8628(19961230)66:4403::aid-ajmg43.0.co;2-l,89894570,8989457,Case Reports; Journal Article; Retracted Publication,,2026-04-29T05:51:56Z
doi:10.1016/j.ajic.2013.05.023,10.1016/j.ajic.2013.05.023,239734220,23973422,Comparative Study; Journal Article; Multicenter Study; Retracted Publication,,2026-04-29T05:51:56Z
doi:10.1016/s0895-7061(03)00976-2,10.1016/s0895-7061(03)00976-2,129440350,12944035,"Comparative Study; Evaluation Study; Journal Article; Research Support, Non-U.S. Gov't; Research Support, U.S. Gov't, P.H.S.; Retracted Publication",NIDDK NIH HHS (DK 32239); NIDDK NIH HHS (DK 45517),2026-04-29T05:51:56Z
doi:10.1002/ajhb.22458,10.1002/ajhb.22458,241235510,24123551,Journal Article; Retracted Publication,,2026-04-29T05:51:56Z
doi:10.1093/aje/kwq207,10.1093/aje/kwq207,206966510,20696651,"Comparative Study; Journal Article; Research Support, N.I.H., Extramural; Research Support, Non-U.S. Gov't; Research Support, U.S. Gov't, Non-P.H.S.; Retracted Publication",NICHD NIH HHS (HD 553466); NICHD NIH HHS (R01 HD044004); NICHD NIH HHS (HD 44004); NICHD NIH HHS (R01 HD038753); NICHD NIH HHS (HD 38753),2026-04-29T05:51:56Z
doi:10.1016/j.ajpath.2014.08.023,10.1016/j.ajpath.2014.08.023,254511500,25451150,Journal Article; Retracted Publication,,2026-04-29T05:51:56Z
doi:10.1016/j.ahj.2012.06.016,10.1016/j.ahj.2012.06.016,229803060,22980306,"Journal Article; Randomized Controlled Trial; Research Support, N.I.H., Extramural; Research Support, Non-U.S. Gov't; Retracted Publication",,2026-04-29T05:51:56Z
doi:10.1016/0002-8703(84)90421-6,10.1016/0002-8703(84)90421-6,63829900,6382990,"Comparative Study; Journal Article; Research Support, Non-U.S. Gov't; Research Support, U.S. Gov't, Non-P.H.S.; Retracted Publication",,2026-04-29T05:51:56Z
doi:10.1016/0002-8703(84)90632-x,10.1016/0002-8703(84)90632-x,63802550,6380255,"Journal Article; Research Support, Non-U.S. Gov't; Research Support, U.S. Gov't, Non-P.H.S.; Research Support, U.S. Gov't, P.H.S.; Retracted Publication",NHLBI NIH HHS (HL 7447-03),2026-04-29T05:51:56Z
doi:10.1016/0002-8703(83)90278-8,10.1016/0002-8703(83)90278-8,64013720,6401372,Journal Article; Retracted Publication,,2026-04-29T05:51:56Z
doi:10.1016/0002-9343(80)90167-9,10.1016/0002-9343(80)90167-9,69857680,6985768,"Journal Article; Research Support, U.S. Gov't, P.H.S.; Retracted Publication",,2026-04-29T05:51:56Z
doi:10.1097/maj.0b013e31821d677b,10.1097/maj.0b013e31821d677b,216810720,21681072,Journal Article; Review; Retracted Publication,,2026-04-29T05:51:56Z
doi:10.1016/j.biopsych.2005.08.011,10.1016/j.biopsych.2005.08.011,162560750,16256075,"Clinical Trial; Journal Article; Research Support, N.I.H., Extramural; Research Support, Non-U.S. Gov't; Research Support, U.S. Gov't, Non-P.H.S.; Retracted Publication",NIMH NIH HHS (MH056880); NIMH NIH HHS (MH067346); NIMH NIH HHS (MH6237602),2026-04-29T05:51:56Z
doi:10.1016/s0006-3223(02)01912-1,10.1016/s0006-3223(02)01912-1,145122110,14512211,"Comparative Study; Journal Article; Research Support, Non-U.S. Gov't; Research Support, U.S. Gov't, Non-P.H.S.; Research Support, U.S. Gov't, P.H.S.; Retracted Publication",NIMH NIH HHS (1R01 MH56120-02),2026-04-29T05:51:56Z
doi:10.1134/s0006297906130189,10.1134/s0006297906130189,164870610,16487061,Journal Article; Retracted Publication,,2026-04-29T05:51:56Z
doi:10.1098/rsbl.2013.0540,10.1098/rsbl.2013.0540,239452110,23945211,"Journal Article; Research Support, Non-U.S. Gov't; Research Support, U.S. Gov't, Non-P.H.S.; Retracted Publication",,2026-04-29T05:51:56Z
doi:10.1098/rsbl.2010.1204,10.1098/rsbl.2010.1204,213070480,21307048,"Journal Article; Research Support, Non-U.S. Gov't; Retracted Publication",,2026-04-29T05:51:56Z
doi:10.1098/rsbl.2011.0376,10.1098/rsbl.2011.0376,215433930,21543393,Retraction Notice,,2026-04-29T05:51:56Z
doi:10.1134/s0006297909080136,10.1134/s0006297909080136,198176920,19817692,Journal Article; Retracted Publication,,2026-04-29T05:51:56Z
doi:10.1016/j.bcp.2006.12.010,10.1016/j.bcp.2006.12.010,172403590,17240359,"Journal Article; Research Support, N.I.H., Extramural; Research Support, Non-U.S. Gov't; Retracted Publication",NCI NIH HHS (P01 CA 91844); NCI NIH HHS (P50 CA 97007),2026-04-29T05:51:56Z
doi:10.1016/j.bcp.2010.01.023,10.1016/j.bcp.2010.01.023,201054300,20105430,"Journal Article; Research Support, N.I.H., Extramural; Research Support, Non-U.S. Gov't; Retracted Publication",NCI NIH HHS (P01 CA091844); NCI NIH HHS (P01 CA124787); NCI NIH HHS (CA-124787-01A2); NCI NIH HHS (CA-16672),2026-04-29T05:51:56Z
doi:10.1016/j.bcp.2009.08.007,10.1016/j.bcp.2009.08.007,196824340,19682434,"Journal Article; Research Support, N.I.H., Extramural; Research Support, Non-U.S. Gov't; Retracted Publication",NCI NIH HHS (P01 CA124787); NCI NIH HHS (CA-124787-01A2),2026-04-29T05:51:56Z
doi:10.1016/j.bcp.2011.09.001,10.1016/j.bcp.2011.09.001,219242450,21924245,"Journal Article; Research Support, N.I.H., Extramural; Research Support, Non-U.S. Gov't; Retracted Publication",NCI NIH HHS (P01 CA124787); NCI NIH HHS (P30 CA016672); NCI NIH HHS (CA-16 672); NCI NIH HHS (CA-124787-01A2),2026-04-29T05:51:56Z
doi:10.1126/science.1058812,10.1126/science.1058812,113030930,11303093,Journal Article; Retracted Publication,,2026-04-29T05:51:56Z
doi:10.1126/science.290.5493.963,10.1126/science.290.5493.963,110621240,11062124,Journal Article; Retracted Publication,,2026-04-29T05:51:56Z
doi:10.1126/science.1064773,10.1126/science.1064773,115334430,11533443,Journal Article; Retracted Publication,,2026-04-29T05:51:56Z
doi:10.1126/science.287.5455.1022,10.1126/science.287.5455.1022,106694100,10669410,Journal Article; Retracted Publication,,2026-04-29T05:51:56Z
doi:10.1126/science.289.5479.599,10.1126/science.289.5479.599,109156170,10915617,Journal Article; Retracted Publication,,2026-04-29T05:51:56Z
doi:10.1126/science.288.5475.2338,10.1126/science.288.5475.2338,108759120,17769842,Journal Article,,2026-04-29T05:51:56Z
doi:10.1126/science.288.5466.656,10.1126/science.288.5466.656,107844450,10784445,Journal Article; Retracted Publication,,2026-04-29T05:51:56Z
doi:10.1126/science.1066171,10.1126/science.1066171,117018910,11701891,Journal Article; Retracted Publication,,2026-04-29T05:51:56Z
doi:10.1126/science.272.5267.1489,10.1126/science.272.5267.1489,86332430,8633243,"Journal Article; Research Support, Non-U.S. Gov't; Retracted Publication",,2026-04-29T05:51:56Z
doi:10.1126/science.1124755,10.1126/science.1124755,165279830,16527983,"Journal Article; Research Support, N.I.H., Extramural; Research Support, Non-U.S. Gov't; Research Support, U.S. Gov't, Non-P.H.S.; Retracted Publication",NIDCD NIH HHS (R03 DC008700); NIDCD NIH HHS (R21 DC008628),2026-04-29T05:51:56Z
doi:10.1126/science.1089509,10.1126/science.1089509,147265900,14726590,"Journal Article; Research Support, U.S. Gov't, Non-P.H.S.; Research Support, U.S. Gov't, P.H.S.; Retracted Publication",NIAID NIH HHS (5 F32 AI10419); NIGMS NIH HHS (GM66494),2026-04-29T05:51:56Z
doi:10.1126/science.1095374,10.1126/science.1095374,150733720,15073372,Journal Article; Retracted Publication,,2026-04-29T05:51:56Z
doi:10.1126/science.1098432,10.1126/science.1098432,152181490,15218149,"Journal Article; Research Support, U.S. Gov't, Non-P.H.S.; Retracted Publication",,2026-04-29T05:51:56Z
doi:10.1158/1535-7163.mct-10-0124,10.1158/1535-7163.mct-10-0124,208767460,20876746,"Journal Article; Research Support, N.I.H., Extramural; Retracted Publication",NCI NIH HHS (CA089022),2026-04-29T05:51:56Z
doi:10.1016/j.bcp.2009.09.003,10.1016/j.bcp.2009.09.003,197356460,19735646,"Comparative Study; Journal Article; Research Support, N.I.H., Extramural; Research Support, Non-U.S. Gov't; Retracted Publication",NCI NIH HHS (P01 CA124787); NCI NIH HHS (CA-124787-01A2),2026-04-29T05:51:56Z
doi:10.1016/j.bcp.2010.06.022,10.1016/j.bcp.2010.06.022,205997800,20599780,"Journal Article; Research Support, N.I.H., Extramural; Research Support, Non-U.S. Gov't; Retracted Publication",NCI NIH HHS (P01 CA091844); NCI NIH HHS (P01 CA124787); NCI NIH HHS (CA-124787-01A2),2026-04-29T05:51:56Z
doi:10.1016/j.bcp.2011.07.062,10.1016/j.bcp.2011.07.062,218204220,21820422,"Journal Article; Research Support, N.I.H., Extramural; Research Support, Non-U.S. Gov't; Retracted Publication",NCI NIH HHS (P01 CA124787); NCI NIH HHS (CA-124787-01A2),2026-04-29T05:51:56Z
doi:10.1042/bj20051730,10.1042/bj20051730,163515730,16351573,"Journal Article; Research Support, N.I.H., Extramural; Retracted Publication",NIAID NIH HHS (R29 AI044629); NIGMS NIH HHS (T32 GM069331); NIAID NIH HHS (R01 AI044629); NIAID NIH HHS (AI44629); NIGMS NIH HHS (GM665113); NIGMS NIH HHS (GM069331),2026-04-29T05:51:56Z
doi:10.1042/bj20070286,10.1042/bj20070286,175761980,17576198,"Journal Article; Research Support, Non-U.S. Gov't; Retracted Publication",,2026-04-29T05:51:56Z
doi:10.1007/s00402-010-1103-6,10.1007/s00402-010-1103-6,204147820,20414782,Journal Article; Retracted Publication,,2026-04-29T05:51:56Z
doi:10.1038/ajg.2011.51,10.1038/ajg.2011.51,213868290,21386829,Journal Article; Retracted Publication; Review,,2026-04-29T05:51:56Z
doi:10.1016/j.berh.2004.04.005,10.1016/j.berh.2004.04.005,153019840,15301984,Journal Article; Retracted Publication; Review,,2026-04-29T05:51:56Z
doi:10.1016/j.bpobgyn.2004.11.002,10.1016/j.bpobgyn.2004.11.002,157781130,15778113,Journal Article; Retracted Publication; Review,,2026-04-29T05:51:56Z
doi:10.1177/0145445513477421,10.1177/0145445513477421,234605920,23460592,Journal Article,,2026-04-29T05:51:56Z
doi:10.1016/j.bbr.2014.02.052,10.1016/j.bbr.2014.02.052,246324710,24632471,Journal Article; Retracted Publication,NINR NIH HHS (R01 NR007666),2026-04-29T05:51:56Z
doi:10.1007/s00395-012-0318-9,10.1007/s00395-012-0318-9,232032080,23203208,"Journal Article; Research Support, Non-U.S. Gov't; Retracted Publication",,2026-04-29T05:51:56Z
doi:10.1111/j.1742-7843.2010.00562.x,10.1111/j.1742-7843.2010.00562.x,204062090,20406209,Retraction Notice,,2026-04-29T05:51:56Z
doi:10.4161/auto.29414,10.4161/auto.29414,249918300,24991830,Journal Article,NIDDK NIH HHS (R00 DK094980),2026-04-29T05:51:56Z
doi:10.1126/science.1103776,10.1126/science.1103776,156044050,15604405,"Journal Article; Research Support, Non-U.S. Gov't; Research Support, U.S. Gov't, Non-P.H.S.; Retracted Publication",,2026-04-29T05:51:56Z
doi:10.1073/pnas.94.7.3116,10.1073/pnas.94.7.3116,90963550,9096355,Case Reports; Journal Article; Retracted Publication,NCI NIH HHS (R01 CA040453); NCI NIH HHS (R01 CA063503),2026-04-29T05:51:56Z
doi:10.3758/s13414-012-0292-1,10.3758/s13414-012-0292-1,224770580,22477058,"Journal Article; Research Support, N.I.H., Extramural; Retracted Publication",NIMH NIH HHS (R01 MH077105); NIMH NIH HHS (R01 MH077105-01A2),2026-04-29T05:51:56Z
doi:10.1126/science.1120925,10.1126/science.1120925,164844920,16484492,"Journal Article; Research Support, N.I.H., Extramural; Retracted Publication",NICHD NIH HHS (R01 HD21896); NICHD NIH HHS (R01 HD42201); NCRR NIH HHS (R01 RR13438),2026-04-29T05:51:56Z
doi:10.1126/science.1112286,10.1126/science.1112286,159053660,15905366,"Journal Article; Research Support, Non-U.S. Gov't; Retracted Publication",,2026-04-29T05:51:56Z
doi:10.1126/science.1094515,10.1126/science.1094515,149633370,14963337,"Journal Article; Research Support, Non-U.S. Gov't; Retracted Publication",,2026-04-29T05:51:56Z
doi:10.1126/science.293.5536.1793,10.1126/science.293.5536.1793,115468640,11546864,"Journal Article; Research Support, Non-U.S. Gov't; Research Support, U.S. Gov't, Non-P.H.S.; Research Support, U.S. Gov't, P.H.S.; Retracted Publication",NIGMS NIH HHS (GM61905-01),2026-04-29T05:51:56Z
doi:10.1126/science.1119776,10.1126/science.1119776,163735730,16373573,"Journal Article; Research Support, N.I.H., Extramural; Research Support, U.S. Gov't, Non-P.H.S.; Retracted Publication",NIGMS NIH HHS (GM073197); NIGMS NIH HHS (GM67644),2026-04-29T05:51:56Z
doi:10.1126/science.1107733,10.1126/science.1107733,158908840,15890884,"Journal Article; Research Support, Non-U.S. Gov't; Research Support, U.S. Gov't, P.H.S.; Retracted Publication",NIGMS NIH HHS (GM61905),2026-04-29T05:51:56Z
doi:10.1001/archpsyc.1986.01800020071009,10.1001/archpsyc.1986.01800020071009,29363150,2936315,"Journal Article; Research Support, U.S. Gov't, Non-P.H.S.; Research Support, U.S. Gov't, P.H.S.; Retracted Publication",NIMH NIH HHS (MH 23861); NIMH NIH HHS (MH 30854),2026-04-29T05:51:56Z
doi:10.1001/archpsyc.1983.01790030079010,10.1001/archpsyc.1983.01790030079010,63388560,6338856,"Clinical Trial; Journal Article; Randomized Controlled Trial; Research Support, U.S. Gov't, P.H.S.; Retracted Publication",NIMH NIH HHS (MH 32206),2026-04-29T05:51:56Z
doi:10.1126/science.287.5458.1660,10.1126/science.287.5458.1660,106987430,10698743,"Journal Article; Research Support, U.S. Gov't, P.H.S.; Retracted Publication",NIMH NIH HHS (P50 MH068789); NIMH NIH HHS (R01 MH063271); NIMH NIH HHS (MH56608); NIMH NIH HHS (P50 MH44866),2026-04-29T05:51:56Z
doi:10.1126/science.1056430,10.1126/science.1056430,113030940,11303094,Journal Article; Retracted Publication,,2026-04-29T05:51:56Z
doi:10.1126/science.1098225,10.1126/science.1098225,151787510,15178751,"Journal Article; Research Support, Non-U.S. Gov't; Research Support, U.S. Gov't, Non-P.H.S.; Research Support, U.S. Gov't, P.H.S.; Retracted Publication",NIGMS NIH HHS (GM31655); NIGMS NIH HHS (GM32543),2026-04-29T05:51:56Z
doi:10.1126/science.275.5302.990,10.1126/science.275.5302.990,90200840,9020084,"Journal Article; Research Support, Non-U.S. Gov't; Research Support, U.S. Gov't, Non-P.H.S.; Research Support, U.S. Gov't, P.H.S.; Retracted Publication",NCI NIH HHS (CA40453); NCI NIH HHS (CA63503),2026-04-29T05:51:56Z
doi:10.1126/science.1061781,10.1126/science.1061781,114741130,11474113,"Journal Article; Research Support, Non-U.S. Gov't; Research Support, U.S. Gov't, Non-P.H.S.; Research Support, U.S. Gov't, P.H.S.; Retracted Publication",NCI NIH HHS (1 R21 CA84038-01); NCI NIH HHS (CA76204); NCI NIH HHS (T32 CA09056),2026-04-29T05:51:56Z
doi:10.1126/science.1100582,10.1126/science.1100582,156372800,15637280,"Journal Article; Research Support, Non-U.S. Gov't; Retracted Publication",,2026-04-29T05:51:56Z
doi:10.1126/science.1082690,10.1126/science.1082690,128939440,12893944,"Journal Article; Research Support, Non-U.S. Gov't; Research Support, U.S. Gov't, P.H.S.; Retracted Publication",,2026-04-29T05:51:56Z
doi:10.1126/science.1074501,10.1126/science.1074501,123517880,12351788,"Journal Article; Research Support, U.S. Gov't, P.H.S.; Retracted Publication",NIDA NIH HHS (DA 00206); NIDA NIH HHS (DA 09487); NIDA NIH HHS (DA 10217); NIDA NIH HHS (DA 13790); NIDA NIH HHS (DA 5707),2026-04-29T05:51:56Z
doi:10.1126/science.289.5479.613,10.1126/science.289.5479.613,109156230,10915623,"Journal Article; Research Support, U.S. Gov't, Non-P.H.S.; Retracted Publication",,2026-04-29T05:51:56Z
doi:10.1126/science.1064204,10.1126/science.1064204,115772300,11577230,Journal Article; Retracted Publication,,2026-04-29T05:51:56Z
doi:10.1016/0002-9149(80)90511-1,10.1016/0002-9149(80)90511-1,69982720,6998272,"Journal Article; Research Support, Non-U.S. Gov't; Retracted Publication",,2026-04-29T05:51:56Z
doi:10.3945/ajcn.111.030775,10.3945/ajcn.111.030775,228544060,22854406,"Comparative Study; Journal Article; Randomized Controlled Trial; Research Support, N.I.H., Extramural; Research Support, Non-U.S. Gov't; Research Support, U.S. Gov't, Non-P.H.S.; Retracted Publication",NIDDK NIH HHS (DK620021),2026-04-29T05:51:56Z
doi:10.1016/0002-9149(80)90510-x,10.1016/0002-9149(80)90510-x,69982710,6998271,"Comparative Study; Journal Article; Research Support, Non-U.S. Gov't; Retracted Publication",,2026-04-29T05:51:56Z
doi:10.1007/s00253-012-4347-y,10.1007/s00253-012-4347-y,229110940,22911094,Retraction Notice,,2026-04-29T05:51:56Z
doi:10.1128/aem.02433-12,10.1128/aem.02433-12,231839680,23183968,"Journal Article; Research Support, U.S. Gov't, Non-P.H.S.; Retracted Publication",,2026-04-29T05:51:56Z
doi:10.1016/j.appet.2013.08.004,10.1016/j.appet.2013.08.004,239624030,23962403,"Journal Article; Research Support, Non-U.S. Gov't; Research Support, U.S. Gov't, Non-P.H.S.; Retracted Publication",,2026-04-29T05:51:56Z
doi:10.1007/s10495-006-0626-3,10.1007/s10495-006-0626-3,172032450,17203245,"Journal Article; Research Support, Non-U.S. Gov't; Retracted Publication",NCRR NIH HHS (G12 RR003045),2026-04-29T05:51:56Z
doi:10.1007/s10482-013-9972-7,10.1007/s10482-013-9972-7,240000930,24000093,Retraction Notice,,2026-04-29T05:51:56Z
doi:10.1089/ars.2009.2874,10.1089/ars.2009.2874,199294430,19929443,"Journal Article; Research Support, N.I.H., Extramural; Retracted Publication",NIEHS NIH HHS (P30 ES001247); NHLBI NIH HHS (R01 HL080611); NHLBI NIH HHS (R01-HL085613); NIEHS NIH HHS (ES-01247),2026-04-29T05:51:56Z
doi:10.1002/anie.201107937,10.1002/anie.201107937,223118130,22311813,"Journal Article; Research Support, Non-U.S. Gov't; Research Support, U.S. Gov't, Non-P.H.S.; Retracted Publication",,2026-04-29T05:51:56Z
doi:10.1126/science.281.5379.1009,10.1126/science.281.5379.1009,97035010,9703501,"Journal Article; Research Support, U.S. Gov't, P.H.S.; Retracted Publication",NCI NIH HHS (CA40453); NCI NIH HHS (CA70490); NCI NIH HHS (IP50CA58223),2026-04-29T05:51:56Z
doi:10.1089/ars.2006.8.2101,10.1089/ars.2006.8.2101,170343530,17034353,"Comparative Study; Journal Article; Research Support, N.I.H., Extramural; Retracted Publication",NHLBI NIH HHS (HL 34360); NHLBI NIH HHS (HL22559); NHLBI NIH HHS (HL33889); NHLBI NIH HHS (HL56803); NHLBI NIH HHS (HL69910),2026-04-29T05:51:56Z
doi:10.1089/ars.2006.1501,10.1089/ars.2006.1501,172804850,17280485,"Journal Article; Research Support, N.I.H., Extramural; Retracted Publication",NHLBI NIH HHS (HL-22559); NHLBI NIH HHS (HL-33889); NHLBI NIH HHS (HL-69910),2026-04-29T05:51:56Z
pmid:211874570,,211874570,21187457,"Journal Article; Research Support, Non-U.S. Gov't; Retracted Publication",,2026-04-29T05:51:56Z
doi:10.1016/j.athoracsur.2010.05.017,10.1016/j.athoracsur.2010.05.017,209712950,20971295,Case Reports; Journal Article; Retracted Publication,,2026-04-29T05:51:56Z
doi:10.1001/archinte.165.18.2142,10.1001/archinte.165.18.2142,162170050,16217005,"Comparative Study; Journal Article; Multicenter Study; Research Support, N.I.H., Extramural; Research Support, U.S. Gov't, P.H.S.; Retracted Publication",PHS HHS (HE 00278); PHS HHS (HE 04697); PHS HHS (HE 6090),2026-04-29T05:51:56Z
doi:10.1126/science.291.5501.134,10.1126/science.291.5501.134,111415660,11141566,"Journal Article; Research Support, U.S. Gov't, Non-P.H.S.; Retracted Publication",,2026-04-29T05:51:56Z
doi:10.1126/science.11542874,10.1126/science.11542874,115428740,11542874,"Journal Article; Research Support, Non-U.S. Gov't; Research Support, U.S. Gov't, Non-P.H.S.; Retracted Publication",,2026-04-29T05:51:56Z
doi:10.1126/science.288.5468.1058,10.1126/science.288.5468.1058,108075770,10807577,"Journal Article; Research Support, Non-U.S. Gov't; Research Support, U.S. Gov't, P.H.S.; Retracted Publication",,2026-04-29T05:51:56Z
doi:10.1016/0002-9149(80)90431-2,10.1016/0002-9149(80)90431-2,74353900,7435390,"Journal Article; Research Support, U.S. Gov't, P.H.S.; Retracted Publication",NHLBI NIH HHS (R01-HL-23140),2026-04-29T05:51:56Z
doi:10.1016/0002-9149(81)90149-1,10.1016/0002-9149(81)90149-1,72825520,7282552,"Journal Article; Research Support, U.S. Gov't, P.H.S.; Retracted Publication",NHLBI NIH HHS (HL-26215-01); NHLBI NIH HHS (R01-HL-23140),2026-04-29T05:51:56Z
doi:10.1016/j.steroids.2014.03.003,10.1016/j.steroids.2014.03.003,246320250,24632025,Journal Article; Retracted Publication,,2026-04-29T05:51:56Z
doi:10.1634/stemcells.2008-0353,10.1634/stemcells.2008-0353,188184380,18818438,"Journal Article; Research Support, N.I.H., Extramural; Retracted Publication",NCI NIH HHS (CA 124595),2026-04-29T05:51:56Z
doi:10.1089/scd.2012.0416,10.1089/scd.2012.0416,236350870,23635087,Journal Article; Retracted Publication,,2026-04-29T05:51:56Z
doi:10.4315/0362-028x.jfp-15-157,10.4315/0362-028x.jfp-15-157,264081350,26449958,Retraction Notice,,2026-04-29T05:51:56Z
doi:10.1128/jcm.40.12.4493-4498.2002,10.1128/jcm.40.12.4493-4498.2002,124541410,12454141,"Journal Article; Research Support, Non-U.S. Gov't; Research Support, U.S. Gov't, Non-P.H.S.; Retracted Publication",,2026-04-29T05:51:56Z
doi:10.1128/jcm.26.9.1791-1794.1988,10.1128/jcm.26.9.1791-1794.1988,24604960,2460496,Journal Article; Retracted Publication,,2026-04-29T05:51:56Z
doi:10.1080/13607860903046578,10.1080/13607860903046578,204551140,20455114,"Journal Article; Research Support, N.I.H., Extramural; Retracted Publication",NIGMS NIH HHS (2 S06 GM048680-12A1); NIGMS NIH HHS (2T34 GM00835),2026-04-29T05:51:56Z
doi:10.1007/s13277-016-4882-8,10.1007/s13277-016-4882-8,268259830,26825983,Journal Article; Retracted Publication,,2026-04-29T05:51:56Z
doi:10.1083/jcb.200702053,10.1083/jcb.200702053,174706380,17470638,"Journal Article; Research Support, N.I.H., Extramural; Research Support, Non-U.S. Gov't; Research Support, U.S. Gov't, Non-P.H.S.; Retracted Publication",Wellcome Trust (080007); Cancer Research UK (A14492); Wellcome Trust (092096); NIMH NIH HHS (R01 MH073155); NIMH NIH HHS (MH073155),2026-04-29T05:51:56Z
doi:10.1083/jcb.200705182,10.1083/jcb.200705182,179089150,17908915,"Journal Article; Research Support, N.I.H., Extramural; Retracted Publication",NIGMS NIH HHS (R01 GM067735); NIGMS NIH HHS (R01GM67735),2026-04-29T05:51:56Z
doi:10.1083/jcb.200501040,10.1083/jcb.200501040,161577010,16157701,"Comparative Study; Journal Article; Research Support, N.I.H., Extramural; Research Support, Non-U.S. Gov't; Research Support, U.S. Gov't, P.H.S.; Retracted Publication",NCI NIH HHS (P01 CA071907); NCI NIH HHS (R01 CA087952); NCI NIH HHS (CA 71907); NCI NIH HHS (P01 CA023099); NCI NIH HHS (P30 CA021765); NCI NIH HHS (CA 96696); NCI NIH HHS (CA 87952); NCI NIH HHS (CA 23099); NCI NIH HHS (R01 CA096696); NCI NIH HHS (CA 21765),2026-04-29T05:51:56Z
doi:10.1083/jcb.200208180,10.1083/jcb.200208180,126426150,12642615,"Journal Article; Research Support, Non-U.S. Gov't; Research Support, U.S. Gov't, Non-P.H.S.; Research Support, U.S. Gov't, P.H.S.; Retracted Publication",Wellcome Trust (No ID); NIAMS NIH HHS (R01 AR043396); NIAMS NIH HHS (AR43396),2026-04-29T05:51:56Z
doi:10.1083/jcb.151.1.155,10.1083/jcb.151.1.155,110180610,11018061,"Journal Article; Research Support, U.S. Gov't, Non-P.H.S.; Retracted Publication",,2026-04-29T05:51:56Z
doi:10.1083/jcb.6.2.301,10.1083/jcb.6.2.301,138507740,13850774,Journal Article; Retracted Publication,,2026-04-29T05:51:56Z
doi:10.1152/jn.00534.2013,10.1152/jn.00534.2013,241983200,24198320,"Journal Article; Research Support, N.I.H., Extramural; Research Support, Non-U.S. Gov't; Retracted Publication",NEI NIH HHS (5T32 EY-007135); NEI NIH HHS (P30 EY008126),2026-04-29T05:51:56Z
doi:10.1152/jn.00462.2013,10.1152/jn.00462.2013,240479030,24047903,"Journal Article; Research Support, N.I.H., Extramural; Retracted Publication",,2026-04-29T05:51:56Z
doi:10.1152/jn.2000.83.6.3299,10.1152/jn.2000.83.6.3299,108485500,10848550,"Journal Article; Research Support, U.S. Gov't, Non-P.H.S.; Research Support, U.S. Gov't, P.H.S.; Retracted Publication",NINDS NIH HHS (NS-28668),2026-04-29T05:51:56Z
doi:10.1007/s11357-012-9390-1,10.1007/s11357-012-9390-1,223889300,22388930,"Comparative Study; Journal Article; Research Support, N.I.H., Intramural; Retracted Publication",Intramural NIH HHS (No ID),2026-04-29T05:51:56Z
doi:10.1007/s11060-008-9641-2,10.1007/s11060-008-9641-2,185682910,18568291,Journal Article; Retracted Publication; Review,,2026-04-29T05:51:56Z
doi:10.1186/1742-2094-9-223,10.1186/1742-2094-9-223,229996330,22999633,"Journal Article; Research Support, Non-U.S. Gov't; Retracted Publication",,2026-04-29T05:51:56Z
doi:10.1186/1742-2094-11-13,10.1186/1742-2094-11-13,244478800,24447880,"Journal Article; Research Support, N.I.H., Extramural; Research Support, Non-U.S. Gov't; Retracted Publication",NINR NIH HHS (R01 NR005260),2026-04-29T05:51:56Z
doi:10.1016/j.jneuroim.2006.11.030,10.1016/j.jneuroim.2006.11.030,172294710,17229471,"Journal Article; Research Support, N.I.H., Extramural; Retracted Publication",NIEHS NIH HHS (5R21ES01326902),2026-04-29T05:51:56Z
doi:10.1126/science.8171334,10.1126/science.8171334,81713340,8171334,"Journal Article; Research Support, U.S. Gov't, Non-P.H.S.; Research Support, U.S. Gov't, P.H.S.; Retracted Publication",NIGMS NIH HHS (GM13498),2026-04-29T05:51:56Z
doi:10.1126/science.270.5236.628,10.1126/science.270.5236.628,75700190,7570019,"Journal Article; Research Support, U.S. Gov't, P.H.S.; Retracted Publication",NIGMS NIH HHS (GM 13498); NIGMS NIH HHS (GM39451),2026-04-29T05:51:56Z
doi:10.1111/j.1471-4159.2012.07954.x,10.1111/j.1471-4159.2012.07954.x,229246940,22924694,"Journal Article; Research Support, N.I.H., Extramural; Research Support, Non-U.S. Gov't; Research Support, U.S. Gov't, Non-P.H.S.; Retracted Publication",NIAAA NIH HHS (R01 AA012974); NIAAA NIH HHS (R37 AA012974); NIAAA NIH HHS (2R01AA012974),2026-04-29T05:51:56Z
doi:10.1046/j.1471-4159.2001.00435.x,10.1046/j.1471-4159.2001.00435.x,114836460,11483646,"Journal Article; Research Support, Non-U.S. Gov't; Retracted Publication",Telethon (1238),2026-04-29T05:51:56Z
doi:10.1126/science.7680491,10.1126/science.7680491,76804910,7680491,"Journal Article; Research Support, U.S. Gov't, P.H.S.; Retracted Publication",NCI NIH HHS (N0-CO-74101),2026-04-29T05:51:56Z
doi:10.1111/j.1471-4159.2006.04301.x,10.1111/j.1471-4159.2006.04301.x,173163970,17316397,"Journal Article; Research Support, N.I.H., Extramural; Retracted Publication",NIAAA NIH HHS (AA06916); NIAAA NIH HHS (AA07568); NIAAA NIH HHS (AA15245),2026-04-29T05:51:56Z
doi:10.1111/j.1471-4159.1989.tb07431.x,10.1111/j.1471-4159.1989.tb07431.x,27692710,2769271,"Journal Article; Research Support, Non-U.S. Gov't; Retracted Publication",,2026-04-29T05:51:56Z
doi:10.1002/anie.200504033,10.1002/anie.200504033,164705580,16470558,Journal Article; Retracted Publication,,2026-04-29T05:51:56Z
doi:10.1002/anie.200805244,10.1002/anie.200805244,191429220,19142922,"Journal Article; Research Support, N.I.H., Extramural; Research Support, Non-U.S. Gov't; Retracted Publication",PHS HHS (R01A112503-01A2),2026-04-29T05:51:56Z
doi:10.1126/science.1696395,10.1126/science.1696395,16963950,1696395,"Journal Article; Research Support, U.S. Gov't, P.H.S.; Retracted Publication",NIGMS NIH HHS (GM-20168); NIGMS NIH HHS (GM-31768); NCRR NIH HHS (RR0031),2026-04-29T05:51:56Z
doi:10.1126/science.6810463,10.1126/science.6810463,68104630,6810463,"Journal Article; Research Support, Non-U.S. Gov't; Research Support, U.S. Gov't, P.H.S.; Retracted Publication",NCI NIH HHS (CA 09215); NCI NIH HHS (CA 13525); NCI NIH HHS (CA 31867),2026-04-29T05:51:56Z
doi:10.1126/science.6417790,10.1126/science.6417790,64177900,6417790,"Journal Article; Research Support, Non-U.S. Gov't; Research Support, U.S. Gov't, P.H.S.; Retracted Publication",NCI NIH HHS (CA-09215); NCI NIH HHS (CA-13525); NCI NIH HHS (CA-31867),2026-04-29T05:51:56Z
doi:10.1126/science.3047873,10.1126/science.3047873,30478730,3047873,"Journal Article; Research Support, U.S. Gov't, P.H.S.; Retracted Publication",NIAID NIH HHS (AI-24479),2026-04-29T05:51:56Z
doi:10.1126/science.2935936,10.1126/science.2935936,29359360,2935936,"Journal Article; Research Support, U.S. Gov't, P.H.S.; Retracted Publication",NIAID NIH HHS (AI 21226); NCI NIH HHS (CA 40134); NIAID NIH HHS (R0I AI 19807),2026-04-29T05:51:56Z
doi:10.3357/amhp.4075.2015,10.3357/amhp.4075.2015,259467350,25946735,Journal Article; Meta-Analysis; Systematic Review; Retracted Publication,,2026-04-29T05:51:56Z
doi:10.1126/science.6337398,10.1126/science.6337398,63373980,6337398,Journal Article; Retracted Publication,,2026-04-29T05:51:56Z
pmid:191810220,,191810220,19181022,Journal Article; Retracted Publication,,2026-04-29T05:51:56Z
doi:10.1213/ane.0000000000000522,10.1213/ane.0000000000000522,256955710,25695571,"Journal Article; Research Support, Non-U.S. Gov't; Retracted Publication",,2026-04-29T05:51:56Z
pmid:190526490,,190526490,19052649,"Journal Article; Research Support, Non-U.S. Gov't; Retracted Publication",,2026-04-29T05:51:56Z
doi:10.1002/ijc.22031,10.1002/ijc.22031,166460820,16646082,"Journal Article; Research Support, N.I.H., Extramural; Retracted Publication",NCI NIH HHS (CA-17613); NCI NIH HHS (CA106286),2026-04-29T05:51:56Z
doi:10.1002/ijc.21125,10.1002/ijc.21125,158251630,15825163,"Journal Article; Research Support, Non-U.S. Gov't; Retracted Publication",,2026-04-29T05:51:56Z
doi:10.1002/ijc.23107,10.1002/ijc.23107,179351300,17935130,"Journal Article; Research Support, N.I.H., Extramural; Research Support, Non-U.S. Gov't; Retracted Publication",NIAID NIH HHS (AI-32140),2026-04-29T05:51:56Z
doi:10.1002/ijc.21453,10.1002/ijc.21453,161080090,16108009,"Journal Article; Research Support, N.I.H., Extramural; Retracted Publication",NCI NIH HHS (5U01CA8497102); NCI NIH HHS (CA01808); NCI NIH HHS (CA098450); NCI NIH HHS (CA77057); NCI NIH HHS (CA85069); NCI NIH HHS (CA95323),2026-04-29T05:51:56Z
doi:10.1002/ijc.20910,10.1002/ijc.20910,157003110,15700311,"Journal Article; Research Support, N.I.H., Extramural; Research Support, U.S. Gov't, P.H.S.; Retracted Publication",NCI NIH HHS (5U01CA8497102); NCI NIH HHS (CA01808); NCI NIH HHS (CA098450); NCI NIH HHS (CA77057); NCI NIH HHS (CA85069); NCI NIH HHS (CA95323),2026-04-29T05:51:56Z
doi:10.1002/ijc.2910490412,10.1002/ijc.2910490412,16556620,1655662,"Journal Article; Research Support, Non-U.S. Gov't; Research Support, U.S. Gov't, P.H.S.; Retracted Publication",,2026-04-29T05:51:56Z
doi:10.1074/jbc.m111.288522,10.1074/jbc.m111.288522,219086220,21908622,"Journal Article; Research Support, N.I.H., Extramural; Research Support, Non-U.S. Gov't; Retracted Publication",NIGMS NIH HHS (GM087965); NIGMS NIH HHS (R01 GM087965); NIDDK NIH HHS (R37DK056953); NIA NIH HHS (AG030504); NIA NIH HHS (R01 AG030504); NIDDK NIH HHS (R37 DK053953),2026-04-29T05:51:56Z
doi:10.1074/jbc.m206383200,10.1074/jbc.m206383200,124242500,12424250,Journal Article; Retracted Publication,,2026-04-29T05:51:56Z
doi:10.1074/jbc.m404125200,10.1074/jbc.m404125200,152152460,15215246,"Journal Article; Research Support, Non-U.S. Gov't; Retracted Publication",,2026-04-29T05:51:56Z
doi:10.1074/jbc.m403182200,10.1074/jbc.m403182200,152842440,15284244,"Journal Article; Research Support, Non-U.S. Gov't; Retracted Publication",,2026-04-29T05:51:56Z
doi:10.1074/jbc.c800061200,10.1074/jbc.c800061200,184580910,18458091,"Journal Article; Research Support, N.I.H., Extramural; Research Support, Non-U.S. Gov't; Retracted Publication",NCI NIH HHS (R24 CA095823); NHLBI NIH HHS (HL7458); NHLBI NIH HHS (HL076230); NINDS NIH HHS (NS37443),2026-04-29T05:51:56Z
doi:10.1074/jbc.m605000200,10.1074/jbc.m605000200,169120400,16912040,"Journal Article; Research Support, N.I.H., Extramural; Research Support, Non-U.S. Gov't; Research Support, U.S. Gov't, Non-P.H.S.; Retracted Publication",NCI NIH HHS (1R24 CA095823); NINDS NIH HHS (NS 37443),2026-04-29T05:51:56Z
doi:10.1074/jbc.m508829200,10.1074/jbc.m508829200,162936150,16293615,"Journal Article; Research Support, N.I.H., Extramural; Research Support, Non-U.S. Gov't; Research Support, U.S. Gov't, Non-P.H.S.; Retracted Publication",NCI NIH HHS (1R24 CA095823); NINDS NIH HHS (NS 37443),2026-04-29T05:51:56Z
doi:10.1002/ibd.21133,10.1002/ibd.21133,200140200,20014020,"Journal Article; Research Support, N.I.H., Extramural; Research Support, Non-U.S. Gov't; Retracted Publication",NIAID NIH HHS (R01 AI053188); NIDDK NIH HHS (R01 DK054213); NIAID NIH HHS (AI-53188); NCI NIH HHS (P30 CA043703); NIDDK NIH HHS (DK-54213); NCI NIH HHS (P30 CA43703),2026-04-29T05:51:56Z
doi:10.1128/iai.06230-11,10.1128/iai.06230-11,225475470,22547547,"Journal Article; Research Support, N.I.H., Extramural; Research Support, Non-U.S. Gov't; Retracted Publication",NHLBI NIH HHS (R01 HL091958); NHLBI NIH HHS (R01 HL-091958); NHLBI NIH HHS (R01 HL-091958S1),2026-04-29T05:51:56Z
doi:10.1128/iai.01008-13,10.1128/iai.01008-13,240820790,24082079,"Journal Article; Research Support, N.I.H., Extramural; Research Support, Non-U.S. Gov't; Retracted Publication",NIAID NIH HHS (R03 AI097532); NIAID NIH HHS (R15 AI101973); NIAID NIH HHS (AI101973-01); NIAID NIH HHS (AI097532-01A1),2026-04-29T05:51:56Z
doi:10.1128/iai.00206-12,10.1128/iai.00206-12,226152460,22615246,"Journal Article; Research Support, N.I.H., Extramural; Research Support, U.S. Gov't, Non-P.H.S.; Retracted Publication",NIAID NIH HHS (R01 AI033656); NIAID NIH HHS (R29 AI033656); NIAID NIH HHS (AI33656); PHS HHS (R01 A1064478),2026-04-29T05:51:56Z
doi:10.1128/iai.71.7.3748-3756.2003,10.1128/iai.71.7.3748-3756.2003,128190560,12819056,Journal Article; Retracted Publication,,2026-04-29T05:51:56Z
doi:10.1128/iai.69.3.1280-1286.2001,10.1128/iai.69.3.1280-1286.2001,111792890,11179289,"Journal Article; Research Support, Non-U.S. Gov't; Retracted Publication",,2026-04-29T05:51:56Z
doi:10.1128/iai.69.8.4858-4869.2001,10.1128/iai.69.8.4858-4869.2001,114471610,11447161,"Journal Article; Research Support, Non-U.S. Gov't; Research Support, U.S. Gov't, P.H.S.; Retracted Publication",Wellcome Trust (No ID); NIGMS NIH HHS (R01 GM060793); NIAID NIH HHS (AI-28944); NIGMS NIH HHS (GM-60793),2026-04-29T05:51:56Z
doi:10.1128/iai.72.4.2280-2287.2004,10.1128/iai.72.4.2280-2287.2004,150393530,15039353,"Journal Article; Research Support, U.S. Gov't, P.H.S.; Retracted Publication",NIAID NIH HHS (R01 AI048856); NIAID NIH HHS (R01 AI48856),2026-04-29T05:51:56Z
doi:10.1128/iai.65.7.2759-2764.1997,10.1128/iai.65.7.2759-2764.1997,91994470,9199447,"Journal Article; Research Support, U.S. Gov't, P.H.S.; Retracted Publication",NIAID NIH HHS (AI07421); NIAID NIH HHS (AI34503),2026-04-29T05:51:56Z
doi:10.1128/iai.62.2.657-664.1994,10.1128/iai.62.2.657-664.1994,83002220,8300222,"Journal Article; Research Support, Non-U.S. Gov't; Retracted Publication",,2026-04-29T05:51:56Z
doi:10.1128/iai.61.1.338-342.1993,10.1128/iai.61.1.338-342.1993,84180580,8418058,"Journal Article; Research Support, Non-U.S. Gov't; Research Support, U.S. Gov't, P.H.S.; Retracted Publication",NIAID NIH HHS (AI18471); NIAID NIH HHS (AI22801); NIAID NIH HHS (AI30189),2026-04-29T05:51:56Z
doi:10.1074/jbc.m312182200,10.1074/jbc.m312182200,150477080,15047708,"Journal Article; Research Support, Non-U.S. Gov't; Research Support, U.S. Gov't, P.H.S.; Retracted Publication",NINDS NIH HHS (NS37443),2026-04-29T05:51:56Z
doi:10.1074/jbc.m110.144758,10.1074/jbc.m110.144758,208268130,20826813,"Journal Article; Research Support, N.I.H., Extramural; Research Support, Non-U.S. Gov't; Research Support, U.S. Gov't, P.H.S.; Retracted Publication",NCI NIH HHS (BC086398); NCI NIH HHS (CA 096805); NCI NIH HHS (R21 CA135226); NCI NIH HHS (CA 135226); NCI NIH HHS (R01 CA096805),2026-04-29T05:51:56Z
doi:10.1074/jbc.m604013200,10.1074/jbc.m604013200,168826620,16882662,"Journal Article; Research Support, Non-U.S. Gov't; Retracted Publication",,2026-04-29T05:51:56Z
doi:10.1074/jbc.m507617200,10.1074/jbc.m507617200,160614730,16061473,"Journal Article; Research Support, Non-U.S. Gov't; Research Support, U.S. Gov't, Non-P.H.S.; Retracted Publication",,2026-04-29T05:51:56Z
doi:10.1074/jbc.m610308200,10.1074/jbc.m610308200,172372240,17237224,"Journal Article; Research Support, Non-U.S. Gov't; Research Support, U.S. Gov't, Non-P.H.S.; Retracted Publication",,2026-04-29T05:51:56Z
doi:10.1074/jbc.m500253200,10.1074/jbc.m500253200,158668790,15866879,"Journal Article; Research Support, N.I.H., Extramural; Research Support, Non-U.S. Gov't; Research Support, U.S. Gov't, P.H.S.; Retracted Publication",NIAID NIH HHS (R01 AI022160); NIAID NIH HHS (R01 AI037606); NIAID NIH HHS (AI22160); NIAID NIH HHS (R01 AI-37606),2026-04-29T05:51:56Z
doi:10.1016/j.tox.2011.09.033,10.1016/j.tox.2011.09.033,228602550,22860255,Retraction Notice,,2026-04-29T05:51:56Z
doi:10.1093/toxsci/kfu253,10.1093/toxsci/kfu253,254909530,25490953,Retraction Notice,NIEHS NIH HHS (T32 ES007126),2026-04-29T05:51:56Z
doi:10.1074/jbc.m702039200,10.1074/jbc.m702039200,175100580,17510058,"Journal Article; Research Support, N.I.H., Extramural; Research Support, Non-U.S. Gov't; Research Support, U.S. Gov't, Non-P.H.S.; Retracted Publication",NIDDK NIH HHS (DK41430),2026-04-29T05:51:56Z
doi:10.1074/jbc.m610956200,10.1074/jbc.m610956200,172896740,17289674,"Journal Article; Research Support, Non-U.S. Gov't; Retracted Publication",Wellcome Trust (069150/Z/02/Z),2026-04-29T05:51:56Z
doi:10.1186/1472-6939-11-15,10.1186/1472-6939-11-15,208433270,20843327,Journal Article; Retracted Publication,,2026-04-29T05:51:56Z
pmid:103757270,,103757270,10375727,Journal Article; Retracted Publication,,2026-04-29T05:51:56Z
doi:10.1186/1471-2164-15-1089,10.1186/1471-2164-15-1089,254952320,25495232,"Journal Article; Research Support, N.I.H., Extramural; Retracted Publication",NIAID NIH HHS (R01 AI085079),2026-04-29T05:51:56Z
doi:10.1097/00007890-199805150-00003,10.1097/00007890-199805150-00003,96031610,9603161,"Journal Article; Research Support, U.S. Gov't, P.H.S.; Retracted Publication",NIAID NIH HHS (R0I AI39793); NIAID NIH HHS (R0I AII22293),2026-04-29T05:51:56Z
doi:10.1097/00007890-199907270-00009,10.1097/00007890-199907270-00009,104403900,10440390,"Journal Article; Research Support, Non-U.S. Gov't; Research Support, U.S. Gov't, P.H.S.; Retracted Publication",NIAID NIH HHS (R0I AI39793); NIAID NIH HHS (R0I AII22293),2026-04-29T05:51:56Z
doi:10.1097/00007890-199912150-00009,10.1097/00007890-199912150-00009,106099420,10609942,"Journal Article; Research Support, Non-U.S. Gov't; Research Support, U.S. Gov't, P.H.S.; Retracted Publication",NIAID NIH HHS (AI RO1-AI122293),2026-04-29T05:51:56Z
doi:10.1097/00007890-200006270-00007,10.1097/00007890-200006270-00007,109102690,10910269,"Journal Article; Research Support, Non-U.S. Gov't; Research Support, U.S. Gov't, P.H.S.; Retracted Publication",NIDDK NIH HHS (1U19 DK57958); NIAID NIH HHS (AI 22293),2026-04-29T05:51:56Z
doi:10.1097/01.tp.0000122221.28546.6d,10.1097/01.tp.0000122221.28546.6d,151140960,15114096,Clinical Trial; Comparative Study; Journal Article; Randomized Controlled Trial; Retracted Publication,,2026-04-29T05:51:56Z
doi:10.1034/j.1600-0412.2002.810705.x,10.1034/j.1600-0412.2002.810705.x,121908340,12190834,"Journal Article; Research Support, U.S. Gov't, Non-P.H.S.; Research Support, U.S. Gov't, P.H.S.; Retracted Publication; Review",NIA NIH HHS (AG-13978),2026-04-29T05:51:56Z
pmid:16488300,,16488300,1648830,"Journal Article; Research Support, Non-U.S. Gov't; Retracted Publication; Review",,2026-04-29T05:51:56Z
doi:10.1089/105072502320288429,10.1089/105072502320288429,121933010,12193301,"Journal Article; Research Support, Non-U.S. Gov't; Retracted Publication; Review",,2026-04-29T05:51:56Z
doi:10.1126/science.1095678,10.1126/science.1095678,150875070,15087507,"Journal Article; Research Support, Non-U.S. Gov't; Retracted Publication",,2026-04-29T05:51:56Z
doi:10.1126/science.1256151,10.1126/science.1256151,255047210,25504721,"Journal Article; Randomized Controlled Trial; Research Support, Non-U.S. Gov't; Retracted Publication",,2026-04-29T05:51:56Z
doi:10.1016/j.ydbio.2008.11.017,10.1016/j.ydbio.2008.11.017,190731670,19073167,"Journal Article; Research Support, N.I.H., Extramural; Research Support, Non-U.S. Gov't; Retracted Publication",NIDDK NIH HHS (R21 DK068441); NICHD NIH HHS (R21 HD055328); NIDDK NIH HHS (DK068441); NICHD NIH HHS (R21HD055328),2026-04-29T05:51:56Z
doi:10.1126/science.1207934,10.1126/science.1207934,219211930,21921193,"Journal Article; Research Support, Non-U.S. Gov't; Research Support, U.S. Gov't, Non-P.H.S.; Retracted Publication",,2026-04-29T05:51:56Z
doi:10.1126/science.aaa0508,10.1126/science.aaa0508,262729050,26272905,"Journal Article; Research Support, Non-U.S. Gov't; Research Support, U.S. Gov't, Non-P.H.S.; Retracted Publication",,2026-04-29T05:51:56Z
doi:10.1126/science.1095001,10.1126/science.1095001,151432810,15143281,"Journal Article; Research Support, Non-U.S. Gov't; Research Support, U.S. Gov't, P.H.S.; Retracted Publication",NIGMS NIH HHS (GM066204-02),2026-04-29T05:51:56Z
doi:10.1126/science.1117705,10.1126/science.1117705,164979250,16497925,"Journal Article; Research Support, Non-U.S. Gov't; Retracted Publication",,2026-04-29T05:51:56Z
doi:10.1126/science.1173438,10.1126/science.1173438,198929830,19892983,"Journal Article; Research Support, N.I.H., Extramural; Research Support, Non-U.S. Gov't; Research Support, U.S. Gov't, Non-P.H.S.; Retracted Publication",NIGMS NIH HHS (GM55962),2026-04-29T05:51:56Z
doi:10.1126/science.1104696,10.1126/science.1104696,155643120,15564312,"Journal Article; Research Support, U.S. Gov't, Non-P.H.S.; Research Support, U.S. Gov't, P.H.S.; Retracted Publication",NIGMS NIH HHS (GM-057378),2026-04-29T05:51:56Z
doi:10.1126/science.1124529,10.1126/science.1124529,167097780,16709778,Journal Article; Retracted Publication,,2026-04-29T05:51:56Z
doi:10.1126/science.1190532,10.1126/science.1190532,205955790,20595579,Journal Article; Retracted Publication,NIAMS NIH HHS (R01 AR055115),2026-04-29T05:51:56Z
doi:10.1126/science.1179052,10.1126/science.1179052,198157230,19815723,"Journal Article; Research Support, N.I.H., Extramural; Research Support, Non-U.S. Gov't; Research Support, U.S. Gov't, Non-P.H.S.; Retracted Publication",NCI NIH HHS (CA104943); PHS HHS (HHSN26120080001E),2026-04-29T05:51:56Z
doi:10.1016/j.cmet.2014.07.008,10.1016/j.cmet.2014.07.008,251000640,25100064,"Journal Article; Research Support, Non-U.S. Gov't; Research Support, U.S. Gov't, Non-P.H.S.; Retracted Publication",,2026-04-29T05:51:56Z
doi:10.1016/j.cmet.2009.04.010,10.1016/j.cmet.2009.04.010,194909050,19490905,"Journal Article; Research Support, N.I.H., Extramural; Research Support, Non-U.S. Gov't; Retracted Publication",NEI NIH HHS (R01 EY010804); NIA NIH HHS (R01 AG036871); NCI NIH HHS (CA85700); NINDS NIH HHS (R56 NS041777); NINDS NIH HHS (R01 NS041777); NEI NIH HHS (EY10804); NCI NIH HHS (R01 CA085700); NINDS NIH HHS (NS041777),2026-04-29T05:51:56Z
doi:10.1016/j.cmet.2011.11.001,10.1016/j.cmet.2011.11.001,221523040,22152304,Journal Article; Retracted Publication,NIDDK NIH HHS (P30 DK020572); NIDDK NIH HHS (P30 DK063720); NIDDK NIH HHS (R01 DK080427); NIDDK NIH HHS (T32 DK007161),2026-04-29T05:51:56Z
doi:10.1074/jbc.m406397200,10.1074/jbc.m406397200,153426450,15342645,"Journal Article; Research Support, U.S. Gov't, P.H.S.; Retracted Publication",NEI NIH HHS (EY015134); NIGMS NIH HHS (GM66047),2026-04-29T05:51:56Z
doi:10.1074/jbc.m801464200,10.1074/jbc.m801464200,184800560,18480056,"Journal Article; Research Support, N.I.H., Extramural; Retracted Publication",NIGMS NIH HHS (R01 GM034883); NIGMS NIH HHS (GM-34883),2026-04-29T05:51:56Z
doi:10.1213/ane.0b013e3181d5e3ef,10.1213/ane.0b013e3181d5e3ef,204182990,20418299,Journal Article; Randomized Controlled Trial; Retracted Publication,,2026-04-29T05:51:56Z
doi:10.1074/jbc.m000464200,10.1074/jbc.m000464200,107815790,10781579,"Comparative Study; Journal Article; Research Support, U.S. Gov't, P.H.S.; Retracted Publication",NHLBI NIH HHS (HL46213); NHLBI NIH HHS (HL56153); NHLBI NIH HHS (HL56914),2026-04-29T05:51:56Z
doi:10.1074/jbc.m702938200,10.1074/jbc.m702938200,175733440,17573344,"Journal Article; Research Support, N.I.H., Extramural; Research Support, U.S. Gov't, Non-P.H.S.; Retracted Publication",NCI NIH HHS (R01CA100498),2026-04-29T05:51:56Z
doi:10.1074/jbc.m008057200,10.1074/jbc.m008057200,115355830,11535583,"Journal Article; Research Support, Non-U.S. Gov't; Research Support, U.S. Gov't, Non-P.H.S.; Research Support, U.S. Gov't, P.H.S.; Retracted Publication",NCI NIH HHS (CA76204); NCI NIH HHS (R21 CA84038-01),2026-04-29T05:51:56Z
doi:10.1074/jbc.m106610200,10.1074/jbc.m106610200,115095760,11509576,"Journal Article; Research Support, Non-U.S. Gov't; Research Support, U.S. Gov't, P.H.S.; Retracted Publication",NIGMS NIH HHS (GM52309),2026-04-29T05:51:56Z
doi:10.1074/jbc.m005563200,10.1074/jbc.m005563200,110062780,11006278,"Journal Article; Research Support, U.S. Gov't, P.H.S.; Retracted Publication",NIGMS NIH HHS (GM57323),2026-04-29T05:51:56Z
doi:10.1074/jbc.m003211200,10.1074/jbc.m003211200,108494240,10849424,"Journal Article; Research Support, Non-U.S. Gov't; Research Support, U.S. Gov't, P.H.S.; Retracted Publication",NHLBI NIH HHS (HL 61459); PHS HHS (R01 61751),2026-04-29T05:51:56Z
doi:10.1074/jbc.m103321200,10.1074/jbc.m103321200,114619040,11461904,Journal Article; Retracted Publication,,2026-04-29T05:51:56Z
doi:10.1074/jbc.274.11.7196,10.1074/jbc.274.11.7196,100667800,10066780,"Journal Article; Research Support, Non-U.S. Gov't; Research Support, U.S. Gov't, P.H.S.; Retracted Publication",NIDDK NIH HHS (P30-DK50306); NIDDK NIH HHS (R01-DK46704),2026-04-29T05:51:56Z
doi:10.1074/jbc.273.29.18019,10.1074/jbc.273.29.18019,96607560,9660756,"Journal Article; Research Support, Non-U.S. Gov't; Research Support, U.S. Gov't, P.H.S.; Retracted Publication",NIDDK NIH HHS (DK-34642),2026-04-29T05:51:56Z
doi:10.1074/jbc.271.8.4154,10.1074/jbc.271.8.4154,86267560,8626756,"Comparative Study; Journal Article; Research Support, Non-U.S. Gov't; Retracted Publication",,2026-04-29T05:51:56Z
doi:10.1074/jbc.270.40.23761,10.1074/jbc.270.40.23761,75595490,7559549,"Journal Article; Research Support, U.S. Gov't, P.H.S.; Retracted Publication",NHLBI NIH HHS (HL37457),2026-04-29T05:51:56Z
doi:10.1016/s0021-9258(18)54475-6,10.1016/s0021-9258(18)54475-6,16604660,1660466,"Journal Article; Research Support, Non-U.S. Gov't; Research Support, U.S. Gov't, P.H.S.; Retracted Publication",,2026-04-29T05:51:56Z
doi:10.1016/j.cmet.2008.07.002,10.1016/j.cmet.2008.07.002,186807150,18680715,"Journal Article; Research Support, N.I.H., Extramural; Retracted Publication",NIGMS NIH HHS (P50 GM082545); NIDDK NIH HHS (P30 DK072437); NIDDK NIH HHS (SP30DK072437); NIGMS NIH HHS (GM 082545); NIDDK NIH HHS (R01 DK070947); NIDDK NIH HHS (R01 DK020503); NIDDK NIH HHS (DK 070947),2026-04-29T05:51:56Z
doi:10.1016/j.cmet.2011.09.008,10.1016/j.cmet.2011.09.008,220190850,22019085,"Journal Article; Research Support, N.I.H., Extramural; Retracted Publication",NIDDK NIH HHS (R01 DK070947); NIDDK NIH HHS (R01 DK090257); NIDDK NIH HHS (DK070947); NIDDK NIH HHS (DK090257),2026-04-29T05:51:56Z
doi:10.1016/j.cmet.2010.12.003,10.1016/j.cmet.2010.12.003,211953490,21195349,"Journal Article; Research Support, N.I.H., Extramural; Retracted Publication",NIDDK NIH HHS (R01 DK030534); NIDDK NIH HHS (R37 DK030534); NIDDK NIH HHS (DK030534),2026-04-29T05:51:56Z
doi:10.1111/j.1524-475x.2008.00420.x,10.1111/j.1524-475x.2008.00420.x,191282650,19128265,Journal Article; Retracted Publication,NIGMS NIH HHS (R01 GM072194),2026-04-29T05:51:56Z
doi:10.1016/j.wneu.2015.09.051,10.1016/j.wneu.2015.09.051,26409090,26409090,Retraction Notice,,2026-04-29T05:51:56Z
doi:10.1007/s00345-007-0202-7,10.1007/s00345-007-0202-7,176908900,17690890,Journal Article; Retracted Publication,,2026-04-29T05:51:56Z
doi:10.1182/blood-2009-10-246959,10.1182/blood-2009-10-246959,201242190,20124219,"Journal Article; Research Support, N.I.H., Extramural; Research Support, Non-U.S. Gov't; Retracted Publication",NCI NIH HHS (R21 CA124595); NCRR NIH HHS (T32 RR007073); NCRR NIH HHS (R01 RR014324); NIAID NIH HHS (P30 AI073961); NCI NIH HHS (CA124595); NCI NIH HHS (P01 CA100730),2026-04-29T05:51:56Z
doi:10.1182/blood.v97.1.147,10.1182/blood.v97.1.147,111337540,11133754,"Comparative Study; Journal Article; Research Support, Non-U.S. Gov't; Research Support, U.S. Gov't, P.H.S.; Retracted Publication",NIDDK NIH HHS (2RO1DK18951),2026-04-29T05:51:56Z
doi:10.1182/blood-2008-01-133710,10.1182/blood-2008-01-133710,184568740,18456874,"Journal Article; Research Support, N.I.H., Extramural; Research Support, Non-U.S. Gov't; Retracted Publication",NIDDK NIH HHS (T32 DK007260); NIDDK NIH HHS (T32DK07260-29),2026-04-29T05:51:56Z
doi:10.1182/blood-2009-03-209247,10.1182/blood-2009-03-209247,196439880,19643988,"Journal Article; Research Support, N.I.H., Extramural; Research Support, Non-U.S. Gov't; Retracted Publication",NHLBI NIH HHS (F32 HL096416); NCI NIH HHS (CA98543); NCI NIH HHS (CA114766); NCI NIH HHS (U24 CA114766); NHLBI NIH HHS (F32HL096416); NCI NIH HHS (U10 CA098543),2026-04-29T05:51:56Z
doi:10.1182/blood-2005-07-2669,10.1182/blood-2005-07-2669,162637890,16263789,"Comparative Study; Journal Article; Research Support, N.I.H., Extramural; Research Support, U.S. Gov't, P.H.S.; Retracted Publication",NHLBI NIH HHS (R01HL072208); NCBDD CDC HHS (U18 DD00014); NHLBI NIH HHS (U54-HL077878),2026-04-29T05:51:56Z
doi:10.1182/blood-2008-12-192385,10.1182/blood-2008-12-192385,191418610,19141861,"Journal Article; Research Support, N.I.H., Extramural; Research Support, Non-U.S. Gov't; Retracted Publication",NHLBI NIH HHS (K99 HL087618); NHLBI NIH HHS (R01 HL060655); NHLBI NIH HHS (R01 HL078614); NHLBI NIH HHS (HL-87618); NHLBI NIH HHS (P01 HL073750); NHLBI NIH HHS (R01 HL052246); NHLBI NIH HHS (P01 HL016411); NHLBI NIH HHS (HL-60655); NHLBI NIH HHS (P01 HL031950); NHLBI NIH HHS (HL-78614); NHLBI NIH HHS (HL-73750); NIAID NIH HHS (AI-55509); NHLBI NIH HHS (R37 HL052246); NHLBI NIH HHS (R00 HL087618); NHLBI NIH HHS (HL-16411); NHLBI NIH HHS (HL-52246); NHLBI NIH HHS (HL-31950); NIAID NIH HHS (R01 AI055509),2026-04-29T05:51:56Z
doi:10.1182/blood-2009-11-253294,10.1182/blood-2009-11-253294,209623220,20962322,Journal Article; Retracted Publication,,2026-04-29T05:51:56Z
doi:10.1111/j.1365-2036.2007.03513.x,10.1111/j.1365-2036.2007.03513.x,178481830,17848183,Journal Article; Retracted Publication; Review,,2026-04-29T05:51:56Z
doi:10.1046/j.1365-2036.2003.01665.x,10.1046/j.1365-2036.2003.01665.x,12895210,12895212,"Journal Article; Meta-Analysis; Research Support, Non-U.S. Gov't; Research Support, U.S. Gov't, P.H.S.; Retracted Publication",NIDDK NIH HHS (K24 DK02638); NIDDK NIH HHS (R01 DK54681); NCRR NIH HHS (RR00585),2026-04-29T05:51:56Z
doi:10.1093/alcalc/agu019,10.1093/alcalc/agu019,247430290,24743029,"Journal Article; Research Support, N.I.H., Extramural; Retracted Publication",NIAAA NIH HHS (R01AA019458),2026-04-29T05:51:56Z
doi:10.1016/j.cardiores.2004.03.014,10.1016/j.cardiores.2004.03.014,151944590,15194459,"Journal Article; Research Support, Non-U.S. Gov't; Research Support, U.S. Gov't, P.H.S.; Retracted Publication",NHLBI NIH HHS (HL46403); NHLBI NIH HHS (HL50656),2026-04-29T05:51:56Z
doi:10.1074/jbc.m114.582437,10.1074/jbc.m114.582437,250083220,25008322,"Journal Article; Research Support, N.I.H., Extramural; Retracted Publication",NHLBI NIH HHS (R01 HL055236),2026-04-29T05:51:56Z
doi:10.1074/jbc.m806041200,10.1074/jbc.m806041200,187907360,18790736,"Journal Article; Research Support, N.I.H., Extramural; Research Support, Non-U.S. Gov't; Research Support, U.S. Gov't, Non-P.H.S.; Retracted Publication",NCI NIH HHS (CA107078); NCI NIH HHS (CA77935),2026-04-29T05:51:56Z
doi:10.1093/cvr/cvq253,10.1093/cvr/cvq253,206794140,20679414,Retraction Notice,,2026-04-29T05:51:56Z
doi:10.1074/jbc.m109.059675,10.1074/jbc.m109.059675,199401290,19940129,"Journal Article; Research Support, N.I.H., Extramural; Research Support, Non-U.S. Gov't; Research Support, U.S. Gov't, Non-P.H.S.; Retracted Publication",NCI NIH HHS (R01 CA107078); NCI NIH HHS (R01 CA137041); NCI NIH HHS (P50 CA119997); NCI NIH HHS (CA137041); NCI NIH HHS (CA107078),2026-04-29T05:51:56Z
doi:10.1074/jbc.m109.078212,10.1074/jbc.m109.078212,199401560,19940156,"Journal Article; Research Support, N.I.H., Extramural; Research Support, Non-U.S. Gov't; Research Support, U.S. Gov't, Non-P.H.S.; Retracted Publication",NCI NIH HHS (P30 CA076292); NCI NIH HHS (R01 CA137041); NCI NIH HHS (CA137041); NCI NIH HHS (P30-CA076292),2026-04-29T05:51:56Z
doi:10.1074/jbc.m109.094060,10.1074/jbc.m109.094060,200680470,20068047,"Journal Article; Research Support, N.I.H., Extramural; Research Support, Non-U.S. Gov't; Research Support, U.S. Gov't, Non-P.H.S.; Retracted Publication",NCI NIH HHS (R01 CA107078); NCI NIH HHS (R01 CA137041); NCI NIH HHS (P50 CA119997); NCI NIH HHS (CA137041); NCI NIH HHS (CA107078),2026-04-29T05:51:56Z
doi:10.1074/jbc.m110.101055,10.1074/jbc.m110.101055,203716100,20371610,"Journal Article; Research Support, N.I.H., Extramural; Research Support, Non-U.S. Gov't; Research Support, U.S. Gov't, Non-P.H.S.; Retracted Publication",NCI NIH HHS (R01 CA137041); NCI NIH HHS (CA137041),2026-04-29T05:51:56Z
doi:10.1074/jbc.m110.121129,10.1074/jbc.m110.121129,207133530,20713353,"Journal Article; Research Support, N.I.H., Extramural; Research Support, Non-U.S. Gov't; Retracted Publication",NCI NIH HHS (R01 CA137041); NCI NIH HHS (CA137041),2026-04-29T05:51:56Z
doi:10.1074/jbc.m111.287433,10.1074/jbc.m111.287433,219086160,21908616,"Journal Article; Research Support, N.I.H., Extramural; Research Support, Non-U.S. Gov't; Retracted Publication",NCI NIH HHS (P30 CA076292); NCI NIH HHS (R01 CA137041); NCI NIH HHS (CA137041),2026-04-29T05:51:56Z
doi:10.1074/jbc.m111.333922,10.1074/jbc.m111.333922,223346680,22334668,"Journal Article; Research Support, N.I.H., Extramural; Research Support, Non-U.S. Gov't; Retracted Publication",NCI NIH HHS (R01 CA137041); NCI NIH HHS (R01 CA077429); NCI NIH HHS (P30 CA076292); NCI NIH HHS (CA77429); NCI NIH HHS (CA137041),2026-04-29T05:51:56Z
doi:10.1074/jbc.m112.374611,10.1074/jbc.m112.374611,229274430,22927443,"Journal Article; Research Support, N.I.H., Extramural; Research Support, Non-U.S. Gov't; Retracted Publication",NCI NIH HHS (R01 CA137041); NCI NIH HHS (R01 CA160455); NCI NIH HHS (CA114343); NCI NIH HHS (P30 CA076292); NCI NIH HHS (CA137041); NCI NIH HHS (R01 CA114343),2026-04-29T05:51:56Z
doi:10.1074/jbc.m203636200,10.1074/jbc.m203636200,120482030,12048203,"Journal Article; Research Support, U.S. Gov't, Non-P.H.S.; Research Support, U.S. Gov't, P.H.S.; Retracted Publication",NCI NIH HHS (CA77935); NCI NIH HHS (CA89242),2026-04-29T05:51:56Z
doi:10.1038/cgt.2010.13,10.1038/cgt.2010.13,204143250,20414325,"Journal Article; Research Support, N.I.H., Extramural; Retracted Publication",NCI NIH HHS (R01 CA098928); NCI NIH HHS (R01 CA142855); NCI NIH HHS (5R01CA120895); PHS HHS (T-32),2026-04-29T05:51:56Z
doi:10.1158/1055-9965.epi-15-0636,10.1158/1055-9965.epi-15-0636,265985330,26598533,"Journal Article; Research Support, Non-U.S. Gov't; Retracted Publication",Worldwide Cancer Research (12-1155),2026-04-29T05:51:56Z
doi:10.1158/1055-9965.epi-10-0091,10.1158/1055-9965.epi-10-0091,203322690,20332269,"Journal Article; Research Support, N.I.H., Extramural; Research Support, N.I.H., Intramural; Retracted Publication",CCR NIH HHS (HHSN261200800001C); NCI NIH HHS (HHSN261200800001E); Intramural NIH HHS (Z99 CA999999),2026-04-29T05:51:56Z
doi:10.1016/j.bbalip.2011.05.008,10.1016/j.bbalip.2011.05.008,216519890,21651989,"Journal Article; Research Support, N.I.H., Intramural; Retracted Publication",Intramural NIH HHS (No ID),2026-04-29T05:51:56Z
doi:10.1016/j.bbagrm.2013.07.001,10.1016/j.bbagrm.2013.07.001,155073190,15507319,"Journal Article; Research Support, U.S. Gov't, P.H.S.; Retracted Publication",NHLBI NIH HHS (HL48848),2026-04-29T05:51:56Z
doi:10.1074/jbc.m205838200,10.1074/jbc.m205838200,121676640,12167664,"Journal Article; Research Support, U.S. Gov't, Non-P.H.S.; Research Support, U.S. Gov't, P.H.S.; Retracted Publication",NCI NIH HHS (CA77935); NCI NIH HHS (CA89242),2026-04-29T05:51:56Z
doi:10.1074/jbc.m302674200,10.1074/jbc.m302674200,126977490,12697749,"Journal Article; Research Support, U.S. Gov't, Non-P.H.S.; Research Support, U.S. Gov't, P.H.S.; Retracted Publication",NCI NIH HHS (CA77935); NCI NIH HHS (CA89242),2026-04-29T05:51:56Z
doi:10.1074/jbc.m312044200,10.1074/jbc.m312044200,146452420,14645242,"Journal Article; Research Support, Non-U.S. Gov't; Research Support, U.S. Gov't, Non-P.H.S.; Research Support, U.S. Gov't, P.H.S.; Retracted Publication",NCI NIH HHS (CA77935); NCI NIH HHS (CA89242),2026-04-29T05:51:56Z
doi:10.1074/jbc.m500097200,10.1074/jbc.m500097200,157846220,15784622,"Journal Article; Research Support, N.I.H., Extramural; Research Support, U.S. Gov't, Non-P.H.S.; Research Support, U.S. Gov't, P.H.S.; Retracted Publication",NCI NIH HHS (CA107078); NCI NIH HHS (CA77429); NCI NIH HHS (CA77935); NCI NIH HHS (CA89242),2026-04-29T05:51:56Z
doi:10.1074/jbc.m504011200,10.1074/jbc.m504011200,161747740,16174774,"Journal Article; Research Support, N.I.H., Extramural; Research Support, U.S. Gov't, Non-P.H.S.; Retracted Publication",,2026-04-29T05:51:56Z
doi:10.1074/jbc.m700445200,10.1074/jbc.m700445200,173119120,17311912,"Journal Article; Research Support, N.I.H., Extramural; Research Support, U.S. Gov't, Non-P.H.S.; Retracted Publication",,2026-04-29T05:51:56Z
doi:10.1074/jbc.m803547200,10.1074/jbc.m803547200,187762220,18776222,"Journal Article; Research Support, N.I.H., Extramural; Research Support, U.S. Gov't, Non-P.H.S.; Retracted Publication",NCI NIH HHS (CA10708); NCI NIH HHS (CA77935),2026-04-29T05:51:56Z
doi:10.1074/jbc.m306295200,10.1074/jbc.m306295200,129338160,12933816,"Journal Article; Research Support, U.S. Gov't, Non-P.H.S.; Research Support, U.S. Gov't, P.H.S.; Retracted Publication",NCI NIH HHS (CA77935); NCI NIH HHS (CA89242),2026-04-29T05:51:56Z
doi:10.1182/blood-2010-01-265082,10.1182/blood-2010-01-265082,210630290,21063029,"Journal Article; Research Support, N.I.H., Extramural; Retracted Publication",NCI NIH HHS (R01 CA118316); NCI NIH HHS (CA118316); NCI NIH HHS (CA 096805); NCI NIH HHS (CA135226); NCI NIH HHS (R21 CA135226); NCI NIH HHS (CA10941); NCI NIH HHS (R01 CA010941); NCI NIH HHS (R01 CA096805); NHLBI NIH HHS (HL56745); NHLBI NIH HHS (R01 HL056745),2026-04-29T05:51:56Z
doi:10.1016/0167-4838(83)90044-4,10.1016/0167-4838(83)90044-4,64057900,6405790,Journal Article; Retracted Publication,,2026-04-29T05:51:56Z
doi:10.1074/jbc.m114.580175,10.1074/jbc.m114.580175,250965750,25096575,"Journal Article; Research Support, N.I.H., Extramural; Retracted Publication",NIAAA NIH HHS (R01 AA012897); NIAAA NIH HHS (5R01AA012897-10),2026-04-29T05:51:56Z
doi:10.1074/jbc.m109.036541,10.1074/jbc.m109.036541,196412260,19641226,"Journal Article; Research Support, N.I.H., Extramural; Research Support, Non-U.S. Gov't; Retracted Publication",NHLBI NIH HHS (R01 HL089473); NHLBI NIH HHS (R01 HL098279); NHLBI NIH HHS (R01 HL115964); NHLBI NIH HHS (R01 HL68643),2026-04-29T05:51:56Z
doi:10.1074/jbc.m113.539411,10.1074/jbc.m113.539411,244513700,24451370,"Journal Article; Research Support, N.I.H., Extramural; Retracted Publication",NIGMS NIH HHS (R01 GM087470); NIGMS NIH HHS (GM087470),2026-04-29T05:51:56Z
doi:10.1074/jbc.m110.109272,10.1074/jbc.m110.109272,201944990,20194499,"Journal Article; Research Support, N.I.H., Extramural; Research Support, Non-U.S. Gov't; Retracted Publication",NHLBI NIH HHS (HL087823); NHLBI NIH HHS (HL058064); NHLBI NIH HHS (R01 HL087823); NHLBI NIH HHS (P01 HL058064); NHLBI NIH HHS (HL081472); NHLBI NIH HHS (K08 HL081472),2026-04-29T05:51:56Z
doi:10.1074/jbc.m111.325282,10.1074/jbc.m111.325282,222036710,22203671,Journal Article; Retracted Publication,,2026-04-29T05:51:56Z
doi:10.1074/jbc.m111.274613,10.1074/jbc.m111.274613,220655870,22065587,"Journal Article; Research Support, N.I.H., Extramural; Research Support, Non-U.S. Gov't; Retracted Publication",NCI NIH HHS (P01 CA124787); NCI NIH HHS (P30 CA016672); NCI NIH HHS (CA-124787-01A2); NCI NIH HHS (CA-16672),2026-04-29T05:51:56Z
doi:10.1074/jbc.m110.191379,10.1074/jbc.m110.191379,210786640,21078664,"Journal Article; Research Support, N.I.H., Extramural; Research Support, Non-U.S. Gov't; Retracted Publication",NCI NIH HHS (P01 CA124787); NCI NIH HHS (P30 CA016672); NCI NIH HHS (CA016672); NCI NIH HHS (CA-124787-01A2),2026-04-29T05:51:56Z
doi:10.1074/jbc.m110.183699,10.1074/jbc.m110.183699,211567890,21156789,"Journal Article; Research Support, N.I.H., Extramural; Research Support, Non-U.S. Gov't; Retracted Publication",NCI NIH HHS (P01 CA124787); NCI NIH HHS (P30 CA016672); NCI NIH HHS (CA-124787-01A2); NCI NIH HHS (CA-16672),2026-04-29T05:51:56Z
doi:10.1074/jbc.m110.172767,10.1074/jbc.m110.172767,208374730,20837473,"Journal Article; Research Support, N.I.H., Extramural; Research Support, Non-U.S. Gov't; Retracted Publication",NCI NIH HHS (P01 CA124787); NCI NIH HHS (P30 CA016672); NCI NIH HHS (CA-124787-01A2); NCI NIH HHS (CA-16672),2026-04-29T05:51:56Z
doi:10.1074/jbc.m110.158378,10.1074/jbc.m110.158378,207200180,20720018,"Journal Article; Research Support, N.I.H., Extramural; Research Support, Non-U.S. Gov't; Retracted Publication",NCI NIH HHS (P01 CA124787); NCI NIH HHS (CA-16 672); NCI NIH HHS (CA-124787-01A2),2026-04-29T05:51:56Z
doi:10.1074/jbc.m110.121061,10.1074/jbc.m110.121061,205766050,20576605,"Journal Article; Research Support, N.I.H., Extramural; Retracted Publication",NCI NIH HHS (P01 CA124787); NCI NIH HHS (CA-16 672); NCI NIH HHS (CA-124787-01A2),2026-04-29T05:51:56Z
doi:10.1074/jbc.m109.090209,10.1074/jbc.m109.090209,201540870,20154087,"Journal Article; Research Support, N.I.H., Extramural; Research Support, Non-U.S. Gov't; Retracted Publication",NCI NIH HHS (P01 CA124787); NCI NIH HHS (CA-16 672); NCI NIH HHS (CA-124787-01A2),2026-04-29T05:51:56Z
doi:10.1021/bc2001006,10.1021/bc2001006,215171200,21517120,Journal Article; Retracted Publication,,2026-04-29T05:51:56Z
doi:10.1182/blood-2008-10-183772,10.1182/blood-2008-10-183772,191966580,19196658,"Journal Article; Research Support, N.I.H., Extramural; Research Support, Non-U.S. Gov't; Retracted Publication",PHS HHS (P01-78378); NCI NIH HHS (P01 CA155258); PHS HHS (R0-1 50947); NCI NIH HHS (P50 CA100707); NCI NIH HHS (P50CA100707); NCI NIH HHS (P01 CA078378),2026-04-29T05:51:56Z
doi:10.1074/jbc.m109.095208,10.1074/jbc.m109.095208,200653540,20065354,"Journal Article; Research Support, N.I.H., Extramural; Research Support, Non-U.S. Gov't; Retracted Publication",NCI NIH HHS (1P50 CA130805); NCI NIH HHS (CA63753); NCI NIH HHS (R01 CA100866); NCI NIH HHS (R01 CA063753); NCI NIH HHS (R01 CA093738); NCI NIH HHS (CA100866); NCI NIH HHS (P50 CA130805); NCI NIH HHS (R01 CA141703); NCI NIH HHS (P30 CA016059); NCI NIH HHS (CA93738); NIDDK NIH HHS (R01 DK052825); NCI NIH HHS (R01 CA150214),2026-04-29T05:51:56Z
doi:10.1074/jbc.m311780200,10.1074/jbc.m311780200,149905690,14990569,"Journal Article; Research Support, Non-U.S. Gov't; Research Support, U.S. Gov't, P.H.S.; Retracted Publication",NCI NIH HHS (CA 79892); NCI NIH HHS (CA 90631),2026-04-29T05:51:56Z
doi:10.1182/blood.v98.9.2615,10.1182/blood.v98.9.2615,116753290,11675329,"Journal Article; Research Support, Non-U.S. Gov't; Research Support, U.S. Gov't, P.H.S.; Retracted Publication",NIAID NIH HHS (1F31AI/GM10291); NCI NIH HHS (P01-CA-65493-1),2026-04-29T05:51:56Z
doi:10.1074/jbc.m111.218263,10.1074/jbc.m111.218263,213574200,21357420,"Journal Article; Research Support, N.I.H., Extramural; Research Support, Non-U.S. Gov't; Retracted Publication",NHLBI NIH HHS (K08 HL081472); NHLBI NIH HHS (HL081472),2026-04-29T05:51:56Z
doi:10.1074/jbc.m114.607192,10.1074/jbc.m114.607192,253319440,25331944,"Journal Article; Research Support, Non-U.S. Gov't; Retracted Publication",,2026-04-29T05:51:56Z
doi:10.1074/jbc.m115.659011,10.1074/jbc.m115.659011,260881360,26088136,Journal Article; Retracted Publication,,2026-04-29T05:51:56Z
doi:10.1182/blood-2002-04-1255,10.1182/blood-2002-04-1255,,12531802,Retraction Notice,,2026-04-29T05:51:56Z
doi:10.1016/s0169-328x(00)00224-2,10.1016/s0169-328x(00)00224-2,111653660,11165366,"Journal Article; Research Support, Non-U.S. Gov't; Retracted Publication",,2026-04-29T05:51:56Z
doi:10.1016/j.brainres.2006.11.080,10.1016/j.brainres.2006.11.080,172042500,17204250,"Journal Article; Research Support, N.I.H., Extramural; Research Support, Non-U.S. Gov't; Retracted Publication",NINDS NIH HHS (R01 NS042008); NINDS NIH HHS (NS42008),2026-04-29T05:51:56Z
doi:10.1038/ncb2578,10.1038/ncb2578,229831160,22983116,"Journal Article; Research Support, N.I.H., Extramural; Research Support, Non-U.S. Gov't; Retracted Publication",NIDDK NIH HHS (DK067493); NIDDK NIH HHS (R37 DK016746); NCRR NIH HHS (UL1 RR024992); NIDDK NIH HHS (DK016746); NIDDK NIH HHS (R01 DK067493); NCATS NIH HHS (UL1 TR000448); NIDDK NIH HHS (P60 DK020579); NCRR NIH HHS (RR024992); NIDDK NIH HHS (R01 DK016746),2026-04-29T05:51:56Z
doi:10.1038/35004052,10.1038/35004052,107070890,10707089,"Journal Article; Research Support, Non-U.S. Gov't; Research Support, U.S. Gov't, P.H.S.; Retracted Publication",NHLBI NIH HHS (HL03727); NHLBI NIH HHS (HL62494),2026-04-29T05:51:56Z
doi:10.1038/ncb1577,10.1038/ncb1577,174357480,17435748,"Journal Article; Research Support, Non-U.S. Gov't; Retracted Publication",,2026-04-29T05:51:56Z
doi:10.1038/35010529,10.1038/35010529,108064760,10806476,"Journal Article; Research Support, Non-U.S. Gov't; Research Support, U.S. Gov't, Non-P.H.S.; Retracted Publication",,2026-04-29T05:51:56Z
doi:10.1038/35046611,10.1038/35046611,111466620,11146662,"Journal Article; Research Support, Non-U.S. Gov't; Retracted Publication",,2026-04-29T05:51:56Z
doi:10.1074/jbc.m109278200,10.1074/jbc.m109278200,117335190,11733519,"Journal Article; Research Support, U.S. Gov't, P.H.S.; Retracted Publication",NHLBI NIH HHS (HL58475); NHLBI NIH HHS (HL62844); NHLBI NIH HHS (HL64056),2026-04-29T05:51:56Z
doi:10.1074/jbc.m003401200,10.1074/jbc.m003401200,108335230,10833523,"Journal Article; Research Support, U.S. Gov't, P.H.S.; Retracted Publication",NHLBI NIH HHS (HL58475),2026-04-29T05:51:56Z
doi:10.1074/jbc.m202465200,10.1074/jbc.m202465200,119763350,11976335,"Journal Article; Research Support, U.S. Gov't, P.H.S.; Retracted Publication",NHLBI NIH HHS (HL62844),2026-04-29T05:51:56Z
doi:10.1074/jbc.m501238200,10.1074/jbc.m501238200,159705940,15970594,"Journal Article; Research Support, N.I.H., Extramural; Research Support, U.S. Gov't, P.H.S.; Retracted Publication",NHLBI NIH HHS (HL62844); NHLBI NIH HHS (HL64056); NCRR NIH HHS (P20 RR15592),2026-04-29T05:51:56Z
pmid:270695560,,270695560,27069556,Journal Article; Retracted Publication,NCI NIH HHS (P30 CA023074),2026-04-29T05:51:56Z
doi:10.1164/rccm.200901-0116oc,10.1164/rccm.200901-0116oc,197625640,19762564,"Journal Article; Research Support, N.I.H., Extramural; Research Support, Non-U.S. Gov't; Retracted Publication",NIEHS NIH HHS (P30 ES011961); NIEHS NIH HHS (R01 ES016347); NIEHS NIH HHS (ES-011961); NIEHS NIH HHS (ES-016347),2026-04-29T05:51:56Z
doi:10.1164/rccm.200803-380oc,10.1164/rccm.200803-380oc,185566270,18556627,"Journal Article; Research Support, N.I.H., Extramural; Research Support, Non-U.S. Gov't; Retracted Publication",NHLBI NIH HHS (R01HL66554); NIEHS NIH HHS (P50ES015903); NHLBI NIH HHS (R01 HL081205); NHLBI NIH HHS (P50 HL084945); NHLBI NIH HHS (R01HL081205); NHLBI NIH HHS (P50HL084948-01); NCI NIH HHS (R01 CA140492); NHLBI NIH HHS (P50HL084945),2026-04-29T05:51:56Z
doi:10.1213/01.ane.0000144772.13372.f4,10.1213/01.ane.0000144772.13372.f4,157280550,15728055,"Journal Article; Research Support, Non-U.S. Gov't; Retracted Publication",,2026-04-29T05:51:56Z
doi:10.1213/01.ane.0000221167.58135.3d,10.1213/01.ane.0000221167.58135.3d,167906180,16790618,Journal Article; Retracted Publication,,2026-04-29T05:51:56Z
doi:10.1089/aid.1996.12.1571,10.1089/aid.1996.12.1571,89115840,8911584,"Journal Article; Research Support, Non-U.S. Gov't; Research Support, U.S. Gov't, P.H.S.; Retracted Publication",FIC NIH HHS (TW00013),2026-04-29T05:51:56Z
doi:10.1021/bi060547b,10.1021/bi060547b,16906760,16906766,"Comparative Study; Journal Article; Research Support, N.I.H., Extramural; Research Support, Non-U.S. Gov't; Research Support, U.S. Gov't, Non-P.H.S.; Retracted Publication",NIGMS NIH HHS (GM-54217),2026-04-29T05:51:56Z
doi:10.1016/s0006-8993(99)01437-7,10.1016/s0006-8993(99)01437-7,103756460,10375646,"Journal Article; Research Support, Non-U.S. Gov't; Research Support, U.S. Gov't, P.H.S.; Retracted Publication",NINDS NIH HHS (NS 34264),2026-04-29T05:51:56Z
doi:10.1073/pnas.87.23.9290,10.1073/pnas.87.23.9290,21745580,2174558,"Journal Article; Research Support, Non-U.S. Gov't; Research Support, U.S. Gov't, Non-P.H.S.; Research Support, U.S. Gov't, P.H.S.; Retracted Publication",,2026-04-29T05:51:56Z
doi:10.1016/0006-8993(90)91763-7,10.1016/0006-8993(90)91763-7,21780330,2178033,"Journal Article; Research Support, Non-U.S. Gov't; Research Support, U.S. Gov't, Non-P.H.S.; Research Support, U.S. Gov't, P.H.S.; Retracted Publication",NINDS NIH HHS (NS-01218); NINDS NIH HHS (NS-24606); NINDS NIH HHS (NS-24931),2026-04-29T05:51:56Z
doi:10.1213/01.ane.0000265440.98491.e2,10.1213/01.ane.0000265440.98491.e2,175789780,17578978,"Comparative Study; Journal Article; Randomized Controlled Trial; Research Support, Non-U.S. Gov't; Retracted Publication",,2026-04-29T05:51:56Z
doi:10.1213/00000539-200008000-00027,10.1213/00000539-200008000-00027,109108520,10910852,"Clinical Trial; Journal Article; Randomized Controlled Trial; Research Support, Non-U.S. Gov't; Retracted Publication",,2026-04-29T05:51:56Z
doi:10.1097/00000539-199605000-00027,10.1097/00000539-199605000-00027,86108630,8610863,Clinical Trial; Journal Article; Randomized Controlled Trial; Retracted Publication,,2026-04-29T05:51:56Z
doi:10.1213/00000539-200208000-00041,10.1213/00000539-200208000-00041,121450710,12145071,Clinical Trial; Journal Article; Randomized Controlled Trial; Retracted Publication,,2026-04-29T05:51:56Z
doi:10.1213/01.ane.0000194879.85643.ff,10.1213/01.ane.0000194879.85643.ff,164285500,16428550,"Comparative Study; Journal Article; Research Support, Non-U.S. Gov't; Retracted Publication",,2026-04-29T05:51:56Z
doi:10.1213/00000539-199906000-00016,10.1213/00000539-199906000-00016,103573310,10357331,Clinical Trial; Controlled Clinical Trial; Journal Article; Retracted Publication,,2026-04-29T05:51:56Z
doi:10.1213/01.ane.0000265443.20919.c8,10.1213/01.ane.0000265443.20919.c8,175789790,17578979,"Comparative Study; Journal Article; Randomized Controlled Trial; Research Support, Non-U.S. Gov't; Retracted Publication",,2026-04-29T05:51:56Z
doi:10.1213/ane.0b013e318165e208,10.1213/ane.0b013e318165e208,18349200,18349203,"Journal Article; Randomized Controlled Trial; Research Support, Non-U.S. Gov't; Retracted Publication",,2026-04-29T05:51:56Z
doi:10.1213/00000539-200011000-00032,10.1213/00000539-200011000-00032,110499120,11049912,"Clinical Trial; Comparative Study; Journal Article; Randomized Controlled Trial; Research Support, Non-U.S. Gov't; Retracted Publication",,2026-04-29T05:51:56Z
doi:10.1038/cdd.2010.114,10.1038/cdd.2010.114,208650150,20865015,"Journal Article; Research Support, N.I.H., Extramural; Retracted Publication",NIEHS NIH HHS (R01 ES012265),2026-04-29T05:51:56Z
doi:10.1016/0006-8993(92)90858-7,10.1016/0006-8993(92)90858-7,14935430,1493543,"Journal Article; Research Support, Non-U.S. Gov't; Retracted Publication",,2026-04-29T05:51:56Z
doi:10.1093/brain/awn288,10.1093/brain/awn288,190151570,19015157,"Journal Article; Research Support, Non-U.S. Gov't; Retracted Publication",,2026-04-29T05:51:56Z
doi:10.1016/j.cell.2012.02.055,10.1016/j.cell.2012.02.055,225414370,22541437,"Journal Article; Research Support, N.I.H., Extramural; Research Support, Non-U.S. Gov't; Retracted Publication",NIGMS NIH HHS (R01 GM082137); NIGMS NIH HHS (R01 GM018568); NIGMS NIH HHS (R01 GM086258); NIAID NIH HHS (U54 AI057159); NIGMS NIH HHS (GM82137); NIGMS NIH HHS (GM58213); NIAID NIH HHS (AI057159); NIGMS NIH HHS (GM18568); NIGMS NIH HHS (R37 GM018568); NIGMS NIH HHS (R01 GM058213); NIGMS NIH HHS (GM086258),2026-04-29T05:51:56Z
doi:10.1016/j.cell.2009.03.047,10.1016/j.cell.2009.03.047,195245070,19524507,"Journal Article; Research Support, N.I.H., Extramural; Research Support, Non-U.S. Gov't; Research Support, U.S. Gov't, Non-P.H.S.; Retracted Publication",NCI NIH HHS (P01 CA080111); NCI NIH HHS (R01 CA078461),2026-04-29T05:51:56Z
doi:10.1016/j.cell.2010.06.020,10.1016/j.cell.2010.06.020,206554720,20655472,"Journal Article; Research Support, N.I.H., Extramural; Research Support, Non-U.S. Gov't; Retracted Publication",NIA NIH HHS (R01 AG015339),2026-04-29T05:51:56Z
doi:10.1016/j.cell.2011.07.007,10.1016/j.cell.2011.07.007,218162720,21816272,"Journal Article; Research Support, N.I.H., Extramural; Research Support, Non-U.S. Gov't; Retracted Publication",NINDS NIH HHS (R01 NS064433); NIA NIH HHS (AG027476),2026-04-29T05:51:56Z
doi:10.1016/j.cell.2011.03.052,10.1016/j.cell.2011.03.052,215653940,21565394,"Journal Article; Research Support, N.I.H., Extramural; Research Support, N.I.H., Intramural; Retracted Publication",NIMH NIH HHS (P50 MH084020); Autism Speaks (AS7098); NIMH NIH HHS (R01 MH081164); Intramural NIH HHS (No ID); NINDS NIH HHS (R01 NS070301); NICHD NIH HHS (R01 HD069560); NICHD NIH HHS (R21HD065290); NIMH NIH HHS (R01MH081164); NIMH NIH HHS (5P50MH084020-03); NINDS NIH HHS (5R01NS070301-02); NICHD NIH HHS (R21 HD065290),2026-04-29T05:51:56Z
doi:10.1016/j.cell.2010.09.025,10.1016/j.cell.2010.09.025,209332610,20933261,"Journal Article; Research Support, N.I.H., Extramural; Research Support, Non-U.S. Gov't; Retracted Publication",Autism Speaks (AS4813); NIH HHS (DP1 OD003961),2026-04-29T05:51:56Z
doi:10.1016/j.cell.2008.12.021,10.1016/j.cell.2008.12.021,192035840,19203584,"Journal Article; Research Support, N.I.H., Extramural; Research Support, Non-U.S. Gov't; Retracted Publication",Austrian Science Fund FWF (Y 212); NCI NIH HHS (R01 CA162804); NCI NIH HHS (P01 CA092584); NCI NIH HHS (CA50519); NCI NIH HHS (R01 CA050519); NCI NIH HHS (R37 CA050519); NCI NIH HHS (P01-CA92584),2026-04-29T05:51:56Z
doi:10.1016/j.cell.2009.05.029,10.1016/j.cell.2009.05.029,196659710,19665971,"Journal Article; Research Support, Non-U.S. Gov't; Retracted Publication",,2026-04-29T05:51:56Z
doi:10.1016/j.cell.2008.04.038,10.1016/j.cell.2008.04.038,185109290,18510929,"Journal Article; Research Support, N.I.H., Intramural; Retracted Publication",Intramural NIH HHS (NIH0011405438),2026-04-29T05:51:56Z
doi:10.1016/s0092-8674(00)00194-x,10.1016/s0092-8674(00)00194-x,111369760,11136976,"Journal Article; Research Support, Non-U.S. Gov't; Research Support, U.S. Gov't, P.H.S.; Retracted Publication",NIAID NIH HHS (AI 40682); NIAID NIH HHS (AI 43477); NCI NIH HHS (CA-59609),2026-04-29T05:51:56Z
doi:10.1016/j.cell.2008.01.051,10.1016/j.cell.2008.01.051,183588120,18358812,"Journal Article; Research Support, N.I.H., Extramural; Research Support, Non-U.S. Gov't; Retracted Publication",NCI NIH HHS (CA114184); NCI NIH HHS (CA52599); NCI NIH HHS (CA97134); NIDDK NIH HHS (DK39949); NIGMS NIH HHS (GM049369); NHLBI NIH HHS (HL088129); NINDS NIH HHS (NS34934); Howard Hughes Medical Institute (No ID),2026-04-29T05:51:56Z
doi:10.1016/j.cell.2005.11.024,10.1016/j.cell.2005.11.024,164136060,16413606,"Journal Article; Research Support, N.I.H., Extramural; Research Support, Non-U.S. Gov't; Retracted Publication",NIA NIH HHS (AG 021654); NIDDK NIH HHS (DK 20541); NIDDK NIH HHS (DK 33861),2026-04-29T05:51:56Z
doi:10.1016/s0092-8674(00)80827-2,10.1016/s0092-8674(00)80827-2,107868320,10786832,"Journal Article; Research Support, Non-U.S. Gov't; Research Support, U.S. Gov't, Non-P.H.S.; Research Support, U.S. Gov't, P.H.S.; Retracted Publication",NCI NIH HHS (CA40453); NCI NIH HHS (CA63503),2026-04-29T05:51:56Z
doi:10.1016/s0092-8674(03)00350-7,10.1016/s0092-8674(03)00350-7,127577080,12757708,"Journal Article; Research Support, Non-U.S. Gov't; Research Support, U.S. Gov't, Non-P.H.S.; Retracted Publication",,2026-04-29T05:51:56Z
doi:10.1016/s0092-8674(03)00200-9,10.1016/s0092-8674(03)00200-9,126790390,12679039,"Journal Article; Research Support, U.S. Gov't, P.H.S.; Retracted Publication",NIGMS NIH HHS (R01GM33523),2026-04-29T05:51:56Z
doi:10.1016/s0092-8674(02)01037-1,10.1016/s0092-8674(02)01037-1,124088700,12408870,Journal Article; Retracted Publication,,2026-04-29T05:51:56Z
doi:10.1016/s0092-8674(00)80887-9,10.1016/s0092-8674(00)80887-9,108927460,10892746,"Journal Article; Research Support, U.S. Gov't, P.H.S.; Retracted Publication",NCI NIH HHS (CA55908); NCI NIH HHS (CA80058); NIGMS NIH HHS (GM55059),2026-04-29T05:51:56Z
doi:10.1016/s0092-8674(00)81822-x,10.1016/s0092-8674(00)81822-x,89802330,8980233,"Journal Article; Research Support, Non-U.S. Gov't; Research Support, U.S. Gov't, P.H.S.; Retracted Publication",,2026-04-29T05:51:56Z
doi:10.1016/s0092-8674(00)80168-3,10.1016/s0092-8674(00)80168-3,88086280,8808628,"Journal Article; Research Support, Non-U.S. Gov't; Research Support, U.S. Gov't, P.H.S.; Retracted Publication",NIGMS NIH HHS (GM38543),2026-04-29T05:51:56Z
doi:10.1016/0092-8674(90)90066-n,10.1016/0092-8674(90)90066-n,21409570,2140957,"Journal Article; Research Support, U.S. Gov't, P.H.S.; Retracted Publication",,2026-04-29T05:51:56Z
doi:10.1016/0092-8674(91)90265-z,10.1016/0092-8674(91)90265-z,20044180,2004418,"Journal Article; Research Support, Non-U.S. Gov't; Retracted Publication",,2026-04-29T05:51:56Z
doi:10.1016/0092-8674(86)90389-2,10.1016/0092-8674(86)90389-2,30841040,3084104,"Journal Article; Research Support, Non-U.S. Gov't; Research Support, U.S. Gov't, P.H.S.; Retracted Publication",PHS HHS (R01 A119248); PHS HHS (R01 A122632-01); NICHD NIH HHS (R01 HD17704),2026-04-29T05:51:56Z
doi:10.1016/0092-8674(89)90288-2,10.1016/0092-8674(89)90288-2,24782920,2478292,"Journal Article; Research Support, Non-U.S. Gov't; Retracted Publication",,2026-04-29T05:51:56Z
doi:10.1164/rccm.201109-1671oc,10.1164/rccm.201109-1671oc,227737290,22773729,"Journal Article; Research Support, N.I.H., Extramural; Research Support, Non-U.S. Gov't; Retracted Publication",NHLBI NIH HHS (HL-05-009); NHLBI NIH HHS (P50 HL084917); NHLBI NIH HHS (HL086887); NHLBI NIH HHS (R01 HL086887); NIEHS NIH HHS (R01 ES016126); NIAID NIH HHS (AI081672); NHLBI NIH HHS (P50-HL-084917); NIEHS NIH HHS (ES016126); NIAID NIH HHS (P01 AI081672),2026-04-29T05:51:56Z
doi:10.1164/ajrccm.155.2.9032197,10.1164/ajrccm.155.2.9032197,90321970,9032197,"Journal Article; Research Support, U.S. Gov't, P.H.S.; Retracted Publication",NHLBI NIH HHS (KO4 HL03225); NHLBI NIH HHS (R29 HL48959),2026-04-29T05:51:56Z
doi:10.1093/bioinformatics/bts067,10.1093/bioinformatics/bts067,223025700,22302570,Retraction Notice,,2026-04-29T05:51:56Z
doi:10.1164/ajrccm.158.1.9801028,10.1164/ajrccm.158.1.9801028,96557250,9655725,"Journal Article; Research Support, U.S. Gov't, P.H.S.; Retracted Publication",NHLBI NIH HHS (KO4 HL03225); NHLBI NIH HHS (R01 HL56438); NHLBI NIH HHS (R29 HL48959),2026-04-29T05:51:56Z
doi:10.1165/rcmb.2011-0256oc,10.1165/rcmb.2011-0256oc,220528760,22052876,"Journal Article; Research Support, N.I.H., Extramural; Research Support, U.S. Gov't, Non-P.H.S.; Retracted Publication",NIEHS NIH HHS (R01 ES016347); NIEHS NIH HHS (ES-016347),2026-04-29T05:51:56Z
doi:10.1165/rcmb.2004-0345oc,10.1165/rcmb.2004-0345oc,156777670,15677767,"Journal Article; Research Support, Non-U.S. Gov't; Research Support, U.S. Gov't, Non-P.H.S.; Research Support, U.S. Gov't, P.H.S.; Retracted Publication",,2026-04-29T05:51:56Z
doi:10.1165/rcmb.2008-0197oc,10.1165/rcmb.2008-0197oc,187761290,18776129,"Journal Article; Research Support, N.I.H., Extramural; Retracted Publication",NCI NIH HHS (R01 CA116812),2026-04-29T05:51:56Z
doi:10.1152/ajprenal.00233.2015,10.1152/ajprenal.00233.2015,264472180,26447218,"Journal Article; Research Support, N.I.H., Extramural; Research Support, Non-U.S. Gov't; Retracted Publication",NHLBI NIH HHS (HL-077192); NHLBI NIH HHS (HL-087986),2026-04-29T05:51:56Z
doi:10.1152/ajprenal.00711.2012,10.1152/ajprenal.00711.2012,233648030,23364803,"Journal Article; Research Support, N.I.H., Extramural; Research Support, Non-U.S. Gov't; Retracted Publication; Review",NIDDK NIH HHS (R01 DK060635); NIDDK NIH HHS (DK-60635),2026-04-29T05:51:56Z
doi:10.1152/ajpregu.00303.2012,10.1152/ajpregu.00303.2012,240491190,24049119,"Journal Article; Research Support, Non-U.S. Gov't; Research Support, U.S. Gov't, Non-P.H.S.; Retracted Publication",,2026-04-29T05:51:56Z
doi:10.1021/bi3011829,10.1021/bi3011829,230883240,23088324,Retraction Notice,,2026-04-29T05:51:56Z
doi:10.1021/bi062184l,10.1021/bi062184l,172236970,17223697,"Journal Article; Research Support, Non-U.S. Gov't; Retracted Publication",,2026-04-29T05:51:56Z
doi:10.1021/bi972113+,10.1021/bi972113+,94853730,9485373,"Comparative Study; Journal Article; Research Support, U.S. Gov't, P.H.S.; Retracted Publication",NHLBI NIH HHS (HL46213); NHLBI NIH HHS (HL55407); NHLBI NIH HHS (HL56153),2026-04-29T05:51:56Z
doi:10.1021/bi050786j,10.1021/bi050786j,159819930,15981993,"Journal Article; Research Support, N.I.H., Extramural; Research Support, Non-U.S. Gov't; Research Support, U.S. Gov't, Non-P.H.S.; Research Support, U.S. Gov't, P.H.S.; Retracted Publication",NIGMS NIH HHS (GM-54217),2026-04-29T05:51:56Z
doi:10.1152/ajplung.00067.2010,10.1152/ajplung.00067.2010,205430060,20543006,"Journal Article; Research Support, N.I.H., Extramural; Retracted Publication",NHLBI NIH HHS (HL-36982); NIAID NIH HHS (P01 AI081672); NIEHS NIH HHS (ES-16347); NIAID NIH HHS (AI-81672); NHLBI NIH HHS (HL-82504); NHLBI NIH HHS (HL-81763),2026-04-29T05:51:56Z
doi:10.1152/ajplung.00134.2011,10.1152/ajplung.00134.2011,217849660,21784966,"Journal Article; Research Support, N.I.H., Extramural; Retracted Publication",NHLBI NIH HHS (HL086887),2026-04-29T05:51:56Z
doi:10.1152/ajplung.00384.2007,10.1152/ajplung.00384.2007,179935840,17993584,"Journal Article; Research Support, N.I.H., Extramural; Research Support, Non-U.S. Gov't; Retracted Publication",NHLBI NIH HHS (R01 HL067021); NHLBI NIH HHS (R01 HL067281); NHLBI NIH HHS (HL-67281); NHLBI NIH HHS (R01 HL075307); NHLBI NIH HHS (HL-067021); NHLBI NIH HHS (HL-075307),2026-04-29T05:51:56Z
doi:10.1152/ajplung.00017.2008,10.1152/ajplung.00017.2008,183908350,18390835,"Journal Article; Research Support, Non-U.S. Gov't; Research Support, U.S. Gov't, Non-P.H.S.; Retracted Publication",,2026-04-29T05:51:56Z
doi:10.1152/ajplung.00099.2007,10.1152/ajplung.00099.2007,176017990,17601799,"Journal Article; Research Support, N.I.H., Extramural; Research Support, Non-U.S. Gov't; Retracted Publication",NHLBI NIH HHS (R01 HL048848); NHLBI NIH HHS (R01 HL084498); NHLBI NIH HHS (R29 HL048848); NHLBI NIH HHS (HL48848),2026-04-29T05:51:56Z
doi:10.1152/ajplung.00039.2010,10.1152/ajplung.00039.2010,204727080,20472708,Retraction Notice,,2026-04-29T05:51:56Z
doi:10.1152/ajplung.00353.2007,10.1152/ajplung.00353.2007,181925890,18192589,"Journal Article; Research Support, N.I.H., Extramural; Research Support, Non-U.S. Gov't; Retracted Publication",NHLBI NIH HHS (HL-60190); NHLBI NIH HHS (HL-67841); NHLBI NIH HHS (HL-70061); NHLBI NIH HHS (HL-72123),2026-04-29T05:51:56Z
doi:10.1152/ajpheart.00382.2006,10.1152/ajpheart.00382.2006,172090050,17209005,"Journal Article; Research Support, N.I.H., Extramural; Research Support, Non-U.S. Gov't; Retracted Publication",NHLBI NIH HHS (HL 046681); NHLBI NIH HHS (HL 62494); NHLBI NIH HHS (HL-070250),2026-04-29T05:51:56Z
doi:10.1107/s0907444999007064,10.1107/s0907444999007064,103933100,10393310,"Journal Article; Research Support, Non-U.S. Gov't; Research Support, U.S. Gov't, Non-P.H.S.; Research Support, U.S. Gov't, P.H.S.; Retracted Publication",NIAID NIH HHS (AI-32078),2026-04-29T05:51:56Z
doi:10.1152/ajpheart.00777.2008,10.1152/ajpheart.00777.2008,191120960,19112096,"Journal Article; Research Support, N.I.H., Extramural; Research Support, Non-U.S. Gov't; Retracted Publication",NHLBI NIH HHS (HL-37981); NHLBI NIH HHS (HL-54075),2026-04-29T05:51:56Z
doi:10.1074/jbc.274.9.5573,10.1074/jbc.274.9.5573,100261730,10026173,"Journal Article; Research Support, Non-U.S. Gov't; Research Support, U.S. Gov't, P.H.S.; Retracted Publication",NIAID NIH HHS (AI-32078),2026-04-29T05:51:56Z
doi:10.1152/ajpheart.00037.2013,10.1152/ajpheart.00037.2013,235041790,23504179,Retraction Notice,,2026-04-29T05:51:56Z
doi:10.1152/ajpheart.01200.2007,10.1152/ajpheart.01200.2007,180838950,18083895,"Comparative Study; Journal Article; Research Support, N.I.H., Extramural; Research Support, Non-U.S. Gov't; Retracted Publication",NHLBI NIH HHS (HL-068936); NHLBI NIH HHS (HL-22559); NHLBI NIH HHS (HL-33889); NHLBI NIH HHS (HL-69910),2026-04-29T05:51:56Z
doi:10.1152/ajpheart.00399.2006,10.1152/ajpheart.00399.2006,167666420,16766642,"Journal Article; Research Support, N.I.H., Extramural; Retracted Publication",NHLBI NIH HHS (HL-22559); NHLBI NIH HHS (HL-33889); NHLBI NIH HHS (HL-34360); NHLBI NIH HHS (HL-79063),2026-04-29T05:51:56Z
doi:10.1006/jmbi.2000.3924,10.1006/jmbi.2000.3924,109667820,10966782,Journal Article; Retracted Publication,,2026-04-29T05:51:56Z
doi:10.1038/nature05258,10.1038/nature05258,170511520,17051152,"Journal Article; Research Support, N.I.H., Extramural; Research Support, Non-U.S. Gov't; Retracted Publication",Wellcome Trust (No ID),2026-04-29T05:51:56Z
doi:10.1016/j.actbio.2014.12.010,10.1016/j.actbio.2014.12.010,255344700,25534470,"Journal Article; Research Support, Non-U.S. Gov't; Retracted Publication",,2026-04-29T05:51:56Z
doi:10.1021/bi9616615,10.1021/bi9616615,88858440,8885844,"Journal Article; Research Support, Non-U.S. Gov't; Research Support, U.S. Gov't, P.H.S.; Retracted Publication",NCI NIH HHS (CA06927); NCI NIH HHS (CA63173),2026-04-29T05:51:56Z
doi:10.1021/bi9618528,10.1021/bi9618528,89092980,8909298,"Journal Article; Research Support, Non-U.S. Gov't; Research Support, U.S. Gov't, P.H.S.; Retracted Publication",NCI NIH HHS (CA06927); NCI NIH HHS (CA63173),2026-04-29T05:51:56Z
doi:10.1016/j.bbrc.2014.10.109,10.1016/j.bbrc.2014.10.109,254506850,25450685,Journal Article; Retracted Publication,,2026-04-29T05:51:56Z
doi:10.1016/j.bbrc.2008.03.120,10.1016/j.bbrc.2008.03.120,183873580,18387358,"Journal Article; Research Support, N.I.H., Extramural; Retracted Publication",NIA NIH HHS (R01 AG021912); NIEHS NIH HHS (ES012241); NHLBI NIH HHS (R01 HL084498); NIA NIH HHS (AG21912); NHLBI NIH HHS (HL084498); NIEHS NIH HHS (R01 ES012241); NHLBI NIH HHS (R29 HL048848); NHLBI NIH HHS (R01 HL048848); NHLBI NIH HHS (HL48848),2026-04-29T05:51:56Z
doi:10.1016/j.bbrc.2012.04.068,10.1016/j.bbrc.2012.04.068,225488000,22548800,Journal Article; Retracted Publication,,2026-04-29T05:51:56Z
doi:10.1016/j.bbrc.2008.05.095,10.1016/j.bbrc.2008.05.095,185140610,18514061,"Journal Article; Research Support, N.I.H., Extramural; Research Support, Non-U.S. Gov't; Retracted Publication",NCCIH NIH HHS (R01 AT001846); NCCIH NIH HHS (F31-AT003977-01),2026-04-29T05:51:56Z
doi:10.1021/nn103585f,10.1021/nn103585f,216961500,21696150,"Journal Article; Research Support, N.I.H., Extramural; Research Support, Non-U.S. Gov't; Retracted Publication",NCI NIH HHS (R01 CA107621); NCI NIH HHS (R01CA107621),2026-04-29T05:51:56Z
doi:10.1021/nn900887m,10.1021/nn900887m,197723050,19772305,"Journal Article; Research Support, Non-U.S. Gov't; Research Support, U.S. Gov't, Non-P.H.S.; Retracted Publication",,2026-04-29T05:51:56Z
doi:10.1021/nn200681p,10.1021/nn200681p,216190610,21619061,Retraction Notice,,2026-04-29T05:51:56Z
doi:10.1016/j.bbrc.2007.03.138,10.1016/j.bbrc.2007.03.138,174180970,17418097,Journal Article; Retracted Publication,,2026-04-29T05:51:56Z
doi:10.1152/ajpheart.01285.2004,10.1152/ajpheart.01285.2004,157089530,15708953,"Journal Article; Research Support, N.I.H., Extramural; Research Support, U.S. Gov't, P.H.S.; Retracted Publication",NHLBI NIH HHS (HL-22559); NHLBI NIH HHS (HL-33889); NHLBI NIH HHS (HL-56803); NHLBI NIH HHS (HL-63317); NHLBI NIH HHS (HL-68936); NHLBI NIH HHS (HL-69910),2026-04-29T05:51:56Z
doi:10.1152/ajpheart.01012.2001,10.1152/ajpheart.01012.2001,120038020,12003802,"Journal Article; Research Support, U.S. Gov't, P.H.S.; Retracted Publication",NHLBI NIH HHS (HL-22559); NHLBI NIH HHS (HL-33889); NHLBI NIH HHS (HL-56322); NHLBI NIH HHS (HL-56803),2026-04-29T05:51:56Z
doi:10.1007/s00261-005-0385-6,10.1007/s00261-005-0385-6,163336960,16333696,Journal Article; Retracted Publication; Review,,2026-04-29T05:51:56Z
doi:10.1016/j.bbrc.2009.01.151,10.1016/j.bbrc.2009.01.151,192850230,19285023,"Journal Article; Research Support, Non-U.S. Gov't; Retracted Publication",,2026-04-29T05:51:56Z
doi:10.1016/j.bbrc.2009.02.083,10.1016/j.bbrc.2009.02.083,192368480,19236848,"Journal Article; Research Support, Non-U.S. Gov't; Retracted Publication",,2026-04-29T05:51:56Z
doi:10.1016/j.bbrc.2006.06.142,10.1016/j.bbrc.2006.06.142,168427430,16842743,"Journal Article; Research Support, Non-U.S. Gov't; Retracted Publication",,2026-04-29T05:51:56Z
doi:10.1126/science.283.5400.357,10.1126/science.283.5400.357,98888450,9888845,"Journal Article; Research Support, Non-U.S. Gov't; Research Support, U.S. Gov't, P.H.S.; Comment; Retracted Publication",NIAID NIH HHS (AI33856); NIAID NIH HHS (AI41165),2026-04-29T05:51:56Z
doi:10.1006/bbrc.2001.5190,10.1006/bbrc.2001.5190,114448670,11444867,"Journal Article; Research Support, U.S. Gov't, P.H.S.; Retracted Publication",NIDDK NIH HHS (DK-45334); NIDDK NIH HHS (P30 DK48522),2026-04-29T05:51:56Z
doi:10.1016/s0006-291x(05)81226-4,10.1016/s0006-291x(05)81226-4,19985090,1998509,"Comparative Study; Journal Article; Research Support, U.S. Gov't, P.H.S.; Retracted Publication",NIAMS NIH HHS (AR 32858),2026-04-29T05:51:56Z
doi:10.1152/ajpheart.00497.2008,10.1152/ajpheart.00497.2008,187758490,18775849,Retraction Notice,,2026-04-29T05:51:56Z
doi:10.1016/0006-291x(89)92008-1,10.1016/0006-291x(89)92008-1,26657420,2665742,"Journal Article; Research Support, Non-U.S. Gov't; Research Support, U.S. Gov't, P.H.S.; Retracted Publication",NIDDK NIH HHS (DK 36836); NEI NIH HHS (EY-05110),2026-04-29T05:51:56Z
doi:10.1126/science.1185880,10.1126/science.1185880,204134580,20413458,"Journal Article; Research Support, N.I.H., Extramural; Research Support, Non-U.S. Gov't; Research Support, U.S. Gov't, Non-P.H.S.; Retracted Publication",NIAID NIH HHS (AI43288),2026-04-29T05:51:56Z
doi:10.1002/jcp.22146,10.1002/jcp.22146,204324450,20432445,Journal Article; Retracted Publication; Review,,2026-04-29T05:51:56Z
doi:10.1152/jappl.1982.52.2.370,10.1152/jappl.1982.52.2.370,70377140,7037714,"Journal Article; Research Support, Non-U.S. Gov't; Research Support, U.S. Gov't, P.H.S.; Retracted Publication",NHLBI NIH HHS (HL-07421); NHLBI NIH HHS (HL-14214 (SCOR)),2026-04-29T05:51:56Z
doi:10.1152/jappl.1979.46.2.227,10.1152/jappl.1979.46.2.227,2178540,217854,"Journal Article; Research Support, U.S. Gov't, P.H.S.; Retracted Publication",,2026-04-29T05:51:56Z
doi:10.1002/jcb.21852,10.1002/jcb.21852,186365470,18636547,"Journal Article; Research Support, N.I.H., Extramural; Research Support, Non-U.S. Gov't; Retracted Publication",NCI NIH HHS (R01 CA102325); NCI NIH HHS (R01 CA106280),2026-04-29T05:51:56Z
doi:10.1534/genetics.120.303481,10.1534/genetics.120.303481,32763908,32763908,"Journal Article; Research Support, N.I.H., Extramural; Research Support, U.S. Gov't, Non-P.H.S.; Retracted Publication",NIDDK NIH HHS (P30 DK056350); NIDDK NIH HHS (R01 DK105965); NHLBI NIH HHS (R01 HL128572),2026-04-30T05:11:41Z
doi:10.1038/s41586-024-07207-4,10.1038/s41586-024-07207-4,38509376,38509376,"Journal Article; Research Support, N.I.H., Intramural; Retracted Publication",NINDS NIH HHS (F99 NS124172); NIDCD NIH HHS (R01 DC020333); NINDS NIH HHS (R01 NS102488); NINDS NIH HHS (R01 NS108424),2026-04-30T05:11:43Z
doi:10.1016/j.envres.2024.119481,10.1016/j.envres.2024.119481,38917930,38917930,Journal Article; Review; Retracted Publication,,2026-04-30T05:11:44Z
doi:10.3390/ph16070925,10.3390/ph16070925,37513837,37513837,Journal Article; Retracted Publication,,2026-04-30T05:11:45Z
doi:10.1172/jci98727,10.1172/jci98727,29649003,29649003,"Journal Article; Research Support, N.I.H., Extramural; Research Support, Non-U.S. Gov't; Retracted Publication",NCI NIH HHS (P30 CA023168); NCI NIH HHS (P30 CA082709); NCI NIH HHS (R01 CA203737); NCI NIH HHS (R01 CA206366),2026-04-30T05:11:46Z
doi:10.1172/jci146832,10.1172/jci146832,33830945,33830945,"Journal Article; Research Support, Non-U.S. Gov't; Retracted Publication",,2026-04-30T05:11:47Z
doi:10.3390/ijms21207761,10.3390/ijms21207761,33092214,33092214,Journal Article; Retracted Publication,,2026-04-30T05:11:49Z
doi:10.1136/openhrt-2016-000521,10.1136/openhrt-2016-000521,28674616,28674616,Journal Article; Retracted Publication,,2026-04-30T05:11:50Z
doi:10.3389/fpubh.2019.00076,10.3389/fpubh.2019.00076,31024877,31024877,Journal Article; Retracted Publication,,2026-04-30T05:11:52Z
doi:10.3389/fmolb.2023.1189527,10.3389/fmolb.2023.1189527,37333018,37333018,Journal Article; Retracted Publication,,2026-04-30T05:11:53Z
doi:10.3389/fphar.2019.01071,10.3389/fphar.2019.01071,31607920,31607920,Journal Article; Retracted Publication,,2026-04-30T05:11:54Z
doi:10.3389/fcimb.2016.00011,10.3389/fcimb.2016.00011,26904510,26904510,"Journal Article; Research Support, Non-U.S. Gov't; Retracted Publication",,2026-04-30T05:11:54Z
doi:10.3389/fnins.2018.00492,10.3389/fnins.2018.00492,30087588,30087588,Journal Article; Retracted Publication,,2026-04-30T05:11:56Z
doi:10.3389/fnins.2018.00127,10.3389/fnins.2018.00127,29556174,29556174,Journal Article; Retracted Publication,,2026-04-30T05:11:56Z
doi:10.7759/cureus.83757,10.7759/cureus.83757,40486440,40486440,Journal Article; Retracted Publication,,2026-04-30T05:11:57Z
doi:10.1007/s12032-024-02563-7,10.1007/s12032-024-02563-7,39614949,39614949,Journal Article; Retracted Publication,,2026-04-30T05:11:58Z
doi:10.26508/lsa.201900350,10.26508/lsa.201900350,31085559,31085559,"Journal Article; Research Support, N.I.H., Extramural; Retracted Publication",NCATS NIH HHS (UL1 TR001863); NHLBI NIH HHS (R01 HL109233); NHLBI NIH HHS (U01 HL108638); NIGMS NIH HHS (T32 GM065085); NIGMS NIH HHS (P20 GM103652); NHLBI NIH HHS (R01 HL115813); NHLBI NIH HHS (P01 HL114501),2026-04-30T05:11:59Z
doi:10.1007/s10936-021-09770-7,10.1007/s10936-021-09770-7,33511547,33511547,Journal Article,,2026-04-30T05:12:01Z
doi:10.1016/j.jhazmat.2021.127294,10.1016/j.jhazmat.2021.127294,34592595,34592595,"Journal Article; Research Support, Non-U.S. Gov't; Retracted Publication",,2026-04-30T05:12:02Z
doi:10.21203/rs.3.rs-5468245/v1,10.21203/rs.3.rs-5468245/v1,,36284789,Journal Article,"National Centre for the Replacement, Refinement and Reduction of Animals in Research (NC/P001076/1); Biotechnology and Biological Sciences Research Council (BBS/E/T/000PR9817); Wellcome Trust (209558/Z/17/Z); HCRW_ (RFPPB-18-1497(T)); Medical Research Council (MR/S036954/1); Medical Research Council (MR/K010468/1)",2026-04-30T05:12:03Z
doi:10.3389/fcell.2021.671704,10.3389/fcell.2021.671704,34235146,34235146,Journal Article; Retracted Publication,,2026-04-30T05:12:05Z
doi:10.3389/fimmu.2020.552205,10.3389/fimmu.2020.552205,33117341,33117341,"Journal Article; Research Support, Non-U.S. Gov't; Retracted Publication",Department of Health (No ID); Medical Research Council (No ID),2026-04-30T05:12:06Z
doi:10.3389/fnins.2020.00286,10.3389/fnins.2020.00286,32296304,32296304,Journal Article; Retracted Publication,NIA NIH HHS (P30 AG062429); NIA NIH HHS (R01 AG018440); NIA NIH HHS (R37 AG018440),2026-04-30T05:12:07Z
doi:10.1055/s-0037-1605575,10.1055/s-0037-1605575,28787749,28787749,Journal Article; Randomized Controlled Trial; Retracted Publication,,2026-04-30T05:12:08Z
doi:10.3389/fnagi.2022.836634,10.3389/fnagi.2022.836634,35299945,35299945,Journal Article; Retracted Publication,,2026-04-30T05:12:09Z
doi:10.1038/s41598-024-65834-3,10.1038/s41598-024-65834-3,38956110,38956110,Journal Article; Retracted Publication,"This work was financial supported under project No. (RSP2024R48), King Saud University, Riyadh, Saudi Arabia. (project No. (RSP2024R48))",2026-04-30T05:12:10Z
doi:10.1371/journal.pone.0087979,10.1371/journal.pone.0087979,24505341,24505341,"Journal Article; Research Support, Non-U.S. Gov't; Retracted Publication",,2026-04-30T05:12:11Z
doi:10.1371/journal.ppat.1000977,10.1371/journal.ppat.1000977,20625387,20625387,"Journal Article; Research Support, Non-U.S. Gov't; Retracted Publication",,2026-04-30T05:12:12Z
doi:10.21203/rs.3.rs-127973/v1,10.21203/rs.3.rs-127973/v1,,36284789,Journal Article,"National Centre for the Replacement, Refinement and Reduction of Animals in Research (NC/P001076/1); Biotechnology and Biological Sciences Research Council (BBS/E/T/000PR9817); Wellcome Trust (209558/Z/17/Z); HCRW_ (RFPPB-18-1497(T)); Medical Research Council (MR/S036954/1); Medical Research Council (MR/K010468/1)",2026-04-30T05:14:40Z
doi:10.1163/9789004322868_017,10.1163/9789004322868_017,,39555463,Journal Article,,2026-04-30T05:19:16Z
doi:10.1163/9789004322868_016,10.1163/9789004322868_016,,39555465,Journal Article,,2026-04-30T05:19:17Z
doi:10.1163/9789004322868_014,10.1163/9789004322868_014,,39555469,Journal Article,,2026-04-30T05:19:18Z
doi:10.1163/9789004322868_013,10.1163/9789004322868_013,,40852162,Journal Article,NIGMS NIH HHS (R35 GM136440),2026-04-30T05:19:19Z
doi:10.1163/9789004322868_008,10.1163/9789004322868_008,,39345315,Journal Article,,2026-04-30T05:19:22Z
doi:10.1086/697083,10.1086/697083,,34295338,"Journal Article; Research Support, Non-U.S. Gov't; Review",,2026-04-30T05:20:20Z
doi:10.1207/s15326934crj1801_10,10.1207/s15326934crj1801_10,,42051686,Journal Article,,2026-04-30T05:21:02Z
doi:10.1207/s15430421tip4304_5,10.1207/s15430421tip4304_5,,42040046,Journal Article,,2026-04-30T05:21:55Z
doi:10.1158/1535-7163.mct-05-0299,10.1158/1535-7163.mct-05-0299,16546962,16546962,"Journal Article; Research Support, N.I.H., Extramural; Research Support, Non-U.S. Gov't; Retracted Publication",NCI NIH HHS (1P20-CA010193-01); NCI NIH HHS (5R01CA101870-02),2026-04-30T05:22:06Z
pmid:24143348,,24143348,24143348,"Journal Article; Research Support, N.I.H., Extramural; Comment; Retracted Publication",NCRR NIH HHS (UL1 RR024999); NCRR NIH HHS (UL1RR024999),2026-04-30T05:27:17Z
doi:10.1021/acs.nanolett.6b01525,10.1021/acs.nanolett.6b01525,27203611,27203611,"Journal Article; Research Support, Non-U.S. Gov't; Retracted Publication",,2026-04-30T05:27:18Z
pmid:24624312,,24624312,24624312,Journal Article; Retracted Publication,NIDDK NIH HHS (P30 DK040561),2026-04-30T05:27:43Z
doi:10.1086/648688,10.1086/648688,,34054527,Journal Article,,2026-04-30T05:27:55Z
pmid:25104996,,25104996,25104996,Journal Article; Retracted Publication,NCI NIH HHS (R25 CA057712); NCI NIH HHS (R25 CA094186); NCI NIH HHS (U54 CA096297); NCRR NIH HHS (U54 RR026139),2026-04-30T05:28:02Z
pmid:21603011,,21603011,21603011,Journal Article; Retracted Publication,,2026-04-30T05:28:02Z
pmid:1551544,,1551544,1551544,Case Reports; Journal Article; Retracted Publication,,2026-04-30T05:28:06Z
pmid:6392156,,6392156,6392156,"Journal Article; Research Support, Non-U.S. Gov't; Research Support, U.S. Gov't, Non-P.H.S.; Retracted Publication",,2026-04-30T05:28:07Z
pmid:6345451,,6345451,6345451,"Journal Article; Research Support, Non-U.S. Gov't; Research Support, U.S. Gov't, Non-P.H.S.; Retracted Publication",,2026-04-30T05:28:08Z
pmid:1909737,,1909737,1909737,"Journal Article; Research Support, U.S. Gov't, P.H.S.; Retracted Publication",NIAID NIH HHS (AI 22532); NIAID NIH HHS (AI 22801),2026-04-30T05:28:10Z
pmid:19374044,,19374044,19374044,Retraction Notice,,2026-04-30T05:28:11Z
pmid:7679698,,7679698,7679698,"Journal Article; Research Support, Non-U.S. Gov't; Research Support, U.S. Gov't, P.H.S.; Retracted Publication",NIAID NIH HHS (AI 22532); NIAID NIH HHS (AI 22801); Wellcome Trust (No ID),2026-04-30T05:28:12Z
pmid:7595293,,7595293,7595293,Case Reports; Journal Article; Retracted Publication; Review,,2026-04-30T05:28:13Z
pmid:11518764,,11518764,11518764,"Journal Article; Research Support, U.S. Gov't, P.H.S.; Retracted Publication",NHLBI NIH HHS (HL58475); NHLBI NIH HHS (HL62844); NHLBI NIH HHS (HL64056); NCRR NIH HHS (P20RR15592),2026-04-30T05:28:14Z
pmid:10985251,,10985251,10985251,"Journal Article; Research Support, U.S. Gov't, P.H.S.; Retracted Publication",NIAID NIH HHS (AI30731); NIAID NIH HHS (AI36613); NIAID NIH HHS (AI41535),2026-04-30T05:28:14Z
pmid:6270222,,6270222,6270222,"Journal Article; Research Support, Non-U.S. Gov't; Research Support, U.S. Gov't, Non-P.H.S.; Research Support, U.S. Gov't, P.H.S.; Retracted Publication",,2026-04-30T05:28:15Z
pmid:14744033,,14744033,14744033,"Journal Article; Research Support, Non-U.S. Gov't; Retracted Publication",,2026-04-30T05:28:17Z
pmid:22697417,,22697417,22697417,Journal Article; Retracted Publication,,2026-04-30T05:28:18Z
pmid:8692921,,8692921,8692921,"Journal Article; Research Support, U.S. Gov't, P.H.S.; Retracted Publication",NCI NIH HHS (CA06927); NCI NIH HHS (CA63173),2026-04-30T05:28:18Z
pmid:7892201,,7892201,7892201,"Journal Article; Research Support, U.S. Gov't, P.H.S.; Retracted Publication",NCI NIH HHS (CA58343-01),2026-04-30T05:28:19Z
pmid:1876370,,1876370,1876370,Journal Article; Retracted Publication,,2026-04-30T05:28:19Z
pmid:3320672,,3320672,3320672,Journal Article; Retracted Publication,,2026-04-30T05:28:20Z
pmid:2040823,,2040823,2040823,Duplicate Publication; English Abstract; Journal Article; Retracted Publication,,2026-04-30T05:28:21Z
pmid:2040822,,2040822,2040822,Duplicate Publication; English Abstract; Journal Article; Retracted Publication,,2026-04-30T05:28:22Z
pmid:22180685,,22180685,22180685,Conference Proceedings; Retracted Publication,,2026-04-30T05:28:22Z
pmid:1341533,,1341533,1341533,Journal Article; Retracted Publication,,2026-04-30T05:28:23Z
pmid:1669382,,1669382,1669382,Case Reports; Journal Article; Retracted Publication,,2026-04-30T05:28:24Z
pmid:9807069,,9807069,9807069,Journal Article; Retracted Publication,,2026-04-30T05:28:25Z
pmid:26130980,,26130980,26130980,Journal Article; Retracted Publication; Review,,2026-04-30T05:28:26Z
pmid:16459994,,16459994,16459994,Journal Article; Review; Retracted Publication,,2026-04-30T05:28:27Z
pmid:9780201,,9780201,9780201,"Journal Article; Research Support, Non-U.S. Gov't; Research Support, U.S. Gov't, P.H.S.; Retracted Publication",PHS HHS (R-29-256990); NCRR NIH HHS (RR-03037),2026-04-30T05:28:28Z
pmid:2242108,,2242108,2242108,"Clinical Trial; Journal Article; Randomized Controlled Trial; Research Support, Non-U.S. Gov't; Retracted Publication",,2026-04-30T05:28:29Z
pmid:3526270,,3526270,3526270,"Comparative Study; Journal Article; Research Support, U.S. Gov't, P.H.S.; Retracted Publication",PHS HHS (00068-3-5); PHS HHS (68-25); NHLBI NIH HHS (HV2417-L),2026-04-30T05:28:29Z
pmid:16339543,,16339543,16339543,"Journal Article; Research Support, N.I.H., Extramural; Research Support, Non-U.S. Gov't; Retracted Publication",NIDDK NIH HHS (2 U19 DK057958); NIAID NIH HHS (U19 AI056542-02),2026-04-30T05:28:30Z
pmid:8568273,,8568273,8568273,"Journal Article; Research Support, U.S. Gov't, P.H.S.; Retracted Publication",NIAMS NIH HHS (AR38319); NIDDK NIH HHS (DK47692),2026-04-30T05:28:31Z
pmid:9300696,,9300696,9300696,"Journal Article; Research Support, Non-U.S. Gov't; Research Support, U.S. Gov't, P.H.S.; Retracted Publication",NIAID NIH HHS (R01AI28802); NIAMS NIH HHS (R01AR38319); NIDDK NIH HHS (R01DK47692),2026-04-30T05:28:31Z
pmid:2124237,,2124237,2124237,"Journal Article; Research Support, Non-U.S. Gov't; Retracted Publication",,2026-04-30T05:28:33Z
pmid:2145649,,2145649,2145649,Journal Article; Retracted Publication,,2026-04-30T05:28:33Z
pmid:3822131,,3822131,3822131,"Journal Article; Research Support, Non-U.S. Gov't; Research Support, U.S. Gov't, P.H.S.; Retracted Publication",NICHD NIH HHS (HD-03352); NINDS NIH HHS (NS-13274),2026-04-30T05:28:36Z
pmid:7880620,,7880620,7880620,"Journal Article; Research Support, Non-U.S. Gov't; Retracted Publication",,2026-04-30T05:28:40Z
pmid:12960143,,12960143,12960143,"Journal Article; Research Support, U.S. Gov't, P.H.S.; Retracted Publication",PHS HHS (01A015); NCI NIH HHS (CA-17613),2026-04-30T05:28:40Z
pmid:11489795,,11489795,11489795,"Journal Article; Research Support, Non-U.S. Gov't; Retracted Publication",,2026-04-30T05:28:41Z
pmid:10815922,,10815922,10815922,"Journal Article; Research Support, U.S. Gov't, P.H.S.; Retracted Publication",NCI NIH HHS (P50 CA69568),2026-04-30T05:28:42Z
pmid:2679503,,2679503,2679503,Letter; Retraction Notice,,2026-04-30T05:28:42Z
pmid:1655255,,1655255,1655255,Journal Article; Retracted Publication,,2026-04-30T05:28:43Z
pmid:26958267,,26958267,26958267,Journal Article; Retracted Publication,,2026-04-30T05:28:44Z
pmid:1324627,,1324627,1324627,Comparative Study; Journal Article; Retracted Publication,,2026-04-30T05:28:45Z
pmid:21187457,,21187457,21187457,"Journal Article; Research Support, Non-U.S. Gov't; Retracted Publication",,2026-04-30T05:28:46Z
pmid:19181022,,19181022,19181022,Journal Article; Retracted Publication,,2026-04-30T05:28:47Z
pmid:19052649,,19052649,19052649,"Journal Article; Research Support, Non-U.S. Gov't; Retracted Publication",,2026-04-30T05:28:48Z
pmid:10375727,,10375727,10375727,Journal Article; Retracted Publication,,2026-04-30T05:28:49Z
pmid:1648830,,1648830,1648830,"Journal Article; Research Support, Non-U.S. Gov't; Retracted Publication; Review",,2026-04-30T05:28:49Z
pmid:27069556,,27069556,27069556,Journal Article; Retracted Publication,NCI NIH HHS (P30 CA023074),2026-04-30T05:28:50Z
doi:10.1039/c9ra00044e,10.1039/c9ra00044e,35530072,35530072,Journal Article; Retracted Publication,,2026-04-30T06:22:59Z
doi:10.5772/64329,10.5772/64329,,35838135,"Journal Article; Research Support, Non-U.S. Gov't",,2026-04-30T06:23:00Z
doi:10.1163/9789004322868_012,10.1163/9789004322868_012,,39323950,Journal Article,,2026-04-30T06:28:24Z
doi:10.1163/9789004322868_011,10.1163/9789004322868_011,,40321845,Journal Article,NICHD NIH HHS (R01 HD072021),2026-04-30T06:28:25Z
doi:10.1163/9789004322868_010,10.1163/9789004322868_010,,39323951,Journal Article,,2026-04-30T06:28:26Z
doi:10.1163/9789004322868_009,10.1163/9789004322868_009,,39606742,Journal Article,NCI NIH HHS (N01 CA015083); NCI NIH HHS (P30 CA015083); NCI NIH HHS (P50 CA136393),2026-04-30T06:28:27Z
doi:10.1163/9789004322868_007,10.1163/9789004322868_007,,39323953,Journal Article,,2026-04-30T06:28:27Z
doi:10.1163/9789004322868_006,10.1163/9789004322868_006,,39323943,Journal Article,,2026-04-30T06:28:28Z
doi:10.1163/9789004322868_005,10.1163/9789004322868_005,,39323945,Editorial,,2026-04-30T06:28:29Z
doi:10.1163/9789004322868_004,10.1163/9789004322868_004,,39323944,Case Reports; Journal Article,,2026-04-30T06:28:29Z
doi:10.1126/scitranslmed.abc6894,10.1126/scitranslmed.abc6894,33568521,33568521,"Journal Article; Research Support, N.I.H., Extramural; Research Support, Non-U.S. Gov't; Retracted Publication",NCI NIH HHS (R01 CA203737); NCI NIH HHS (R01 CA211861); NCI NIH HHS (R21 CA213535),2026-05-10T08:04:40Z
doi:10.1016/j.envres.2023.117763,10.1016/j.envres.2023.117763,38029828,38029828,Journal Article; Retracted Publication,,2026-05-10T08:04:41Z
doi:10.1016/j.heliyon.2023.e15016,10.1016/j.heliyon.2023.e15016,37089286,37089286,Journal Article,,2026-05-10T08:04:44Z
doi:10.3389/frhs.2023.1082261,10.3389/frhs.2023.1082261,36926500,36926500,Journal Article; Retracted Publication,,2026-05-17T08:17:13Z
doi:10.1016/j.ajogmf.2024.101459,10.1016/j.ajogmf.2024.101459,39117277,39117277,Journal Article; Meta-Analysis; Systematic Review; Retracted Publication,,2026-05-17T08:17:15Z
